Target,Target_Namespace,Target_Type,Target_Method,Job_Id,Job_AnalyzeLaunchVariance,Job_EvaluateOverhead,Job_MaxAbsoluteError,Job_MaxRelativeError,Job_MinInvokeCount,Job_MinIterationTime,Job_OutlierMode,Job_Affinity,Job_EnvironmentVariables,Job_Jit,Job_LargeAddressAware,Job_Platform,Job_PowerPlanMode,Job_Runtime,Job_AllowVeryLargeObjects,Job_Concurrent,Job_CpuGroups,Job_Force,Job_HeapAffinitizeMask,Job_HeapCount,Job_NoAffinitize,Job_RetainVm,Job_Server,Job_Arguments,Job_BuildConfiguration,Job_Clock,Job_EngineFactory,Job_NuGetReferences,Job_Toolchain,Job_IsMutator,Job_InvocationCount,Job_IterationCount,Job_IterationTime,Job_LaunchCount,Job_MaxIterationCount,Job_MaxWarmupIterationCount,Job_MemoryRandomization,Job_MinIterationCount,Job_MinWarmupIterationCount,Job_RunStrategy,Job_UnrollFactor,Job_WarmupCount,Job_Display,Params,Measurement_LaunchIndex,Measurement_IterationMode,Measurement_IterationStage,Measurement_IterationIndex,Measurement_Nanoseconds,Measurement_Operations,Measurement_Value,Gen_0,Gen_1,Gen_2,Allocated_Bytes
ReturnStringBenchmarks.DllImport_IntPtr_NoDecode,PInvokeBench,ReturnStringBenchmarks,DllImport_IntPtr_NoDecode,ShortRun,Default,Default,Default,Default,Default,Default,Default,Default,Default,Default,Default,Default,Default,Default,Default,Default,Default,Default,Default,Default,Default,Default,Default,Default,Default,Default,Default,Default,Default,Default,Default,3,Default,1,Default,Default,Default,Default,Default,Default,Default,3,"ShortRun(IterationCount=3, LaunchCount=1, WarmupCount=3)",,1,Overhead,Jitting,1,203000,1,203000,0,0,0,0
ReturnStringBenchmarks.DllImport_IntPtr_NoDecode,PInvokeBench,ReturnStringBenchmarks,DllImport_IntPtr_NoDecode,ShortRun,Default,Default,Default,Default,Default,Default,Default,Default,Default,Default,Default,Default,Default,Default,Default,Default,Default,Default,Default,Default,Default,Default,Default,Default,Default,Default,Default,Default,Default,Default,Default,3,Default,1,Default,Default,Default,Default,Default,Default,Default,3,"ShortRun(IterationCount=3, LaunchCount=1, WarmupCount=3)",,1,Workload,Jitting,1,477100,1,477100,0,0,0,0
ReturnStringBenchmarks.DllImport_IntPtr_NoDecode,PInvokeBench,ReturnStringBenchmarks,DllImport_IntPtr_NoDecode,ShortRun,Default,Default,Default,Default,Default,Default,Default,Default,Default,Default,Default,Default,Default,Default,Default,Default,Default,Default,Default,Default,Default,Default,Default,Default,Default,Default,Default,Default,Default,Default,Default,3,Default,1,Default,Default,Default,Default,Default,Default,Default,3,"ShortRun(IterationCount=3, LaunchCount=1, WarmupCount=3)",,1,Overhead,Jitting,2,308500,16,19281.25,0,0,0,0
ReturnStringBenchmarks.DllImport_IntPtr_NoDecode,PInvokeBench,ReturnStringBenchmarks,DllImport_IntPtr_NoDecode,ShortRun,Default,Default,Default,Default,Default,Default,Default,Default,Default,Default,Default,Default,Default,Default,Default,Default,Default,Default,Default,Default,Default,Default,Default,Default,Default,Default,Default,Default,Default,Default,Default,3,Default,1,Default,Default,Default,Default,Default,Default,Default,3,"ShortRun(IterationCount=3, LaunchCount=1, WarmupCount=3)",,1,Workload,Jitting,2,328500,16,20531.25,0,0,0,0
ReturnStringBenchmarks.DllImport_IntPtr_NoDecode,PInvokeBench,ReturnStringBenchmarks,DllImport_IntPtr_NoDecode,ShortRun,Default,Default,Default,Default,Default,Default,Default,Default,Default,Default,Default,Default,Default,Default,Default,Default,Default,Default,Default,Default,Default,Default,Default,Default,Default,Default,Default,Default,Default,Default,Default,3,Default,1,Default,Default,Default,Default,Default,Default,Default,3,"ShortRun(IterationCount=3, LaunchCount=1, WarmupCount=3)",,1,Workload,Pilot,1,900,16,56.25,0,0,0,0
ReturnStringBenchmarks.DllImport_IntPtr_NoDecode,PInvokeBench,ReturnStringBenchmarks,DllImport_IntPtr_NoDecode,ShortRun,Default,Default,Default,Default,Default,Default,Default,Default,Default,Default,Default,Default,Default,Default,Default,Default,Default,Default,Default,Default,Default,Default,Default,Default,Default,Default,Default,Default,Default,Default,Default,3,Default,1,Default,Default,Default,Default,Default,Default,Default,3,"ShortRun(IterationCount=3, LaunchCount=1, WarmupCount=3)",,1,Workload,Pilot,2,900,32,28.13,0,0,0,0
ReturnStringBenchmarks.DllImport_IntPtr_NoDecode,PInvokeBench,ReturnStringBenchmarks,DllImport_IntPtr_NoDecode,ShortRun,Default,Default,Default,Default,Default,Default,Default,Default,Default,Default,Default,Default,Default,Default,Default,Default,Default,Default,Default,Default,Default,Default,Default,Default,Default,Default,Default,Default,Default,Default,Default,3,Default,1,Default,Default,Default,Default,Default,Default,Default,3,"ShortRun(IterationCount=3, LaunchCount=1, WarmupCount=3)",,1,Workload,Pilot,3,800,64,12.5,0,0,0,0
ReturnStringBenchmarks.DllImport_IntPtr_NoDecode,PInvokeBench,ReturnStringBenchmarks,DllImport_IntPtr_NoDecode,ShortRun,Default,Default,Default,Default,Default,Default,Default,Default,Default,Default,Default,Default,Default,Default,Default,Default,Default,Default,Default,Default,Default,Default,Default,Default,Default,Default,Default,Default,Default,Default,Default,3,Default,1,Default,Default,Default,Default,Default,Default,Default,3,"ShortRun(IterationCount=3, LaunchCount=1, WarmupCount=3)",,1,Workload,Pilot,4,1500,128,11.72,0,0,0,0
ReturnStringBenchmarks.DllImport_IntPtr_NoDecode,PInvokeBench,ReturnStringBenchmarks,DllImport_IntPtr_NoDecode,ShortRun,Default,Default,Default,Default,Default,Default,Default,Default,Default,Default,Default,Default,Default,Default,Default,Default,Default,Default,Default,Default,Default,Default,Default,Default,Default,Default,Default,Default,Default,Default,Default,3,Default,1,Default,Default,Default,Default,Default,Default,Default,3,"ShortRun(IterationCount=3, LaunchCount=1, WarmupCount=3)",,1,Workload,Pilot,5,1900,256,7.42,0,0,0,0
ReturnStringBenchmarks.DllImport_IntPtr_NoDecode,PInvokeBench,ReturnStringBenchmarks,DllImport_IntPtr_NoDecode,ShortRun,Default,Default,Default,Default,Default,Default,Default,Default,Default,Default,Default,Default,Default,Default,Default,Default,Default,Default,Default,Default,Default,Default,Default,Default,Default,Default,Default,Default,Default,Default,Default,3,Default,1,Default,Default,Default,Default,Default,Default,Default,3,"ShortRun(IterationCount=3, LaunchCount=1, WarmupCount=3)",,1,Workload,Pilot,6,3600,512,7.03,0,0,0,0
ReturnStringBenchmarks.DllImport_IntPtr_NoDecode,PInvokeBench,ReturnStringBenchmarks,DllImport_IntPtr_NoDecode,ShortRun,Default,Default,Default,Default,Default,Default,Default,Default,Default,Default,Default,Default,Default,Default,Default,Default,Default,Default,Default,Default,Default,Default,Default,Default,Default,Default,Default,Default,Default,Default,Default,3,Default,1,Default,Default,Default,Default,Default,Default,Default,3,"ShortRun(IterationCount=3, LaunchCount=1, WarmupCount=3)",,1,Workload,Pilot,7,6300,1024,6.15,0,0,0,0
ReturnStringBenchmarks.DllImport_IntPtr_NoDecode,PInvokeBench,ReturnStringBenchmarks,DllImport_IntPtr_NoDecode,ShortRun,Default,Default,Default,Default,Default,Default,Default,Default,Default,Default,Default,Default,Default,Default,Default,Default,Default,Default,Default,Default,Default,Default,Default,Default,Default,Default,Default,Default,Default,Default,Default,3,Default,1,Default,Default,Default,Default,Default,Default,Default,3,"ShortRun(IterationCount=3, LaunchCount=1, WarmupCount=3)",,1,Workload,Pilot,8,12200,2048,5.96,0,0,0,0
ReturnStringBenchmarks.DllImport_IntPtr_NoDecode,PInvokeBench,ReturnStringBenchmarks,DllImport_IntPtr_NoDecode,ShortRun,Default,Default,Default,Default,Default,Default,Default,Default,Default,Default,Default,Default,Default,Default,Default,Default,Default,Default,Default,Default,Default,Default,Default,Default,Default,Default,Default,Default,Default,Default,Default,3,Default,1,Default,Default,Default,Default,Default,Default,Default,3,"ShortRun(IterationCount=3, LaunchCount=1, WarmupCount=3)",,1,Workload,Pilot,9,24100,4096,5.88,0,0,0,0
ReturnStringBenchmarks.DllImport_IntPtr_NoDecode,PInvokeBench,ReturnStringBenchmarks,DllImport_IntPtr_NoDecode,ShortRun,Default,Default,Default,Default,Default,Default,Default,Default,Default,Default,Default,Default,Default,Default,Default,Default,Default,Default,Default,Default,Default,Default,Default,Default,Default,Default,Default,Default,Default,Default,Default,3,Default,1,Default,Default,Default,Default,Default,Default,Default,3,"ShortRun(IterationCount=3, LaunchCount=1, WarmupCount=3)",,1,Workload,Pilot,10,47500,8192,5.8,0,0,0,0
ReturnStringBenchmarks.DllImport_IntPtr_NoDecode,PInvokeBench,ReturnStringBenchmarks,DllImport_IntPtr_NoDecode,ShortRun,Default,Default,Default,Default,Default,Default,Default,Default,Default,Default,Default,Default,Default,Default,Default,Default,Default,Default,Default,Default,Default,Default,Default,Default,Default,Default,Default,Default,Default,Default,Default,3,Default,1,Default,Default,Default,Default,Default,Default,Default,3,"ShortRun(IterationCount=3, LaunchCount=1, WarmupCount=3)",,1,Workload,Pilot,11,94700,16384,5.78,0,0,0,0
ReturnStringBenchmarks.DllImport_IntPtr_NoDecode,PInvokeBench,ReturnStringBenchmarks,DllImport_IntPtr_NoDecode,ShortRun,Default,Default,Default,Default,Default,Default,Default,Default,Default,Default,Default,Default,Default,Default,Default,Default,Default,Default,Default,Default,Default,Default,Default,Default,Default,Default,Default,Default,Default,Default,Default,3,Default,1,Default,Default,Default,Default,Default,Default,Default,3,"ShortRun(IterationCount=3, LaunchCount=1, WarmupCount=3)",,1,Workload,Pilot,12,188800,32768,5.76,0,0,0,0
ReturnStringBenchmarks.DllImport_IntPtr_NoDecode,PInvokeBench,ReturnStringBenchmarks,DllImport_IntPtr_NoDecode,ShortRun,Default,Default,Default,Default,Default,Default,Default,Default,Default,Default,Default,Default,Default,Default,Default,Default,Default,Default,Default,Default,Default,Default,Default,Default,Default,Default,Default,Default,Default,Default,Default,3,Default,1,Default,Default,Default,Default,Default,Default,Default,3,"ShortRun(IterationCount=3, LaunchCount=1, WarmupCount=3)",,1,Workload,Pilot,13,374500,65536,5.71,0,0,0,0
ReturnStringBenchmarks.DllImport_IntPtr_NoDecode,PInvokeBench,ReturnStringBenchmarks,DllImport_IntPtr_NoDecode,ShortRun,Default,Default,Default,Default,Default,Default,Default,Default,Default,Default,Default,Default,Default,Default,Default,Default,Default,Default,Default,Default,Default,Default,Default,Default,Default,Default,Default,Default,Default,Default,Default,3,Default,1,Default,Default,Default,Default,Default,Default,Default,3,"ShortRun(IterationCount=3, LaunchCount=1, WarmupCount=3)",,1,Workload,Pilot,14,793900,131072,6.06,0,0,0,0
ReturnStringBenchmarks.DllImport_IntPtr_NoDecode,PInvokeBench,ReturnStringBenchmarks,DllImport_IntPtr_NoDecode,ShortRun,Default,Default,Default,Default,Default,Default,Default,Default,Default,Default,Default,Default,Default,Default,Default,Default,Default,Default,Default,Default,Default,Default,Default,Default,Default,Default,Default,Default,Default,Default,Default,3,Default,1,Default,Default,Default,Default,Default,Default,Default,3,"ShortRun(IterationCount=3, LaunchCount=1, WarmupCount=3)",,1,Workload,Pilot,15,1758700,262144,6.71,0,0,0,0
ReturnStringBenchmarks.DllImport_IntPtr_NoDecode,PInvokeBench,ReturnStringBenchmarks,DllImport_IntPtr_NoDecode,ShortRun,Default,Default,Default,Default,Default,Default,Default,Default,Default,Default,Default,Default,Default,Default,Default,Default,Default,Default,Default,Default,Default,Default,Default,Default,Default,Default,Default,Default,Default,Default,Default,3,Default,1,Default,Default,Default,Default,Default,Default,Default,3,"ShortRun(IterationCount=3, LaunchCount=1, WarmupCount=3)",,1,Workload,Pilot,16,3541400,524288,6.75,0,0,0,0
ReturnStringBenchmarks.DllImport_IntPtr_NoDecode,PInvokeBench,ReturnStringBenchmarks,DllImport_IntPtr_NoDecode,ShortRun,Default,Default,Default,Default,Default,Default,Default,Default,Default,Default,Default,Default,Default,Default,Default,Default,Default,Default,Default,Default,Default,Default,Default,Default,Default,Default,Default,Default,Default,Default,Default,3,Default,1,Default,Default,Default,Default,Default,Default,Default,3,"ShortRun(IterationCount=3, LaunchCount=1, WarmupCount=3)",,1,Workload,Pilot,17,7684000,1048576,7.33,0,0,0,0
ReturnStringBenchmarks.DllImport_IntPtr_NoDecode,PInvokeBench,ReturnStringBenchmarks,DllImport_IntPtr_NoDecode,ShortRun,Default,Default,Default,Default,Default,Default,Default,Default,Default,Default,Default,Default,Default,Default,Default,Default,Default,Default,Default,Default,Default,Default,Default,Default,Default,Default,Default,Default,Default,Default,Default,3,Default,1,Default,Default,Default,Default,Default,Default,Default,3,"ShortRun(IterationCount=3, LaunchCount=1, WarmupCount=3)",,1,Workload,Pilot,18,15384000,2097152,7.34,0,0,0,0
ReturnStringBenchmarks.DllImport_IntPtr_NoDecode,PInvokeBench,ReturnStringBenchmarks,DllImport_IntPtr_NoDecode,ShortRun,Default,Default,Default,Default,Default,Default,Default,Default,Default,Default,Default,Default,Default,Default,Default,Default,Default,Default,Default,Default,Default,Default,Default,Default,Default,Default,Default,Default,Default,Default,Default,3,Default,1,Default,Default,Default,Default,Default,Default,Default,3,"ShortRun(IterationCount=3, LaunchCount=1, WarmupCount=3)",,1,Workload,Pilot,19,32819700,4194304,7.82,0,0,0,0
ReturnStringBenchmarks.DllImport_IntPtr_NoDecode,PInvokeBench,ReturnStringBenchmarks,DllImport_IntPtr_NoDecode,ShortRun,Default,Default,Default,Default,Default,Default,Default,Default,Default,Default,Default,Default,Default,Default,Default,Default,Default,Default,Default,Default,Default,Default,Default,Default,Default,Default,Default,Default,Default,Default,Default,3,Default,1,Default,Default,Default,Default,Default,Default,Default,3,"ShortRun(IterationCount=3, LaunchCount=1, WarmupCount=3)",,1,Workload,Pilot,20,66404600,8388608,7.92,0,0,0,0
ReturnStringBenchmarks.DllImport_IntPtr_NoDecode,PInvokeBench,ReturnStringBenchmarks,DllImport_IntPtr_NoDecode,ShortRun,Default,Default,Default,Default,Default,Default,Default,Default,Default,Default,Default,Default,Default,Default,Default,Default,Default,Default,Default,Default,Default,Default,Default,Default,Default,Default,Default,Default,Default,Default,Default,3,Default,1,Default,Default,Default,Default,Default,Default,Default,3,"ShortRun(IterationCount=3, LaunchCount=1, WarmupCount=3)",,1,Workload,Pilot,21,104410300,16777216,6.22,0,0,0,0
ReturnStringBenchmarks.DllImport_IntPtr_NoDecode,PInvokeBench,ReturnStringBenchmarks,DllImport_IntPtr_NoDecode,ShortRun,Default,Default,Default,Default,Default,Default,Default,Default,Default,Default,Default,Default,Default,Default,Default,Default,Default,Default,Default,Default,Default,Default,Default,Default,Default,Default,Default,Default,Default,Default,Default,3,Default,1,Default,Default,Default,Default,Default,Default,Default,3,"ShortRun(IterationCount=3, LaunchCount=1, WarmupCount=3)",,1,Workload,Pilot,22,204553600,33554432,6.1,0,0,0,0
ReturnStringBenchmarks.DllImport_IntPtr_NoDecode,PInvokeBench,ReturnStringBenchmarks,DllImport_IntPtr_NoDecode,ShortRun,Default,Default,Default,Default,Default,Default,Default,Default,Default,Default,Default,Default,Default,Default,Default,Default,Default,Default,Default,Default,Default,Default,Default,Default,Default,Default,Default,Default,Default,Default,Default,3,Default,1,Default,Default,Default,Default,Default,Default,Default,3,"ShortRun(IterationCount=3, LaunchCount=1, WarmupCount=3)",,1,Workload,Pilot,23,408601700,67108864,6.09,0,0,0,0
ReturnStringBenchmarks.DllImport_IntPtr_NoDecode,PInvokeBench,ReturnStringBenchmarks,DllImport_IntPtr_NoDecode,ShortRun,Default,Default,Default,Default,Default,Default,Default,Default,Default,Default,Default,Default,Default,Default,Default,Default,Default,Default,Default,Default,Default,Default,Default,Default,Default,Default,Default,Default,Default,Default,Default,3,Default,1,Default,Default,Default,Default,Default,Default,Default,3,"ShortRun(IterationCount=3, LaunchCount=1, WarmupCount=3)",,1,Workload,Pilot,24,817158800,134217728,6.09,0,0,0,0
ReturnStringBenchmarks.DllImport_IntPtr_NoDecode,PInvokeBench,ReturnStringBenchmarks,DllImport_IntPtr_NoDecode,ShortRun,Default,Default,Default,Default,Default,Default,Default,Default,Default,Default,Default,Default,Default,Default,Default,Default,Default,Default,Default,Default,Default,Default,Default,Default,Default,Default,Default,Default,Default,Default,Default,3,Default,1,Default,Default,Default,Default,Default,Default,Default,3,"ShortRun(IterationCount=3, LaunchCount=1, WarmupCount=3)",,1,Overhead,Warmup,1,305909600,134217728,2.28,0,0,0,0
ReturnStringBenchmarks.DllImport_IntPtr_NoDecode,PInvokeBench,ReturnStringBenchmarks,DllImport_IntPtr_NoDecode,ShortRun,Default,Default,Default,Default,Default,Default,Default,Default,Default,Default,Default,Default,Default,Default,Default,Default,Default,Default,Default,Default,Default,Default,Default,Default,Default,Default,Default,Default,Default,Default,Default,3,Default,1,Default,Default,Default,Default,Default,Default,Default,3,"ShortRun(IterationCount=3, LaunchCount=1, WarmupCount=3)",,1,Overhead,Warmup,2,254580700,134217728,1.9,0,0,0,0
ReturnStringBenchmarks.DllImport_IntPtr_NoDecode,PInvokeBench,ReturnStringBenchmarks,DllImport_IntPtr_NoDecode,ShortRun,Default,Default,Default,Default,Default,Default,Default,Default,Default,Default,Default,Default,Default,Default,Default,Default,Default,Default,Default,Default,Default,Default,Default,Default,Default,Default,Default,Default,Default,Default,Default,3,Default,1,Default,Default,Default,Default,Default,Default,Default,3,"ShortRun(IterationCount=3, LaunchCount=1, WarmupCount=3)",,1,Overhead,Warmup,3,250724800,134217728,1.87,0,0,0,0
ReturnStringBenchmarks.DllImport_IntPtr_NoDecode,PInvokeBench,ReturnStringBenchmarks,DllImport_IntPtr_NoDecode,ShortRun,Default,Default,Default,Default,Default,Default,Default,Default,Default,Default,Default,Default,Default,Default,Default,Default,Default,Default,Default,Default,Default,Default,Default,Default,Default,Default,Default,Default,Default,Default,Default,3,Default,1,Default,Default,Default,Default,Default,Default,Default,3,"ShortRun(IterationCount=3, LaunchCount=1, WarmupCount=3)",,1,Overhead,Warmup,4,248228400,134217728,1.85,0,0,0,0
ReturnStringBenchmarks.DllImport_IntPtr_NoDecode,PInvokeBench,ReturnStringBenchmarks,DllImport_IntPtr_NoDecode,ShortRun,Default,Default,Default,Default,Default,Default,Default,Default,Default,Default,Default,Default,Default,Default,Default,Default,Default,Default,Default,Default,Default,Default,Default,Default,Default,Default,Default,Default,Default,Default,Default,3,Default,1,Default,Default,Default,Default,Default,Default,Default,3,"ShortRun(IterationCount=3, LaunchCount=1, WarmupCount=3)",,1,Overhead,Warmup,5,255257100,134217728,1.9,0,0,0,0
ReturnStringBenchmarks.DllImport_IntPtr_NoDecode,PInvokeBench,ReturnStringBenchmarks,DllImport_IntPtr_NoDecode,ShortRun,Default,Default,Default,Default,Default,Default,Default,Default,Default,Default,Default,Default,Default,Default,Default,Default,Default,Default,Default,Default,Default,Default,Default,Default,Default,Default,Default,Default,Default,Default,Default,3,Default,1,Default,Default,Default,Default,Default,Default,Default,3,"ShortRun(IterationCount=3, LaunchCount=1, WarmupCount=3)",,1,Overhead,Warmup,6,246914700,134217728,1.84,0,0,0,0
ReturnStringBenchmarks.DllImport_IntPtr_NoDecode,PInvokeBench,ReturnStringBenchmarks,DllImport_IntPtr_NoDecode,ShortRun,Default,Default,Default,Default,Default,Default,Default,Default,Default,Default,Default,Default,Default,Default,Default,Default,Default,Default,Default,Default,Default,Default,Default,Default,Default,Default,Default,Default,Default,Default,Default,3,Default,1,Default,Default,Default,Default,Default,Default,Default,3,"ShortRun(IterationCount=3, LaunchCount=1, WarmupCount=3)",,1,Overhead,Warmup,7,248561000,134217728,1.85,0,0,0,0
ReturnStringBenchmarks.DllImport_IntPtr_NoDecode,PInvokeBench,ReturnStringBenchmarks,DllImport_IntPtr_NoDecode,ShortRun,Default,Default,Default,Default,Default,Default,Default,Default,Default,Default,Default,Default,Default,Default,Default,Default,Default,Default,Default,Default,Default,Default,Default,Default,Default,Default,Default,Default,Default,Default,Default,3,Default,1,Default,Default,Default,Default,Default,Default,Default,3,"ShortRun(IterationCount=3, LaunchCount=1, WarmupCount=3)",,1,Overhead,Warmup,8,257662800,134217728,1.92,0,0,0,0
ReturnStringBenchmarks.DllImport_IntPtr_NoDecode,PInvokeBench,ReturnStringBenchmarks,DllImport_IntPtr_NoDecode,ShortRun,Default,Default,Default,Default,Default,Default,Default,Default,Default,Default,Default,Default,Default,Default,Default,Default,Default,Default,Default,Default,Default,Default,Default,Default,Default,Default,Default,Default,Default,Default,Default,3,Default,1,Default,Default,Default,Default,Default,Default,Default,3,"ShortRun(IterationCount=3, LaunchCount=1, WarmupCount=3)",,1,Overhead,Warmup,9,254099200,134217728,1.89,0,0,0,0
ReturnStringBenchmarks.DllImport_IntPtr_NoDecode,PInvokeBench,ReturnStringBenchmarks,DllImport_IntPtr_NoDecode,ShortRun,Default,Default,Default,Default,Default,Default,Default,Default,Default,Default,Default,Default,Default,Default,Default,Default,Default,Default,Default,Default,Default,Default,Default,Default,Default,Default,Default,Default,Default,Default,Default,3,Default,1,Default,Default,Default,Default,Default,Default,Default,3,"ShortRun(IterationCount=3, LaunchCount=1, WarmupCount=3)",,1,Overhead,Actual,1,246832000,134217728,1.84,0,0,0,0
ReturnStringBenchmarks.DllImport_IntPtr_NoDecode,PInvokeBench,ReturnStringBenchmarks,DllImport_IntPtr_NoDecode,ShortRun,Default,Default,Default,Default,Default,Default,Default,Default,Default,Default,Default,Default,Default,Default,Default,Default,Default,Default,Default,Default,Default,Default,Default,Default,Default,Default,Default,Default,Default,Default,Default,3,Default,1,Default,Default,Default,Default,Default,Default,Default,3,"ShortRun(IterationCount=3, LaunchCount=1, WarmupCount=3)",,1,Overhead,Actual,2,247083700,134217728,1.84,0,0,0,0
ReturnStringBenchmarks.DllImport_IntPtr_NoDecode,PInvokeBench,ReturnStringBenchmarks,DllImport_IntPtr_NoDecode,ShortRun,Default,Default,Default,Default,Default,Default,Default,Default,Default,Default,Default,Default,Default,Default,Default,Default,Default,Default,Default,Default,Default,Default,Default,Default,Default,Default,Default,Default,Default,Default,Default,3,Default,1,Default,Default,Default,Default,Default,Default,Default,3,"ShortRun(IterationCount=3, LaunchCount=1, WarmupCount=3)",,1,Overhead,Actual,3,263684400,134217728,1.96,0,0,0,0
ReturnStringBenchmarks.DllImport_IntPtr_NoDecode,PInvokeBench,ReturnStringBenchmarks,DllImport_IntPtr_NoDecode,ShortRun,Default,Default,Default,Default,Default,Default,Default,Default,Default,Default,Default,Default,Default,Default,Default,Default,Default,Default,Default,Default,Default,Default,Default,Default,Default,Default,Default,Default,Default,Default,Default,3,Default,1,Default,Default,Default,Default,Default,Default,Default,3,"ShortRun(IterationCount=3, LaunchCount=1, WarmupCount=3)",,1,Overhead,Actual,4,262360900,134217728,1.95,0,0,0,0
ReturnStringBenchmarks.DllImport_IntPtr_NoDecode,PInvokeBench,ReturnStringBenchmarks,DllImport_IntPtr_NoDecode,ShortRun,Default,Default,Default,Default,Default,Default,Default,Default,Default,Default,Default,Default,Default,Default,Default,Default,Default,Default,Default,Default,Default,Default,Default,Default,Default,Default,Default,Default,Default,Default,Default,3,Default,1,Default,Default,Default,Default,Default,Default,Default,3,"ShortRun(IterationCount=3, LaunchCount=1, WarmupCount=3)",,1,Overhead,Actual,5,256546700,134217728,1.91,0,0,0,0
ReturnStringBenchmarks.DllImport_IntPtr_NoDecode,PInvokeBench,ReturnStringBenchmarks,DllImport_IntPtr_NoDecode,ShortRun,Default,Default,Default,Default,Default,Default,Default,Default,Default,Default,Default,Default,Default,Default,Default,Default,Default,Default,Default,Default,Default,Default,Default,Default,Default,Default,Default,Default,Default,Default,Default,3,Default,1,Default,Default,Default,Default,Default,Default,Default,3,"ShortRun(IterationCount=3, LaunchCount=1, WarmupCount=3)",,1,Overhead,Actual,6,272813900,134217728,2.03,0,0,0,0
ReturnStringBenchmarks.DllImport_IntPtr_NoDecode,PInvokeBench,ReturnStringBenchmarks,DllImport_IntPtr_NoDecode,ShortRun,Default,Default,Default,Default,Default,Default,Default,Default,Default,Default,Default,Default,Default,Default,Default,Default,Default,Default,Default,Default,Default,Default,Default,Default,Default,Default,Default,Default,Default,Default,Default,3,Default,1,Default,Default,Default,Default,Default,Default,Default,3,"ShortRun(IterationCount=3, LaunchCount=1, WarmupCount=3)",,1,Overhead,Actual,7,260474000,134217728,1.94,0,0,0,0
ReturnStringBenchmarks.DllImport_IntPtr_NoDecode,PInvokeBench,ReturnStringBenchmarks,DllImport_IntPtr_NoDecode,ShortRun,Default,Default,Default,Default,Default,Default,Default,Default,Default,Default,Default,Default,Default,Default,Default,Default,Default,Default,Default,Default,Default,Default,Default,Default,Default,Default,Default,Default,Default,Default,Default,3,Default,1,Default,Default,Default,Default,Default,Default,Default,3,"ShortRun(IterationCount=3, LaunchCount=1, WarmupCount=3)",,1,Overhead,Actual,8,251003100,134217728,1.87,0,0,0,0
ReturnStringBenchmarks.DllImport_IntPtr_NoDecode,PInvokeBench,ReturnStringBenchmarks,DllImport_IntPtr_NoDecode,ShortRun,Default,Default,Default,Default,Default,Default,Default,Default,Default,Default,Default,Default,Default,Default,Default,Default,Default,Default,Default,Default,Default,Default,Default,Default,Default,Default,Default,Default,Default,Default,Default,3,Default,1,Default,Default,Default,Default,Default,Default,Default,3,"ShortRun(IterationCount=3, LaunchCount=1, WarmupCount=3)",,1,Overhead,Actual,9,248081800,134217728,1.85,0,0,0,0
ReturnStringBenchmarks.DllImport_IntPtr_NoDecode,PInvokeBench,ReturnStringBenchmarks,DllImport_IntPtr_NoDecode,ShortRun,Default,Default,Default,Default,Default,Default,Default,Default,Default,Default,Default,Default,Default,Default,Default,Default,Default,Default,Default,Default,Default,Default,Default,Default,Default,Default,Default,Default,Default,Default,Default,3,Default,1,Default,Default,Default,Default,Default,Default,Default,3,"ShortRun(IterationCount=3, LaunchCount=1, WarmupCount=3)",,1,Overhead,Actual,10,246677000,134217728,1.84,0,0,0,0
ReturnStringBenchmarks.DllImport_IntPtr_NoDecode,PInvokeBench,ReturnStringBenchmarks,DllImport_IntPtr_NoDecode,ShortRun,Default,Default,Default,Default,Default,Default,Default,Default,Default,Default,Default,Default,Default,Default,Default,Default,Default,Default,Default,Default,Default,Default,Default,Default,Default,Default,Default,Default,Default,Default,Default,3,Default,1,Default,Default,Default,Default,Default,Default,Default,3,"ShortRun(IterationCount=3, LaunchCount=1, WarmupCount=3)",,1,Overhead,Actual,11,264018200,134217728,1.97,0,0,0,0
ReturnStringBenchmarks.DllImport_IntPtr_NoDecode,PInvokeBench,ReturnStringBenchmarks,DllImport_IntPtr_NoDecode,ShortRun,Default,Default,Default,Default,Default,Default,Default,Default,Default,Default,Default,Default,Default,Default,Default,Default,Default,Default,Default,Default,Default,Default,Default,Default,Default,Default,Default,Default,Default,Default,Default,3,Default,1,Default,Default,Default,Default,Default,Default,Default,3,"ShortRun(IterationCount=3, LaunchCount=1, WarmupCount=3)",,1,Overhead,Actual,12,245667200,134217728,1.83,0,0,0,0
ReturnStringBenchmarks.DllImport_IntPtr_NoDecode,PInvokeBench,ReturnStringBenchmarks,DllImport_IntPtr_NoDecode,ShortRun,Default,Default,Default,Default,Default,Default,Default,Default,Default,Default,Default,Default,Default,Default,Default,Default,Default,Default,Default,Default,Default,Default,Default,Default,Default,Default,Default,Default,Default,Default,Default,3,Default,1,Default,Default,Default,Default,Default,Default,Default,3,"ShortRun(IterationCount=3, LaunchCount=1, WarmupCount=3)",,1,Overhead,Actual,13,247290400,134217728,1.84,0,0,0,0
ReturnStringBenchmarks.DllImport_IntPtr_NoDecode,PInvokeBench,ReturnStringBenchmarks,DllImport_IntPtr_NoDecode,ShortRun,Default,Default,Default,Default,Default,Default,Default,Default,Default,Default,Default,Default,Default,Default,Default,Default,Default,Default,Default,Default,Default,Default,Default,Default,Default,Default,Default,Default,Default,Default,Default,3,Default,1,Default,Default,Default,Default,Default,Default,Default,3,"ShortRun(IterationCount=3, LaunchCount=1, WarmupCount=3)",,1,Overhead,Actual,14,246670100,134217728,1.84,0,0,0,0
ReturnStringBenchmarks.DllImport_IntPtr_NoDecode,PInvokeBench,ReturnStringBenchmarks,DllImport_IntPtr_NoDecode,ShortRun,Default,Default,Default,Default,Default,Default,Default,Default,Default,Default,Default,Default,Default,Default,Default,Default,Default,Default,Default,Default,Default,Default,Default,Default,Default,Default,Default,Default,Default,Default,Default,3,Default,1,Default,Default,Default,Default,Default,Default,Default,3,"ShortRun(IterationCount=3, LaunchCount=1, WarmupCount=3)",,1,Overhead,Actual,15,265335500,134217728,1.98,0,0,0,0
ReturnStringBenchmarks.DllImport_IntPtr_NoDecode,PInvokeBench,ReturnStringBenchmarks,DllImport_IntPtr_NoDecode,ShortRun,Default,Default,Default,Default,Default,Default,Default,Default,Default,Default,Default,Default,Default,Default,Default,Default,Default,Default,Default,Default,Default,Default,Default,Default,Default,Default,Default,Default,Default,Default,Default,3,Default,1,Default,Default,Default,Default,Default,Default,Default,3,"ShortRun(IterationCount=3, LaunchCount=1, WarmupCount=3)",,1,Workload,Warmup,1,848550800,134217728,6.32,0,0,0,0
ReturnStringBenchmarks.DllImport_IntPtr_NoDecode,PInvokeBench,ReturnStringBenchmarks,DllImport_IntPtr_NoDecode,ShortRun,Default,Default,Default,Default,Default,Default,Default,Default,Default,Default,Default,Default,Default,Default,Default,Default,Default,Default,Default,Default,Default,Default,Default,Default,Default,Default,Default,Default,Default,Default,Default,3,Default,1,Default,Default,Default,Default,Default,Default,Default,3,"ShortRun(IterationCount=3, LaunchCount=1, WarmupCount=3)",,1,Workload,Warmup,2,886026600,134217728,6.6,0,0,0,0
ReturnStringBenchmarks.DllImport_IntPtr_NoDecode,PInvokeBench,ReturnStringBenchmarks,DllImport_IntPtr_NoDecode,ShortRun,Default,Default,Default,Default,Default,Default,Default,Default,Default,Default,Default,Default,Default,Default,Default,Default,Default,Default,Default,Default,Default,Default,Default,Default,Default,Default,Default,Default,Default,Default,Default,3,Default,1,Default,Default,Default,Default,Default,Default,Default,3,"ShortRun(IterationCount=3, LaunchCount=1, WarmupCount=3)",,1,Workload,Warmup,3,868546800,134217728,6.47,0,0,0,0
ReturnStringBenchmarks.DllImport_IntPtr_NoDecode,PInvokeBench,ReturnStringBenchmarks,DllImport_IntPtr_NoDecode,ShortRun,Default,Default,Default,Default,Default,Default,Default,Default,Default,Default,Default,Default,Default,Default,Default,Default,Default,Default,Default,Default,Default,Default,Default,Default,Default,Default,Default,Default,Default,Default,Default,3,Default,1,Default,Default,Default,Default,Default,Default,Default,3,"ShortRun(IterationCount=3, LaunchCount=1, WarmupCount=3)",,1,Workload,Actual,1,853710700,134217728,6.36,0,0,0,0
ReturnStringBenchmarks.DllImport_IntPtr_NoDecode,PInvokeBench,ReturnStringBenchmarks,DllImport_IntPtr_NoDecode,ShortRun,Default,Default,Default,Default,Default,Default,Default,Default,Default,Default,Default,Default,Default,Default,Default,Default,Default,Default,Default,Default,Default,Default,Default,Default,Default,Default,Default,Default,Default,Default,Default,3,Default,1,Default,Default,Default,Default,Default,Default,Default,3,"ShortRun(IterationCount=3, LaunchCount=1, WarmupCount=3)",,1,Workload,Actual,2,850838500,134217728,6.34,0,0,0,0
ReturnStringBenchmarks.DllImport_IntPtr_NoDecode,PInvokeBench,ReturnStringBenchmarks,DllImport_IntPtr_NoDecode,ShortRun,Default,Default,Default,Default,Default,Default,Default,Default,Default,Default,Default,Default,Default,Default,Default,Default,Default,Default,Default,Default,Default,Default,Default,Default,Default,Default,Default,Default,Default,Default,Default,3,Default,1,Default,Default,Default,Default,Default,Default,Default,3,"ShortRun(IterationCount=3, LaunchCount=1, WarmupCount=3)",,1,Workload,Actual,3,805919500,134217728,6,0,0,0,0
ReturnStringBenchmarks.DllImport_IntPtr_NoDecode,PInvokeBench,ReturnStringBenchmarks,DllImport_IntPtr_NoDecode,ShortRun,Default,Default,Default,Default,Default,Default,Default,Default,Default,Default,Default,Default,Default,Default,Default,Default,Default,Default,Default,Default,Default,Default,Default,Default,Default,Default,Default,Default,Default,Default,Default,3,Default,1,Default,Default,Default,Default,Default,Default,Default,3,"ShortRun(IterationCount=3, LaunchCount=1, WarmupCount=3)",,1,Workload,Result,1,602707600,134217728,4.49,0,0,0,0
ReturnStringBenchmarks.DllImport_IntPtr_NoDecode,PInvokeBench,ReturnStringBenchmarks,DllImport_IntPtr_NoDecode,ShortRun,Default,Default,Default,Default,Default,Default,Default,Default,Default,Default,Default,Default,Default,Default,Default,Default,Default,Default,Default,Default,Default,Default,Default,Default,Default,Default,Default,Default,Default,Default,Default,3,Default,1,Default,Default,Default,Default,Default,Default,Default,3,"ShortRun(IterationCount=3, LaunchCount=1, WarmupCount=3)",,1,Workload,Result,2,599835400,134217728,4.47,0,0,0,0
ReturnStringBenchmarks.DllImport_IntPtr_NoDecode,PInvokeBench,ReturnStringBenchmarks,DllImport_IntPtr_NoDecode,ShortRun,Default,Default,Default,Default,Default,Default,Default,Default,Default,Default,Default,Default,Default,Default,Default,Default,Default,Default,Default,Default,Default,Default,Default,Default,Default,Default,Default,Default,Default,Default,Default,3,Default,1,Default,Default,Default,Default,Default,Default,Default,3,"ShortRun(IterationCount=3, LaunchCount=1, WarmupCount=3)",,1,Workload,Result,3,554916400,134217728,4.13,0,0,0,0
ReturnStringBenchmarks.DllImport_IntPtr_PtrToStringAnsi,PInvokeBench,ReturnStringBenchmarks,DllImport_IntPtr_PtrToStringAnsi,ShortRun,Default,Default,Default,Default,Default,Default,Default,Default,Default,Default,Default,Default,Default,Default,Default,Default,Default,Default,Default,Default,Default,Default,Default,Default,Default,Default,Default,Default,Default,Default,Default,3,Default,1,Default,Default,Default,Default,Default,Default,Default,3,"ShortRun(IterationCount=3, LaunchCount=1, WarmupCount=3)",,1,Overhead,Jitting,1,848600,1,848600,106,0,0,80
ReturnStringBenchmarks.DllImport_IntPtr_PtrToStringAnsi,PInvokeBench,ReturnStringBenchmarks,DllImport_IntPtr_PtrToStringAnsi,ShortRun,Default,Default,Default,Default,Default,Default,Default,Default,Default,Default,Default,Default,Default,Default,Default,Default,Default,Default,Default,Default,Default,Default,Default,Default,Default,Default,Default,Default,Default,Default,Default,3,Default,1,Default,Default,Default,Default,Default,Default,Default,3,"ShortRun(IterationCount=3, LaunchCount=1, WarmupCount=3)",,1,Workload,Jitting,1,502900,1,502900,106,0,0,80
ReturnStringBenchmarks.DllImport_IntPtr_PtrToStringAnsi,PInvokeBench,ReturnStringBenchmarks,DllImport_IntPtr_PtrToStringAnsi,ShortRun,Default,Default,Default,Default,Default,Default,Default,Default,Default,Default,Default,Default,Default,Default,Default,Default,Default,Default,Default,Default,Default,Default,Default,Default,Default,Default,Default,Default,Default,Default,Default,3,Default,1,Default,Default,Default,Default,Default,Default,Default,3,"ShortRun(IterationCount=3, LaunchCount=1, WarmupCount=3)",,1,Overhead,Jitting,2,406800,16,25425,106,0,0,80
ReturnStringBenchmarks.DllImport_IntPtr_PtrToStringAnsi,PInvokeBench,ReturnStringBenchmarks,DllImport_IntPtr_PtrToStringAnsi,ShortRun,Default,Default,Default,Default,Default,Default,Default,Default,Default,Default,Default,Default,Default,Default,Default,Default,Default,Default,Default,Default,Default,Default,Default,Default,Default,Default,Default,Default,Default,Default,Default,3,Default,1,Default,Default,Default,Default,Default,Default,Default,3,"ShortRun(IterationCount=3, LaunchCount=1, WarmupCount=3)",,1,Workload,Jitting,2,381500,16,23843.75,106,0,0,80
ReturnStringBenchmarks.DllImport_IntPtr_PtrToStringAnsi,PInvokeBench,ReturnStringBenchmarks,DllImport_IntPtr_PtrToStringAnsi,ShortRun,Default,Default,Default,Default,Default,Default,Default,Default,Default,Default,Default,Default,Default,Default,Default,Default,Default,Default,Default,Default,Default,Default,Default,Default,Default,Default,Default,Default,Default,Default,Default,3,Default,1,Default,Default,Default,Default,Default,Default,Default,3,"ShortRun(IterationCount=3, LaunchCount=1, WarmupCount=3)",,1,Workload,Pilot,1,6500,16,406.25,106,0,0,80
ReturnStringBenchmarks.DllImport_IntPtr_PtrToStringAnsi,PInvokeBench,ReturnStringBenchmarks,DllImport_IntPtr_PtrToStringAnsi,ShortRun,Default,Default,Default,Default,Default,Default,Default,Default,Default,Default,Default,Default,Default,Default,Default,Default,Default,Default,Default,Default,Default,Default,Default,Default,Default,Default,Default,Default,Default,Default,Default,3,Default,1,Default,Default,Default,Default,Default,Default,Default,3,"ShortRun(IterationCount=3, LaunchCount=1, WarmupCount=3)",,1,Workload,Pilot,2,3800,32,118.75,106,0,0,80
ReturnStringBenchmarks.DllImport_IntPtr_PtrToStringAnsi,PInvokeBench,ReturnStringBenchmarks,DllImport_IntPtr_PtrToStringAnsi,ShortRun,Default,Default,Default,Default,Default,Default,Default,Default,Default,Default,Default,Default,Default,Default,Default,Default,Default,Default,Default,Default,Default,Default,Default,Default,Default,Default,Default,Default,Default,Default,Default,3,Default,1,Default,Default,Default,Default,Default,Default,Default,3,"ShortRun(IterationCount=3, LaunchCount=1, WarmupCount=3)",,1,Workload,Pilot,3,11200,64,175,106,0,0,80
ReturnStringBenchmarks.DllImport_IntPtr_PtrToStringAnsi,PInvokeBench,ReturnStringBenchmarks,DllImport_IntPtr_PtrToStringAnsi,ShortRun,Default,Default,Default,Default,Default,Default,Default,Default,Default,Default,Default,Default,Default,Default,Default,Default,Default,Default,Default,Default,Default,Default,Default,Default,Default,Default,Default,Default,Default,Default,Default,3,Default,1,Default,Default,Default,Default,Default,Default,Default,3,"ShortRun(IterationCount=3, LaunchCount=1, WarmupCount=3)",,1,Workload,Pilot,4,13700,128,107.03,106,0,0,80
ReturnStringBenchmarks.DllImport_IntPtr_PtrToStringAnsi,PInvokeBench,ReturnStringBenchmarks,DllImport_IntPtr_PtrToStringAnsi,ShortRun,Default,Default,Default,Default,Default,Default,Default,Default,Default,Default,Default,Default,Default,Default,Default,Default,Default,Default,Default,Default,Default,Default,Default,Default,Default,Default,Default,Default,Default,Default,Default,3,Default,1,Default,Default,Default,Default,Default,Default,Default,3,"ShortRun(IterationCount=3, LaunchCount=1, WarmupCount=3)",,1,Workload,Pilot,5,41800,256,163.28,106,0,0,80
ReturnStringBenchmarks.DllImport_IntPtr_PtrToStringAnsi,PInvokeBench,ReturnStringBenchmarks,DllImport_IntPtr_PtrToStringAnsi,ShortRun,Default,Default,Default,Default,Default,Default,Default,Default,Default,Default,Default,Default,Default,Default,Default,Default,Default,Default,Default,Default,Default,Default,Default,Default,Default,Default,Default,Default,Default,Default,Default,3,Default,1,Default,Default,Default,Default,Default,Default,Default,3,"ShortRun(IterationCount=3, LaunchCount=1, WarmupCount=3)",,1,Workload,Pilot,6,73200,512,142.97,106,0,0,80
ReturnStringBenchmarks.DllImport_IntPtr_PtrToStringAnsi,PInvokeBench,ReturnStringBenchmarks,DllImport_IntPtr_PtrToStringAnsi,ShortRun,Default,Default,Default,Default,Default,Default,Default,Default,Default,Default,Default,Default,Default,Default,Default,Default,Default,Default,Default,Default,Default,Default,Default,Default,Default,Default,Default,Default,Default,Default,Default,3,Default,1,Default,Default,Default,Default,Default,Default,Default,3,"ShortRun(IterationCount=3, LaunchCount=1, WarmupCount=3)",,1,Workload,Pilot,7,113200,1024,110.55,106,0,0,80
ReturnStringBenchmarks.DllImport_IntPtr_PtrToStringAnsi,PInvokeBench,ReturnStringBenchmarks,DllImport_IntPtr_PtrToStringAnsi,ShortRun,Default,Default,Default,Default,Default,Default,Default,Default,Default,Default,Default,Default,Default,Default,Default,Default,Default,Default,Default,Default,Default,Default,Default,Default,Default,Default,Default,Default,Default,Default,Default,3,Default,1,Default,Default,Default,Default,Default,Default,Default,3,"ShortRun(IterationCount=3, LaunchCount=1, WarmupCount=3)",,1,Workload,Pilot,8,198500,2048,96.92,106,0,0,80
ReturnStringBenchmarks.DllImport_IntPtr_PtrToStringAnsi,PInvokeBench,ReturnStringBenchmarks,DllImport_IntPtr_PtrToStringAnsi,ShortRun,Default,Default,Default,Default,Default,Default,Default,Default,Default,Default,Default,Default,Default,Default,Default,Default,Default,Default,Default,Default,Default,Default,Default,Default,Default,Default,Default,Default,Default,Default,Default,3,Default,1,Default,Default,Default,Default,Default,Default,Default,3,"ShortRun(IterationCount=3, LaunchCount=1, WarmupCount=3)",,1,Workload,Pilot,9,324100,4096,79.13,106,0,0,80
ReturnStringBenchmarks.DllImport_IntPtr_PtrToStringAnsi,PInvokeBench,ReturnStringBenchmarks,DllImport_IntPtr_PtrToStringAnsi,ShortRun,Default,Default,Default,Default,Default,Default,Default,Default,Default,Default,Default,Default,Default,Default,Default,Default,Default,Default,Default,Default,Default,Default,Default,Default,Default,Default,Default,Default,Default,Default,Default,3,Default,1,Default,Default,Default,Default,Default,Default,Default,3,"ShortRun(IterationCount=3, LaunchCount=1, WarmupCount=3)",,1,Workload,Pilot,10,712100,8192,86.93,106,0,0,80
ReturnStringBenchmarks.DllImport_IntPtr_PtrToStringAnsi,PInvokeBench,ReturnStringBenchmarks,DllImport_IntPtr_PtrToStringAnsi,ShortRun,Default,Default,Default,Default,Default,Default,Default,Default,Default,Default,Default,Default,Default,Default,Default,Default,Default,Default,Default,Default,Default,Default,Default,Default,Default,Default,Default,Default,Default,Default,Default,3,Default,1,Default,Default,Default,Default,Default,Default,Default,3,"ShortRun(IterationCount=3, LaunchCount=1, WarmupCount=3)",,1,Workload,Pilot,11,1433000,16384,87.46,106,0,0,80
ReturnStringBenchmarks.DllImport_IntPtr_PtrToStringAnsi,PInvokeBench,ReturnStringBenchmarks,DllImport_IntPtr_PtrToStringAnsi,ShortRun,Default,Default,Default,Default,Default,Default,Default,Default,Default,Default,Default,Default,Default,Default,Default,Default,Default,Default,Default,Default,Default,Default,Default,Default,Default,Default,Default,Default,Default,Default,Default,3,Default,1,Default,Default,Default,Default,Default,Default,Default,3,"ShortRun(IterationCount=3, LaunchCount=1, WarmupCount=3)",,1,Workload,Pilot,12,2894200,32768,88.32,106,0,0,80
ReturnStringBenchmarks.DllImport_IntPtr_PtrToStringAnsi,PInvokeBench,ReturnStringBenchmarks,DllImport_IntPtr_PtrToStringAnsi,ShortRun,Default,Default,Default,Default,Default,Default,Default,Default,Default,Default,Default,Default,Default,Default,Default,Default,Default,Default,Default,Default,Default,Default,Default,Default,Default,Default,Default,Default,Default,Default,Default,3,Default,1,Default,Default,Default,Default,Default,Default,Default,3,"ShortRun(IterationCount=3, LaunchCount=1, WarmupCount=3)",,1,Workload,Pilot,13,5476700,65536,83.57,106,0,0,80
ReturnStringBenchmarks.DllImport_IntPtr_PtrToStringAnsi,PInvokeBench,ReturnStringBenchmarks,DllImport_IntPtr_PtrToStringAnsi,ShortRun,Default,Default,Default,Default,Default,Default,Default,Default,Default,Default,Default,Default,Default,Default,Default,Default,Default,Default,Default,Default,Default,Default,Default,Default,Default,Default,Default,Default,Default,Default,Default,3,Default,1,Default,Default,Default,Default,Default,Default,Default,3,"ShortRun(IterationCount=3, LaunchCount=1, WarmupCount=3)",,1,Workload,Pilot,14,9635100,131072,73.51,106,0,0,80
ReturnStringBenchmarks.DllImport_IntPtr_PtrToStringAnsi,PInvokeBench,ReturnStringBenchmarks,DllImport_IntPtr_PtrToStringAnsi,ShortRun,Default,Default,Default,Default,Default,Default,Default,Default,Default,Default,Default,Default,Default,Default,Default,Default,Default,Default,Default,Default,Default,Default,Default,Default,Default,Default,Default,Default,Default,Default,Default,3,Default,1,Default,Default,Default,Default,Default,Default,Default,3,"ShortRun(IterationCount=3, LaunchCount=1, WarmupCount=3)",,1,Workload,Pilot,15,17331100,262144,66.11,106,0,0,80
ReturnStringBenchmarks.DllImport_IntPtr_PtrToStringAnsi,PInvokeBench,ReturnStringBenchmarks,DllImport_IntPtr_PtrToStringAnsi,ShortRun,Default,Default,Default,Default,Default,Default,Default,Default,Default,Default,Default,Default,Default,Default,Default,Default,Default,Default,Default,Default,Default,Default,Default,Default,Default,Default,Default,Default,Default,Default,Default,3,Default,1,Default,Default,Default,Default,Default,Default,Default,3,"ShortRun(IterationCount=3, LaunchCount=1, WarmupCount=3)",,1,Workload,Pilot,16,33683000,524288,64.25,106,0,0,80
ReturnStringBenchmarks.DllImport_IntPtr_PtrToStringAnsi,PInvokeBench,ReturnStringBenchmarks,DllImport_IntPtr_PtrToStringAnsi,ShortRun,Default,Default,Default,Default,Default,Default,Default,Default,Default,Default,Default,Default,Default,Default,Default,Default,Default,Default,Default,Default,Default,Default,Default,Default,Default,Default,Default,Default,Default,Default,Default,3,Default,1,Default,Default,Default,Default,Default,Default,Default,3,"ShortRun(IterationCount=3, LaunchCount=1, WarmupCount=3)",,1,Workload,Pilot,17,67387800,1048576,64.27,106,0,0,80
ReturnStringBenchmarks.DllImport_IntPtr_PtrToStringAnsi,PInvokeBench,ReturnStringBenchmarks,DllImport_IntPtr_PtrToStringAnsi,ShortRun,Default,Default,Default,Default,Default,Default,Default,Default,Default,Default,Default,Default,Default,Default,Default,Default,Default,Default,Default,Default,Default,Default,Default,Default,Default,Default,Default,Default,Default,Default,Default,3,Default,1,Default,Default,Default,Default,Default,Default,Default,3,"ShortRun(IterationCount=3, LaunchCount=1, WarmupCount=3)",,1,Workload,Pilot,18,124054400,2097152,59.15,106,0,0,80
ReturnStringBenchmarks.DllImport_IntPtr_PtrToStringAnsi,PInvokeBench,ReturnStringBenchmarks,DllImport_IntPtr_PtrToStringAnsi,ShortRun,Default,Default,Default,Default,Default,Default,Default,Default,Default,Default,Default,Default,Default,Default,Default,Default,Default,Default,Default,Default,Default,Default,Default,Default,Default,Default,Default,Default,Default,Default,Default,3,Default,1,Default,Default,Default,Default,Default,Default,Default,3,"ShortRun(IterationCount=3, LaunchCount=1, WarmupCount=3)",,1,Workload,Pilot,19,268355700,4194304,63.98,106,0,0,80
ReturnStringBenchmarks.DllImport_IntPtr_PtrToStringAnsi,PInvokeBench,ReturnStringBenchmarks,DllImport_IntPtr_PtrToStringAnsi,ShortRun,Default,Default,Default,Default,Default,Default,Default,Default,Default,Default,Default,Default,Default,Default,Default,Default,Default,Default,Default,Default,Default,Default,Default,Default,Default,Default,Default,Default,Default,Default,Default,3,Default,1,Default,Default,Default,Default,Default,Default,Default,3,"ShortRun(IterationCount=3, LaunchCount=1, WarmupCount=3)",,1,Workload,Pilot,20,530793300,8388608,63.28,106,0,0,80
ReturnStringBenchmarks.DllImport_IntPtr_PtrToStringAnsi,PInvokeBench,ReturnStringBenchmarks,DllImport_IntPtr_PtrToStringAnsi,ShortRun,Default,Default,Default,Default,Default,Default,Default,Default,Default,Default,Default,Default,Default,Default,Default,Default,Default,Default,Default,Default,Default,Default,Default,Default,Default,Default,Default,Default,Default,Default,Default,3,Default,1,Default,Default,Default,Default,Default,Default,Default,3,"ShortRun(IterationCount=3, LaunchCount=1, WarmupCount=3)",,1,Overhead,Warmup,1,37239000,8388608,4.44,106,0,0,80
ReturnStringBenchmarks.DllImport_IntPtr_PtrToStringAnsi,PInvokeBench,ReturnStringBenchmarks,DllImport_IntPtr_PtrToStringAnsi,ShortRun,Default,Default,Default,Default,Default,Default,Default,Default,Default,Default,Default,Default,Default,Default,Default,Default,Default,Default,Default,Default,Default,Default,Default,Default,Default,Default,Default,Default,Default,Default,Default,3,Default,1,Default,Default,Default,Default,Default,Default,Default,3,"ShortRun(IterationCount=3, LaunchCount=1, WarmupCount=3)",,1,Overhead,Warmup,2,37170000,8388608,4.43,106,0,0,80
ReturnStringBenchmarks.DllImport_IntPtr_PtrToStringAnsi,PInvokeBench,ReturnStringBenchmarks,DllImport_IntPtr_PtrToStringAnsi,ShortRun,Default,Default,Default,Default,Default,Default,Default,Default,Default,Default,Default,Default,Default,Default,Default,Default,Default,Default,Default,Default,Default,Default,Default,Default,Default,Default,Default,Default,Default,Default,Default,3,Default,1,Default,Default,Default,Default,Default,Default,Default,3,"ShortRun(IterationCount=3, LaunchCount=1, WarmupCount=3)",,1,Overhead,Warmup,3,36318700,8388608,4.33,106,0,0,80
ReturnStringBenchmarks.DllImport_IntPtr_PtrToStringAnsi,PInvokeBench,ReturnStringBenchmarks,DllImport_IntPtr_PtrToStringAnsi,ShortRun,Default,Default,Default,Default,Default,Default,Default,Default,Default,Default,Default,Default,Default,Default,Default,Default,Default,Default,Default,Default,Default,Default,Default,Default,Default,Default,Default,Default,Default,Default,Default,3,Default,1,Default,Default,Default,Default,Default,Default,Default,3,"ShortRun(IterationCount=3, LaunchCount=1, WarmupCount=3)",,1,Overhead,Warmup,4,36231400,8388608,4.32,106,0,0,80
ReturnStringBenchmarks.DllImport_IntPtr_PtrToStringAnsi,PInvokeBench,ReturnStringBenchmarks,DllImport_IntPtr_PtrToStringAnsi,ShortRun,Default,Default,Default,Default,Default,Default,Default,Default,Default,Default,Default,Default,Default,Default,Default,Default,Default,Default,Default,Default,Default,Default,Default,Default,Default,Default,Default,Default,Default,Default,Default,3,Default,1,Default,Default,Default,Default,Default,Default,Default,3,"ShortRun(IterationCount=3, LaunchCount=1, WarmupCount=3)",,1,Overhead,Warmup,5,36194700,8388608,4.31,106,0,0,80
ReturnStringBenchmarks.DllImport_IntPtr_PtrToStringAnsi,PInvokeBench,ReturnStringBenchmarks,DllImport_IntPtr_PtrToStringAnsi,ShortRun,Default,Default,Default,Default,Default,Default,Default,Default,Default,Default,Default,Default,Default,Default,Default,Default,Default,Default,Default,Default,Default,Default,Default,Default,Default,Default,Default,Default,Default,Default,Default,3,Default,1,Default,Default,Default,Default,Default,Default,Default,3,"ShortRun(IterationCount=3, LaunchCount=1, WarmupCount=3)",,1,Overhead,Warmup,6,36257400,8388608,4.32,106,0,0,80
ReturnStringBenchmarks.DllImport_IntPtr_PtrToStringAnsi,PInvokeBench,ReturnStringBenchmarks,DllImport_IntPtr_PtrToStringAnsi,ShortRun,Default,Default,Default,Default,Default,Default,Default,Default,Default,Default,Default,Default,Default,Default,Default,Default,Default,Default,Default,Default,Default,Default,Default,Default,Default,Default,Default,Default,Default,Default,Default,3,Default,1,Default,Default,Default,Default,Default,Default,Default,3,"ShortRun(IterationCount=3, LaunchCount=1, WarmupCount=3)",,1,Overhead,Warmup,7,35674000,8388608,4.25,106,0,0,80
ReturnStringBenchmarks.DllImport_IntPtr_PtrToStringAnsi,PInvokeBench,ReturnStringBenchmarks,DllImport_IntPtr_PtrToStringAnsi,ShortRun,Default,Default,Default,Default,Default,Default,Default,Default,Default,Default,Default,Default,Default,Default,Default,Default,Default,Default,Default,Default,Default,Default,Default,Default,Default,Default,Default,Default,Default,Default,Default,3,Default,1,Default,Default,Default,Default,Default,Default,Default,3,"ShortRun(IterationCount=3, LaunchCount=1, WarmupCount=3)",,1,Overhead,Warmup,8,35276200,8388608,4.21,106,0,0,80
ReturnStringBenchmarks.DllImport_IntPtr_PtrToStringAnsi,PInvokeBench,ReturnStringBenchmarks,DllImport_IntPtr_PtrToStringAnsi,ShortRun,Default,Default,Default,Default,Default,Default,Default,Default,Default,Default,Default,Default,Default,Default,Default,Default,Default,Default,Default,Default,Default,Default,Default,Default,Default,Default,Default,Default,Default,Default,Default,3,Default,1,Default,Default,Default,Default,Default,Default,Default,3,"ShortRun(IterationCount=3, LaunchCount=1, WarmupCount=3)",,1,Overhead,Warmup,9,34878000,8388608,4.16,106,0,0,80
ReturnStringBenchmarks.DllImport_IntPtr_PtrToStringAnsi,PInvokeBench,ReturnStringBenchmarks,DllImport_IntPtr_PtrToStringAnsi,ShortRun,Default,Default,Default,Default,Default,Default,Default,Default,Default,Default,Default,Default,Default,Default,Default,Default,Default,Default,Default,Default,Default,Default,Default,Default,Default,Default,Default,Default,Default,Default,Default,3,Default,1,Default,Default,Default,Default,Default,Default,Default,3,"ShortRun(IterationCount=3, LaunchCount=1, WarmupCount=3)",,1,Overhead,Warmup,10,30889300,8388608,3.68,106,0,0,80
ReturnStringBenchmarks.DllImport_IntPtr_PtrToStringAnsi,PInvokeBench,ReturnStringBenchmarks,DllImport_IntPtr_PtrToStringAnsi,ShortRun,Default,Default,Default,Default,Default,Default,Default,Default,Default,Default,Default,Default,Default,Default,Default,Default,Default,Default,Default,Default,Default,Default,Default,Default,Default,Default,Default,Default,Default,Default,Default,3,Default,1,Default,Default,Default,Default,Default,Default,Default,3,"ShortRun(IterationCount=3, LaunchCount=1, WarmupCount=3)",,1,Overhead,Actual,1,30864500,8388608,3.68,106,0,0,80
ReturnStringBenchmarks.DllImport_IntPtr_PtrToStringAnsi,PInvokeBench,ReturnStringBenchmarks,DllImport_IntPtr_PtrToStringAnsi,ShortRun,Default,Default,Default,Default,Default,Default,Default,Default,Default,Default,Default,Default,Default,Default,Default,Default,Default,Default,Default,Default,Default,Default,Default,Default,Default,Default,Default,Default,Default,Default,Default,3,Default,1,Default,Default,Default,Default,Default,Default,Default,3,"ShortRun(IterationCount=3, LaunchCount=1, WarmupCount=3)",,1,Overhead,Actual,2,30984200,8388608,3.69,106,0,0,80
ReturnStringBenchmarks.DllImport_IntPtr_PtrToStringAnsi,PInvokeBench,ReturnStringBenchmarks,DllImport_IntPtr_PtrToStringAnsi,ShortRun,Default,Default,Default,Default,Default,Default,Default,Default,Default,Default,Default,Default,Default,Default,Default,Default,Default,Default,Default,Default,Default,Default,Default,Default,Default,Default,Default,Default,Default,Default,Default,3,Default,1,Default,Default,Default,Default,Default,Default,Default,3,"ShortRun(IterationCount=3, LaunchCount=1, WarmupCount=3)",,1,Overhead,Actual,3,30987800,8388608,3.69,106,0,0,80
ReturnStringBenchmarks.DllImport_IntPtr_PtrToStringAnsi,PInvokeBench,ReturnStringBenchmarks,DllImport_IntPtr_PtrToStringAnsi,ShortRun,Default,Default,Default,Default,Default,Default,Default,Default,Default,Default,Default,Default,Default,Default,Default,Default,Default,Default,Default,Default,Default,Default,Default,Default,Default,Default,Default,Default,Default,Default,Default,3,Default,1,Default,Default,Default,Default,Default,Default,Default,3,"ShortRun(IterationCount=3, LaunchCount=1, WarmupCount=3)",,1,Overhead,Actual,4,31885700,8388608,3.8,106,0,0,80
ReturnStringBenchmarks.DllImport_IntPtr_PtrToStringAnsi,PInvokeBench,ReturnStringBenchmarks,DllImport_IntPtr_PtrToStringAnsi,ShortRun,Default,Default,Default,Default,Default,Default,Default,Default,Default,Default,Default,Default,Default,Default,Default,Default,Default,Default,Default,Default,Default,Default,Default,Default,Default,Default,Default,Default,Default,Default,Default,3,Default,1,Default,Default,Default,Default,Default,Default,Default,3,"ShortRun(IterationCount=3, LaunchCount=1, WarmupCount=3)",,1,Overhead,Actual,5,33591400,8388608,4,106,0,0,80
ReturnStringBenchmarks.DllImport_IntPtr_PtrToStringAnsi,PInvokeBench,ReturnStringBenchmarks,DllImport_IntPtr_PtrToStringAnsi,ShortRun,Default,Default,Default,Default,Default,Default,Default,Default,Default,Default,Default,Default,Default,Default,Default,Default,Default,Default,Default,Default,Default,Default,Default,Default,Default,Default,Default,Default,Default,Default,Default,3,Default,1,Default,Default,Default,Default,Default,Default,Default,3,"ShortRun(IterationCount=3, LaunchCount=1, WarmupCount=3)",,1,Overhead,Actual,6,30182700,8388608,3.6,106,0,0,80
ReturnStringBenchmarks.DllImport_IntPtr_PtrToStringAnsi,PInvokeBench,ReturnStringBenchmarks,DllImport_IntPtr_PtrToStringAnsi,ShortRun,Default,Default,Default,Default,Default,Default,Default,Default,Default,Default,Default,Default,Default,Default,Default,Default,Default,Default,Default,Default,Default,Default,Default,Default,Default,Default,Default,Default,Default,Default,Default,3,Default,1,Default,Default,Default,Default,Default,Default,Default,3,"ShortRun(IterationCount=3, LaunchCount=1, WarmupCount=3)",,1,Overhead,Actual,7,30201800,8388608,3.6,106,0,0,80
ReturnStringBenchmarks.DllImport_IntPtr_PtrToStringAnsi,PInvokeBench,ReturnStringBenchmarks,DllImport_IntPtr_PtrToStringAnsi,ShortRun,Default,Default,Default,Default,Default,Default,Default,Default,Default,Default,Default,Default,Default,Default,Default,Default,Default,Default,Default,Default,Default,Default,Default,Default,Default,Default,Default,Default,Default,Default,Default,3,Default,1,Default,Default,Default,Default,Default,Default,Default,3,"ShortRun(IterationCount=3, LaunchCount=1, WarmupCount=3)",,1,Overhead,Actual,8,30206700,8388608,3.6,106,0,0,80
ReturnStringBenchmarks.DllImport_IntPtr_PtrToStringAnsi,PInvokeBench,ReturnStringBenchmarks,DllImport_IntPtr_PtrToStringAnsi,ShortRun,Default,Default,Default,Default,Default,Default,Default,Default,Default,Default,Default,Default,Default,Default,Default,Default,Default,Default,Default,Default,Default,Default,Default,Default,Default,Default,Default,Default,Default,Default,Default,3,Default,1,Default,Default,Default,Default,Default,Default,Default,3,"ShortRun(IterationCount=3, LaunchCount=1, WarmupCount=3)",,1,Overhead,Actual,9,30224100,8388608,3.6,106,0,0,80
ReturnStringBenchmarks.DllImport_IntPtr_PtrToStringAnsi,PInvokeBench,ReturnStringBenchmarks,DllImport_IntPtr_PtrToStringAnsi,ShortRun,Default,Default,Default,Default,Default,Default,Default,Default,Default,Default,Default,Default,Default,Default,Default,Default,Default,Default,Default,Default,Default,Default,Default,Default,Default,Default,Default,Default,Default,Default,Default,3,Default,1,Default,Default,Default,Default,Default,Default,Default,3,"ShortRun(IterationCount=3, LaunchCount=1, WarmupCount=3)",,1,Overhead,Actual,10,30173700,8388608,3.6,106,0,0,80
ReturnStringBenchmarks.DllImport_IntPtr_PtrToStringAnsi,PInvokeBench,ReturnStringBenchmarks,DllImport_IntPtr_PtrToStringAnsi,ShortRun,Default,Default,Default,Default,Default,Default,Default,Default,Default,Default,Default,Default,Default,Default,Default,Default,Default,Default,Default,Default,Default,Default,Default,Default,Default,Default,Default,Default,Default,Default,Default,3,Default,1,Default,Default,Default,Default,Default,Default,Default,3,"ShortRun(IterationCount=3, LaunchCount=1, WarmupCount=3)",,1,Overhead,Actual,11,30233300,8388608,3.6,106,0,0,80
ReturnStringBenchmarks.DllImport_IntPtr_PtrToStringAnsi,PInvokeBench,ReturnStringBenchmarks,DllImport_IntPtr_PtrToStringAnsi,ShortRun,Default,Default,Default,Default,Default,Default,Default,Default,Default,Default,Default,Default,Default,Default,Default,Default,Default,Default,Default,Default,Default,Default,Default,Default,Default,Default,Default,Default,Default,Default,Default,3,Default,1,Default,Default,Default,Default,Default,Default,Default,3,"ShortRun(IterationCount=3, LaunchCount=1, WarmupCount=3)",,1,Overhead,Actual,12,30211000,8388608,3.6,106,0,0,80
ReturnStringBenchmarks.DllImport_IntPtr_PtrToStringAnsi,PInvokeBench,ReturnStringBenchmarks,DllImport_IntPtr_PtrToStringAnsi,ShortRun,Default,Default,Default,Default,Default,Default,Default,Default,Default,Default,Default,Default,Default,Default,Default,Default,Default,Default,Default,Default,Default,Default,Default,Default,Default,Default,Default,Default,Default,Default,Default,3,Default,1,Default,Default,Default,Default,Default,Default,Default,3,"ShortRun(IterationCount=3, LaunchCount=1, WarmupCount=3)",,1,Overhead,Actual,13,30154400,8388608,3.59,106,0,0,80
ReturnStringBenchmarks.DllImport_IntPtr_PtrToStringAnsi,PInvokeBench,ReturnStringBenchmarks,DllImport_IntPtr_PtrToStringAnsi,ShortRun,Default,Default,Default,Default,Default,Default,Default,Default,Default,Default,Default,Default,Default,Default,Default,Default,Default,Default,Default,Default,Default,Default,Default,Default,Default,Default,Default,Default,Default,Default,Default,3,Default,1,Default,Default,Default,Default,Default,Default,Default,3,"ShortRun(IterationCount=3, LaunchCount=1, WarmupCount=3)",,1,Overhead,Actual,14,30220600,8388608,3.6,106,0,0,80
ReturnStringBenchmarks.DllImport_IntPtr_PtrToStringAnsi,PInvokeBench,ReturnStringBenchmarks,DllImport_IntPtr_PtrToStringAnsi,ShortRun,Default,Default,Default,Default,Default,Default,Default,Default,Default,Default,Default,Default,Default,Default,Default,Default,Default,Default,Default,Default,Default,Default,Default,Default,Default,Default,Default,Default,Default,Default,Default,3,Default,1,Default,Default,Default,Default,Default,Default,Default,3,"ShortRun(IterationCount=3, LaunchCount=1, WarmupCount=3)",,1,Overhead,Actual,15,30189700,8388608,3.6,106,0,0,80
ReturnStringBenchmarks.DllImport_IntPtr_PtrToStringAnsi,PInvokeBench,ReturnStringBenchmarks,DllImport_IntPtr_PtrToStringAnsi,ShortRun,Default,Default,Default,Default,Default,Default,Default,Default,Default,Default,Default,Default,Default,Default,Default,Default,Default,Default,Default,Default,Default,Default,Default,Default,Default,Default,Default,Default,Default,Default,Default,3,Default,1,Default,Default,Default,Default,Default,Default,Default,3,"ShortRun(IterationCount=3, LaunchCount=1, WarmupCount=3)",,1,Workload,Warmup,1,488088600,8388608,58.18,106,0,0,80
ReturnStringBenchmarks.DllImport_IntPtr_PtrToStringAnsi,PInvokeBench,ReturnStringBenchmarks,DllImport_IntPtr_PtrToStringAnsi,ShortRun,Default,Default,Default,Default,Default,Default,Default,Default,Default,Default,Default,Default,Default,Default,Default,Default,Default,Default,Default,Default,Default,Default,Default,Default,Default,Default,Default,Default,Default,Default,Default,3,Default,1,Default,Default,Default,Default,Default,Default,Default,3,"ShortRun(IterationCount=3, LaunchCount=1, WarmupCount=3)",,1,Workload,Warmup,2,530450100,8388608,63.23,106,0,0,80
ReturnStringBenchmarks.DllImport_IntPtr_PtrToStringAnsi,PInvokeBench,ReturnStringBenchmarks,DllImport_IntPtr_PtrToStringAnsi,ShortRun,Default,Default,Default,Default,Default,Default,Default,Default,Default,Default,Default,Default,Default,Default,Default,Default,Default,Default,Default,Default,Default,Default,Default,Default,Default,Default,Default,Default,Default,Default,Default,3,Default,1,Default,Default,Default,Default,Default,Default,Default,3,"ShortRun(IterationCount=3, LaunchCount=1, WarmupCount=3)",,1,Workload,Warmup,3,498091000,8388608,59.38,106,0,0,80
ReturnStringBenchmarks.DllImport_IntPtr_PtrToStringAnsi,PInvokeBench,ReturnStringBenchmarks,DllImport_IntPtr_PtrToStringAnsi,ShortRun,Default,Default,Default,Default,Default,Default,Default,Default,Default,Default,Default,Default,Default,Default,Default,Default,Default,Default,Default,Default,Default,Default,Default,Default,Default,Default,Default,Default,Default,Default,Default,3,Default,1,Default,Default,Default,Default,Default,Default,Default,3,"ShortRun(IterationCount=3, LaunchCount=1, WarmupCount=3)",,1,Workload,Actual,1,524741700,8388608,62.55,106,0,0,80
ReturnStringBenchmarks.DllImport_IntPtr_PtrToStringAnsi,PInvokeBench,ReturnStringBenchmarks,DllImport_IntPtr_PtrToStringAnsi,ShortRun,Default,Default,Default,Default,Default,Default,Default,Default,Default,Default,Default,Default,Default,Default,Default,Default,Default,Default,Default,Default,Default,Default,Default,Default,Default,Default,Default,Default,Default,Default,Default,3,Default,1,Default,Default,Default,Default,Default,Default,Default,3,"ShortRun(IterationCount=3, LaunchCount=1, WarmupCount=3)",,1,Workload,Actual,2,499400900,8388608,59.53,106,0,0,80
ReturnStringBenchmarks.DllImport_IntPtr_PtrToStringAnsi,PInvokeBench,ReturnStringBenchmarks,DllImport_IntPtr_PtrToStringAnsi,ShortRun,Default,Default,Default,Default,Default,Default,Default,Default,Default,Default,Default,Default,Default,Default,Default,Default,Default,Default,Default,Default,Default,Default,Default,Default,Default,Default,Default,Default,Default,Default,Default,3,Default,1,Default,Default,Default,Default,Default,Default,Default,3,"ShortRun(IterationCount=3, LaunchCount=1, WarmupCount=3)",,1,Workload,Actual,3,493411100,8388608,58.82,106,0,0,80
ReturnStringBenchmarks.DllImport_IntPtr_PtrToStringAnsi,PInvokeBench,ReturnStringBenchmarks,DllImport_IntPtr_PtrToStringAnsi,ShortRun,Default,Default,Default,Default,Default,Default,Default,Default,Default,Default,Default,Default,Default,Default,Default,Default,Default,Default,Default,Default,Default,Default,Default,Default,Default,Default,Default,Default,Default,Default,Default,3,Default,1,Default,Default,Default,Default,Default,Default,Default,3,"ShortRun(IterationCount=3, LaunchCount=1, WarmupCount=3)",,1,Workload,Result,1,494521100,8388608,58.95,106,0,0,80
ReturnStringBenchmarks.DllImport_IntPtr_PtrToStringAnsi,PInvokeBench,ReturnStringBenchmarks,DllImport_IntPtr_PtrToStringAnsi,ShortRun,Default,Default,Default,Default,Default,Default,Default,Default,Default,Default,Default,Default,Default,Default,Default,Default,Default,Default,Default,Default,Default,Default,Default,Default,Default,Default,Default,Default,Default,Default,Default,3,Default,1,Default,Default,Default,Default,Default,Default,Default,3,"ShortRun(IterationCount=3, LaunchCount=1, WarmupCount=3)",,1,Workload,Result,2,469180300,8388608,55.93,106,0,0,80
ReturnStringBenchmarks.DllImport_IntPtr_PtrToStringAnsi,PInvokeBench,ReturnStringBenchmarks,DllImport_IntPtr_PtrToStringAnsi,ShortRun,Default,Default,Default,Default,Default,Default,Default,Default,Default,Default,Default,Default,Default,Default,Default,Default,Default,Default,Default,Default,Default,Default,Default,Default,Default,Default,Default,Default,Default,Default,Default,3,Default,1,Default,Default,Default,Default,Default,Default,Default,3,"ShortRun(IterationCount=3, LaunchCount=1, WarmupCount=3)",,1,Workload,Result,3,463190500,8388608,55.22,106,0,0,80
ReturnStringBenchmarks.DllImport_IntPtr_PtrToStringUTF8,PInvokeBench,ReturnStringBenchmarks,DllImport_IntPtr_PtrToStringUTF8,ShortRun,Default,Default,Default,Default,Default,Default,Default,Default,Default,Default,Default,Default,Default,Default,Default,Default,Default,Default,Default,Default,Default,Default,Default,Default,Default,Default,Default,Default,Default,Default,Default,3,Default,1,Default,Default,Default,Default,Default,Default,Default,3,"ShortRun(IterationCount=3, LaunchCount=1, WarmupCount=3)",,1,Overhead,Jitting,1,254100,1,254100,213,0,0,80
ReturnStringBenchmarks.DllImport_IntPtr_PtrToStringUTF8,PInvokeBench,ReturnStringBenchmarks,DllImport_IntPtr_PtrToStringUTF8,ShortRun,Default,Default,Default,Default,Default,Default,Default,Default,Default,Default,Default,Default,Default,Default,Default,Default,Default,Default,Default,Default,Default,Default,Default,Default,Default,Default,Default,Default,Default,Default,Default,3,Default,1,Default,Default,Default,Default,Default,Default,Default,3,"ShortRun(IterationCount=3, LaunchCount=1, WarmupCount=3)",,1,Workload,Jitting,1,1462100,1,1462100,213,0,0,80
ReturnStringBenchmarks.DllImport_IntPtr_PtrToStringUTF8,PInvokeBench,ReturnStringBenchmarks,DllImport_IntPtr_PtrToStringUTF8,ShortRun,Default,Default,Default,Default,Default,Default,Default,Default,Default,Default,Default,Default,Default,Default,Default,Default,Default,Default,Default,Default,Default,Default,Default,Default,Default,Default,Default,Default,Default,Default,Default,3,Default,1,Default,Default,Default,Default,Default,Default,Default,3,"ShortRun(IterationCount=3, LaunchCount=1, WarmupCount=3)",,1,Overhead,Jitting,2,475900,16,29743.75,213,0,0,80
ReturnStringBenchmarks.DllImport_IntPtr_PtrToStringUTF8,PInvokeBench,ReturnStringBenchmarks,DllImport_IntPtr_PtrToStringUTF8,ShortRun,Default,Default,Default,Default,Default,Default,Default,Default,Default,Default,Default,Default,Default,Default,Default,Default,Default,Default,Default,Default,Default,Default,Default,Default,Default,Default,Default,Default,Default,Default,Default,3,Default,1,Default,Default,Default,Default,Default,Default,Default,3,"ShortRun(IterationCount=3, LaunchCount=1, WarmupCount=3)",,1,Workload,Jitting,2,451000,16,28187.5,213,0,0,80
ReturnStringBenchmarks.DllImport_IntPtr_PtrToStringUTF8,PInvokeBench,ReturnStringBenchmarks,DllImport_IntPtr_PtrToStringUTF8,ShortRun,Default,Default,Default,Default,Default,Default,Default,Default,Default,Default,Default,Default,Default,Default,Default,Default,Default,Default,Default,Default,Default,Default,Default,Default,Default,Default,Default,Default,Default,Default,Default,3,Default,1,Default,Default,Default,Default,Default,Default,Default,3,"ShortRun(IterationCount=3, LaunchCount=1, WarmupCount=3)",,1,Workload,Pilot,1,3100,16,193.75,213,0,0,80
ReturnStringBenchmarks.DllImport_IntPtr_PtrToStringUTF8,PInvokeBench,ReturnStringBenchmarks,DllImport_IntPtr_PtrToStringUTF8,ShortRun,Default,Default,Default,Default,Default,Default,Default,Default,Default,Default,Default,Default,Default,Default,Default,Default,Default,Default,Default,Default,Default,Default,Default,Default,Default,Default,Default,Default,Default,Default,Default,3,Default,1,Default,Default,Default,Default,Default,Default,Default,3,"ShortRun(IterationCount=3, LaunchCount=1, WarmupCount=3)",,1,Workload,Pilot,2,5600,32,175,213,0,0,80
ReturnStringBenchmarks.DllImport_IntPtr_PtrToStringUTF8,PInvokeBench,ReturnStringBenchmarks,DllImport_IntPtr_PtrToStringUTF8,ShortRun,Default,Default,Default,Default,Default,Default,Default,Default,Default,Default,Default,Default,Default,Default,Default,Default,Default,Default,Default,Default,Default,Default,Default,Default,Default,Default,Default,Default,Default,Default,Default,3,Default,1,Default,Default,Default,Default,Default,Default,Default,3,"ShortRun(IterationCount=3, LaunchCount=1, WarmupCount=3)",,1,Workload,Pilot,3,9400,64,146.88,213,0,0,80
ReturnStringBenchmarks.DllImport_IntPtr_PtrToStringUTF8,PInvokeBench,ReturnStringBenchmarks,DllImport_IntPtr_PtrToStringUTF8,ShortRun,Default,Default,Default,Default,Default,Default,Default,Default,Default,Default,Default,Default,Default,Default,Default,Default,Default,Default,Default,Default,Default,Default,Default,Default,Default,Default,Default,Default,Default,Default,Default,3,Default,1,Default,Default,Default,Default,Default,Default,Default,3,"ShortRun(IterationCount=3, LaunchCount=1, WarmupCount=3)",,1,Workload,Pilot,4,9900,128,77.34,213,0,0,80
ReturnStringBenchmarks.DllImport_IntPtr_PtrToStringUTF8,PInvokeBench,ReturnStringBenchmarks,DllImport_IntPtr_PtrToStringUTF8,ShortRun,Default,Default,Default,Default,Default,Default,Default,Default,Default,Default,Default,Default,Default,Default,Default,Default,Default,Default,Default,Default,Default,Default,Default,Default,Default,Default,Default,Default,Default,Default,Default,3,Default,1,Default,Default,Default,Default,Default,Default,Default,3,"ShortRun(IterationCount=3, LaunchCount=1, WarmupCount=3)",,1,Workload,Pilot,5,22200,256,86.72,213,0,0,80
ReturnStringBenchmarks.DllImport_IntPtr_PtrToStringUTF8,PInvokeBench,ReturnStringBenchmarks,DllImport_IntPtr_PtrToStringUTF8,ShortRun,Default,Default,Default,Default,Default,Default,Default,Default,Default,Default,Default,Default,Default,Default,Default,Default,Default,Default,Default,Default,Default,Default,Default,Default,Default,Default,Default,Default,Default,Default,Default,3,Default,1,Default,Default,Default,Default,Default,Default,Default,3,"ShortRun(IterationCount=3, LaunchCount=1, WarmupCount=3)",,1,Workload,Pilot,6,35400,512,69.14,213,0,0,80
ReturnStringBenchmarks.DllImport_IntPtr_PtrToStringUTF8,PInvokeBench,ReturnStringBenchmarks,DllImport_IntPtr_PtrToStringUTF8,ShortRun,Default,Default,Default,Default,Default,Default,Default,Default,Default,Default,Default,Default,Default,Default,Default,Default,Default,Default,Default,Default,Default,Default,Default,Default,Default,Default,Default,Default,Default,Default,Default,3,Default,1,Default,Default,Default,Default,Default,Default,Default,3,"ShortRun(IterationCount=3, LaunchCount=1, WarmupCount=3)",,1,Workload,Pilot,7,87800,1024,85.74,213,0,0,80
ReturnStringBenchmarks.DllImport_IntPtr_PtrToStringUTF8,PInvokeBench,ReturnStringBenchmarks,DllImport_IntPtr_PtrToStringUTF8,ShortRun,Default,Default,Default,Default,Default,Default,Default,Default,Default,Default,Default,Default,Default,Default,Default,Default,Default,Default,Default,Default,Default,Default,Default,Default,Default,Default,Default,Default,Default,Default,Default,3,Default,1,Default,Default,Default,Default,Default,Default,Default,3,"ShortRun(IterationCount=3, LaunchCount=1, WarmupCount=3)",,1,Workload,Pilot,8,162000,2048,79.1,213,0,0,80
ReturnStringBenchmarks.DllImport_IntPtr_PtrToStringUTF8,PInvokeBench,ReturnStringBenchmarks,DllImport_IntPtr_PtrToStringUTF8,ShortRun,Default,Default,Default,Default,Default,Default,Default,Default,Default,Default,Default,Default,Default,Default,Default,Default,Default,Default,Default,Default,Default,Default,Default,Default,Default,Default,Default,Default,Default,Default,Default,3,Default,1,Default,Default,Default,Default,Default,Default,Default,3,"ShortRun(IterationCount=3, LaunchCount=1, WarmupCount=3)",,1,Workload,Pilot,9,225700,4096,55.1,213,0,0,80
ReturnStringBenchmarks.DllImport_IntPtr_PtrToStringUTF8,PInvokeBench,ReturnStringBenchmarks,DllImport_IntPtr_PtrToStringUTF8,ShortRun,Default,Default,Default,Default,Default,Default,Default,Default,Default,Default,Default,Default,Default,Default,Default,Default,Default,Default,Default,Default,Default,Default,Default,Default,Default,Default,Default,Default,Default,Default,Default,3,Default,1,Default,Default,Default,Default,Default,Default,Default,3,"ShortRun(IterationCount=3, LaunchCount=1, WarmupCount=3)",,1,Workload,Pilot,10,516200,8192,63.01,213,0,0,80
ReturnStringBenchmarks.DllImport_IntPtr_PtrToStringUTF8,PInvokeBench,ReturnStringBenchmarks,DllImport_IntPtr_PtrToStringUTF8,ShortRun,Default,Default,Default,Default,Default,Default,Default,Default,Default,Default,Default,Default,Default,Default,Default,Default,Default,Default,Default,Default,Default,Default,Default,Default,Default,Default,Default,Default,Default,Default,Default,3,Default,1,Default,Default,Default,Default,Default,Default,Default,3,"ShortRun(IterationCount=3, LaunchCount=1, WarmupCount=3)",,1,Workload,Pilot,11,1014400,16384,61.91,213,0,0,80
ReturnStringBenchmarks.DllImport_IntPtr_PtrToStringUTF8,PInvokeBench,ReturnStringBenchmarks,DllImport_IntPtr_PtrToStringUTF8,ShortRun,Default,Default,Default,Default,Default,Default,Default,Default,Default,Default,Default,Default,Default,Default,Default,Default,Default,Default,Default,Default,Default,Default,Default,Default,Default,Default,Default,Default,Default,Default,Default,3,Default,1,Default,Default,Default,Default,Default,Default,Default,3,"ShortRun(IterationCount=3, LaunchCount=1, WarmupCount=3)",,1,Workload,Pilot,12,2045600,32768,62.43,213,0,0,80
ReturnStringBenchmarks.DllImport_IntPtr_PtrToStringUTF8,PInvokeBench,ReturnStringBenchmarks,DllImport_IntPtr_PtrToStringUTF8,ShortRun,Default,Default,Default,Default,Default,Default,Default,Default,Default,Default,Default,Default,Default,Default,Default,Default,Default,Default,Default,Default,Default,Default,Default,Default,Default,Default,Default,Default,Default,Default,Default,3,Default,1,Default,Default,Default,Default,Default,Default,Default,3,"ShortRun(IterationCount=3, LaunchCount=1, WarmupCount=3)",,1,Workload,Pilot,13,3975900,65536,60.67,213,0,0,80
ReturnStringBenchmarks.DllImport_IntPtr_PtrToStringUTF8,PInvokeBench,ReturnStringBenchmarks,DllImport_IntPtr_PtrToStringUTF8,ShortRun,Default,Default,Default,Default,Default,Default,Default,Default,Default,Default,Default,Default,Default,Default,Default,Default,Default,Default,Default,Default,Default,Default,Default,Default,Default,Default,Default,Default,Default,Default,Default,3,Default,1,Default,Default,Default,Default,Default,Default,Default,3,"ShortRun(IterationCount=3, LaunchCount=1, WarmupCount=3)",,1,Workload,Pilot,14,6345900,131072,48.42,213,0,0,80
ReturnStringBenchmarks.DllImport_IntPtr_PtrToStringUTF8,PInvokeBench,ReturnStringBenchmarks,DllImport_IntPtr_PtrToStringUTF8,ShortRun,Default,Default,Default,Default,Default,Default,Default,Default,Default,Default,Default,Default,Default,Default,Default,Default,Default,Default,Default,Default,Default,Default,Default,Default,Default,Default,Default,Default,Default,Default,Default,3,Default,1,Default,Default,Default,Default,Default,Default,Default,3,"ShortRun(IterationCount=3, LaunchCount=1, WarmupCount=3)",,1,Workload,Pilot,15,10450400,262144,39.87,213,0,0,80
ReturnStringBenchmarks.DllImport_IntPtr_PtrToStringUTF8,PInvokeBench,ReturnStringBenchmarks,DllImport_IntPtr_PtrToStringUTF8,ShortRun,Default,Default,Default,Default,Default,Default,Default,Default,Default,Default,Default,Default,Default,Default,Default,Default,Default,Default,Default,Default,Default,Default,Default,Default,Default,Default,Default,Default,Default,Default,Default,3,Default,1,Default,Default,Default,Default,Default,Default,Default,3,"ShortRun(IterationCount=3, LaunchCount=1, WarmupCount=3)",,1,Workload,Pilot,16,22875300,524288,43.63,213,0,0,80
ReturnStringBenchmarks.DllImport_IntPtr_PtrToStringUTF8,PInvokeBench,ReturnStringBenchmarks,DllImport_IntPtr_PtrToStringUTF8,ShortRun,Default,Default,Default,Default,Default,Default,Default,Default,Default,Default,Default,Default,Default,Default,Default,Default,Default,Default,Default,Default,Default,Default,Default,Default,Default,Default,Default,Default,Default,Default,Default,3,Default,1,Default,Default,Default,Default,Default,Default,Default,3,"ShortRun(IterationCount=3, LaunchCount=1, WarmupCount=3)",,1,Workload,Pilot,17,40890900,1048576,39,213,0,0,80
ReturnStringBenchmarks.DllImport_IntPtr_PtrToStringUTF8,PInvokeBench,ReturnStringBenchmarks,DllImport_IntPtr_PtrToStringUTF8,ShortRun,Default,Default,Default,Default,Default,Default,Default,Default,Default,Default,Default,Default,Default,Default,Default,Default,Default,Default,Default,Default,Default,Default,Default,Default,Default,Default,Default,Default,Default,Default,Default,3,Default,1,Default,Default,Default,Default,Default,Default,Default,3,"ShortRun(IterationCount=3, LaunchCount=1, WarmupCount=3)",,1,Workload,Pilot,18,139821900,2097152,66.67,213,0,0,80
ReturnStringBenchmarks.DllImport_IntPtr_PtrToStringUTF8,PInvokeBench,ReturnStringBenchmarks,DllImport_IntPtr_PtrToStringUTF8,ShortRun,Default,Default,Default,Default,Default,Default,Default,Default,Default,Default,Default,Default,Default,Default,Default,Default,Default,Default,Default,Default,Default,Default,Default,Default,Default,Default,Default,Default,Default,Default,Default,3,Default,1,Default,Default,Default,Default,Default,Default,Default,3,"ShortRun(IterationCount=3, LaunchCount=1, WarmupCount=3)",,1,Workload,Pilot,19,151823500,4194304,36.2,213,0,0,80
ReturnStringBenchmarks.DllImport_IntPtr_PtrToStringUTF8,PInvokeBench,ReturnStringBenchmarks,DllImport_IntPtr_PtrToStringUTF8,ShortRun,Default,Default,Default,Default,Default,Default,Default,Default,Default,Default,Default,Default,Default,Default,Default,Default,Default,Default,Default,Default,Default,Default,Default,Default,Default,Default,Default,Default,Default,Default,Default,3,Default,1,Default,Default,Default,Default,Default,Default,Default,3,"ShortRun(IterationCount=3, LaunchCount=1, WarmupCount=3)",,1,Workload,Pilot,20,276724300,8388608,32.99,213,0,0,80
ReturnStringBenchmarks.DllImport_IntPtr_PtrToStringUTF8,PInvokeBench,ReturnStringBenchmarks,DllImport_IntPtr_PtrToStringUTF8,ShortRun,Default,Default,Default,Default,Default,Default,Default,Default,Default,Default,Default,Default,Default,Default,Default,Default,Default,Default,Default,Default,Default,Default,Default,Default,Default,Default,Default,Default,Default,Default,Default,3,Default,1,Default,Default,Default,Default,Default,Default,Default,3,"ShortRun(IterationCount=3, LaunchCount=1, WarmupCount=3)",,1,Workload,Pilot,21,535950200,16777216,31.95,213,0,0,80
ReturnStringBenchmarks.DllImport_IntPtr_PtrToStringUTF8,PInvokeBench,ReturnStringBenchmarks,DllImport_IntPtr_PtrToStringUTF8,ShortRun,Default,Default,Default,Default,Default,Default,Default,Default,Default,Default,Default,Default,Default,Default,Default,Default,Default,Default,Default,Default,Default,Default,Default,Default,Default,Default,Default,Default,Default,Default,Default,3,Default,1,Default,Default,Default,Default,Default,Default,Default,3,"ShortRun(IterationCount=3, LaunchCount=1, WarmupCount=3)",,1,Overhead,Warmup,1,74819000,16777216,4.46,213,0,0,80
ReturnStringBenchmarks.DllImport_IntPtr_PtrToStringUTF8,PInvokeBench,ReturnStringBenchmarks,DllImport_IntPtr_PtrToStringUTF8,ShortRun,Default,Default,Default,Default,Default,Default,Default,Default,Default,Default,Default,Default,Default,Default,Default,Default,Default,Default,Default,Default,Default,Default,Default,Default,Default,Default,Default,Default,Default,Default,Default,3,Default,1,Default,Default,Default,Default,Default,Default,Default,3,"ShortRun(IterationCount=3, LaunchCount=1, WarmupCount=3)",,1,Overhead,Warmup,2,73063500,16777216,4.35,213,0,0,80
ReturnStringBenchmarks.DllImport_IntPtr_PtrToStringUTF8,PInvokeBench,ReturnStringBenchmarks,DllImport_IntPtr_PtrToStringUTF8,ShortRun,Default,Default,Default,Default,Default,Default,Default,Default,Default,Default,Default,Default,Default,Default,Default,Default,Default,Default,Default,Default,Default,Default,Default,Default,Default,Default,Default,Default,Default,Default,Default,3,Default,1,Default,Default,Default,Default,Default,Default,Default,3,"ShortRun(IterationCount=3, LaunchCount=1, WarmupCount=3)",,1,Overhead,Warmup,3,72192600,16777216,4.3,213,0,0,80
ReturnStringBenchmarks.DllImport_IntPtr_PtrToStringUTF8,PInvokeBench,ReturnStringBenchmarks,DllImport_IntPtr_PtrToStringUTF8,ShortRun,Default,Default,Default,Default,Default,Default,Default,Default,Default,Default,Default,Default,Default,Default,Default,Default,Default,Default,Default,Default,Default,Default,Default,Default,Default,Default,Default,Default,Default,Default,Default,3,Default,1,Default,Default,Default,Default,Default,Default,Default,3,"ShortRun(IterationCount=3, LaunchCount=1, WarmupCount=3)",,1,Overhead,Warmup,4,62579300,16777216,3.73,213,0,0,80
ReturnStringBenchmarks.DllImport_IntPtr_PtrToStringUTF8,PInvokeBench,ReturnStringBenchmarks,DllImport_IntPtr_PtrToStringUTF8,ShortRun,Default,Default,Default,Default,Default,Default,Default,Default,Default,Default,Default,Default,Default,Default,Default,Default,Default,Default,Default,Default,Default,Default,Default,Default,Default,Default,Default,Default,Default,Default,Default,3,Default,1,Default,Default,Default,Default,Default,Default,Default,3,"ShortRun(IterationCount=3, LaunchCount=1, WarmupCount=3)",,1,Overhead,Warmup,5,61927600,16777216,3.69,213,0,0,80
ReturnStringBenchmarks.DllImport_IntPtr_PtrToStringUTF8,PInvokeBench,ReturnStringBenchmarks,DllImport_IntPtr_PtrToStringUTF8,ShortRun,Default,Default,Default,Default,Default,Default,Default,Default,Default,Default,Default,Default,Default,Default,Default,Default,Default,Default,Default,Default,Default,Default,Default,Default,Default,Default,Default,Default,Default,Default,Default,3,Default,1,Default,Default,Default,Default,Default,Default,Default,3,"ShortRun(IterationCount=3, LaunchCount=1, WarmupCount=3)",,1,Overhead,Warmup,6,61709100,16777216,3.68,213,0,0,80
ReturnStringBenchmarks.DllImport_IntPtr_PtrToStringUTF8,PInvokeBench,ReturnStringBenchmarks,DllImport_IntPtr_PtrToStringUTF8,ShortRun,Default,Default,Default,Default,Default,Default,Default,Default,Default,Default,Default,Default,Default,Default,Default,Default,Default,Default,Default,Default,Default,Default,Default,Default,Default,Default,Default,Default,Default,Default,Default,3,Default,1,Default,Default,Default,Default,Default,Default,Default,3,"ShortRun(IterationCount=3, LaunchCount=1, WarmupCount=3)",,1,Overhead,Warmup,7,60329700,16777216,3.6,213,0,0,80
ReturnStringBenchmarks.DllImport_IntPtr_PtrToStringUTF8,PInvokeBench,ReturnStringBenchmarks,DllImport_IntPtr_PtrToStringUTF8,ShortRun,Default,Default,Default,Default,Default,Default,Default,Default,Default,Default,Default,Default,Default,Default,Default,Default,Default,Default,Default,Default,Default,Default,Default,Default,Default,Default,Default,Default,Default,Default,Default,3,Default,1,Default,Default,Default,Default,Default,Default,Default,3,"ShortRun(IterationCount=3, LaunchCount=1, WarmupCount=3)",,1,Overhead,Warmup,8,60034800,16777216,3.58,213,0,0,80
ReturnStringBenchmarks.DllImport_IntPtr_PtrToStringUTF8,PInvokeBench,ReturnStringBenchmarks,DllImport_IntPtr_PtrToStringUTF8,ShortRun,Default,Default,Default,Default,Default,Default,Default,Default,Default,Default,Default,Default,Default,Default,Default,Default,Default,Default,Default,Default,Default,Default,Default,Default,Default,Default,Default,Default,Default,Default,Default,3,Default,1,Default,Default,Default,Default,Default,Default,Default,3,"ShortRun(IterationCount=3, LaunchCount=1, WarmupCount=3)",,1,Overhead,Warmup,9,60790000,16777216,3.62,213,0,0,80
ReturnStringBenchmarks.DllImport_IntPtr_PtrToStringUTF8,PInvokeBench,ReturnStringBenchmarks,DllImport_IntPtr_PtrToStringUTF8,ShortRun,Default,Default,Default,Default,Default,Default,Default,Default,Default,Default,Default,Default,Default,Default,Default,Default,Default,Default,Default,Default,Default,Default,Default,Default,Default,Default,Default,Default,Default,Default,Default,3,Default,1,Default,Default,Default,Default,Default,Default,Default,3,"ShortRun(IterationCount=3, LaunchCount=1, WarmupCount=3)",,1,Overhead,Warmup,10,60286100,16777216,3.59,213,0,0,80
ReturnStringBenchmarks.DllImport_IntPtr_PtrToStringUTF8,PInvokeBench,ReturnStringBenchmarks,DllImport_IntPtr_PtrToStringUTF8,ShortRun,Default,Default,Default,Default,Default,Default,Default,Default,Default,Default,Default,Default,Default,Default,Default,Default,Default,Default,Default,Default,Default,Default,Default,Default,Default,Default,Default,Default,Default,Default,Default,3,Default,1,Default,Default,Default,Default,Default,Default,Default,3,"ShortRun(IterationCount=3, LaunchCount=1, WarmupCount=3)",,1,Overhead,Actual,1,60382400,16777216,3.6,213,0,0,80
ReturnStringBenchmarks.DllImport_IntPtr_PtrToStringUTF8,PInvokeBench,ReturnStringBenchmarks,DllImport_IntPtr_PtrToStringUTF8,ShortRun,Default,Default,Default,Default,Default,Default,Default,Default,Default,Default,Default,Default,Default,Default,Default,Default,Default,Default,Default,Default,Default,Default,Default,Default,Default,Default,Default,Default,Default,Default,Default,3,Default,1,Default,Default,Default,Default,Default,Default,Default,3,"ShortRun(IterationCount=3, LaunchCount=1, WarmupCount=3)",,1,Overhead,Actual,2,60346600,16777216,3.6,213,0,0,80
ReturnStringBenchmarks.DllImport_IntPtr_PtrToStringUTF8,PInvokeBench,ReturnStringBenchmarks,DllImport_IntPtr_PtrToStringUTF8,ShortRun,Default,Default,Default,Default,Default,Default,Default,Default,Default,Default,Default,Default,Default,Default,Default,Default,Default,Default,Default,Default,Default,Default,Default,Default,Default,Default,Default,Default,Default,Default,Default,3,Default,1,Default,Default,Default,Default,Default,Default,Default,3,"ShortRun(IterationCount=3, LaunchCount=1, WarmupCount=3)",,1,Overhead,Actual,3,60060200,16777216,3.58,213,0,0,80
ReturnStringBenchmarks.DllImport_IntPtr_PtrToStringUTF8,PInvokeBench,ReturnStringBenchmarks,DllImport_IntPtr_PtrToStringUTF8,ShortRun,Default,Default,Default,Default,Default,Default,Default,Default,Default,Default,Default,Default,Default,Default,Default,Default,Default,Default,Default,Default,Default,Default,Default,Default,Default,Default,Default,Default,Default,Default,Default,3,Default,1,Default,Default,Default,Default,Default,Default,Default,3,"ShortRun(IterationCount=3, LaunchCount=1, WarmupCount=3)",,1,Overhead,Actual,4,58893100,16777216,3.51,213,0,0,80
ReturnStringBenchmarks.DllImport_IntPtr_PtrToStringUTF8,PInvokeBench,ReturnStringBenchmarks,DllImport_IntPtr_PtrToStringUTF8,ShortRun,Default,Default,Default,Default,Default,Default,Default,Default,Default,Default,Default,Default,Default,Default,Default,Default,Default,Default,Default,Default,Default,Default,Default,Default,Default,Default,Default,Default,Default,Default,Default,3,Default,1,Default,Default,Default,Default,Default,Default,Default,3,"ShortRun(IterationCount=3, LaunchCount=1, WarmupCount=3)",,1,Overhead,Actual,5,59063200,16777216,3.52,213,0,0,80
ReturnStringBenchmarks.DllImport_IntPtr_PtrToStringUTF8,PInvokeBench,ReturnStringBenchmarks,DllImport_IntPtr_PtrToStringUTF8,ShortRun,Default,Default,Default,Default,Default,Default,Default,Default,Default,Default,Default,Default,Default,Default,Default,Default,Default,Default,Default,Default,Default,Default,Default,Default,Default,Default,Default,Default,Default,Default,Default,3,Default,1,Default,Default,Default,Default,Default,Default,Default,3,"ShortRun(IterationCount=3, LaunchCount=1, WarmupCount=3)",,1,Overhead,Actual,6,58905200,16777216,3.51,213,0,0,80
ReturnStringBenchmarks.DllImport_IntPtr_PtrToStringUTF8,PInvokeBench,ReturnStringBenchmarks,DllImport_IntPtr_PtrToStringUTF8,ShortRun,Default,Default,Default,Default,Default,Default,Default,Default,Default,Default,Default,Default,Default,Default,Default,Default,Default,Default,Default,Default,Default,Default,Default,Default,Default,Default,Default,Default,Default,Default,Default,3,Default,1,Default,Default,Default,Default,Default,Default,Default,3,"ShortRun(IterationCount=3, LaunchCount=1, WarmupCount=3)",,1,Overhead,Actual,7,58910900,16777216,3.51,213,0,0,80
ReturnStringBenchmarks.DllImport_IntPtr_PtrToStringUTF8,PInvokeBench,ReturnStringBenchmarks,DllImport_IntPtr_PtrToStringUTF8,ShortRun,Default,Default,Default,Default,Default,Default,Default,Default,Default,Default,Default,Default,Default,Default,Default,Default,Default,Default,Default,Default,Default,Default,Default,Default,Default,Default,Default,Default,Default,Default,Default,3,Default,1,Default,Default,Default,Default,Default,Default,Default,3,"ShortRun(IterationCount=3, LaunchCount=1, WarmupCount=3)",,1,Overhead,Actual,8,59896900,16777216,3.57,213,0,0,80
ReturnStringBenchmarks.DllImport_IntPtr_PtrToStringUTF8,PInvokeBench,ReturnStringBenchmarks,DllImport_IntPtr_PtrToStringUTF8,ShortRun,Default,Default,Default,Default,Default,Default,Default,Default,Default,Default,Default,Default,Default,Default,Default,Default,Default,Default,Default,Default,Default,Default,Default,Default,Default,Default,Default,Default,Default,Default,Default,3,Default,1,Default,Default,Default,Default,Default,Default,Default,3,"ShortRun(IterationCount=3, LaunchCount=1, WarmupCount=3)",,1,Overhead,Actual,9,60387400,16777216,3.6,213,0,0,80
ReturnStringBenchmarks.DllImport_IntPtr_PtrToStringUTF8,PInvokeBench,ReturnStringBenchmarks,DllImport_IntPtr_PtrToStringUTF8,ShortRun,Default,Default,Default,Default,Default,Default,Default,Default,Default,Default,Default,Default,Default,Default,Default,Default,Default,Default,Default,Default,Default,Default,Default,Default,Default,Default,Default,Default,Default,Default,Default,3,Default,1,Default,Default,Default,Default,Default,Default,Default,3,"ShortRun(IterationCount=3, LaunchCount=1, WarmupCount=3)",,1,Overhead,Actual,10,60670900,16777216,3.62,213,0,0,80
ReturnStringBenchmarks.DllImport_IntPtr_PtrToStringUTF8,PInvokeBench,ReturnStringBenchmarks,DllImport_IntPtr_PtrToStringUTF8,ShortRun,Default,Default,Default,Default,Default,Default,Default,Default,Default,Default,Default,Default,Default,Default,Default,Default,Default,Default,Default,Default,Default,Default,Default,Default,Default,Default,Default,Default,Default,Default,Default,3,Default,1,Default,Default,Default,Default,Default,Default,Default,3,"ShortRun(IterationCount=3, LaunchCount=1, WarmupCount=3)",,1,Overhead,Actual,11,60264600,16777216,3.59,213,0,0,80
ReturnStringBenchmarks.DllImport_IntPtr_PtrToStringUTF8,PInvokeBench,ReturnStringBenchmarks,DllImport_IntPtr_PtrToStringUTF8,ShortRun,Default,Default,Default,Default,Default,Default,Default,Default,Default,Default,Default,Default,Default,Default,Default,Default,Default,Default,Default,Default,Default,Default,Default,Default,Default,Default,Default,Default,Default,Default,Default,3,Default,1,Default,Default,Default,Default,Default,Default,Default,3,"ShortRun(IterationCount=3, LaunchCount=1, WarmupCount=3)",,1,Overhead,Actual,12,60174700,16777216,3.59,213,0,0,80
ReturnStringBenchmarks.DllImport_IntPtr_PtrToStringUTF8,PInvokeBench,ReturnStringBenchmarks,DllImport_IntPtr_PtrToStringUTF8,ShortRun,Default,Default,Default,Default,Default,Default,Default,Default,Default,Default,Default,Default,Default,Default,Default,Default,Default,Default,Default,Default,Default,Default,Default,Default,Default,Default,Default,Default,Default,Default,Default,3,Default,1,Default,Default,Default,Default,Default,Default,Default,3,"ShortRun(IterationCount=3, LaunchCount=1, WarmupCount=3)",,1,Overhead,Actual,13,60290900,16777216,3.59,213,0,0,80
ReturnStringBenchmarks.DllImport_IntPtr_PtrToStringUTF8,PInvokeBench,ReturnStringBenchmarks,DllImport_IntPtr_PtrToStringUTF8,ShortRun,Default,Default,Default,Default,Default,Default,Default,Default,Default,Default,Default,Default,Default,Default,Default,Default,Default,Default,Default,Default,Default,Default,Default,Default,Default,Default,Default,Default,Default,Default,Default,3,Default,1,Default,Default,Default,Default,Default,Default,Default,3,"ShortRun(IterationCount=3, LaunchCount=1, WarmupCount=3)",,1,Overhead,Actual,14,60321300,16777216,3.6,213,0,0,80
ReturnStringBenchmarks.DllImport_IntPtr_PtrToStringUTF8,PInvokeBench,ReturnStringBenchmarks,DllImport_IntPtr_PtrToStringUTF8,ShortRun,Default,Default,Default,Default,Default,Default,Default,Default,Default,Default,Default,Default,Default,Default,Default,Default,Default,Default,Default,Default,Default,Default,Default,Default,Default,Default,Default,Default,Default,Default,Default,3,Default,1,Default,Default,Default,Default,Default,Default,Default,3,"ShortRun(IterationCount=3, LaunchCount=1, WarmupCount=3)",,1,Overhead,Actual,15,65673100,16777216,3.91,213,0,0,80
ReturnStringBenchmarks.DllImport_IntPtr_PtrToStringUTF8,PInvokeBench,ReturnStringBenchmarks,DllImport_IntPtr_PtrToStringUTF8,ShortRun,Default,Default,Default,Default,Default,Default,Default,Default,Default,Default,Default,Default,Default,Default,Default,Default,Default,Default,Default,Default,Default,Default,Default,Default,Default,Default,Default,Default,Default,Default,Default,3,Default,1,Default,Default,Default,Default,Default,Default,Default,3,"ShortRun(IterationCount=3, LaunchCount=1, WarmupCount=3)",,1,Workload,Warmup,1,544264000,16777216,32.44,213,0,0,80
ReturnStringBenchmarks.DllImport_IntPtr_PtrToStringUTF8,PInvokeBench,ReturnStringBenchmarks,DllImport_IntPtr_PtrToStringUTF8,ShortRun,Default,Default,Default,Default,Default,Default,Default,Default,Default,Default,Default,Default,Default,Default,Default,Default,Default,Default,Default,Default,Default,Default,Default,Default,Default,Default,Default,Default,Default,Default,Default,3,Default,1,Default,Default,Default,Default,Default,Default,Default,3,"ShortRun(IterationCount=3, LaunchCount=1, WarmupCount=3)",,1,Workload,Warmup,2,553034100,16777216,32.96,213,0,0,80
ReturnStringBenchmarks.DllImport_IntPtr_PtrToStringUTF8,PInvokeBench,ReturnStringBenchmarks,DllImport_IntPtr_PtrToStringUTF8,ShortRun,Default,Default,Default,Default,Default,Default,Default,Default,Default,Default,Default,Default,Default,Default,Default,Default,Default,Default,Default,Default,Default,Default,Default,Default,Default,Default,Default,Default,Default,Default,Default,3,Default,1,Default,Default,Default,Default,Default,Default,Default,3,"ShortRun(IterationCount=3, LaunchCount=1, WarmupCount=3)",,1,Workload,Warmup,3,556105100,16777216,33.15,213,0,0,80
ReturnStringBenchmarks.DllImport_IntPtr_PtrToStringUTF8,PInvokeBench,ReturnStringBenchmarks,DllImport_IntPtr_PtrToStringUTF8,ShortRun,Default,Default,Default,Default,Default,Default,Default,Default,Default,Default,Default,Default,Default,Default,Default,Default,Default,Default,Default,Default,Default,Default,Default,Default,Default,Default,Default,Default,Default,Default,Default,3,Default,1,Default,Default,Default,Default,Default,Default,Default,3,"ShortRun(IterationCount=3, LaunchCount=1, WarmupCount=3)",,1,Workload,Actual,1,568598700,16777216,33.89,213,0,0,80
ReturnStringBenchmarks.DllImport_IntPtr_PtrToStringUTF8,PInvokeBench,ReturnStringBenchmarks,DllImport_IntPtr_PtrToStringUTF8,ShortRun,Default,Default,Default,Default,Default,Default,Default,Default,Default,Default,Default,Default,Default,Default,Default,Default,Default,Default,Default,Default,Default,Default,Default,Default,Default,Default,Default,Default,Default,Default,Default,3,Default,1,Default,Default,Default,Default,Default,Default,Default,3,"ShortRun(IterationCount=3, LaunchCount=1, WarmupCount=3)",,1,Workload,Actual,2,572990500,16777216,34.15,213,0,0,80
ReturnStringBenchmarks.DllImport_IntPtr_PtrToStringUTF8,PInvokeBench,ReturnStringBenchmarks,DllImport_IntPtr_PtrToStringUTF8,ShortRun,Default,Default,Default,Default,Default,Default,Default,Default,Default,Default,Default,Default,Default,Default,Default,Default,Default,Default,Default,Default,Default,Default,Default,Default,Default,Default,Default,Default,Default,Default,Default,3,Default,1,Default,Default,Default,Default,Default,Default,Default,3,"ShortRun(IterationCount=3, LaunchCount=1, WarmupCount=3)",,1,Workload,Actual,3,525890600,16777216,31.35,213,0,0,80
ReturnStringBenchmarks.DllImport_IntPtr_PtrToStringUTF8,PInvokeBench,ReturnStringBenchmarks,DllImport_IntPtr_PtrToStringUTF8,ShortRun,Default,Default,Default,Default,Default,Default,Default,Default,Default,Default,Default,Default,Default,Default,Default,Default,Default,Default,Default,Default,Default,Default,Default,Default,Default,Default,Default,Default,Default,Default,Default,3,Default,1,Default,Default,Default,Default,Default,Default,Default,3,"ShortRun(IterationCount=3, LaunchCount=1, WarmupCount=3)",,1,Workload,Result,1,508334100,16777216,30.3,213,0,0,80
ReturnStringBenchmarks.DllImport_IntPtr_PtrToStringUTF8,PInvokeBench,ReturnStringBenchmarks,DllImport_IntPtr_PtrToStringUTF8,ShortRun,Default,Default,Default,Default,Default,Default,Default,Default,Default,Default,Default,Default,Default,Default,Default,Default,Default,Default,Default,Default,Default,Default,Default,Default,Default,Default,Default,Default,Default,Default,Default,3,Default,1,Default,Default,Default,Default,Default,Default,Default,3,"ShortRun(IterationCount=3, LaunchCount=1, WarmupCount=3)",,1,Workload,Result,2,512725900,16777216,30.56,213,0,0,80
ReturnStringBenchmarks.DllImport_IntPtr_PtrToStringUTF8,PInvokeBench,ReturnStringBenchmarks,DllImport_IntPtr_PtrToStringUTF8,ShortRun,Default,Default,Default,Default,Default,Default,Default,Default,Default,Default,Default,Default,Default,Default,Default,Default,Default,Default,Default,Default,Default,Default,Default,Default,Default,Default,Default,Default,Default,Default,Default,3,Default,1,Default,Default,Default,Default,Default,Default,Default,3,"ShortRun(IterationCount=3, LaunchCount=1, WarmupCount=3)",,1,Workload,Result,3,465626000,16777216,27.75,213,0,0,80
ReturnStringBenchmarks.DllImport_IntPtr_PtrToStringUni,PInvokeBench,ReturnStringBenchmarks,DllImport_IntPtr_PtrToStringUni,ShortRun,Default,Default,Default,Default,Default,Default,Default,Default,Default,Default,Default,Default,Default,Default,Default,Default,Default,Default,Default,Default,Default,Default,Default,Default,Default,Default,Default,Default,Default,Default,Default,3,Default,1,Default,Default,Default,Default,Default,Default,Default,3,"ShortRun(IterationCount=3, LaunchCount=1, WarmupCount=3)",,1,Overhead,Jitting,1,214800,1,214800,427,0,0,80
ReturnStringBenchmarks.DllImport_IntPtr_PtrToStringUni,PInvokeBench,ReturnStringBenchmarks,DllImport_IntPtr_PtrToStringUni,ShortRun,Default,Default,Default,Default,Default,Default,Default,Default,Default,Default,Default,Default,Default,Default,Default,Default,Default,Default,Default,Default,Default,Default,Default,Default,Default,Default,Default,Default,Default,Default,Default,3,Default,1,Default,Default,Default,Default,Default,Default,Default,3,"ShortRun(IterationCount=3, LaunchCount=1, WarmupCount=3)",,1,Workload,Jitting,1,571400,1,571400,427,0,0,80
ReturnStringBenchmarks.DllImport_IntPtr_PtrToStringUni,PInvokeBench,ReturnStringBenchmarks,DllImport_IntPtr_PtrToStringUni,ShortRun,Default,Default,Default,Default,Default,Default,Default,Default,Default,Default,Default,Default,Default,Default,Default,Default,Default,Default,Default,Default,Default,Default,Default,Default,Default,Default,Default,Default,Default,Default,Default,3,Default,1,Default,Default,Default,Default,Default,Default,Default,3,"ShortRun(IterationCount=3, LaunchCount=1, WarmupCount=3)",,1,Overhead,Jitting,2,393200,16,24575,427,0,0,80
ReturnStringBenchmarks.DllImport_IntPtr_PtrToStringUni,PInvokeBench,ReturnStringBenchmarks,DllImport_IntPtr_PtrToStringUni,ShortRun,Default,Default,Default,Default,Default,Default,Default,Default,Default,Default,Default,Default,Default,Default,Default,Default,Default,Default,Default,Default,Default,Default,Default,Default,Default,Default,Default,Default,Default,Default,Default,3,Default,1,Default,Default,Default,Default,Default,Default,Default,3,"ShortRun(IterationCount=3, LaunchCount=1, WarmupCount=3)",,1,Workload,Jitting,2,396200,16,24762.5,427,0,0,80
ReturnStringBenchmarks.DllImport_IntPtr_PtrToStringUni,PInvokeBench,ReturnStringBenchmarks,DllImport_IntPtr_PtrToStringUni,ShortRun,Default,Default,Default,Default,Default,Default,Default,Default,Default,Default,Default,Default,Default,Default,Default,Default,Default,Default,Default,Default,Default,Default,Default,Default,Default,Default,Default,Default,Default,Default,Default,3,Default,1,Default,Default,Default,Default,Default,Default,Default,3,"ShortRun(IterationCount=3, LaunchCount=1, WarmupCount=3)",,1,Workload,Pilot,1,3400,16,212.5,427,0,0,80
ReturnStringBenchmarks.DllImport_IntPtr_PtrToStringUni,PInvokeBench,ReturnStringBenchmarks,DllImport_IntPtr_PtrToStringUni,ShortRun,Default,Default,Default,Default,Default,Default,Default,Default,Default,Default,Default,Default,Default,Default,Default,Default,Default,Default,Default,Default,Default,Default,Default,Default,Default,Default,Default,Default,Default,Default,Default,3,Default,1,Default,Default,Default,Default,Default,Default,Default,3,"ShortRun(IterationCount=3, LaunchCount=1, WarmupCount=3)",,1,Workload,Pilot,2,1900,32,59.38,427,0,0,80
ReturnStringBenchmarks.DllImport_IntPtr_PtrToStringUni,PInvokeBench,ReturnStringBenchmarks,DllImport_IntPtr_PtrToStringUni,ShortRun,Default,Default,Default,Default,Default,Default,Default,Default,Default,Default,Default,Default,Default,Default,Default,Default,Default,Default,Default,Default,Default,Default,Default,Default,Default,Default,Default,Default,Default,Default,Default,3,Default,1,Default,Default,Default,Default,Default,Default,Default,3,"ShortRun(IterationCount=3, LaunchCount=1, WarmupCount=3)",,1,Workload,Pilot,3,9800,64,153.13,427,0,0,80
ReturnStringBenchmarks.DllImport_IntPtr_PtrToStringUni,PInvokeBench,ReturnStringBenchmarks,DllImport_IntPtr_PtrToStringUni,ShortRun,Default,Default,Default,Default,Default,Default,Default,Default,Default,Default,Default,Default,Default,Default,Default,Default,Default,Default,Default,Default,Default,Default,Default,Default,Default,Default,Default,Default,Default,Default,Default,3,Default,1,Default,Default,Default,Default,Default,Default,Default,3,"ShortRun(IterationCount=3, LaunchCount=1, WarmupCount=3)",,1,Workload,Pilot,4,7300,128,57.03,427,0,0,80
ReturnStringBenchmarks.DllImport_IntPtr_PtrToStringUni,PInvokeBench,ReturnStringBenchmarks,DllImport_IntPtr_PtrToStringUni,ShortRun,Default,Default,Default,Default,Default,Default,Default,Default,Default,Default,Default,Default,Default,Default,Default,Default,Default,Default,Default,Default,Default,Default,Default,Default,Default,Default,Default,Default,Default,Default,Default,3,Default,1,Default,Default,Default,Default,Default,Default,Default,3,"ShortRun(IterationCount=3, LaunchCount=1, WarmupCount=3)",,1,Workload,Pilot,5,19400,256,75.78,427,0,0,80
ReturnStringBenchmarks.DllImport_IntPtr_PtrToStringUni,PInvokeBench,ReturnStringBenchmarks,DllImport_IntPtr_PtrToStringUni,ShortRun,Default,Default,Default,Default,Default,Default,Default,Default,Default,Default,Default,Default,Default,Default,Default,Default,Default,Default,Default,Default,Default,Default,Default,Default,Default,Default,Default,Default,Default,Default,Default,3,Default,1,Default,Default,Default,Default,Default,Default,Default,3,"ShortRun(IterationCount=3, LaunchCount=1, WarmupCount=3)",,1,Workload,Pilot,6,23900,512,46.68,427,0,0,80
ReturnStringBenchmarks.DllImport_IntPtr_PtrToStringUni,PInvokeBench,ReturnStringBenchmarks,DllImport_IntPtr_PtrToStringUni,ShortRun,Default,Default,Default,Default,Default,Default,Default,Default,Default,Default,Default,Default,Default,Default,Default,Default,Default,Default,Default,Default,Default,Default,Default,Default,Default,Default,Default,Default,Default,Default,Default,3,Default,1,Default,Default,Default,Default,Default,Default,Default,3,"ShortRun(IterationCount=3, LaunchCount=1, WarmupCount=3)",,1,Workload,Pilot,7,50800,1024,49.61,427,0,0,80
ReturnStringBenchmarks.DllImport_IntPtr_PtrToStringUni,PInvokeBench,ReturnStringBenchmarks,DllImport_IntPtr_PtrToStringUni,ShortRun,Default,Default,Default,Default,Default,Default,Default,Default,Default,Default,Default,Default,Default,Default,Default,Default,Default,Default,Default,Default,Default,Default,Default,Default,Default,Default,Default,Default,Default,Default,Default,3,Default,1,Default,Default,Default,Default,Default,Default,Default,3,"ShortRun(IterationCount=3, LaunchCount=1, WarmupCount=3)",,1,Workload,Pilot,8,107100,2048,52.29,427,0,0,80
ReturnStringBenchmarks.DllImport_IntPtr_PtrToStringUni,PInvokeBench,ReturnStringBenchmarks,DllImport_IntPtr_PtrToStringUni,ShortRun,Default,Default,Default,Default,Default,Default,Default,Default,Default,Default,Default,Default,Default,Default,Default,Default,Default,Default,Default,Default,Default,Default,Default,Default,Default,Default,Default,Default,Default,Default,Default,3,Default,1,Default,Default,Default,Default,Default,Default,Default,3,"ShortRun(IterationCount=3, LaunchCount=1, WarmupCount=3)",,1,Workload,Pilot,9,143200,4096,34.96,427,0,0,80
ReturnStringBenchmarks.DllImport_IntPtr_PtrToStringUni,PInvokeBench,ReturnStringBenchmarks,DllImport_IntPtr_PtrToStringUni,ShortRun,Default,Default,Default,Default,Default,Default,Default,Default,Default,Default,Default,Default,Default,Default,Default,Default,Default,Default,Default,Default,Default,Default,Default,Default,Default,Default,Default,Default,Default,Default,Default,3,Default,1,Default,Default,Default,Default,Default,Default,Default,3,"ShortRun(IterationCount=3, LaunchCount=1, WarmupCount=3)",,1,Workload,Pilot,10,327600,8192,39.99,427,0,0,80
ReturnStringBenchmarks.DllImport_IntPtr_PtrToStringUni,PInvokeBench,ReturnStringBenchmarks,DllImport_IntPtr_PtrToStringUni,ShortRun,Default,Default,Default,Default,Default,Default,Default,Default,Default,Default,Default,Default,Default,Default,Default,Default,Default,Default,Default,Default,Default,Default,Default,Default,Default,Default,Default,Default,Default,Default,Default,3,Default,1,Default,Default,Default,Default,Default,Default,Default,3,"ShortRun(IterationCount=3, LaunchCount=1, WarmupCount=3)",,1,Workload,Pilot,11,664200,16384,40.54,427,0,0,80
ReturnStringBenchmarks.DllImport_IntPtr_PtrToStringUni,PInvokeBench,ReturnStringBenchmarks,DllImport_IntPtr_PtrToStringUni,ShortRun,Default,Default,Default,Default,Default,Default,Default,Default,Default,Default,Default,Default,Default,Default,Default,Default,Default,Default,Default,Default,Default,Default,Default,Default,Default,Default,Default,Default,Default,Default,Default,3,Default,1,Default,Default,Default,Default,Default,Default,Default,3,"ShortRun(IterationCount=3, LaunchCount=1, WarmupCount=3)",,1,Workload,Pilot,12,1416600,32768,43.23,427,0,0,80
ReturnStringBenchmarks.DllImport_IntPtr_PtrToStringUni,PInvokeBench,ReturnStringBenchmarks,DllImport_IntPtr_PtrToStringUni,ShortRun,Default,Default,Default,Default,Default,Default,Default,Default,Default,Default,Default,Default,Default,Default,Default,Default,Default,Default,Default,Default,Default,Default,Default,Default,Default,Default,Default,Default,Default,Default,Default,3,Default,1,Default,Default,Default,Default,Default,Default,Default,3,"ShortRun(IterationCount=3, LaunchCount=1, WarmupCount=3)",,1,Workload,Pilot,13,2775100,65536,42.34,427,0,0,80
ReturnStringBenchmarks.DllImport_IntPtr_PtrToStringUni,PInvokeBench,ReturnStringBenchmarks,DllImport_IntPtr_PtrToStringUni,ShortRun,Default,Default,Default,Default,Default,Default,Default,Default,Default,Default,Default,Default,Default,Default,Default,Default,Default,Default,Default,Default,Default,Default,Default,Default,Default,Default,Default,Default,Default,Default,Default,3,Default,1,Default,Default,Default,Default,Default,Default,Default,3,"ShortRun(IterationCount=3, LaunchCount=1, WarmupCount=3)",,1,Workload,Pilot,14,4271000,131072,32.59,427,0,0,80
ReturnStringBenchmarks.DllImport_IntPtr_PtrToStringUni,PInvokeBench,ReturnStringBenchmarks,DllImport_IntPtr_PtrToStringUni,ShortRun,Default,Default,Default,Default,Default,Default,Default,Default,Default,Default,Default,Default,Default,Default,Default,Default,Default,Default,Default,Default,Default,Default,Default,Default,Default,Default,Default,Default,Default,Default,Default,3,Default,1,Default,Default,Default,Default,Default,Default,Default,3,"ShortRun(IterationCount=3, LaunchCount=1, WarmupCount=3)",,1,Workload,Pilot,15,6635100,262144,25.31,427,0,0,80
ReturnStringBenchmarks.DllImport_IntPtr_PtrToStringUni,PInvokeBench,ReturnStringBenchmarks,DllImport_IntPtr_PtrToStringUni,ShortRun,Default,Default,Default,Default,Default,Default,Default,Default,Default,Default,Default,Default,Default,Default,Default,Default,Default,Default,Default,Default,Default,Default,Default,Default,Default,Default,Default,Default,Default,Default,Default,3,Default,1,Default,Default,Default,Default,Default,Default,Default,3,"ShortRun(IterationCount=3, LaunchCount=1, WarmupCount=3)",,1,Workload,Pilot,16,12656700,524288,24.14,427,0,0,80
ReturnStringBenchmarks.DllImport_IntPtr_PtrToStringUni,PInvokeBench,ReturnStringBenchmarks,DllImport_IntPtr_PtrToStringUni,ShortRun,Default,Default,Default,Default,Default,Default,Default,Default,Default,Default,Default,Default,Default,Default,Default,Default,Default,Default,Default,Default,Default,Default,Default,Default,Default,Default,Default,Default,Default,Default,Default,3,Default,1,Default,Default,Default,Default,Default,Default,Default,3,"ShortRun(IterationCount=3, LaunchCount=1, WarmupCount=3)",,1,Workload,Pilot,17,27589900,1048576,26.31,427,0,0,80
ReturnStringBenchmarks.DllImport_IntPtr_PtrToStringUni,PInvokeBench,ReturnStringBenchmarks,DllImport_IntPtr_PtrToStringUni,ShortRun,Default,Default,Default,Default,Default,Default,Default,Default,Default,Default,Default,Default,Default,Default,Default,Default,Default,Default,Default,Default,Default,Default,Default,Default,Default,Default,Default,Default,Default,Default,Default,3,Default,1,Default,Default,Default,Default,Default,Default,Default,3,"ShortRun(IterationCount=3, LaunchCount=1, WarmupCount=3)",,1,Workload,Pilot,18,55190200,2097152,26.32,427,0,0,80
ReturnStringBenchmarks.DllImport_IntPtr_PtrToStringUni,PInvokeBench,ReturnStringBenchmarks,DllImport_IntPtr_PtrToStringUni,ShortRun,Default,Default,Default,Default,Default,Default,Default,Default,Default,Default,Default,Default,Default,Default,Default,Default,Default,Default,Default,Default,Default,Default,Default,Default,Default,Default,Default,Default,Default,Default,Default,3,Default,1,Default,Default,Default,Default,Default,Default,Default,3,"ShortRun(IterationCount=3, LaunchCount=1, WarmupCount=3)",,1,Workload,Pilot,19,90581900,4194304,21.6,427,0,0,80
ReturnStringBenchmarks.DllImport_IntPtr_PtrToStringUni,PInvokeBench,ReturnStringBenchmarks,DllImport_IntPtr_PtrToStringUni,ShortRun,Default,Default,Default,Default,Default,Default,Default,Default,Default,Default,Default,Default,Default,Default,Default,Default,Default,Default,Default,Default,Default,Default,Default,Default,Default,Default,Default,Default,Default,Default,Default,3,Default,1,Default,Default,Default,Default,Default,Default,Default,3,"ShortRun(IterationCount=3, LaunchCount=1, WarmupCount=3)",,1,Workload,Pilot,20,176271800,8388608,21.01,427,0,0,80
ReturnStringBenchmarks.DllImport_IntPtr_PtrToStringUni,PInvokeBench,ReturnStringBenchmarks,DllImport_IntPtr_PtrToStringUni,ShortRun,Default,Default,Default,Default,Default,Default,Default,Default,Default,Default,Default,Default,Default,Default,Default,Default,Default,Default,Default,Default,Default,Default,Default,Default,Default,Default,Default,Default,Default,Default,Default,3,Default,1,Default,Default,Default,Default,Default,Default,Default,3,"ShortRun(IterationCount=3, LaunchCount=1, WarmupCount=3)",,1,Workload,Pilot,21,336869400,16777216,20.08,427,0,0,80
ReturnStringBenchmarks.DllImport_IntPtr_PtrToStringUni,PInvokeBench,ReturnStringBenchmarks,DllImport_IntPtr_PtrToStringUni,ShortRun,Default,Default,Default,Default,Default,Default,Default,Default,Default,Default,Default,Default,Default,Default,Default,Default,Default,Default,Default,Default,Default,Default,Default,Default,Default,Default,Default,Default,Default,Default,Default,3,Default,1,Default,Default,Default,Default,Default,Default,Default,3,"ShortRun(IterationCount=3, LaunchCount=1, WarmupCount=3)",,1,Workload,Pilot,22,667315100,33554432,19.89,427,0,0,80
ReturnStringBenchmarks.DllImport_IntPtr_PtrToStringUni,PInvokeBench,ReturnStringBenchmarks,DllImport_IntPtr_PtrToStringUni,ShortRun,Default,Default,Default,Default,Default,Default,Default,Default,Default,Default,Default,Default,Default,Default,Default,Default,Default,Default,Default,Default,Default,Default,Default,Default,Default,Default,Default,Default,Default,Default,Default,3,Default,1,Default,Default,Default,Default,Default,Default,Default,3,"ShortRun(IterationCount=3, LaunchCount=1, WarmupCount=3)",,1,Overhead,Warmup,1,147981700,33554432,4.41,427,0,0,80
ReturnStringBenchmarks.DllImport_IntPtr_PtrToStringUni,PInvokeBench,ReturnStringBenchmarks,DllImport_IntPtr_PtrToStringUni,ShortRun,Default,Default,Default,Default,Default,Default,Default,Default,Default,Default,Default,Default,Default,Default,Default,Default,Default,Default,Default,Default,Default,Default,Default,Default,Default,Default,Default,Default,Default,Default,Default,3,Default,1,Default,Default,Default,Default,Default,Default,Default,3,"ShortRun(IterationCount=3, LaunchCount=1, WarmupCount=3)",,1,Overhead,Warmup,2,139218900,33554432,4.15,427,0,0,80
ReturnStringBenchmarks.DllImport_IntPtr_PtrToStringUni,PInvokeBench,ReturnStringBenchmarks,DllImport_IntPtr_PtrToStringUni,ShortRun,Default,Default,Default,Default,Default,Default,Default,Default,Default,Default,Default,Default,Default,Default,Default,Default,Default,Default,Default,Default,Default,Default,Default,Default,Default,Default,Default,Default,Default,Default,Default,3,Default,1,Default,Default,Default,Default,Default,Default,Default,3,"ShortRun(IterationCount=3, LaunchCount=1, WarmupCount=3)",,1,Overhead,Warmup,3,134212500,33554432,4,427,0,0,80
ReturnStringBenchmarks.DllImport_IntPtr_PtrToStringUni,PInvokeBench,ReturnStringBenchmarks,DllImport_IntPtr_PtrToStringUni,ShortRun,Default,Default,Default,Default,Default,Default,Default,Default,Default,Default,Default,Default,Default,Default,Default,Default,Default,Default,Default,Default,Default,Default,Default,Default,Default,Default,Default,Default,Default,Default,Default,3,Default,1,Default,Default,Default,Default,Default,Default,Default,3,"ShortRun(IterationCount=3, LaunchCount=1, WarmupCount=3)",,1,Overhead,Warmup,4,136893600,33554432,4.08,427,0,0,80
ReturnStringBenchmarks.DllImport_IntPtr_PtrToStringUni,PInvokeBench,ReturnStringBenchmarks,DllImport_IntPtr_PtrToStringUni,ShortRun,Default,Default,Default,Default,Default,Default,Default,Default,Default,Default,Default,Default,Default,Default,Default,Default,Default,Default,Default,Default,Default,Default,Default,Default,Default,Default,Default,Default,Default,Default,Default,3,Default,1,Default,Default,Default,Default,Default,Default,Default,3,"ShortRun(IterationCount=3, LaunchCount=1, WarmupCount=3)",,1,Overhead,Warmup,5,127147700,33554432,3.79,427,0,0,80
ReturnStringBenchmarks.DllImport_IntPtr_PtrToStringUni,PInvokeBench,ReturnStringBenchmarks,DllImport_IntPtr_PtrToStringUni,ShortRun,Default,Default,Default,Default,Default,Default,Default,Default,Default,Default,Default,Default,Default,Default,Default,Default,Default,Default,Default,Default,Default,Default,Default,Default,Default,Default,Default,Default,Default,Default,Default,3,Default,1,Default,Default,Default,Default,Default,Default,Default,3,"ShortRun(IterationCount=3, LaunchCount=1, WarmupCount=3)",,1,Overhead,Warmup,6,125880400,33554432,3.75,427,0,0,80
ReturnStringBenchmarks.DllImport_IntPtr_PtrToStringUni,PInvokeBench,ReturnStringBenchmarks,DllImport_IntPtr_PtrToStringUni,ShortRun,Default,Default,Default,Default,Default,Default,Default,Default,Default,Default,Default,Default,Default,Default,Default,Default,Default,Default,Default,Default,Default,Default,Default,Default,Default,Default,Default,Default,Default,Default,Default,3,Default,1,Default,Default,Default,Default,Default,Default,Default,3,"ShortRun(IterationCount=3, LaunchCount=1, WarmupCount=3)",,1,Overhead,Warmup,7,125827200,33554432,3.75,427,0,0,80
ReturnStringBenchmarks.DllImport_IntPtr_PtrToStringUni,PInvokeBench,ReturnStringBenchmarks,DllImport_IntPtr_PtrToStringUni,ShortRun,Default,Default,Default,Default,Default,Default,Default,Default,Default,Default,Default,Default,Default,Default,Default,Default,Default,Default,Default,Default,Default,Default,Default,Default,Default,Default,Default,Default,Default,Default,Default,3,Default,1,Default,Default,Default,Default,Default,Default,Default,3,"ShortRun(IterationCount=3, LaunchCount=1, WarmupCount=3)",,1,Overhead,Warmup,8,117900900,33554432,3.51,427,0,0,80
ReturnStringBenchmarks.DllImport_IntPtr_PtrToStringUni,PInvokeBench,ReturnStringBenchmarks,DllImport_IntPtr_PtrToStringUni,ShortRun,Default,Default,Default,Default,Default,Default,Default,Default,Default,Default,Default,Default,Default,Default,Default,Default,Default,Default,Default,Default,Default,Default,Default,Default,Default,Default,Default,Default,Default,Default,Default,3,Default,1,Default,Default,Default,Default,Default,Default,Default,3,"ShortRun(IterationCount=3, LaunchCount=1, WarmupCount=3)",,1,Overhead,Warmup,9,117915900,33554432,3.51,427,0,0,80
ReturnStringBenchmarks.DllImport_IntPtr_PtrToStringUni,PInvokeBench,ReturnStringBenchmarks,DllImport_IntPtr_PtrToStringUni,ShortRun,Default,Default,Default,Default,Default,Default,Default,Default,Default,Default,Default,Default,Default,Default,Default,Default,Default,Default,Default,Default,Default,Default,Default,Default,Default,Default,Default,Default,Default,Default,Default,3,Default,1,Default,Default,Default,Default,Default,Default,Default,3,"ShortRun(IterationCount=3, LaunchCount=1, WarmupCount=3)",,1,Overhead,Warmup,10,123344700,33554432,3.68,427,0,0,80
ReturnStringBenchmarks.DllImport_IntPtr_PtrToStringUni,PInvokeBench,ReturnStringBenchmarks,DllImport_IntPtr_PtrToStringUni,ShortRun,Default,Default,Default,Default,Default,Default,Default,Default,Default,Default,Default,Default,Default,Default,Default,Default,Default,Default,Default,Default,Default,Default,Default,Default,Default,Default,Default,Default,Default,Default,Default,3,Default,1,Default,Default,Default,Default,Default,Default,Default,3,"ShortRun(IterationCount=3, LaunchCount=1, WarmupCount=3)",,1,Overhead,Actual,1,120761400,33554432,3.6,427,0,0,80
ReturnStringBenchmarks.DllImport_IntPtr_PtrToStringUni,PInvokeBench,ReturnStringBenchmarks,DllImport_IntPtr_PtrToStringUni,ShortRun,Default,Default,Default,Default,Default,Default,Default,Default,Default,Default,Default,Default,Default,Default,Default,Default,Default,Default,Default,Default,Default,Default,Default,Default,Default,Default,Default,Default,Default,Default,Default,3,Default,1,Default,Default,Default,Default,Default,Default,Default,3,"ShortRun(IterationCount=3, LaunchCount=1, WarmupCount=3)",,1,Overhead,Actual,2,121434200,33554432,3.62,427,0,0,80
ReturnStringBenchmarks.DllImport_IntPtr_PtrToStringUni,PInvokeBench,ReturnStringBenchmarks,DllImport_IntPtr_PtrToStringUni,ShortRun,Default,Default,Default,Default,Default,Default,Default,Default,Default,Default,Default,Default,Default,Default,Default,Default,Default,Default,Default,Default,Default,Default,Default,Default,Default,Default,Default,Default,Default,Default,Default,3,Default,1,Default,Default,Default,Default,Default,Default,Default,3,"ShortRun(IterationCount=3, LaunchCount=1, WarmupCount=3)",,1,Overhead,Actual,3,120745500,33554432,3.6,427,0,0,80
ReturnStringBenchmarks.DllImport_IntPtr_PtrToStringUni,PInvokeBench,ReturnStringBenchmarks,DllImport_IntPtr_PtrToStringUni,ShortRun,Default,Default,Default,Default,Default,Default,Default,Default,Default,Default,Default,Default,Default,Default,Default,Default,Default,Default,Default,Default,Default,Default,Default,Default,Default,Default,Default,Default,Default,Default,Default,3,Default,1,Default,Default,Default,Default,Default,Default,Default,3,"ShortRun(IterationCount=3, LaunchCount=1, WarmupCount=3)",,1,Overhead,Actual,4,121288400,33554432,3.61,427,0,0,80
ReturnStringBenchmarks.DllImport_IntPtr_PtrToStringUni,PInvokeBench,ReturnStringBenchmarks,DllImport_IntPtr_PtrToStringUni,ShortRun,Default,Default,Default,Default,Default,Default,Default,Default,Default,Default,Default,Default,Default,Default,Default,Default,Default,Default,Default,Default,Default,Default,Default,Default,Default,Default,Default,Default,Default,Default,Default,3,Default,1,Default,Default,Default,Default,Default,Default,Default,3,"ShortRun(IterationCount=3, LaunchCount=1, WarmupCount=3)",,1,Overhead,Actual,5,118342800,33554432,3.53,427,0,0,80
ReturnStringBenchmarks.DllImport_IntPtr_PtrToStringUni,PInvokeBench,ReturnStringBenchmarks,DllImport_IntPtr_PtrToStringUni,ShortRun,Default,Default,Default,Default,Default,Default,Default,Default,Default,Default,Default,Default,Default,Default,Default,Default,Default,Default,Default,Default,Default,Default,Default,Default,Default,Default,Default,Default,Default,Default,Default,3,Default,1,Default,Default,Default,Default,Default,Default,Default,3,"ShortRun(IterationCount=3, LaunchCount=1, WarmupCount=3)",,1,Overhead,Actual,6,119539600,33554432,3.56,427,0,0,80
ReturnStringBenchmarks.DllImport_IntPtr_PtrToStringUni,PInvokeBench,ReturnStringBenchmarks,DllImport_IntPtr_PtrToStringUni,ShortRun,Default,Default,Default,Default,Default,Default,Default,Default,Default,Default,Default,Default,Default,Default,Default,Default,Default,Default,Default,Default,Default,Default,Default,Default,Default,Default,Default,Default,Default,Default,Default,3,Default,1,Default,Default,Default,Default,Default,Default,Default,3,"ShortRun(IterationCount=3, LaunchCount=1, WarmupCount=3)",,1,Overhead,Actual,7,120811400,33554432,3.6,427,0,0,80
ReturnStringBenchmarks.DllImport_IntPtr_PtrToStringUni,PInvokeBench,ReturnStringBenchmarks,DllImport_IntPtr_PtrToStringUni,ShortRun,Default,Default,Default,Default,Default,Default,Default,Default,Default,Default,Default,Default,Default,Default,Default,Default,Default,Default,Default,Default,Default,Default,Default,Default,Default,Default,Default,Default,Default,Default,Default,3,Default,1,Default,Default,Default,Default,Default,Default,Default,3,"ShortRun(IterationCount=3, LaunchCount=1, WarmupCount=3)",,1,Overhead,Actual,8,120547200,33554432,3.59,427,0,0,80
ReturnStringBenchmarks.DllImport_IntPtr_PtrToStringUni,PInvokeBench,ReturnStringBenchmarks,DllImport_IntPtr_PtrToStringUni,ShortRun,Default,Default,Default,Default,Default,Default,Default,Default,Default,Default,Default,Default,Default,Default,Default,Default,Default,Default,Default,Default,Default,Default,Default,Default,Default,Default,Default,Default,Default,Default,Default,3,Default,1,Default,Default,Default,Default,Default,Default,Default,3,"ShortRun(IterationCount=3, LaunchCount=1, WarmupCount=3)",,1,Overhead,Actual,9,120790600,33554432,3.6,427,0,0,80
ReturnStringBenchmarks.DllImport_IntPtr_PtrToStringUni,PInvokeBench,ReturnStringBenchmarks,DllImport_IntPtr_PtrToStringUni,ShortRun,Default,Default,Default,Default,Default,Default,Default,Default,Default,Default,Default,Default,Default,Default,Default,Default,Default,Default,Default,Default,Default,Default,Default,Default,Default,Default,Default,Default,Default,Default,Default,3,Default,1,Default,Default,Default,Default,Default,Default,Default,3,"ShortRun(IterationCount=3, LaunchCount=1, WarmupCount=3)",,1,Overhead,Actual,10,120603300,33554432,3.59,427,0,0,80
ReturnStringBenchmarks.DllImport_IntPtr_PtrToStringUni,PInvokeBench,ReturnStringBenchmarks,DllImport_IntPtr_PtrToStringUni,ShortRun,Default,Default,Default,Default,Default,Default,Default,Default,Default,Default,Default,Default,Default,Default,Default,Default,Default,Default,Default,Default,Default,Default,Default,Default,Default,Default,Default,Default,Default,Default,Default,3,Default,1,Default,Default,Default,Default,Default,Default,Default,3,"ShortRun(IterationCount=3, LaunchCount=1, WarmupCount=3)",,1,Overhead,Actual,11,119898900,33554432,3.57,427,0,0,80
ReturnStringBenchmarks.DllImport_IntPtr_PtrToStringUni,PInvokeBench,ReturnStringBenchmarks,DllImport_IntPtr_PtrToStringUni,ShortRun,Default,Default,Default,Default,Default,Default,Default,Default,Default,Default,Default,Default,Default,Default,Default,Default,Default,Default,Default,Default,Default,Default,Default,Default,Default,Default,Default,Default,Default,Default,Default,3,Default,1,Default,Default,Default,Default,Default,Default,Default,3,"ShortRun(IterationCount=3, LaunchCount=1, WarmupCount=3)",,1,Overhead,Actual,12,119375200,33554432,3.56,427,0,0,80
ReturnStringBenchmarks.DllImport_IntPtr_PtrToStringUni,PInvokeBench,ReturnStringBenchmarks,DllImport_IntPtr_PtrToStringUni,ShortRun,Default,Default,Default,Default,Default,Default,Default,Default,Default,Default,Default,Default,Default,Default,Default,Default,Default,Default,Default,Default,Default,Default,Default,Default,Default,Default,Default,Default,Default,Default,Default,3,Default,1,Default,Default,Default,Default,Default,Default,Default,3,"ShortRun(IterationCount=3, LaunchCount=1, WarmupCount=3)",,1,Overhead,Actual,13,117683000,33554432,3.51,427,0,0,80
ReturnStringBenchmarks.DllImport_IntPtr_PtrToStringUni,PInvokeBench,ReturnStringBenchmarks,DllImport_IntPtr_PtrToStringUni,ShortRun,Default,Default,Default,Default,Default,Default,Default,Default,Default,Default,Default,Default,Default,Default,Default,Default,Default,Default,Default,Default,Default,Default,Default,Default,Default,Default,Default,Default,Default,Default,Default,3,Default,1,Default,Default,Default,Default,Default,Default,Default,3,"ShortRun(IterationCount=3, LaunchCount=1, WarmupCount=3)",,1,Overhead,Actual,14,120201900,33554432,3.58,427,0,0,80
ReturnStringBenchmarks.DllImport_IntPtr_PtrToStringUni,PInvokeBench,ReturnStringBenchmarks,DllImport_IntPtr_PtrToStringUni,ShortRun,Default,Default,Default,Default,Default,Default,Default,Default,Default,Default,Default,Default,Default,Default,Default,Default,Default,Default,Default,Default,Default,Default,Default,Default,Default,Default,Default,Default,Default,Default,Default,3,Default,1,Default,Default,Default,Default,Default,Default,Default,3,"ShortRun(IterationCount=3, LaunchCount=1, WarmupCount=3)",,1,Overhead,Actual,15,120516200,33554432,3.59,427,0,0,80
ReturnStringBenchmarks.DllImport_IntPtr_PtrToStringUni,PInvokeBench,ReturnStringBenchmarks,DllImport_IntPtr_PtrToStringUni,ShortRun,Default,Default,Default,Default,Default,Default,Default,Default,Default,Default,Default,Default,Default,Default,Default,Default,Default,Default,Default,Default,Default,Default,Default,Default,Default,Default,Default,Default,Default,Default,Default,3,Default,1,Default,Default,Default,Default,Default,Default,Default,3,"ShortRun(IterationCount=3, LaunchCount=1, WarmupCount=3)",,1,Workload,Warmup,1,636254800,33554432,18.96,427,0,0,80
ReturnStringBenchmarks.DllImport_IntPtr_PtrToStringUni,PInvokeBench,ReturnStringBenchmarks,DllImport_IntPtr_PtrToStringUni,ShortRun,Default,Default,Default,Default,Default,Default,Default,Default,Default,Default,Default,Default,Default,Default,Default,Default,Default,Default,Default,Default,Default,Default,Default,Default,Default,Default,Default,Default,Default,Default,Default,3,Default,1,Default,Default,Default,Default,Default,Default,Default,3,"ShortRun(IterationCount=3, LaunchCount=1, WarmupCount=3)",,1,Workload,Warmup,2,670970600,33554432,20,427,0,0,80
ReturnStringBenchmarks.DllImport_IntPtr_PtrToStringUni,PInvokeBench,ReturnStringBenchmarks,DllImport_IntPtr_PtrToStringUni,ShortRun,Default,Default,Default,Default,Default,Default,Default,Default,Default,Default,Default,Default,Default,Default,Default,Default,Default,Default,Default,Default,Default,Default,Default,Default,Default,Default,Default,Default,Default,Default,Default,3,Default,1,Default,Default,Default,Default,Default,Default,Default,3,"ShortRun(IterationCount=3, LaunchCount=1, WarmupCount=3)",,1,Workload,Warmup,3,647715800,33554432,19.3,427,0,0,80
ReturnStringBenchmarks.DllImport_IntPtr_PtrToStringUni,PInvokeBench,ReturnStringBenchmarks,DllImport_IntPtr_PtrToStringUni,ShortRun,Default,Default,Default,Default,Default,Default,Default,Default,Default,Default,Default,Default,Default,Default,Default,Default,Default,Default,Default,Default,Default,Default,Default,Default,Default,Default,Default,Default,Default,Default,Default,3,Default,1,Default,Default,Default,Default,Default,Default,Default,3,"ShortRun(IterationCount=3, LaunchCount=1, WarmupCount=3)",,1,Workload,Actual,1,722016400,33554432,21.52,427,0,0,80
ReturnStringBenchmarks.DllImport_IntPtr_PtrToStringUni,PInvokeBench,ReturnStringBenchmarks,DllImport_IntPtr_PtrToStringUni,ShortRun,Default,Default,Default,Default,Default,Default,Default,Default,Default,Default,Default,Default,Default,Default,Default,Default,Default,Default,Default,Default,Default,Default,Default,Default,Default,Default,Default,Default,Default,Default,Default,3,Default,1,Default,Default,Default,Default,Default,Default,Default,3,"ShortRun(IterationCount=3, LaunchCount=1, WarmupCount=3)",,1,Workload,Actual,2,707885600,33554432,21.1,427,0,0,80
ReturnStringBenchmarks.DllImport_IntPtr_PtrToStringUni,PInvokeBench,ReturnStringBenchmarks,DllImport_IntPtr_PtrToStringUni,ShortRun,Default,Default,Default,Default,Default,Default,Default,Default,Default,Default,Default,Default,Default,Default,Default,Default,Default,Default,Default,Default,Default,Default,Default,Default,Default,Default,Default,Default,Default,Default,Default,3,Default,1,Default,Default,Default,Default,Default,Default,Default,3,"ShortRun(IterationCount=3, LaunchCount=1, WarmupCount=3)",,1,Workload,Actual,3,676068000,33554432,20.15,427,0,0,80
ReturnStringBenchmarks.DllImport_IntPtr_PtrToStringUni,PInvokeBench,ReturnStringBenchmarks,DllImport_IntPtr_PtrToStringUni,ShortRun,Default,Default,Default,Default,Default,Default,Default,Default,Default,Default,Default,Default,Default,Default,Default,Default,Default,Default,Default,Default,Default,Default,Default,Default,Default,Default,Default,Default,Default,Default,Default,3,Default,1,Default,Default,Default,Default,Default,Default,Default,3,"ShortRun(IterationCount=3, LaunchCount=1, WarmupCount=3)",,1,Workload,Result,1,601469200,33554432,17.93,427,0,0,80
ReturnStringBenchmarks.DllImport_IntPtr_PtrToStringUni,PInvokeBench,ReturnStringBenchmarks,DllImport_IntPtr_PtrToStringUni,ShortRun,Default,Default,Default,Default,Default,Default,Default,Default,Default,Default,Default,Default,Default,Default,Default,Default,Default,Default,Default,Default,Default,Default,Default,Default,Default,Default,Default,Default,Default,Default,Default,3,Default,1,Default,Default,Default,Default,Default,Default,Default,3,"ShortRun(IterationCount=3, LaunchCount=1, WarmupCount=3)",,1,Workload,Result,2,587338400,33554432,17.5,427,0,0,80
ReturnStringBenchmarks.DllImport_IntPtr_PtrToStringUni,PInvokeBench,ReturnStringBenchmarks,DllImport_IntPtr_PtrToStringUni,ShortRun,Default,Default,Default,Default,Default,Default,Default,Default,Default,Default,Default,Default,Default,Default,Default,Default,Default,Default,Default,Default,Default,Default,Default,Default,Default,Default,Default,Default,Default,Default,Default,3,Default,1,Default,Default,Default,Default,Default,Default,Default,3,"ShortRun(IterationCount=3, LaunchCount=1, WarmupCount=3)",,1,Workload,Result,3,555520800,33554432,16.56,427,0,0,80
ReturnStringBenchmarks.LibraryImport_IntPtr_NoDecode,PInvokeBench,ReturnStringBenchmarks,LibraryImport_IntPtr_NoDecode,ShortRun,Default,Default,Default,Default,Default,Default,Default,Default,Default,Default,Default,Default,Default,Default,Default,Default,Default,Default,Default,Default,Default,Default,Default,Default,Default,Default,Default,Default,Default,Default,Default,3,Default,1,Default,Default,Default,Default,Default,Default,Default,3,"ShortRun(IterationCount=3, LaunchCount=1, WarmupCount=3)",,1,Overhead,Jitting,1,199100,1,199100,0,0,0,0
ReturnStringBenchmarks.LibraryImport_IntPtr_NoDecode,PInvokeBench,ReturnStringBenchmarks,LibraryImport_IntPtr_NoDecode,ShortRun,Default,Default,Default,Default,Default,Default,Default,Default,Default,Default,Default,Default,Default,Default,Default,Default,Default,Default,Default,Default,Default,Default,Default,Default,Default,Default,Default,Default,Default,Default,Default,3,Default,1,Default,Default,Default,Default,Default,Default,Default,3,"ShortRun(IterationCount=3, LaunchCount=1, WarmupCount=3)",,1,Workload,Jitting,1,470500,1,470500,0,0,0,0
ReturnStringBenchmarks.LibraryImport_IntPtr_NoDecode,PInvokeBench,ReturnStringBenchmarks,LibraryImport_IntPtr_NoDecode,ShortRun,Default,Default,Default,Default,Default,Default,Default,Default,Default,Default,Default,Default,Default,Default,Default,Default,Default,Default,Default,Default,Default,Default,Default,Default,Default,Default,Default,Default,Default,Default,Default,3,Default,1,Default,Default,Default,Default,Default,Default,Default,3,"ShortRun(IterationCount=3, LaunchCount=1, WarmupCount=3)",,1,Overhead,Jitting,2,316900,16,19806.25,0,0,0,0
ReturnStringBenchmarks.LibraryImport_IntPtr_NoDecode,PInvokeBench,ReturnStringBenchmarks,LibraryImport_IntPtr_NoDecode,ShortRun,Default,Default,Default,Default,Default,Default,Default,Default,Default,Default,Default,Default,Default,Default,Default,Default,Default,Default,Default,Default,Default,Default,Default,Default,Default,Default,Default,Default,Default,Default,Default,3,Default,1,Default,Default,Default,Default,Default,Default,Default,3,"ShortRun(IterationCount=3, LaunchCount=1, WarmupCount=3)",,1,Workload,Jitting,2,301900,16,18868.75,0,0,0,0
ReturnStringBenchmarks.LibraryImport_IntPtr_NoDecode,PInvokeBench,ReturnStringBenchmarks,LibraryImport_IntPtr_NoDecode,ShortRun,Default,Default,Default,Default,Default,Default,Default,Default,Default,Default,Default,Default,Default,Default,Default,Default,Default,Default,Default,Default,Default,Default,Default,Default,Default,Default,Default,Default,Default,Default,Default,3,Default,1,Default,Default,Default,Default,Default,Default,Default,3,"ShortRun(IterationCount=3, LaunchCount=1, WarmupCount=3)",,1,Workload,Pilot,1,600,16,37.5,0,0,0,0
ReturnStringBenchmarks.LibraryImport_IntPtr_NoDecode,PInvokeBench,ReturnStringBenchmarks,LibraryImport_IntPtr_NoDecode,ShortRun,Default,Default,Default,Default,Default,Default,Default,Default,Default,Default,Default,Default,Default,Default,Default,Default,Default,Default,Default,Default,Default,Default,Default,Default,Default,Default,Default,Default,Default,Default,Default,3,Default,1,Default,Default,Default,Default,Default,Default,Default,3,"ShortRun(IterationCount=3, LaunchCount=1, WarmupCount=3)",,1,Workload,Pilot,2,700,32,21.88,0,0,0,0
ReturnStringBenchmarks.LibraryImport_IntPtr_NoDecode,PInvokeBench,ReturnStringBenchmarks,LibraryImport_IntPtr_NoDecode,ShortRun,Default,Default,Default,Default,Default,Default,Default,Default,Default,Default,Default,Default,Default,Default,Default,Default,Default,Default,Default,Default,Default,Default,Default,Default,Default,Default,Default,Default,Default,Default,Default,3,Default,1,Default,Default,Default,Default,Default,Default,Default,3,"ShortRun(IterationCount=3, LaunchCount=1, WarmupCount=3)",,1,Workload,Pilot,3,900,64,14.06,0,0,0,0
ReturnStringBenchmarks.LibraryImport_IntPtr_NoDecode,PInvokeBench,ReturnStringBenchmarks,LibraryImport_IntPtr_NoDecode,ShortRun,Default,Default,Default,Default,Default,Default,Default,Default,Default,Default,Default,Default,Default,Default,Default,Default,Default,Default,Default,Default,Default,Default,Default,Default,Default,Default,Default,Default,Default,Default,Default,3,Default,1,Default,Default,Default,Default,Default,Default,Default,3,"ShortRun(IterationCount=3, LaunchCount=1, WarmupCount=3)",,1,Workload,Pilot,4,1000,128,7.81,0,0,0,0
ReturnStringBenchmarks.LibraryImport_IntPtr_NoDecode,PInvokeBench,ReturnStringBenchmarks,LibraryImport_IntPtr_NoDecode,ShortRun,Default,Default,Default,Default,Default,Default,Default,Default,Default,Default,Default,Default,Default,Default,Default,Default,Default,Default,Default,Default,Default,Default,Default,Default,Default,Default,Default,Default,Default,Default,Default,3,Default,1,Default,Default,Default,Default,Default,Default,Default,3,"ShortRun(IterationCount=3, LaunchCount=1, WarmupCount=3)",,1,Workload,Pilot,5,2000,256,7.81,0,0,0,0
ReturnStringBenchmarks.LibraryImport_IntPtr_NoDecode,PInvokeBench,ReturnStringBenchmarks,LibraryImport_IntPtr_NoDecode,ShortRun,Default,Default,Default,Default,Default,Default,Default,Default,Default,Default,Default,Default,Default,Default,Default,Default,Default,Default,Default,Default,Default,Default,Default,Default,Default,Default,Default,Default,Default,Default,Default,3,Default,1,Default,Default,Default,Default,Default,Default,Default,3,"ShortRun(IterationCount=3, LaunchCount=1, WarmupCount=3)",,1,Workload,Pilot,6,3100,512,6.05,0,0,0,0
ReturnStringBenchmarks.LibraryImport_IntPtr_NoDecode,PInvokeBench,ReturnStringBenchmarks,LibraryImport_IntPtr_NoDecode,ShortRun,Default,Default,Default,Default,Default,Default,Default,Default,Default,Default,Default,Default,Default,Default,Default,Default,Default,Default,Default,Default,Default,Default,Default,Default,Default,Default,Default,Default,Default,Default,Default,3,Default,1,Default,Default,Default,Default,Default,Default,Default,3,"ShortRun(IterationCount=3, LaunchCount=1, WarmupCount=3)",,1,Workload,Pilot,7,9900,1024,9.67,0,0,0,0
ReturnStringBenchmarks.LibraryImport_IntPtr_NoDecode,PInvokeBench,ReturnStringBenchmarks,LibraryImport_IntPtr_NoDecode,ShortRun,Default,Default,Default,Default,Default,Default,Default,Default,Default,Default,Default,Default,Default,Default,Default,Default,Default,Default,Default,Default,Default,Default,Default,Default,Default,Default,Default,Default,Default,Default,Default,3,Default,1,Default,Default,Default,Default,Default,Default,Default,3,"ShortRun(IterationCount=3, LaunchCount=1, WarmupCount=3)",,1,Workload,Pilot,8,12000,2048,5.86,0,0,0,0
ReturnStringBenchmarks.LibraryImport_IntPtr_NoDecode,PInvokeBench,ReturnStringBenchmarks,LibraryImport_IntPtr_NoDecode,ShortRun,Default,Default,Default,Default,Default,Default,Default,Default,Default,Default,Default,Default,Default,Default,Default,Default,Default,Default,Default,Default,Default,Default,Default,Default,Default,Default,Default,Default,Default,Default,Default,3,Default,1,Default,Default,Default,Default,Default,Default,Default,3,"ShortRun(IterationCount=3, LaunchCount=1, WarmupCount=3)",,1,Workload,Pilot,9,23700,4096,5.79,0,0,0,0
ReturnStringBenchmarks.LibraryImport_IntPtr_NoDecode,PInvokeBench,ReturnStringBenchmarks,LibraryImport_IntPtr_NoDecode,ShortRun,Default,Default,Default,Default,Default,Default,Default,Default,Default,Default,Default,Default,Default,Default,Default,Default,Default,Default,Default,Default,Default,Default,Default,Default,Default,Default,Default,Default,Default,Default,Default,3,Default,1,Default,Default,Default,Default,Default,Default,Default,3,"ShortRun(IterationCount=3, LaunchCount=1, WarmupCount=3)",,1,Workload,Pilot,10,46100,8192,5.63,0,0,0,0
ReturnStringBenchmarks.LibraryImport_IntPtr_NoDecode,PInvokeBench,ReturnStringBenchmarks,LibraryImport_IntPtr_NoDecode,ShortRun,Default,Default,Default,Default,Default,Default,Default,Default,Default,Default,Default,Default,Default,Default,Default,Default,Default,Default,Default,Default,Default,Default,Default,Default,Default,Default,Default,Default,Default,Default,Default,3,Default,1,Default,Default,Default,Default,Default,Default,Default,3,"ShortRun(IterationCount=3, LaunchCount=1, WarmupCount=3)",,1,Workload,Pilot,11,92400,16384,5.64,0,0,0,0
ReturnStringBenchmarks.LibraryImport_IntPtr_NoDecode,PInvokeBench,ReturnStringBenchmarks,LibraryImport_IntPtr_NoDecode,ShortRun,Default,Default,Default,Default,Default,Default,Default,Default,Default,Default,Default,Default,Default,Default,Default,Default,Default,Default,Default,Default,Default,Default,Default,Default,Default,Default,Default,Default,Default,Default,Default,3,Default,1,Default,Default,Default,Default,Default,Default,Default,3,"ShortRun(IterationCount=3, LaunchCount=1, WarmupCount=3)",,1,Workload,Pilot,12,182300,32768,5.56,0,0,0,0
ReturnStringBenchmarks.LibraryImport_IntPtr_NoDecode,PInvokeBench,ReturnStringBenchmarks,LibraryImport_IntPtr_NoDecode,ShortRun,Default,Default,Default,Default,Default,Default,Default,Default,Default,Default,Default,Default,Default,Default,Default,Default,Default,Default,Default,Default,Default,Default,Default,Default,Default,Default,Default,Default,Default,Default,Default,3,Default,1,Default,Default,Default,Default,Default,Default,Default,3,"ShortRun(IterationCount=3, LaunchCount=1, WarmupCount=3)",,1,Workload,Pilot,13,373000,65536,5.69,0,0,0,0
ReturnStringBenchmarks.LibraryImport_IntPtr_NoDecode,PInvokeBench,ReturnStringBenchmarks,LibraryImport_IntPtr_NoDecode,ShortRun,Default,Default,Default,Default,Default,Default,Default,Default,Default,Default,Default,Default,Default,Default,Default,Default,Default,Default,Default,Default,Default,Default,Default,Default,Default,Default,Default,Default,Default,Default,Default,3,Default,1,Default,Default,Default,Default,Default,Default,Default,3,"ShortRun(IterationCount=3, LaunchCount=1, WarmupCount=3)",,1,Workload,Pilot,14,760800,131072,5.8,0,0,0,0
ReturnStringBenchmarks.LibraryImport_IntPtr_NoDecode,PInvokeBench,ReturnStringBenchmarks,LibraryImport_IntPtr_NoDecode,ShortRun,Default,Default,Default,Default,Default,Default,Default,Default,Default,Default,Default,Default,Default,Default,Default,Default,Default,Default,Default,Default,Default,Default,Default,Default,Default,Default,Default,Default,Default,Default,Default,3,Default,1,Default,Default,Default,Default,Default,Default,Default,3,"ShortRun(IterationCount=3, LaunchCount=1, WarmupCount=3)",,1,Workload,Pilot,15,1694600,262144,6.46,0,0,0,0
ReturnStringBenchmarks.LibraryImport_IntPtr_NoDecode,PInvokeBench,ReturnStringBenchmarks,LibraryImport_IntPtr_NoDecode,ShortRun,Default,Default,Default,Default,Default,Default,Default,Default,Default,Default,Default,Default,Default,Default,Default,Default,Default,Default,Default,Default,Default,Default,Default,Default,Default,Default,Default,Default,Default,Default,Default,3,Default,1,Default,Default,Default,Default,Default,Default,Default,3,"ShortRun(IterationCount=3, LaunchCount=1, WarmupCount=3)",,1,Workload,Pilot,16,3665500,524288,6.99,0,0,0,0
ReturnStringBenchmarks.LibraryImport_IntPtr_NoDecode,PInvokeBench,ReturnStringBenchmarks,LibraryImport_IntPtr_NoDecode,ShortRun,Default,Default,Default,Default,Default,Default,Default,Default,Default,Default,Default,Default,Default,Default,Default,Default,Default,Default,Default,Default,Default,Default,Default,Default,Default,Default,Default,Default,Default,Default,Default,3,Default,1,Default,Default,Default,Default,Default,Default,Default,3,"ShortRun(IterationCount=3, LaunchCount=1, WarmupCount=3)",,1,Workload,Pilot,17,7633100,1048576,7.28,0,0,0,0
ReturnStringBenchmarks.LibraryImport_IntPtr_NoDecode,PInvokeBench,ReturnStringBenchmarks,LibraryImport_IntPtr_NoDecode,ShortRun,Default,Default,Default,Default,Default,Default,Default,Default,Default,Default,Default,Default,Default,Default,Default,Default,Default,Default,Default,Default,Default,Default,Default,Default,Default,Default,Default,Default,Default,Default,Default,3,Default,1,Default,Default,Default,Default,Default,Default,Default,3,"ShortRun(IterationCount=3, LaunchCount=1, WarmupCount=3)",,1,Workload,Pilot,18,14981400,2097152,7.14,0,0,0,0
ReturnStringBenchmarks.LibraryImport_IntPtr_NoDecode,PInvokeBench,ReturnStringBenchmarks,LibraryImport_IntPtr_NoDecode,ShortRun,Default,Default,Default,Default,Default,Default,Default,Default,Default,Default,Default,Default,Default,Default,Default,Default,Default,Default,Default,Default,Default,Default,Default,Default,Default,Default,Default,Default,Default,Default,Default,3,Default,1,Default,Default,Default,Default,Default,Default,Default,3,"ShortRun(IterationCount=3, LaunchCount=1, WarmupCount=3)",,1,Workload,Pilot,19,30613000,4194304,7.3,0,0,0,0
ReturnStringBenchmarks.LibraryImport_IntPtr_NoDecode,PInvokeBench,ReturnStringBenchmarks,LibraryImport_IntPtr_NoDecode,ShortRun,Default,Default,Default,Default,Default,Default,Default,Default,Default,Default,Default,Default,Default,Default,Default,Default,Default,Default,Default,Default,Default,Default,Default,Default,Default,Default,Default,Default,Default,Default,Default,3,Default,1,Default,Default,Default,Default,Default,Default,Default,3,"ShortRun(IterationCount=3, LaunchCount=1, WarmupCount=3)",,1,Workload,Pilot,20,66445700,8388608,7.92,0,0,0,0
ReturnStringBenchmarks.LibraryImport_IntPtr_NoDecode,PInvokeBench,ReturnStringBenchmarks,LibraryImport_IntPtr_NoDecode,ShortRun,Default,Default,Default,Default,Default,Default,Default,Default,Default,Default,Default,Default,Default,Default,Default,Default,Default,Default,Default,Default,Default,Default,Default,Default,Default,Default,Default,Default,Default,Default,Default,3,Default,1,Default,Default,Default,Default,Default,Default,Default,3,"ShortRun(IterationCount=3, LaunchCount=1, WarmupCount=3)",,1,Workload,Pilot,21,110575900,16777216,6.59,0,0,0,0
ReturnStringBenchmarks.LibraryImport_IntPtr_NoDecode,PInvokeBench,ReturnStringBenchmarks,LibraryImport_IntPtr_NoDecode,ShortRun,Default,Default,Default,Default,Default,Default,Default,Default,Default,Default,Default,Default,Default,Default,Default,Default,Default,Default,Default,Default,Default,Default,Default,Default,Default,Default,Default,Default,Default,Default,Default,3,Default,1,Default,Default,Default,Default,Default,Default,Default,3,"ShortRun(IterationCount=3, LaunchCount=1, WarmupCount=3)",,1,Workload,Pilot,22,221972600,33554432,6.62,0,0,0,0
ReturnStringBenchmarks.LibraryImport_IntPtr_NoDecode,PInvokeBench,ReturnStringBenchmarks,LibraryImport_IntPtr_NoDecode,ShortRun,Default,Default,Default,Default,Default,Default,Default,Default,Default,Default,Default,Default,Default,Default,Default,Default,Default,Default,Default,Default,Default,Default,Default,Default,Default,Default,Default,Default,Default,Default,Default,3,Default,1,Default,Default,Default,Default,Default,Default,Default,3,"ShortRun(IterationCount=3, LaunchCount=1, WarmupCount=3)",,1,Workload,Pilot,23,424646000,67108864,6.33,0,0,0,0
ReturnStringBenchmarks.LibraryImport_IntPtr_NoDecode,PInvokeBench,ReturnStringBenchmarks,LibraryImport_IntPtr_NoDecode,ShortRun,Default,Default,Default,Default,Default,Default,Default,Default,Default,Default,Default,Default,Default,Default,Default,Default,Default,Default,Default,Default,Default,Default,Default,Default,Default,Default,Default,Default,Default,Default,Default,3,Default,1,Default,Default,Default,Default,Default,Default,Default,3,"ShortRun(IterationCount=3, LaunchCount=1, WarmupCount=3)",,1,Workload,Pilot,24,814301600,134217728,6.07,0,0,0,0
ReturnStringBenchmarks.LibraryImport_IntPtr_NoDecode,PInvokeBench,ReturnStringBenchmarks,LibraryImport_IntPtr_NoDecode,ShortRun,Default,Default,Default,Default,Default,Default,Default,Default,Default,Default,Default,Default,Default,Default,Default,Default,Default,Default,Default,Default,Default,Default,Default,Default,Default,Default,Default,Default,Default,Default,Default,3,Default,1,Default,Default,Default,Default,Default,Default,Default,3,"ShortRun(IterationCount=3, LaunchCount=1, WarmupCount=3)",,1,Overhead,Warmup,1,301726800,134217728,2.25,0,0,0,0
ReturnStringBenchmarks.LibraryImport_IntPtr_NoDecode,PInvokeBench,ReturnStringBenchmarks,LibraryImport_IntPtr_NoDecode,ShortRun,Default,Default,Default,Default,Default,Default,Default,Default,Default,Default,Default,Default,Default,Default,Default,Default,Default,Default,Default,Default,Default,Default,Default,Default,Default,Default,Default,Default,Default,Default,Default,3,Default,1,Default,Default,Default,Default,Default,Default,Default,3,"ShortRun(IterationCount=3, LaunchCount=1, WarmupCount=3)",,1,Overhead,Warmup,2,252816900,134217728,1.88,0,0,0,0
ReturnStringBenchmarks.LibraryImport_IntPtr_NoDecode,PInvokeBench,ReturnStringBenchmarks,LibraryImport_IntPtr_NoDecode,ShortRun,Default,Default,Default,Default,Default,Default,Default,Default,Default,Default,Default,Default,Default,Default,Default,Default,Default,Default,Default,Default,Default,Default,Default,Default,Default,Default,Default,Default,Default,Default,Default,3,Default,1,Default,Default,Default,Default,Default,Default,Default,3,"ShortRun(IterationCount=3, LaunchCount=1, WarmupCount=3)",,1,Overhead,Warmup,3,250216300,134217728,1.86,0,0,0,0
ReturnStringBenchmarks.LibraryImport_IntPtr_NoDecode,PInvokeBench,ReturnStringBenchmarks,LibraryImport_IntPtr_NoDecode,ShortRun,Default,Default,Default,Default,Default,Default,Default,Default,Default,Default,Default,Default,Default,Default,Default,Default,Default,Default,Default,Default,Default,Default,Default,Default,Default,Default,Default,Default,Default,Default,Default,3,Default,1,Default,Default,Default,Default,Default,Default,Default,3,"ShortRun(IterationCount=3, LaunchCount=1, WarmupCount=3)",,1,Overhead,Warmup,4,264235400,134217728,1.97,0,0,0,0
ReturnStringBenchmarks.LibraryImport_IntPtr_NoDecode,PInvokeBench,ReturnStringBenchmarks,LibraryImport_IntPtr_NoDecode,ShortRun,Default,Default,Default,Default,Default,Default,Default,Default,Default,Default,Default,Default,Default,Default,Default,Default,Default,Default,Default,Default,Default,Default,Default,Default,Default,Default,Default,Default,Default,Default,Default,3,Default,1,Default,Default,Default,Default,Default,Default,Default,3,"ShortRun(IterationCount=3, LaunchCount=1, WarmupCount=3)",,1,Overhead,Warmup,5,258842100,134217728,1.93,0,0,0,0
ReturnStringBenchmarks.LibraryImport_IntPtr_NoDecode,PInvokeBench,ReturnStringBenchmarks,LibraryImport_IntPtr_NoDecode,ShortRun,Default,Default,Default,Default,Default,Default,Default,Default,Default,Default,Default,Default,Default,Default,Default,Default,Default,Default,Default,Default,Default,Default,Default,Default,Default,Default,Default,Default,Default,Default,Default,3,Default,1,Default,Default,Default,Default,Default,Default,Default,3,"ShortRun(IterationCount=3, LaunchCount=1, WarmupCount=3)",,1,Overhead,Warmup,6,247405300,134217728,1.84,0,0,0,0
ReturnStringBenchmarks.LibraryImport_IntPtr_NoDecode,PInvokeBench,ReturnStringBenchmarks,LibraryImport_IntPtr_NoDecode,ShortRun,Default,Default,Default,Default,Default,Default,Default,Default,Default,Default,Default,Default,Default,Default,Default,Default,Default,Default,Default,Default,Default,Default,Default,Default,Default,Default,Default,Default,Default,Default,Default,3,Default,1,Default,Default,Default,Default,Default,Default,Default,3,"ShortRun(IterationCount=3, LaunchCount=1, WarmupCount=3)",,1,Overhead,Warmup,7,264062800,134217728,1.97,0,0,0,0
ReturnStringBenchmarks.LibraryImport_IntPtr_NoDecode,PInvokeBench,ReturnStringBenchmarks,LibraryImport_IntPtr_NoDecode,ShortRun,Default,Default,Default,Default,Default,Default,Default,Default,Default,Default,Default,Default,Default,Default,Default,Default,Default,Default,Default,Default,Default,Default,Default,Default,Default,Default,Default,Default,Default,Default,Default,3,Default,1,Default,Default,Default,Default,Default,Default,Default,3,"ShortRun(IterationCount=3, LaunchCount=1, WarmupCount=3)",,1,Overhead,Warmup,8,259042400,134217728,1.93,0,0,0,0
ReturnStringBenchmarks.LibraryImport_IntPtr_NoDecode,PInvokeBench,ReturnStringBenchmarks,LibraryImport_IntPtr_NoDecode,ShortRun,Default,Default,Default,Default,Default,Default,Default,Default,Default,Default,Default,Default,Default,Default,Default,Default,Default,Default,Default,Default,Default,Default,Default,Default,Default,Default,Default,Default,Default,Default,Default,3,Default,1,Default,Default,Default,Default,Default,Default,Default,3,"ShortRun(IterationCount=3, LaunchCount=1, WarmupCount=3)",,1,Overhead,Actual,1,258013600,134217728,1.92,0,0,0,0
ReturnStringBenchmarks.LibraryImport_IntPtr_NoDecode,PInvokeBench,ReturnStringBenchmarks,LibraryImport_IntPtr_NoDecode,ShortRun,Default,Default,Default,Default,Default,Default,Default,Default,Default,Default,Default,Default,Default,Default,Default,Default,Default,Default,Default,Default,Default,Default,Default,Default,Default,Default,Default,Default,Default,Default,Default,3,Default,1,Default,Default,Default,Default,Default,Default,Default,3,"ShortRun(IterationCount=3, LaunchCount=1, WarmupCount=3)",,1,Overhead,Actual,2,247624500,134217728,1.84,0,0,0,0
ReturnStringBenchmarks.LibraryImport_IntPtr_NoDecode,PInvokeBench,ReturnStringBenchmarks,LibraryImport_IntPtr_NoDecode,ShortRun,Default,Default,Default,Default,Default,Default,Default,Default,Default,Default,Default,Default,Default,Default,Default,Default,Default,Default,Default,Default,Default,Default,Default,Default,Default,Default,Default,Default,Default,Default,Default,3,Default,1,Default,Default,Default,Default,Default,Default,Default,3,"ShortRun(IterationCount=3, LaunchCount=1, WarmupCount=3)",,1,Overhead,Actual,3,248355000,134217728,1.85,0,0,0,0
ReturnStringBenchmarks.LibraryImport_IntPtr_NoDecode,PInvokeBench,ReturnStringBenchmarks,LibraryImport_IntPtr_NoDecode,ShortRun,Default,Default,Default,Default,Default,Default,Default,Default,Default,Default,Default,Default,Default,Default,Default,Default,Default,Default,Default,Default,Default,Default,Default,Default,Default,Default,Default,Default,Default,Default,Default,3,Default,1,Default,Default,Default,Default,Default,Default,Default,3,"ShortRun(IterationCount=3, LaunchCount=1, WarmupCount=3)",,1,Overhead,Actual,4,264897500,134217728,1.97,0,0,0,0
ReturnStringBenchmarks.LibraryImport_IntPtr_NoDecode,PInvokeBench,ReturnStringBenchmarks,LibraryImport_IntPtr_NoDecode,ShortRun,Default,Default,Default,Default,Default,Default,Default,Default,Default,Default,Default,Default,Default,Default,Default,Default,Default,Default,Default,Default,Default,Default,Default,Default,Default,Default,Default,Default,Default,Default,Default,3,Default,1,Default,Default,Default,Default,Default,Default,Default,3,"ShortRun(IterationCount=3, LaunchCount=1, WarmupCount=3)",,1,Overhead,Actual,5,258161000,134217728,1.92,0,0,0,0
ReturnStringBenchmarks.LibraryImport_IntPtr_NoDecode,PInvokeBench,ReturnStringBenchmarks,LibraryImport_IntPtr_NoDecode,ShortRun,Default,Default,Default,Default,Default,Default,Default,Default,Default,Default,Default,Default,Default,Default,Default,Default,Default,Default,Default,Default,Default,Default,Default,Default,Default,Default,Default,Default,Default,Default,Default,3,Default,1,Default,Default,Default,Default,Default,Default,Default,3,"ShortRun(IterationCount=3, LaunchCount=1, WarmupCount=3)",,1,Overhead,Actual,6,246903800,134217728,1.84,0,0,0,0
ReturnStringBenchmarks.LibraryImport_IntPtr_NoDecode,PInvokeBench,ReturnStringBenchmarks,LibraryImport_IntPtr_NoDecode,ShortRun,Default,Default,Default,Default,Default,Default,Default,Default,Default,Default,Default,Default,Default,Default,Default,Default,Default,Default,Default,Default,Default,Default,Default,Default,Default,Default,Default,Default,Default,Default,Default,3,Default,1,Default,Default,Default,Default,Default,Default,Default,3,"ShortRun(IterationCount=3, LaunchCount=1, WarmupCount=3)",,1,Overhead,Actual,7,261478300,134217728,1.95,0,0,0,0
ReturnStringBenchmarks.LibraryImport_IntPtr_NoDecode,PInvokeBench,ReturnStringBenchmarks,LibraryImport_IntPtr_NoDecode,ShortRun,Default,Default,Default,Default,Default,Default,Default,Default,Default,Default,Default,Default,Default,Default,Default,Default,Default,Default,Default,Default,Default,Default,Default,Default,Default,Default,Default,Default,Default,Default,Default,3,Default,1,Default,Default,Default,Default,Default,Default,Default,3,"ShortRun(IterationCount=3, LaunchCount=1, WarmupCount=3)",,1,Overhead,Actual,8,256719600,134217728,1.91,0,0,0,0
ReturnStringBenchmarks.LibraryImport_IntPtr_NoDecode,PInvokeBench,ReturnStringBenchmarks,LibraryImport_IntPtr_NoDecode,ShortRun,Default,Default,Default,Default,Default,Default,Default,Default,Default,Default,Default,Default,Default,Default,Default,Default,Default,Default,Default,Default,Default,Default,Default,Default,Default,Default,Default,Default,Default,Default,Default,3,Default,1,Default,Default,Default,Default,Default,Default,Default,3,"ShortRun(IterationCount=3, LaunchCount=1, WarmupCount=3)",,1,Overhead,Actual,9,259515600,134217728,1.93,0,0,0,0
ReturnStringBenchmarks.LibraryImport_IntPtr_NoDecode,PInvokeBench,ReturnStringBenchmarks,LibraryImport_IntPtr_NoDecode,ShortRun,Default,Default,Default,Default,Default,Default,Default,Default,Default,Default,Default,Default,Default,Default,Default,Default,Default,Default,Default,Default,Default,Default,Default,Default,Default,Default,Default,Default,Default,Default,Default,3,Default,1,Default,Default,Default,Default,Default,Default,Default,3,"ShortRun(IterationCount=3, LaunchCount=1, WarmupCount=3)",,1,Overhead,Actual,10,246319500,134217728,1.84,0,0,0,0
ReturnStringBenchmarks.LibraryImport_IntPtr_NoDecode,PInvokeBench,ReturnStringBenchmarks,LibraryImport_IntPtr_NoDecode,ShortRun,Default,Default,Default,Default,Default,Default,Default,Default,Default,Default,Default,Default,Default,Default,Default,Default,Default,Default,Default,Default,Default,Default,Default,Default,Default,Default,Default,Default,Default,Default,Default,3,Default,1,Default,Default,Default,Default,Default,Default,Default,3,"ShortRun(IterationCount=3, LaunchCount=1, WarmupCount=3)",,1,Overhead,Actual,11,246663500,134217728,1.84,0,0,0,0
ReturnStringBenchmarks.LibraryImport_IntPtr_NoDecode,PInvokeBench,ReturnStringBenchmarks,LibraryImport_IntPtr_NoDecode,ShortRun,Default,Default,Default,Default,Default,Default,Default,Default,Default,Default,Default,Default,Default,Default,Default,Default,Default,Default,Default,Default,Default,Default,Default,Default,Default,Default,Default,Default,Default,Default,Default,3,Default,1,Default,Default,Default,Default,Default,Default,Default,3,"ShortRun(IterationCount=3, LaunchCount=1, WarmupCount=3)",,1,Overhead,Actual,12,246826900,134217728,1.84,0,0,0,0
ReturnStringBenchmarks.LibraryImport_IntPtr_NoDecode,PInvokeBench,ReturnStringBenchmarks,LibraryImport_IntPtr_NoDecode,ShortRun,Default,Default,Default,Default,Default,Default,Default,Default,Default,Default,Default,Default,Default,Default,Default,Default,Default,Default,Default,Default,Default,Default,Default,Default,Default,Default,Default,Default,Default,Default,Default,3,Default,1,Default,Default,Default,Default,Default,Default,Default,3,"ShortRun(IterationCount=3, LaunchCount=1, WarmupCount=3)",,1,Overhead,Actual,13,268561400,134217728,2,0,0,0,0
ReturnStringBenchmarks.LibraryImport_IntPtr_NoDecode,PInvokeBench,ReturnStringBenchmarks,LibraryImport_IntPtr_NoDecode,ShortRun,Default,Default,Default,Default,Default,Default,Default,Default,Default,Default,Default,Default,Default,Default,Default,Default,Default,Default,Default,Default,Default,Default,Default,Default,Default,Default,Default,Default,Default,Default,Default,3,Default,1,Default,Default,Default,Default,Default,Default,Default,3,"ShortRun(IterationCount=3, LaunchCount=1, WarmupCount=3)",,1,Overhead,Actual,14,266184800,134217728,1.98,0,0,0,0
ReturnStringBenchmarks.LibraryImport_IntPtr_NoDecode,PInvokeBench,ReturnStringBenchmarks,LibraryImport_IntPtr_NoDecode,ShortRun,Default,Default,Default,Default,Default,Default,Default,Default,Default,Default,Default,Default,Default,Default,Default,Default,Default,Default,Default,Default,Default,Default,Default,Default,Default,Default,Default,Default,Default,Default,Default,3,Default,1,Default,Default,Default,Default,Default,Default,Default,3,"ShortRun(IterationCount=3, LaunchCount=1, WarmupCount=3)",,1,Overhead,Actual,15,246040400,134217728,1.83,0,0,0,0
ReturnStringBenchmarks.LibraryImport_IntPtr_NoDecode,PInvokeBench,ReturnStringBenchmarks,LibraryImport_IntPtr_NoDecode,ShortRun,Default,Default,Default,Default,Default,Default,Default,Default,Default,Default,Default,Default,Default,Default,Default,Default,Default,Default,Default,Default,Default,Default,Default,Default,Default,Default,Default,Default,Default,Default,Default,3,Default,1,Default,Default,Default,Default,Default,Default,Default,3,"ShortRun(IterationCount=3, LaunchCount=1, WarmupCount=3)",,1,Workload,Warmup,1,813107500,134217728,6.06,0,0,0,0
ReturnStringBenchmarks.LibraryImport_IntPtr_NoDecode,PInvokeBench,ReturnStringBenchmarks,LibraryImport_IntPtr_NoDecode,ShortRun,Default,Default,Default,Default,Default,Default,Default,Default,Default,Default,Default,Default,Default,Default,Default,Default,Default,Default,Default,Default,Default,Default,Default,Default,Default,Default,Default,Default,Default,Default,Default,3,Default,1,Default,Default,Default,Default,Default,Default,Default,3,"ShortRun(IterationCount=3, LaunchCount=1, WarmupCount=3)",,1,Workload,Warmup,2,867841200,134217728,6.47,0,0,0,0
ReturnStringBenchmarks.LibraryImport_IntPtr_NoDecode,PInvokeBench,ReturnStringBenchmarks,LibraryImport_IntPtr_NoDecode,ShortRun,Default,Default,Default,Default,Default,Default,Default,Default,Default,Default,Default,Default,Default,Default,Default,Default,Default,Default,Default,Default,Default,Default,Default,Default,Default,Default,Default,Default,Default,Default,Default,3,Default,1,Default,Default,Default,Default,Default,Default,Default,3,"ShortRun(IterationCount=3, LaunchCount=1, WarmupCount=3)",,1,Workload,Warmup,3,827414500,134217728,6.16,0,0,0,0
ReturnStringBenchmarks.LibraryImport_IntPtr_NoDecode,PInvokeBench,ReturnStringBenchmarks,LibraryImport_IntPtr_NoDecode,ShortRun,Default,Default,Default,Default,Default,Default,Default,Default,Default,Default,Default,Default,Default,Default,Default,Default,Default,Default,Default,Default,Default,Default,Default,Default,Default,Default,Default,Default,Default,Default,Default,3,Default,1,Default,Default,Default,Default,Default,Default,Default,3,"ShortRun(IterationCount=3, LaunchCount=1, WarmupCount=3)",,1,Workload,Actual,1,822411100,134217728,6.13,0,0,0,0
ReturnStringBenchmarks.LibraryImport_IntPtr_NoDecode,PInvokeBench,ReturnStringBenchmarks,LibraryImport_IntPtr_NoDecode,ShortRun,Default,Default,Default,Default,Default,Default,Default,Default,Default,Default,Default,Default,Default,Default,Default,Default,Default,Default,Default,Default,Default,Default,Default,Default,Default,Default,Default,Default,Default,Default,Default,3,Default,1,Default,Default,Default,Default,Default,Default,Default,3,"ShortRun(IterationCount=3, LaunchCount=1, WarmupCount=3)",,1,Workload,Actual,2,821676500,134217728,6.12,0,0,0,0
ReturnStringBenchmarks.LibraryImport_IntPtr_NoDecode,PInvokeBench,ReturnStringBenchmarks,LibraryImport_IntPtr_NoDecode,ShortRun,Default,Default,Default,Default,Default,Default,Default,Default,Default,Default,Default,Default,Default,Default,Default,Default,Default,Default,Default,Default,Default,Default,Default,Default,Default,Default,Default,Default,Default,Default,Default,3,Default,1,Default,Default,Default,Default,Default,Default,Default,3,"ShortRun(IterationCount=3, LaunchCount=1, WarmupCount=3)",,1,Workload,Actual,3,822536200,134217728,6.13,0,0,0,0
ReturnStringBenchmarks.LibraryImport_IntPtr_NoDecode,PInvokeBench,ReturnStringBenchmarks,LibraryImport_IntPtr_NoDecode,ShortRun,Default,Default,Default,Default,Default,Default,Default,Default,Default,Default,Default,Default,Default,Default,Default,Default,Default,Default,Default,Default,Default,Default,Default,Default,Default,Default,Default,Default,Default,Default,Default,3,Default,1,Default,Default,Default,Default,Default,Default,Default,3,"ShortRun(IterationCount=3, LaunchCount=1, WarmupCount=3)",,1,Workload,Result,1,565691500,134217728,4.21,0,0,0,0
ReturnStringBenchmarks.LibraryImport_IntPtr_NoDecode,PInvokeBench,ReturnStringBenchmarks,LibraryImport_IntPtr_NoDecode,ShortRun,Default,Default,Default,Default,Default,Default,Default,Default,Default,Default,Default,Default,Default,Default,Default,Default,Default,Default,Default,Default,Default,Default,Default,Default,Default,Default,Default,Default,Default,Default,Default,3,Default,1,Default,Default,Default,Default,Default,Default,Default,3,"ShortRun(IterationCount=3, LaunchCount=1, WarmupCount=3)",,1,Workload,Result,2,564956900,134217728,4.21,0,0,0,0
ReturnStringBenchmarks.LibraryImport_IntPtr_NoDecode,PInvokeBench,ReturnStringBenchmarks,LibraryImport_IntPtr_NoDecode,ShortRun,Default,Default,Default,Default,Default,Default,Default,Default,Default,Default,Default,Default,Default,Default,Default,Default,Default,Default,Default,Default,Default,Default,Default,Default,Default,Default,Default,Default,Default,Default,Default,3,Default,1,Default,Default,Default,Default,Default,Default,Default,3,"ShortRun(IterationCount=3, LaunchCount=1, WarmupCount=3)",,1,Workload,Result,3,565816600,134217728,4.22,0,0,0,0
ReturnStringBenchmarks.LibraryImport_IntPtr_SuppressGC_PtrToStringUTF8,PInvokeBench,ReturnStringBenchmarks,LibraryImport_IntPtr_SuppressGC_PtrToStringUTF8,ShortRun,Default,Default,Default,Default,Default,Default,Default,Default,Default,Default,Default,Default,Default,Default,Default,Default,Default,Default,Default,Default,Default,Default,Default,Default,Default,Default,Default,Default,Default,Default,Default,3,Default,1,Default,Default,Default,Default,Default,Default,Default,3,"ShortRun(IterationCount=3, LaunchCount=1, WarmupCount=3)",,1,Overhead,Jitting,1,716200,1,716200,427,0,0,80
ReturnStringBenchmarks.LibraryImport_IntPtr_SuppressGC_PtrToStringUTF8,PInvokeBench,ReturnStringBenchmarks,LibraryImport_IntPtr_SuppressGC_PtrToStringUTF8,ShortRun,Default,Default,Default,Default,Default,Default,Default,Default,Default,Default,Default,Default,Default,Default,Default,Default,Default,Default,Default,Default,Default,Default,Default,Default,Default,Default,Default,Default,Default,Default,Default,3,Default,1,Default,Default,Default,Default,Default,Default,Default,3,"ShortRun(IterationCount=3, LaunchCount=1, WarmupCount=3)",,1,Workload,Jitting,1,536800,1,536800,427,0,0,80
ReturnStringBenchmarks.LibraryImport_IntPtr_SuppressGC_PtrToStringUTF8,PInvokeBench,ReturnStringBenchmarks,LibraryImport_IntPtr_SuppressGC_PtrToStringUTF8,ShortRun,Default,Default,Default,Default,Default,Default,Default,Default,Default,Default,Default,Default,Default,Default,Default,Default,Default,Default,Default,Default,Default,Default,Default,Default,Default,Default,Default,Default,Default,Default,Default,3,Default,1,Default,Default,Default,Default,Default,Default,Default,3,"ShortRun(IterationCount=3, LaunchCount=1, WarmupCount=3)",,1,Overhead,Jitting,2,469100,16,29318.75,427,0,0,80
ReturnStringBenchmarks.LibraryImport_IntPtr_SuppressGC_PtrToStringUTF8,PInvokeBench,ReturnStringBenchmarks,LibraryImport_IntPtr_SuppressGC_PtrToStringUTF8,ShortRun,Default,Default,Default,Default,Default,Default,Default,Default,Default,Default,Default,Default,Default,Default,Default,Default,Default,Default,Default,Default,Default,Default,Default,Default,Default,Default,Default,Default,Default,Default,Default,3,Default,1,Default,Default,Default,Default,Default,Default,Default,3,"ShortRun(IterationCount=3, LaunchCount=1, WarmupCount=3)",,1,Workload,Jitting,2,437300,16,27331.25,427,0,0,80
ReturnStringBenchmarks.LibraryImport_IntPtr_SuppressGC_PtrToStringUTF8,PInvokeBench,ReturnStringBenchmarks,LibraryImport_IntPtr_SuppressGC_PtrToStringUTF8,ShortRun,Default,Default,Default,Default,Default,Default,Default,Default,Default,Default,Default,Default,Default,Default,Default,Default,Default,Default,Default,Default,Default,Default,Default,Default,Default,Default,Default,Default,Default,Default,Default,3,Default,1,Default,Default,Default,Default,Default,Default,Default,3,"ShortRun(IterationCount=3, LaunchCount=1, WarmupCount=3)",,1,Workload,Pilot,1,2900,16,181.25,427,0,0,80
ReturnStringBenchmarks.LibraryImport_IntPtr_SuppressGC_PtrToStringUTF8,PInvokeBench,ReturnStringBenchmarks,LibraryImport_IntPtr_SuppressGC_PtrToStringUTF8,ShortRun,Default,Default,Default,Default,Default,Default,Default,Default,Default,Default,Default,Default,Default,Default,Default,Default,Default,Default,Default,Default,Default,Default,Default,Default,Default,Default,Default,Default,Default,Default,Default,3,Default,1,Default,Default,Default,Default,Default,Default,Default,3,"ShortRun(IterationCount=3, LaunchCount=1, WarmupCount=3)",,1,Workload,Pilot,2,3000,32,93.75,427,0,0,80
ReturnStringBenchmarks.LibraryImport_IntPtr_SuppressGC_PtrToStringUTF8,PInvokeBench,ReturnStringBenchmarks,LibraryImport_IntPtr_SuppressGC_PtrToStringUTF8,ShortRun,Default,Default,Default,Default,Default,Default,Default,Default,Default,Default,Default,Default,Default,Default,Default,Default,Default,Default,Default,Default,Default,Default,Default,Default,Default,Default,Default,Default,Default,Default,Default,3,Default,1,Default,Default,Default,Default,Default,Default,Default,3,"ShortRun(IterationCount=3, LaunchCount=1, WarmupCount=3)",,1,Workload,Pilot,3,9700,64,151.56,427,0,0,80
ReturnStringBenchmarks.LibraryImport_IntPtr_SuppressGC_PtrToStringUTF8,PInvokeBench,ReturnStringBenchmarks,LibraryImport_IntPtr_SuppressGC_PtrToStringUTF8,ShortRun,Default,Default,Default,Default,Default,Default,Default,Default,Default,Default,Default,Default,Default,Default,Default,Default,Default,Default,Default,Default,Default,Default,Default,Default,Default,Default,Default,Default,Default,Default,Default,3,Default,1,Default,Default,Default,Default,Default,Default,Default,3,"ShortRun(IterationCount=3, LaunchCount=1, WarmupCount=3)",,1,Workload,Pilot,4,9800,128,76.56,427,0,0,80
ReturnStringBenchmarks.LibraryImport_IntPtr_SuppressGC_PtrToStringUTF8,PInvokeBench,ReturnStringBenchmarks,LibraryImport_IntPtr_SuppressGC_PtrToStringUTF8,ShortRun,Default,Default,Default,Default,Default,Default,Default,Default,Default,Default,Default,Default,Default,Default,Default,Default,Default,Default,Default,Default,Default,Default,Default,Default,Default,Default,Default,Default,Default,Default,Default,3,Default,1,Default,Default,Default,Default,Default,Default,Default,3,"ShortRun(IterationCount=3, LaunchCount=1, WarmupCount=3)",,1,Workload,Pilot,5,26700,256,104.3,427,0,0,80
ReturnStringBenchmarks.LibraryImport_IntPtr_SuppressGC_PtrToStringUTF8,PInvokeBench,ReturnStringBenchmarks,LibraryImport_IntPtr_SuppressGC_PtrToStringUTF8,ShortRun,Default,Default,Default,Default,Default,Default,Default,Default,Default,Default,Default,Default,Default,Default,Default,Default,Default,Default,Default,Default,Default,Default,Default,Default,Default,Default,Default,Default,Default,Default,Default,3,Default,1,Default,Default,Default,Default,Default,Default,Default,3,"ShortRun(IterationCount=3, LaunchCount=1, WarmupCount=3)",,1,Workload,Pilot,6,34800,512,67.97,427,0,0,80
ReturnStringBenchmarks.LibraryImport_IntPtr_SuppressGC_PtrToStringUTF8,PInvokeBench,ReturnStringBenchmarks,LibraryImport_IntPtr_SuppressGC_PtrToStringUTF8,ShortRun,Default,Default,Default,Default,Default,Default,Default,Default,Default,Default,Default,Default,Default,Default,Default,Default,Default,Default,Default,Default,Default,Default,Default,Default,Default,Default,Default,Default,Default,Default,Default,3,Default,1,Default,Default,Default,Default,Default,Default,Default,3,"ShortRun(IterationCount=3, LaunchCount=1, WarmupCount=3)",,1,Workload,Pilot,7,91500,1024,89.36,427,0,0,80
ReturnStringBenchmarks.LibraryImport_IntPtr_SuppressGC_PtrToStringUTF8,PInvokeBench,ReturnStringBenchmarks,LibraryImport_IntPtr_SuppressGC_PtrToStringUTF8,ShortRun,Default,Default,Default,Default,Default,Default,Default,Default,Default,Default,Default,Default,Default,Default,Default,Default,Default,Default,Default,Default,Default,Default,Default,Default,Default,Default,Default,Default,Default,Default,Default,3,Default,1,Default,Default,Default,Default,Default,Default,Default,3,"ShortRun(IterationCount=3, LaunchCount=1, WarmupCount=3)",,1,Workload,Pilot,8,154600,2048,75.49,427,0,0,80
ReturnStringBenchmarks.LibraryImport_IntPtr_SuppressGC_PtrToStringUTF8,PInvokeBench,ReturnStringBenchmarks,LibraryImport_IntPtr_SuppressGC_PtrToStringUTF8,ShortRun,Default,Default,Default,Default,Default,Default,Default,Default,Default,Default,Default,Default,Default,Default,Default,Default,Default,Default,Default,Default,Default,Default,Default,Default,Default,Default,Default,Default,Default,Default,Default,3,Default,1,Default,Default,Default,Default,Default,Default,Default,3,"ShortRun(IterationCount=3, LaunchCount=1, WarmupCount=3)",,1,Workload,Pilot,9,207500,4096,50.66,427,0,0,80
ReturnStringBenchmarks.LibraryImport_IntPtr_SuppressGC_PtrToStringUTF8,PInvokeBench,ReturnStringBenchmarks,LibraryImport_IntPtr_SuppressGC_PtrToStringUTF8,ShortRun,Default,Default,Default,Default,Default,Default,Default,Default,Default,Default,Default,Default,Default,Default,Default,Default,Default,Default,Default,Default,Default,Default,Default,Default,Default,Default,Default,Default,Default,Default,Default,3,Default,1,Default,Default,Default,Default,Default,Default,Default,3,"ShortRun(IterationCount=3, LaunchCount=1, WarmupCount=3)",,1,Workload,Pilot,10,453000,8192,55.3,427,0,0,80
ReturnStringBenchmarks.LibraryImport_IntPtr_SuppressGC_PtrToStringUTF8,PInvokeBench,ReturnStringBenchmarks,LibraryImport_IntPtr_SuppressGC_PtrToStringUTF8,ShortRun,Default,Default,Default,Default,Default,Default,Default,Default,Default,Default,Default,Default,Default,Default,Default,Default,Default,Default,Default,Default,Default,Default,Default,Default,Default,Default,Default,Default,Default,Default,Default,3,Default,1,Default,Default,Default,Default,Default,Default,Default,3,"ShortRun(IterationCount=3, LaunchCount=1, WarmupCount=3)",,1,Workload,Pilot,11,935000,16384,57.07,427,0,0,80
ReturnStringBenchmarks.LibraryImport_IntPtr_SuppressGC_PtrToStringUTF8,PInvokeBench,ReturnStringBenchmarks,LibraryImport_IntPtr_SuppressGC_PtrToStringUTF8,ShortRun,Default,Default,Default,Default,Default,Default,Default,Default,Default,Default,Default,Default,Default,Default,Default,Default,Default,Default,Default,Default,Default,Default,Default,Default,Default,Default,Default,Default,Default,Default,Default,3,Default,1,Default,Default,Default,Default,Default,Default,Default,3,"ShortRun(IterationCount=3, LaunchCount=1, WarmupCount=3)",,1,Workload,Pilot,12,1874600,32768,57.21,427,0,0,80
ReturnStringBenchmarks.LibraryImport_IntPtr_SuppressGC_PtrToStringUTF8,PInvokeBench,ReturnStringBenchmarks,LibraryImport_IntPtr_SuppressGC_PtrToStringUTF8,ShortRun,Default,Default,Default,Default,Default,Default,Default,Default,Default,Default,Default,Default,Default,Default,Default,Default,Default,Default,Default,Default,Default,Default,Default,Default,Default,Default,Default,Default,Default,Default,Default,3,Default,1,Default,Default,Default,Default,Default,Default,Default,3,"ShortRun(IterationCount=3, LaunchCount=1, WarmupCount=3)",,1,Workload,Pilot,13,3839500,65536,58.59,427,0,0,80
ReturnStringBenchmarks.LibraryImport_IntPtr_SuppressGC_PtrToStringUTF8,PInvokeBench,ReturnStringBenchmarks,LibraryImport_IntPtr_SuppressGC_PtrToStringUTF8,ShortRun,Default,Default,Default,Default,Default,Default,Default,Default,Default,Default,Default,Default,Default,Default,Default,Default,Default,Default,Default,Default,Default,Default,Default,Default,Default,Default,Default,Default,Default,Default,Default,3,Default,1,Default,Default,Default,Default,Default,Default,Default,3,"ShortRun(IterationCount=3, LaunchCount=1, WarmupCount=3)",,1,Workload,Pilot,14,5666800,131072,43.23,427,0,0,80
ReturnStringBenchmarks.LibraryImport_IntPtr_SuppressGC_PtrToStringUTF8,PInvokeBench,ReturnStringBenchmarks,LibraryImport_IntPtr_SuppressGC_PtrToStringUTF8,ShortRun,Default,Default,Default,Default,Default,Default,Default,Default,Default,Default,Default,Default,Default,Default,Default,Default,Default,Default,Default,Default,Default,Default,Default,Default,Default,Default,Default,Default,Default,Default,Default,3,Default,1,Default,Default,Default,Default,Default,Default,Default,3,"ShortRun(IterationCount=3, LaunchCount=1, WarmupCount=3)",,1,Workload,Pilot,15,9933800,262144,37.89,427,0,0,80
ReturnStringBenchmarks.LibraryImport_IntPtr_SuppressGC_PtrToStringUTF8,PInvokeBench,ReturnStringBenchmarks,LibraryImport_IntPtr_SuppressGC_PtrToStringUTF8,ShortRun,Default,Default,Default,Default,Default,Default,Default,Default,Default,Default,Default,Default,Default,Default,Default,Default,Default,Default,Default,Default,Default,Default,Default,Default,Default,Default,Default,Default,Default,Default,Default,3,Default,1,Default,Default,Default,Default,Default,Default,Default,3,"ShortRun(IterationCount=3, LaunchCount=1, WarmupCount=3)",,1,Workload,Pilot,16,20022500,524288,38.19,427,0,0,80
ReturnStringBenchmarks.LibraryImport_IntPtr_SuppressGC_PtrToStringUTF8,PInvokeBench,ReturnStringBenchmarks,LibraryImport_IntPtr_SuppressGC_PtrToStringUTF8,ShortRun,Default,Default,Default,Default,Default,Default,Default,Default,Default,Default,Default,Default,Default,Default,Default,Default,Default,Default,Default,Default,Default,Default,Default,Default,Default,Default,Default,Default,Default,Default,Default,3,Default,1,Default,Default,Default,Default,Default,Default,Default,3,"ShortRun(IterationCount=3, LaunchCount=1, WarmupCount=3)",,1,Workload,Pilot,17,36360300,1048576,34.68,427,0,0,80
ReturnStringBenchmarks.LibraryImport_IntPtr_SuppressGC_PtrToStringUTF8,PInvokeBench,ReturnStringBenchmarks,LibraryImport_IntPtr_SuppressGC_PtrToStringUTF8,ShortRun,Default,Default,Default,Default,Default,Default,Default,Default,Default,Default,Default,Default,Default,Default,Default,Default,Default,Default,Default,Default,Default,Default,Default,Default,Default,Default,Default,Default,Default,Default,Default,3,Default,1,Default,Default,Default,Default,Default,Default,Default,3,"ShortRun(IterationCount=3, LaunchCount=1, WarmupCount=3)",,1,Workload,Pilot,18,112855000,2097152,53.81,427,0,0,80
ReturnStringBenchmarks.LibraryImport_IntPtr_SuppressGC_PtrToStringUTF8,PInvokeBench,ReturnStringBenchmarks,LibraryImport_IntPtr_SuppressGC_PtrToStringUTF8,ShortRun,Default,Default,Default,Default,Default,Default,Default,Default,Default,Default,Default,Default,Default,Default,Default,Default,Default,Default,Default,Default,Default,Default,Default,Default,Default,Default,Default,Default,Default,Default,Default,3,Default,1,Default,Default,Default,Default,Default,Default,Default,3,"ShortRun(IterationCount=3, LaunchCount=1, WarmupCount=3)",,1,Workload,Pilot,19,146585000,4194304,34.95,427,0,0,80
ReturnStringBenchmarks.LibraryImport_IntPtr_SuppressGC_PtrToStringUTF8,PInvokeBench,ReturnStringBenchmarks,LibraryImport_IntPtr_SuppressGC_PtrToStringUTF8,ShortRun,Default,Default,Default,Default,Default,Default,Default,Default,Default,Default,Default,Default,Default,Default,Default,Default,Default,Default,Default,Default,Default,Default,Default,Default,Default,Default,Default,Default,Default,Default,Default,3,Default,1,Default,Default,Default,Default,Default,Default,Default,3,"ShortRun(IterationCount=3, LaunchCount=1, WarmupCount=3)",,1,Workload,Pilot,20,244117000,8388608,29.1,427,0,0,80
ReturnStringBenchmarks.LibraryImport_IntPtr_SuppressGC_PtrToStringUTF8,PInvokeBench,ReturnStringBenchmarks,LibraryImport_IntPtr_SuppressGC_PtrToStringUTF8,ShortRun,Default,Default,Default,Default,Default,Default,Default,Default,Default,Default,Default,Default,Default,Default,Default,Default,Default,Default,Default,Default,Default,Default,Default,Default,Default,Default,Default,Default,Default,Default,Default,3,Default,1,Default,Default,Default,Default,Default,Default,Default,3,"ShortRun(IterationCount=3, LaunchCount=1, WarmupCount=3)",,1,Workload,Pilot,21,476191200,16777216,28.38,427,0,0,80
ReturnStringBenchmarks.LibraryImport_IntPtr_SuppressGC_PtrToStringUTF8,PInvokeBench,ReturnStringBenchmarks,LibraryImport_IntPtr_SuppressGC_PtrToStringUTF8,ShortRun,Default,Default,Default,Default,Default,Default,Default,Default,Default,Default,Default,Default,Default,Default,Default,Default,Default,Default,Default,Default,Default,Default,Default,Default,Default,Default,Default,Default,Default,Default,Default,3,Default,1,Default,Default,Default,Default,Default,Default,Default,3,"ShortRun(IterationCount=3, LaunchCount=1, WarmupCount=3)",,1,Workload,Pilot,22,974337700,33554432,29.04,427,0,0,80
ReturnStringBenchmarks.LibraryImport_IntPtr_SuppressGC_PtrToStringUTF8,PInvokeBench,ReturnStringBenchmarks,LibraryImport_IntPtr_SuppressGC_PtrToStringUTF8,ShortRun,Default,Default,Default,Default,Default,Default,Default,Default,Default,Default,Default,Default,Default,Default,Default,Default,Default,Default,Default,Default,Default,Default,Default,Default,Default,Default,Default,Default,Default,Default,Default,3,Default,1,Default,Default,Default,Default,Default,Default,Default,3,"ShortRun(IterationCount=3, LaunchCount=1, WarmupCount=3)",,1,Overhead,Warmup,1,155409100,33554432,4.63,427,0,0,80
ReturnStringBenchmarks.LibraryImport_IntPtr_SuppressGC_PtrToStringUTF8,PInvokeBench,ReturnStringBenchmarks,LibraryImport_IntPtr_SuppressGC_PtrToStringUTF8,ShortRun,Default,Default,Default,Default,Default,Default,Default,Default,Default,Default,Default,Default,Default,Default,Default,Default,Default,Default,Default,Default,Default,Default,Default,Default,Default,Default,Default,Default,Default,Default,Default,3,Default,1,Default,Default,Default,Default,Default,Default,Default,3,"ShortRun(IterationCount=3, LaunchCount=1, WarmupCount=3)",,1,Overhead,Warmup,2,140927300,33554432,4.2,427,0,0,80
ReturnStringBenchmarks.LibraryImport_IntPtr_SuppressGC_PtrToStringUTF8,PInvokeBench,ReturnStringBenchmarks,LibraryImport_IntPtr_SuppressGC_PtrToStringUTF8,ShortRun,Default,Default,Default,Default,Default,Default,Default,Default,Default,Default,Default,Default,Default,Default,Default,Default,Default,Default,Default,Default,Default,Default,Default,Default,Default,Default,Default,Default,Default,Default,Default,3,Default,1,Default,Default,Default,Default,Default,Default,Default,3,"ShortRun(IterationCount=3, LaunchCount=1, WarmupCount=3)",,1,Overhead,Warmup,3,125175600,33554432,3.73,427,0,0,80
ReturnStringBenchmarks.LibraryImport_IntPtr_SuppressGC_PtrToStringUTF8,PInvokeBench,ReturnStringBenchmarks,LibraryImport_IntPtr_SuppressGC_PtrToStringUTF8,ShortRun,Default,Default,Default,Default,Default,Default,Default,Default,Default,Default,Default,Default,Default,Default,Default,Default,Default,Default,Default,Default,Default,Default,Default,Default,Default,Default,Default,Default,Default,Default,Default,3,Default,1,Default,Default,Default,Default,Default,Default,Default,3,"ShortRun(IterationCount=3, LaunchCount=1, WarmupCount=3)",,1,Overhead,Warmup,4,121188900,33554432,3.61,427,0,0,80
ReturnStringBenchmarks.LibraryImport_IntPtr_SuppressGC_PtrToStringUTF8,PInvokeBench,ReturnStringBenchmarks,LibraryImport_IntPtr_SuppressGC_PtrToStringUTF8,ShortRun,Default,Default,Default,Default,Default,Default,Default,Default,Default,Default,Default,Default,Default,Default,Default,Default,Default,Default,Default,Default,Default,Default,Default,Default,Default,Default,Default,Default,Default,Default,Default,3,Default,1,Default,Default,Default,Default,Default,Default,Default,3,"ShortRun(IterationCount=3, LaunchCount=1, WarmupCount=3)",,1,Overhead,Warmup,5,119927000,33554432,3.57,427,0,0,80
ReturnStringBenchmarks.LibraryImport_IntPtr_SuppressGC_PtrToStringUTF8,PInvokeBench,ReturnStringBenchmarks,LibraryImport_IntPtr_SuppressGC_PtrToStringUTF8,ShortRun,Default,Default,Default,Default,Default,Default,Default,Default,Default,Default,Default,Default,Default,Default,Default,Default,Default,Default,Default,Default,Default,Default,Default,Default,Default,Default,Default,Default,Default,Default,Default,3,Default,1,Default,Default,Default,Default,Default,Default,Default,3,"ShortRun(IterationCount=3, LaunchCount=1, WarmupCount=3)",,1,Overhead,Warmup,6,118135900,33554432,3.52,427,0,0,80
ReturnStringBenchmarks.LibraryImport_IntPtr_SuppressGC_PtrToStringUTF8,PInvokeBench,ReturnStringBenchmarks,LibraryImport_IntPtr_SuppressGC_PtrToStringUTF8,ShortRun,Default,Default,Default,Default,Default,Default,Default,Default,Default,Default,Default,Default,Default,Default,Default,Default,Default,Default,Default,Default,Default,Default,Default,Default,Default,Default,Default,Default,Default,Default,Default,3,Default,1,Default,Default,Default,Default,Default,Default,Default,3,"ShortRun(IterationCount=3, LaunchCount=1, WarmupCount=3)",,1,Overhead,Warmup,7,118201700,33554432,3.52,427,0,0,80
ReturnStringBenchmarks.LibraryImport_IntPtr_SuppressGC_PtrToStringUTF8,PInvokeBench,ReturnStringBenchmarks,LibraryImport_IntPtr_SuppressGC_PtrToStringUTF8,ShortRun,Default,Default,Default,Default,Default,Default,Default,Default,Default,Default,Default,Default,Default,Default,Default,Default,Default,Default,Default,Default,Default,Default,Default,Default,Default,Default,Default,Default,Default,Default,Default,3,Default,1,Default,Default,Default,Default,Default,Default,Default,3,"ShortRun(IterationCount=3, LaunchCount=1, WarmupCount=3)",,1,Overhead,Warmup,8,120679900,33554432,3.6,427,0,0,80
ReturnStringBenchmarks.LibraryImport_IntPtr_SuppressGC_PtrToStringUTF8,PInvokeBench,ReturnStringBenchmarks,LibraryImport_IntPtr_SuppressGC_PtrToStringUTF8,ShortRun,Default,Default,Default,Default,Default,Default,Default,Default,Default,Default,Default,Default,Default,Default,Default,Default,Default,Default,Default,Default,Default,Default,Default,Default,Default,Default,Default,Default,Default,Default,Default,3,Default,1,Default,Default,Default,Default,Default,Default,Default,3,"ShortRun(IterationCount=3, LaunchCount=1, WarmupCount=3)",,1,Overhead,Warmup,9,119653600,33554432,3.57,427,0,0,80
ReturnStringBenchmarks.LibraryImport_IntPtr_SuppressGC_PtrToStringUTF8,PInvokeBench,ReturnStringBenchmarks,LibraryImport_IntPtr_SuppressGC_PtrToStringUTF8,ShortRun,Default,Default,Default,Default,Default,Default,Default,Default,Default,Default,Default,Default,Default,Default,Default,Default,Default,Default,Default,Default,Default,Default,Default,Default,Default,Default,Default,Default,Default,Default,Default,3,Default,1,Default,Default,Default,Default,Default,Default,Default,3,"ShortRun(IterationCount=3, LaunchCount=1, WarmupCount=3)",,1,Overhead,Warmup,10,127696300,33554432,3.81,427,0,0,80
ReturnStringBenchmarks.LibraryImport_IntPtr_SuppressGC_PtrToStringUTF8,PInvokeBench,ReturnStringBenchmarks,LibraryImport_IntPtr_SuppressGC_PtrToStringUTF8,ShortRun,Default,Default,Default,Default,Default,Default,Default,Default,Default,Default,Default,Default,Default,Default,Default,Default,Default,Default,Default,Default,Default,Default,Default,Default,Default,Default,Default,Default,Default,Default,Default,3,Default,1,Default,Default,Default,Default,Default,Default,Default,3,"ShortRun(IterationCount=3, LaunchCount=1, WarmupCount=3)",,1,Overhead,Actual,1,120222200,33554432,3.58,427,0,0,80
ReturnStringBenchmarks.LibraryImport_IntPtr_SuppressGC_PtrToStringUTF8,PInvokeBench,ReturnStringBenchmarks,LibraryImport_IntPtr_SuppressGC_PtrToStringUTF8,ShortRun,Default,Default,Default,Default,Default,Default,Default,Default,Default,Default,Default,Default,Default,Default,Default,Default,Default,Default,Default,Default,Default,Default,Default,Default,Default,Default,Default,Default,Default,Default,Default,3,Default,1,Default,Default,Default,Default,Default,Default,Default,3,"ShortRun(IterationCount=3, LaunchCount=1, WarmupCount=3)",,1,Overhead,Actual,2,119943100,33554432,3.57,427,0,0,80
ReturnStringBenchmarks.LibraryImport_IntPtr_SuppressGC_PtrToStringUTF8,PInvokeBench,ReturnStringBenchmarks,LibraryImport_IntPtr_SuppressGC_PtrToStringUTF8,ShortRun,Default,Default,Default,Default,Default,Default,Default,Default,Default,Default,Default,Default,Default,Default,Default,Default,Default,Default,Default,Default,Default,Default,Default,Default,Default,Default,Default,Default,Default,Default,Default,3,Default,1,Default,Default,Default,Default,Default,Default,Default,3,"ShortRun(IterationCount=3, LaunchCount=1, WarmupCount=3)",,1,Overhead,Actual,3,119124000,33554432,3.55,427,0,0,80
ReturnStringBenchmarks.LibraryImport_IntPtr_SuppressGC_PtrToStringUTF8,PInvokeBench,ReturnStringBenchmarks,LibraryImport_IntPtr_SuppressGC_PtrToStringUTF8,ShortRun,Default,Default,Default,Default,Default,Default,Default,Default,Default,Default,Default,Default,Default,Default,Default,Default,Default,Default,Default,Default,Default,Default,Default,Default,Default,Default,Default,Default,Default,Default,Default,3,Default,1,Default,Default,Default,Default,Default,Default,Default,3,"ShortRun(IterationCount=3, LaunchCount=1, WarmupCount=3)",,1,Overhead,Actual,4,120507800,33554432,3.59,427,0,0,80
ReturnStringBenchmarks.LibraryImport_IntPtr_SuppressGC_PtrToStringUTF8,PInvokeBench,ReturnStringBenchmarks,LibraryImport_IntPtr_SuppressGC_PtrToStringUTF8,ShortRun,Default,Default,Default,Default,Default,Default,Default,Default,Default,Default,Default,Default,Default,Default,Default,Default,Default,Default,Default,Default,Default,Default,Default,Default,Default,Default,Default,Default,Default,Default,Default,3,Default,1,Default,Default,Default,Default,Default,Default,Default,3,"ShortRun(IterationCount=3, LaunchCount=1, WarmupCount=3)",,1,Overhead,Actual,5,121300600,33554432,3.62,427,0,0,80
ReturnStringBenchmarks.LibraryImport_IntPtr_SuppressGC_PtrToStringUTF8,PInvokeBench,ReturnStringBenchmarks,LibraryImport_IntPtr_SuppressGC_PtrToStringUTF8,ShortRun,Default,Default,Default,Default,Default,Default,Default,Default,Default,Default,Default,Default,Default,Default,Default,Default,Default,Default,Default,Default,Default,Default,Default,Default,Default,Default,Default,Default,Default,Default,Default,3,Default,1,Default,Default,Default,Default,Default,Default,Default,3,"ShortRun(IterationCount=3, LaunchCount=1, WarmupCount=3)",,1,Overhead,Actual,6,121138700,33554432,3.61,427,0,0,80
ReturnStringBenchmarks.LibraryImport_IntPtr_SuppressGC_PtrToStringUTF8,PInvokeBench,ReturnStringBenchmarks,LibraryImport_IntPtr_SuppressGC_PtrToStringUTF8,ShortRun,Default,Default,Default,Default,Default,Default,Default,Default,Default,Default,Default,Default,Default,Default,Default,Default,Default,Default,Default,Default,Default,Default,Default,Default,Default,Default,Default,Default,Default,Default,Default,3,Default,1,Default,Default,Default,Default,Default,Default,Default,3,"ShortRun(IterationCount=3, LaunchCount=1, WarmupCount=3)",,1,Overhead,Actual,7,118584800,33554432,3.53,427,0,0,80
ReturnStringBenchmarks.LibraryImport_IntPtr_SuppressGC_PtrToStringUTF8,PInvokeBench,ReturnStringBenchmarks,LibraryImport_IntPtr_SuppressGC_PtrToStringUTF8,ShortRun,Default,Default,Default,Default,Default,Default,Default,Default,Default,Default,Default,Default,Default,Default,Default,Default,Default,Default,Default,Default,Default,Default,Default,Default,Default,Default,Default,Default,Default,Default,Default,3,Default,1,Default,Default,Default,Default,Default,Default,Default,3,"ShortRun(IterationCount=3, LaunchCount=1, WarmupCount=3)",,1,Overhead,Actual,8,119431100,33554432,3.56,427,0,0,80
ReturnStringBenchmarks.LibraryImport_IntPtr_SuppressGC_PtrToStringUTF8,PInvokeBench,ReturnStringBenchmarks,LibraryImport_IntPtr_SuppressGC_PtrToStringUTF8,ShortRun,Default,Default,Default,Default,Default,Default,Default,Default,Default,Default,Default,Default,Default,Default,Default,Default,Default,Default,Default,Default,Default,Default,Default,Default,Default,Default,Default,Default,Default,Default,Default,3,Default,1,Default,Default,Default,Default,Default,Default,Default,3,"ShortRun(IterationCount=3, LaunchCount=1, WarmupCount=3)",,1,Overhead,Actual,9,120261900,33554432,3.58,427,0,0,80
ReturnStringBenchmarks.LibraryImport_IntPtr_SuppressGC_PtrToStringUTF8,PInvokeBench,ReturnStringBenchmarks,LibraryImport_IntPtr_SuppressGC_PtrToStringUTF8,ShortRun,Default,Default,Default,Default,Default,Default,Default,Default,Default,Default,Default,Default,Default,Default,Default,Default,Default,Default,Default,Default,Default,Default,Default,Default,Default,Default,Default,Default,Default,Default,Default,3,Default,1,Default,Default,Default,Default,Default,Default,Default,3,"ShortRun(IterationCount=3, LaunchCount=1, WarmupCount=3)",,1,Overhead,Actual,10,119552600,33554432,3.56,427,0,0,80
ReturnStringBenchmarks.LibraryImport_IntPtr_SuppressGC_PtrToStringUTF8,PInvokeBench,ReturnStringBenchmarks,LibraryImport_IntPtr_SuppressGC_PtrToStringUTF8,ShortRun,Default,Default,Default,Default,Default,Default,Default,Default,Default,Default,Default,Default,Default,Default,Default,Default,Default,Default,Default,Default,Default,Default,Default,Default,Default,Default,Default,Default,Default,Default,Default,3,Default,1,Default,Default,Default,Default,Default,Default,Default,3,"ShortRun(IterationCount=3, LaunchCount=1, WarmupCount=3)",,1,Overhead,Actual,11,118522300,33554432,3.53,427,0,0,80
ReturnStringBenchmarks.LibraryImport_IntPtr_SuppressGC_PtrToStringUTF8,PInvokeBench,ReturnStringBenchmarks,LibraryImport_IntPtr_SuppressGC_PtrToStringUTF8,ShortRun,Default,Default,Default,Default,Default,Default,Default,Default,Default,Default,Default,Default,Default,Default,Default,Default,Default,Default,Default,Default,Default,Default,Default,Default,Default,Default,Default,Default,Default,Default,Default,3,Default,1,Default,Default,Default,Default,Default,Default,Default,3,"ShortRun(IterationCount=3, LaunchCount=1, WarmupCount=3)",,1,Overhead,Actual,12,121408900,33554432,3.62,427,0,0,80
ReturnStringBenchmarks.LibraryImport_IntPtr_SuppressGC_PtrToStringUTF8,PInvokeBench,ReturnStringBenchmarks,LibraryImport_IntPtr_SuppressGC_PtrToStringUTF8,ShortRun,Default,Default,Default,Default,Default,Default,Default,Default,Default,Default,Default,Default,Default,Default,Default,Default,Default,Default,Default,Default,Default,Default,Default,Default,Default,Default,Default,Default,Default,Default,Default,3,Default,1,Default,Default,Default,Default,Default,Default,Default,3,"ShortRun(IterationCount=3, LaunchCount=1, WarmupCount=3)",,1,Overhead,Actual,13,126411300,33554432,3.77,427,0,0,80
ReturnStringBenchmarks.LibraryImport_IntPtr_SuppressGC_PtrToStringUTF8,PInvokeBench,ReturnStringBenchmarks,LibraryImport_IntPtr_SuppressGC_PtrToStringUTF8,ShortRun,Default,Default,Default,Default,Default,Default,Default,Default,Default,Default,Default,Default,Default,Default,Default,Default,Default,Default,Default,Default,Default,Default,Default,Default,Default,Default,Default,Default,Default,Default,Default,3,Default,1,Default,Default,Default,Default,Default,Default,Default,3,"ShortRun(IterationCount=3, LaunchCount=1, WarmupCount=3)",,1,Overhead,Actual,14,118739600,33554432,3.54,427,0,0,80
ReturnStringBenchmarks.LibraryImport_IntPtr_SuppressGC_PtrToStringUTF8,PInvokeBench,ReturnStringBenchmarks,LibraryImport_IntPtr_SuppressGC_PtrToStringUTF8,ShortRun,Default,Default,Default,Default,Default,Default,Default,Default,Default,Default,Default,Default,Default,Default,Default,Default,Default,Default,Default,Default,Default,Default,Default,Default,Default,Default,Default,Default,Default,Default,Default,3,Default,1,Default,Default,Default,Default,Default,Default,Default,3,"ShortRun(IterationCount=3, LaunchCount=1, WarmupCount=3)",,1,Overhead,Actual,15,127627600,33554432,3.8,427,0,0,80
ReturnStringBenchmarks.LibraryImport_IntPtr_SuppressGC_PtrToStringUTF8,PInvokeBench,ReturnStringBenchmarks,LibraryImport_IntPtr_SuppressGC_PtrToStringUTF8,ShortRun,Default,Default,Default,Default,Default,Default,Default,Default,Default,Default,Default,Default,Default,Default,Default,Default,Default,Default,Default,Default,Default,Default,Default,Default,Default,Default,Default,Default,Default,Default,Default,3,Default,1,Default,Default,Default,Default,Default,Default,Default,3,"ShortRun(IterationCount=3, LaunchCount=1, WarmupCount=3)",,1,Workload,Warmup,1,946058300,33554432,28.19,427,0,0,80
ReturnStringBenchmarks.LibraryImport_IntPtr_SuppressGC_PtrToStringUTF8,PInvokeBench,ReturnStringBenchmarks,LibraryImport_IntPtr_SuppressGC_PtrToStringUTF8,ShortRun,Default,Default,Default,Default,Default,Default,Default,Default,Default,Default,Default,Default,Default,Default,Default,Default,Default,Default,Default,Default,Default,Default,Default,Default,Default,Default,Default,Default,Default,Default,Default,3,Default,1,Default,Default,Default,Default,Default,Default,Default,3,"ShortRun(IterationCount=3, LaunchCount=1, WarmupCount=3)",,1,Workload,Warmup,2,931580200,33554432,27.76,427,0,0,80
ReturnStringBenchmarks.LibraryImport_IntPtr_SuppressGC_PtrToStringUTF8,PInvokeBench,ReturnStringBenchmarks,LibraryImport_IntPtr_SuppressGC_PtrToStringUTF8,ShortRun,Default,Default,Default,Default,Default,Default,Default,Default,Default,Default,Default,Default,Default,Default,Default,Default,Default,Default,Default,Default,Default,Default,Default,Default,Default,Default,Default,Default,Default,Default,Default,3,Default,1,Default,Default,Default,Default,Default,Default,Default,3,"ShortRun(IterationCount=3, LaunchCount=1, WarmupCount=3)",,1,Workload,Warmup,3,934819100,33554432,27.86,427,0,0,80
ReturnStringBenchmarks.LibraryImport_IntPtr_SuppressGC_PtrToStringUTF8,PInvokeBench,ReturnStringBenchmarks,LibraryImport_IntPtr_SuppressGC_PtrToStringUTF8,ShortRun,Default,Default,Default,Default,Default,Default,Default,Default,Default,Default,Default,Default,Default,Default,Default,Default,Default,Default,Default,Default,Default,Default,Default,Default,Default,Default,Default,Default,Default,Default,Default,3,Default,1,Default,Default,Default,Default,Default,Default,Default,3,"ShortRun(IterationCount=3, LaunchCount=1, WarmupCount=3)",,1,Workload,Actual,1,1019329500,33554432,30.38,427,0,0,80
ReturnStringBenchmarks.LibraryImport_IntPtr_SuppressGC_PtrToStringUTF8,PInvokeBench,ReturnStringBenchmarks,LibraryImport_IntPtr_SuppressGC_PtrToStringUTF8,ShortRun,Default,Default,Default,Default,Default,Default,Default,Default,Default,Default,Default,Default,Default,Default,Default,Default,Default,Default,Default,Default,Default,Default,Default,Default,Default,Default,Default,Default,Default,Default,Default,3,Default,1,Default,Default,Default,Default,Default,Default,Default,3,"ShortRun(IterationCount=3, LaunchCount=1, WarmupCount=3)",,1,Workload,Actual,2,996546100,33554432,29.7,427,0,0,80
ReturnStringBenchmarks.LibraryImport_IntPtr_SuppressGC_PtrToStringUTF8,PInvokeBench,ReturnStringBenchmarks,LibraryImport_IntPtr_SuppressGC_PtrToStringUTF8,ShortRun,Default,Default,Default,Default,Default,Default,Default,Default,Default,Default,Default,Default,Default,Default,Default,Default,Default,Default,Default,Default,Default,Default,Default,Default,Default,Default,Default,Default,Default,Default,Default,3,Default,1,Default,Default,Default,Default,Default,Default,Default,3,"ShortRun(IterationCount=3, LaunchCount=1, WarmupCount=3)",,1,Workload,Actual,3,996554200,33554432,29.7,427,0,0,80
ReturnStringBenchmarks.LibraryImport_IntPtr_SuppressGC_PtrToStringUTF8,PInvokeBench,ReturnStringBenchmarks,LibraryImport_IntPtr_SuppressGC_PtrToStringUTF8,ShortRun,Default,Default,Default,Default,Default,Default,Default,Default,Default,Default,Default,Default,Default,Default,Default,Default,Default,Default,Default,Default,Default,Default,Default,Default,Default,Default,Default,Default,Default,Default,Default,3,Default,1,Default,Default,Default,Default,Default,Default,Default,3,"ShortRun(IterationCount=3, LaunchCount=1, WarmupCount=3)",,1,Workload,Result,1,899107300,33554432,26.8,427,0,0,80
ReturnStringBenchmarks.LibraryImport_IntPtr_SuppressGC_PtrToStringUTF8,PInvokeBench,ReturnStringBenchmarks,LibraryImport_IntPtr_SuppressGC_PtrToStringUTF8,ShortRun,Default,Default,Default,Default,Default,Default,Default,Default,Default,Default,Default,Default,Default,Default,Default,Default,Default,Default,Default,Default,Default,Default,Default,Default,Default,Default,Default,Default,Default,Default,Default,3,Default,1,Default,Default,Default,Default,Default,Default,Default,3,"ShortRun(IterationCount=3, LaunchCount=1, WarmupCount=3)",,1,Workload,Result,2,876323900,33554432,26.12,427,0,0,80
ReturnStringBenchmarks.LibraryImport_IntPtr_SuppressGC_PtrToStringUTF8,PInvokeBench,ReturnStringBenchmarks,LibraryImport_IntPtr_SuppressGC_PtrToStringUTF8,ShortRun,Default,Default,Default,Default,Default,Default,Default,Default,Default,Default,Default,Default,Default,Default,Default,Default,Default,Default,Default,Default,Default,Default,Default,Default,Default,Default,Default,Default,Default,Default,Default,3,Default,1,Default,Default,Default,Default,Default,Default,Default,3,"ShortRun(IterationCount=3, LaunchCount=1, WarmupCount=3)",,1,Workload,Result,3,876332000,33554432,26.12,427,0,0,80
