Target,Target_Namespace,Target_Type,Target_Method,Job_Id,Job_AnalyzeLaunchVariance,Job_EvaluateOverhead,Job_MaxAbsoluteError,Job_MaxRelativeError,Job_MinInvokeCount,Job_MinIterationTime,Job_OutlierMode,Job_Affinity,Job_EnvironmentVariables,Job_Jit,Job_LargeAddressAware,Job_Platform,Job_PowerPlanMode,Job_Runtime,Job_AllowVeryLargeObjects,Job_Concurrent,Job_CpuGroups,Job_Force,Job_HeapAffinitizeMask,Job_HeapCount,Job_NoAffinitize,Job_RetainVm,Job_Server,Job_Arguments,Job_BuildConfiguration,Job_Clock,Job_EngineFactory,Job_NuGetReferences,Job_Toolchain,Job_IsMutator,Job_InvocationCount,Job_IterationCount,Job_IterationTime,Job_LaunchCount,Job_MaxIterationCount,Job_MaxWarmupIterationCount,Job_MemoryRandomization,Job_MinIterationCount,Job_MinWarmupIterationCount,Job_RunStrategy,Job_UnrollFactor,Job_WarmupCount,Job_Display,Params,Measurement_LaunchIndex,Measurement_IterationMode,Measurement_IterationStage,Measurement_IterationIndex,Measurement_Nanoseconds,Measurement_Operations,Measurement_Value,Gen_0,Gen_1,Gen_2,Allocated_Bytes
OutRefBenchmarks.DllImport_Out,PInvokeBench,OutRefBenchmarks,DllImport_Out,ShortRun,Default,Default,Default,Default,Default,Default,Default,Default,Default,Default,Default,Default,Default,Default,Default,Default,Default,Default,Default,Default,Default,Default,Default,Default,Default,Default,Default,Default,Default,Default,Default,3,Default,1,Default,Default,Default,Default,Default,Default,Default,3,"ShortRun(IterationCount=3, LaunchCount=1, WarmupCount=3)",,1,Overhead,Jitting,1,206700,1,206700,0,0,0,0
OutRefBenchmarks.DllImport_Out,PInvokeBench,OutRefBenchmarks,DllImport_Out,ShortRun,Default,Default,Default,Default,Default,Default,Default,Default,Default,Default,Default,Default,Default,Default,Default,Default,Default,Default,Default,Default,Default,Default,Default,Default,Default,Default,Default,Default,Default,Default,Default,3,Default,1,Default,Default,Default,Default,Default,Default,Default,3,"ShortRun(IterationCount=3, LaunchCount=1, WarmupCount=3)",,1,Workload,Jitting,1,653300,1,653300,0,0,0,0
OutRefBenchmarks.DllImport_Out,PInvokeBench,OutRefBenchmarks,DllImport_Out,ShortRun,Default,Default,Default,Default,Default,Default,Default,Default,Default,Default,Default,Default,Default,Default,Default,Default,Default,Default,Default,Default,Default,Default,Default,Default,Default,Default,Default,Default,Default,Default,Default,3,Default,1,Default,Default,Default,Default,Default,Default,Default,3,"ShortRun(IterationCount=3, LaunchCount=1, WarmupCount=3)",,1,Overhead,Jitting,2,330100,16,20631.25,0,0,0,0
OutRefBenchmarks.DllImport_Out,PInvokeBench,OutRefBenchmarks,DllImport_Out,ShortRun,Default,Default,Default,Default,Default,Default,Default,Default,Default,Default,Default,Default,Default,Default,Default,Default,Default,Default,Default,Default,Default,Default,Default,Default,Default,Default,Default,Default,Default,Default,Default,3,Default,1,Default,Default,Default,Default,Default,Default,Default,3,"ShortRun(IterationCount=3, LaunchCount=1, WarmupCount=3)",,1,Workload,Jitting,2,331400,16,20712.5,0,0,0,0
OutRefBenchmarks.DllImport_Out,PInvokeBench,OutRefBenchmarks,DllImport_Out,ShortRun,Default,Default,Default,Default,Default,Default,Default,Default,Default,Default,Default,Default,Default,Default,Default,Default,Default,Default,Default,Default,Default,Default,Default,Default,Default,Default,Default,Default,Default,Default,Default,3,Default,1,Default,Default,Default,Default,Default,Default,Default,3,"ShortRun(IterationCount=3, LaunchCount=1, WarmupCount=3)",,1,Workload,Pilot,1,1400,16,87.5,0,0,0,0
OutRefBenchmarks.DllImport_Out,PInvokeBench,OutRefBenchmarks,DllImport_Out,ShortRun,Default,Default,Default,Default,Default,Default,Default,Default,Default,Default,Default,Default,Default,Default,Default,Default,Default,Default,Default,Default,Default,Default,Default,Default,Default,Default,Default,Default,Default,Default,Default,3,Default,1,Default,Default,Default,Default,Default,Default,Default,3,"ShortRun(IterationCount=3, LaunchCount=1, WarmupCount=3)",,1,Workload,Pilot,2,1100,32,34.38,0,0,0,0
OutRefBenchmarks.DllImport_Out,PInvokeBench,OutRefBenchmarks,DllImport_Out,ShortRun,Default,Default,Default,Default,Default,Default,Default,Default,Default,Default,Default,Default,Default,Default,Default,Default,Default,Default,Default,Default,Default,Default,Default,Default,Default,Default,Default,Default,Default,Default,Default,3,Default,1,Default,Default,Default,Default,Default,Default,Default,3,"ShortRun(IterationCount=3, LaunchCount=1, WarmupCount=3)",,1,Workload,Pilot,3,700,64,10.94,0,0,0,0
OutRefBenchmarks.DllImport_Out,PInvokeBench,OutRefBenchmarks,DllImport_Out,ShortRun,Default,Default,Default,Default,Default,Default,Default,Default,Default,Default,Default,Default,Default,Default,Default,Default,Default,Default,Default,Default,Default,Default,Default,Default,Default,Default,Default,Default,Default,Default,Default,3,Default,1,Default,Default,Default,Default,Default,Default,Default,3,"ShortRun(IterationCount=3, LaunchCount=1, WarmupCount=3)",,1,Workload,Pilot,4,2500,128,19.53,0,0,0,0
OutRefBenchmarks.DllImport_Out,PInvokeBench,OutRefBenchmarks,DllImport_Out,ShortRun,Default,Default,Default,Default,Default,Default,Default,Default,Default,Default,Default,Default,Default,Default,Default,Default,Default,Default,Default,Default,Default,Default,Default,Default,Default,Default,Default,Default,Default,Default,Default,3,Default,1,Default,Default,Default,Default,Default,Default,Default,3,"ShortRun(IterationCount=3, LaunchCount=1, WarmupCount=3)",,1,Workload,Pilot,5,2600,256,10.16,0,0,0,0
OutRefBenchmarks.DllImport_Out,PInvokeBench,OutRefBenchmarks,DllImport_Out,ShortRun,Default,Default,Default,Default,Default,Default,Default,Default,Default,Default,Default,Default,Default,Default,Default,Default,Default,Default,Default,Default,Default,Default,Default,Default,Default,Default,Default,Default,Default,Default,Default,3,Default,1,Default,Default,Default,Default,Default,Default,Default,3,"ShortRun(IterationCount=3, LaunchCount=1, WarmupCount=3)",,1,Workload,Pilot,6,4200,512,8.2,0,0,0,0
OutRefBenchmarks.DllImport_Out,PInvokeBench,OutRefBenchmarks,DllImport_Out,ShortRun,Default,Default,Default,Default,Default,Default,Default,Default,Default,Default,Default,Default,Default,Default,Default,Default,Default,Default,Default,Default,Default,Default,Default,Default,Default,Default,Default,Default,Default,Default,Default,3,Default,1,Default,Default,Default,Default,Default,Default,Default,3,"ShortRun(IterationCount=3, LaunchCount=1, WarmupCount=3)",,1,Workload,Pilot,7,7400,1024,7.23,0,0,0,0
OutRefBenchmarks.DllImport_Out,PInvokeBench,OutRefBenchmarks,DllImport_Out,ShortRun,Default,Default,Default,Default,Default,Default,Default,Default,Default,Default,Default,Default,Default,Default,Default,Default,Default,Default,Default,Default,Default,Default,Default,Default,Default,Default,Default,Default,Default,Default,Default,3,Default,1,Default,Default,Default,Default,Default,Default,Default,3,"ShortRun(IterationCount=3, LaunchCount=1, WarmupCount=3)",,1,Workload,Pilot,8,14500,2048,7.08,0,0,0,0
OutRefBenchmarks.DllImport_Out,PInvokeBench,OutRefBenchmarks,DllImport_Out,ShortRun,Default,Default,Default,Default,Default,Default,Default,Default,Default,Default,Default,Default,Default,Default,Default,Default,Default,Default,Default,Default,Default,Default,Default,Default,Default,Default,Default,Default,Default,Default,Default,3,Default,1,Default,Default,Default,Default,Default,Default,Default,3,"ShortRun(IterationCount=3, LaunchCount=1, WarmupCount=3)",,1,Workload,Pilot,9,29400,4096,7.18,0,0,0,0
OutRefBenchmarks.DllImport_Out,PInvokeBench,OutRefBenchmarks,DllImport_Out,ShortRun,Default,Default,Default,Default,Default,Default,Default,Default,Default,Default,Default,Default,Default,Default,Default,Default,Default,Default,Default,Default,Default,Default,Default,Default,Default,Default,Default,Default,Default,Default,Default,3,Default,1,Default,Default,Default,Default,Default,Default,Default,3,"ShortRun(IterationCount=3, LaunchCount=1, WarmupCount=3)",,1,Workload,Pilot,10,58100,8192,7.09,0,0,0,0
OutRefBenchmarks.DllImport_Out,PInvokeBench,OutRefBenchmarks,DllImport_Out,ShortRun,Default,Default,Default,Default,Default,Default,Default,Default,Default,Default,Default,Default,Default,Default,Default,Default,Default,Default,Default,Default,Default,Default,Default,Default,Default,Default,Default,Default,Default,Default,Default,3,Default,1,Default,Default,Default,Default,Default,Default,Default,3,"ShortRun(IterationCount=3, LaunchCount=1, WarmupCount=3)",,1,Workload,Pilot,11,113600,16384,6.93,0,0,0,0
OutRefBenchmarks.DllImport_Out,PInvokeBench,OutRefBenchmarks,DllImport_Out,ShortRun,Default,Default,Default,Default,Default,Default,Default,Default,Default,Default,Default,Default,Default,Default,Default,Default,Default,Default,Default,Default,Default,Default,Default,Default,Default,Default,Default,Default,Default,Default,Default,3,Default,1,Default,Default,Default,Default,Default,Default,Default,3,"ShortRun(IterationCount=3, LaunchCount=1, WarmupCount=3)",,1,Workload,Pilot,12,225700,32768,6.89,0,0,0,0
OutRefBenchmarks.DllImport_Out,PInvokeBench,OutRefBenchmarks,DllImport_Out,ShortRun,Default,Default,Default,Default,Default,Default,Default,Default,Default,Default,Default,Default,Default,Default,Default,Default,Default,Default,Default,Default,Default,Default,Default,Default,Default,Default,Default,Default,Default,Default,Default,3,Default,1,Default,Default,Default,Default,Default,Default,Default,3,"ShortRun(IterationCount=3, LaunchCount=1, WarmupCount=3)",,1,Workload,Pilot,13,551800,65536,8.42,0,0,0,0
OutRefBenchmarks.DllImport_Out,PInvokeBench,OutRefBenchmarks,DllImport_Out,ShortRun,Default,Default,Default,Default,Default,Default,Default,Default,Default,Default,Default,Default,Default,Default,Default,Default,Default,Default,Default,Default,Default,Default,Default,Default,Default,Default,Default,Default,Default,Default,Default,3,Default,1,Default,Default,Default,Default,Default,Default,Default,3,"ShortRun(IterationCount=3, LaunchCount=1, WarmupCount=3)",,1,Workload,Pilot,14,986400,131072,7.53,0,0,0,0
OutRefBenchmarks.DllImport_Out,PInvokeBench,OutRefBenchmarks,DllImport_Out,ShortRun,Default,Default,Default,Default,Default,Default,Default,Default,Default,Default,Default,Default,Default,Default,Default,Default,Default,Default,Default,Default,Default,Default,Default,Default,Default,Default,Default,Default,Default,Default,Default,3,Default,1,Default,Default,Default,Default,Default,Default,Default,3,"ShortRun(IterationCount=3, LaunchCount=1, WarmupCount=3)",,1,Workload,Pilot,15,2075500,262144,7.92,0,0,0,0
OutRefBenchmarks.DllImport_Out,PInvokeBench,OutRefBenchmarks,DllImport_Out,ShortRun,Default,Default,Default,Default,Default,Default,Default,Default,Default,Default,Default,Default,Default,Default,Default,Default,Default,Default,Default,Default,Default,Default,Default,Default,Default,Default,Default,Default,Default,Default,Default,3,Default,1,Default,Default,Default,Default,Default,Default,Default,3,"ShortRun(IterationCount=3, LaunchCount=1, WarmupCount=3)",,1,Workload,Pilot,16,4310300,524288,8.22,0,0,0,0
OutRefBenchmarks.DllImport_Out,PInvokeBench,OutRefBenchmarks,DllImport_Out,ShortRun,Default,Default,Default,Default,Default,Default,Default,Default,Default,Default,Default,Default,Default,Default,Default,Default,Default,Default,Default,Default,Default,Default,Default,Default,Default,Default,Default,Default,Default,Default,Default,3,Default,1,Default,Default,Default,Default,Default,Default,Default,3,"ShortRun(IterationCount=3, LaunchCount=1, WarmupCount=3)",,1,Workload,Pilot,17,8910200,1048576,8.5,0,0,0,0
OutRefBenchmarks.DllImport_Out,PInvokeBench,OutRefBenchmarks,DllImport_Out,ShortRun,Default,Default,Default,Default,Default,Default,Default,Default,Default,Default,Default,Default,Default,Default,Default,Default,Default,Default,Default,Default,Default,Default,Default,Default,Default,Default,Default,Default,Default,Default,Default,3,Default,1,Default,Default,Default,Default,Default,Default,Default,3,"ShortRun(IterationCount=3, LaunchCount=1, WarmupCount=3)",,1,Workload,Pilot,18,18151200,2097152,8.66,0,0,0,0
OutRefBenchmarks.DllImport_Out,PInvokeBench,OutRefBenchmarks,DllImport_Out,ShortRun,Default,Default,Default,Default,Default,Default,Default,Default,Default,Default,Default,Default,Default,Default,Default,Default,Default,Default,Default,Default,Default,Default,Default,Default,Default,Default,Default,Default,Default,Default,Default,3,Default,1,Default,Default,Default,Default,Default,Default,Default,3,"ShortRun(IterationCount=3, LaunchCount=1, WarmupCount=3)",,1,Workload,Pilot,19,36935300,4194304,8.81,0,0,0,0
OutRefBenchmarks.DllImport_Out,PInvokeBench,OutRefBenchmarks,DllImport_Out,ShortRun,Default,Default,Default,Default,Default,Default,Default,Default,Default,Default,Default,Default,Default,Default,Default,Default,Default,Default,Default,Default,Default,Default,Default,Default,Default,Default,Default,Default,Default,Default,Default,3,Default,1,Default,Default,Default,Default,Default,Default,Default,3,"ShortRun(IterationCount=3, LaunchCount=1, WarmupCount=3)",,1,Workload,Pilot,20,72279400,8388608,8.62,0,0,0,0
OutRefBenchmarks.DllImport_Out,PInvokeBench,OutRefBenchmarks,DllImport_Out,ShortRun,Default,Default,Default,Default,Default,Default,Default,Default,Default,Default,Default,Default,Default,Default,Default,Default,Default,Default,Default,Default,Default,Default,Default,Default,Default,Default,Default,Default,Default,Default,Default,3,Default,1,Default,Default,Default,Default,Default,Default,Default,3,"ShortRun(IterationCount=3, LaunchCount=1, WarmupCount=3)",,1,Workload,Pilot,21,148192700,16777216,8.83,0,0,0,0
OutRefBenchmarks.DllImport_Out,PInvokeBench,OutRefBenchmarks,DllImport_Out,ShortRun,Default,Default,Default,Default,Default,Default,Default,Default,Default,Default,Default,Default,Default,Default,Default,Default,Default,Default,Default,Default,Default,Default,Default,Default,Default,Default,Default,Default,Default,Default,Default,3,Default,1,Default,Default,Default,Default,Default,Default,Default,3,"ShortRun(IterationCount=3, LaunchCount=1, WarmupCount=3)",,1,Workload,Pilot,22,289445700,33554432,8.63,0,0,0,0
OutRefBenchmarks.DllImport_Out,PInvokeBench,OutRefBenchmarks,DllImport_Out,ShortRun,Default,Default,Default,Default,Default,Default,Default,Default,Default,Default,Default,Default,Default,Default,Default,Default,Default,Default,Default,Default,Default,Default,Default,Default,Default,Default,Default,Default,Default,Default,Default,3,Default,1,Default,Default,Default,Default,Default,Default,Default,3,"ShortRun(IterationCount=3, LaunchCount=1, WarmupCount=3)",,1,Workload,Pilot,23,543155400,67108864,8.09,0,0,0,0
OutRefBenchmarks.DllImport_Out,PInvokeBench,OutRefBenchmarks,DllImport_Out,ShortRun,Default,Default,Default,Default,Default,Default,Default,Default,Default,Default,Default,Default,Default,Default,Default,Default,Default,Default,Default,Default,Default,Default,Default,Default,Default,Default,Default,Default,Default,Default,Default,3,Default,1,Default,Default,Default,Default,Default,Default,Default,3,"ShortRun(IterationCount=3, LaunchCount=1, WarmupCount=3)",,1,Overhead,Warmup,1,160267800,67108864,2.39,0,0,0,0
OutRefBenchmarks.DllImport_Out,PInvokeBench,OutRefBenchmarks,DllImport_Out,ShortRun,Default,Default,Default,Default,Default,Default,Default,Default,Default,Default,Default,Default,Default,Default,Default,Default,Default,Default,Default,Default,Default,Default,Default,Default,Default,Default,Default,Default,Default,Default,Default,3,Default,1,Default,Default,Default,Default,Default,Default,Default,3,"ShortRun(IterationCount=3, LaunchCount=1, WarmupCount=3)",,1,Overhead,Warmup,2,137345200,67108864,2.05,0,0,0,0
OutRefBenchmarks.DllImport_Out,PInvokeBench,OutRefBenchmarks,DllImport_Out,ShortRun,Default,Default,Default,Default,Default,Default,Default,Default,Default,Default,Default,Default,Default,Default,Default,Default,Default,Default,Default,Default,Default,Default,Default,Default,Default,Default,Default,Default,Default,Default,Default,3,Default,1,Default,Default,Default,Default,Default,Default,Default,3,"ShortRun(IterationCount=3, LaunchCount=1, WarmupCount=3)",,1,Overhead,Warmup,3,132565200,67108864,1.98,0,0,0,0
OutRefBenchmarks.DllImport_Out,PInvokeBench,OutRefBenchmarks,DllImport_Out,ShortRun,Default,Default,Default,Default,Default,Default,Default,Default,Default,Default,Default,Default,Default,Default,Default,Default,Default,Default,Default,Default,Default,Default,Default,Default,Default,Default,Default,Default,Default,Default,Default,3,Default,1,Default,Default,Default,Default,Default,Default,Default,3,"ShortRun(IterationCount=3, LaunchCount=1, WarmupCount=3)",,1,Overhead,Warmup,4,122616600,67108864,1.83,0,0,0,0
OutRefBenchmarks.DllImport_Out,PInvokeBench,OutRefBenchmarks,DllImport_Out,ShortRun,Default,Default,Default,Default,Default,Default,Default,Default,Default,Default,Default,Default,Default,Default,Default,Default,Default,Default,Default,Default,Default,Default,Default,Default,Default,Default,Default,Default,Default,Default,Default,3,Default,1,Default,Default,Default,Default,Default,Default,Default,3,"ShortRun(IterationCount=3, LaunchCount=1, WarmupCount=3)",,1,Overhead,Warmup,5,123109300,67108864,1.83,0,0,0,0
OutRefBenchmarks.DllImport_Out,PInvokeBench,OutRefBenchmarks,DllImport_Out,ShortRun,Default,Default,Default,Default,Default,Default,Default,Default,Default,Default,Default,Default,Default,Default,Default,Default,Default,Default,Default,Default,Default,Default,Default,Default,Default,Default,Default,Default,Default,Default,Default,3,Default,1,Default,Default,Default,Default,Default,Default,Default,3,"ShortRun(IterationCount=3, LaunchCount=1, WarmupCount=3)",,1,Overhead,Warmup,6,120537100,67108864,1.8,0,0,0,0
OutRefBenchmarks.DllImport_Out,PInvokeBench,OutRefBenchmarks,DllImport_Out,ShortRun,Default,Default,Default,Default,Default,Default,Default,Default,Default,Default,Default,Default,Default,Default,Default,Default,Default,Default,Default,Default,Default,Default,Default,Default,Default,Default,Default,Default,Default,Default,Default,3,Default,1,Default,Default,Default,Default,Default,Default,Default,3,"ShortRun(IterationCount=3, LaunchCount=1, WarmupCount=3)",,1,Overhead,Warmup,7,122167100,67108864,1.82,0,0,0,0
OutRefBenchmarks.DllImport_Out,PInvokeBench,OutRefBenchmarks,DllImport_Out,ShortRun,Default,Default,Default,Default,Default,Default,Default,Default,Default,Default,Default,Default,Default,Default,Default,Default,Default,Default,Default,Default,Default,Default,Default,Default,Default,Default,Default,Default,Default,Default,Default,3,Default,1,Default,Default,Default,Default,Default,Default,Default,3,"ShortRun(IterationCount=3, LaunchCount=1, WarmupCount=3)",,1,Overhead,Warmup,8,121622100,67108864,1.81,0,0,0,0
OutRefBenchmarks.DllImport_Out,PInvokeBench,OutRefBenchmarks,DllImport_Out,ShortRun,Default,Default,Default,Default,Default,Default,Default,Default,Default,Default,Default,Default,Default,Default,Default,Default,Default,Default,Default,Default,Default,Default,Default,Default,Default,Default,Default,Default,Default,Default,Default,3,Default,1,Default,Default,Default,Default,Default,Default,Default,3,"ShortRun(IterationCount=3, LaunchCount=1, WarmupCount=3)",,1,Overhead,Actual,1,120365400,67108864,1.79,0,0,0,0
OutRefBenchmarks.DllImport_Out,PInvokeBench,OutRefBenchmarks,DllImport_Out,ShortRun,Default,Default,Default,Default,Default,Default,Default,Default,Default,Default,Default,Default,Default,Default,Default,Default,Default,Default,Default,Default,Default,Default,Default,Default,Default,Default,Default,Default,Default,Default,Default,3,Default,1,Default,Default,Default,Default,Default,Default,Default,3,"ShortRun(IterationCount=3, LaunchCount=1, WarmupCount=3)",,1,Overhead,Actual,2,128080800,67108864,1.91,0,0,0,0
OutRefBenchmarks.DllImport_Out,PInvokeBench,OutRefBenchmarks,DllImport_Out,ShortRun,Default,Default,Default,Default,Default,Default,Default,Default,Default,Default,Default,Default,Default,Default,Default,Default,Default,Default,Default,Default,Default,Default,Default,Default,Default,Default,Default,Default,Default,Default,Default,3,Default,1,Default,Default,Default,Default,Default,Default,Default,3,"ShortRun(IterationCount=3, LaunchCount=1, WarmupCount=3)",,1,Overhead,Actual,3,161754100,67108864,2.41,0,0,0,0
OutRefBenchmarks.DllImport_Out,PInvokeBench,OutRefBenchmarks,DllImport_Out,ShortRun,Default,Default,Default,Default,Default,Default,Default,Default,Default,Default,Default,Default,Default,Default,Default,Default,Default,Default,Default,Default,Default,Default,Default,Default,Default,Default,Default,Default,Default,Default,Default,3,Default,1,Default,Default,Default,Default,Default,Default,Default,3,"ShortRun(IterationCount=3, LaunchCount=1, WarmupCount=3)",,1,Overhead,Actual,4,149709000,67108864,2.23,0,0,0,0
OutRefBenchmarks.DllImport_Out,PInvokeBench,OutRefBenchmarks,DllImport_Out,ShortRun,Default,Default,Default,Default,Default,Default,Default,Default,Default,Default,Default,Default,Default,Default,Default,Default,Default,Default,Default,Default,Default,Default,Default,Default,Default,Default,Default,Default,Default,Default,Default,3,Default,1,Default,Default,Default,Default,Default,Default,Default,3,"ShortRun(IterationCount=3, LaunchCount=1, WarmupCount=3)",,1,Overhead,Actual,5,133555300,67108864,1.99,0,0,0,0
OutRefBenchmarks.DllImport_Out,PInvokeBench,OutRefBenchmarks,DllImport_Out,ShortRun,Default,Default,Default,Default,Default,Default,Default,Default,Default,Default,Default,Default,Default,Default,Default,Default,Default,Default,Default,Default,Default,Default,Default,Default,Default,Default,Default,Default,Default,Default,Default,3,Default,1,Default,Default,Default,Default,Default,Default,Default,3,"ShortRun(IterationCount=3, LaunchCount=1, WarmupCount=3)",,1,Overhead,Actual,6,129401400,67108864,1.93,0,0,0,0
OutRefBenchmarks.DllImport_Out,PInvokeBench,OutRefBenchmarks,DllImport_Out,ShortRun,Default,Default,Default,Default,Default,Default,Default,Default,Default,Default,Default,Default,Default,Default,Default,Default,Default,Default,Default,Default,Default,Default,Default,Default,Default,Default,Default,Default,Default,Default,Default,3,Default,1,Default,Default,Default,Default,Default,Default,Default,3,"ShortRun(IterationCount=3, LaunchCount=1, WarmupCount=3)",,1,Overhead,Actual,7,133934000,67108864,2,0,0,0,0
OutRefBenchmarks.DllImport_Out,PInvokeBench,OutRefBenchmarks,DllImport_Out,ShortRun,Default,Default,Default,Default,Default,Default,Default,Default,Default,Default,Default,Default,Default,Default,Default,Default,Default,Default,Default,Default,Default,Default,Default,Default,Default,Default,Default,Default,Default,Default,Default,3,Default,1,Default,Default,Default,Default,Default,Default,Default,3,"ShortRun(IterationCount=3, LaunchCount=1, WarmupCount=3)",,1,Overhead,Actual,8,131446900,67108864,1.96,0,0,0,0
OutRefBenchmarks.DllImport_Out,PInvokeBench,OutRefBenchmarks,DllImport_Out,ShortRun,Default,Default,Default,Default,Default,Default,Default,Default,Default,Default,Default,Default,Default,Default,Default,Default,Default,Default,Default,Default,Default,Default,Default,Default,Default,Default,Default,Default,Default,Default,Default,3,Default,1,Default,Default,Default,Default,Default,Default,Default,3,"ShortRun(IterationCount=3, LaunchCount=1, WarmupCount=3)",,1,Overhead,Actual,9,130848000,67108864,1.95,0,0,0,0
OutRefBenchmarks.DllImport_Out,PInvokeBench,OutRefBenchmarks,DllImport_Out,ShortRun,Default,Default,Default,Default,Default,Default,Default,Default,Default,Default,Default,Default,Default,Default,Default,Default,Default,Default,Default,Default,Default,Default,Default,Default,Default,Default,Default,Default,Default,Default,Default,3,Default,1,Default,Default,Default,Default,Default,Default,Default,3,"ShortRun(IterationCount=3, LaunchCount=1, WarmupCount=3)",,1,Overhead,Actual,10,120505500,67108864,1.8,0,0,0,0
OutRefBenchmarks.DllImport_Out,PInvokeBench,OutRefBenchmarks,DllImport_Out,ShortRun,Default,Default,Default,Default,Default,Default,Default,Default,Default,Default,Default,Default,Default,Default,Default,Default,Default,Default,Default,Default,Default,Default,Default,Default,Default,Default,Default,Default,Default,Default,Default,3,Default,1,Default,Default,Default,Default,Default,Default,Default,3,"ShortRun(IterationCount=3, LaunchCount=1, WarmupCount=3)",,1,Overhead,Actual,11,122469100,67108864,1.82,0,0,0,0
OutRefBenchmarks.DllImport_Out,PInvokeBench,OutRefBenchmarks,DllImport_Out,ShortRun,Default,Default,Default,Default,Default,Default,Default,Default,Default,Default,Default,Default,Default,Default,Default,Default,Default,Default,Default,Default,Default,Default,Default,Default,Default,Default,Default,Default,Default,Default,Default,3,Default,1,Default,Default,Default,Default,Default,Default,Default,3,"ShortRun(IterationCount=3, LaunchCount=1, WarmupCount=3)",,1,Overhead,Actual,12,123438800,67108864,1.84,0,0,0,0
OutRefBenchmarks.DllImport_Out,PInvokeBench,OutRefBenchmarks,DllImport_Out,ShortRun,Default,Default,Default,Default,Default,Default,Default,Default,Default,Default,Default,Default,Default,Default,Default,Default,Default,Default,Default,Default,Default,Default,Default,Default,Default,Default,Default,Default,Default,Default,Default,3,Default,1,Default,Default,Default,Default,Default,Default,Default,3,"ShortRun(IterationCount=3, LaunchCount=1, WarmupCount=3)",,1,Overhead,Actual,13,121828300,67108864,1.82,0,0,0,0
OutRefBenchmarks.DllImport_Out,PInvokeBench,OutRefBenchmarks,DllImport_Out,ShortRun,Default,Default,Default,Default,Default,Default,Default,Default,Default,Default,Default,Default,Default,Default,Default,Default,Default,Default,Default,Default,Default,Default,Default,Default,Default,Default,Default,Default,Default,Default,Default,3,Default,1,Default,Default,Default,Default,Default,Default,Default,3,"ShortRun(IterationCount=3, LaunchCount=1, WarmupCount=3)",,1,Overhead,Actual,14,121538400,67108864,1.81,0,0,0,0
OutRefBenchmarks.DllImport_Out,PInvokeBench,OutRefBenchmarks,DllImport_Out,ShortRun,Default,Default,Default,Default,Default,Default,Default,Default,Default,Default,Default,Default,Default,Default,Default,Default,Default,Default,Default,Default,Default,Default,Default,Default,Default,Default,Default,Default,Default,Default,Default,3,Default,1,Default,Default,Default,Default,Default,Default,Default,3,"ShortRun(IterationCount=3, LaunchCount=1, WarmupCount=3)",,1,Overhead,Actual,15,122311600,67108864,1.82,0,0,0,0
OutRefBenchmarks.DllImport_Out,PInvokeBench,OutRefBenchmarks,DllImport_Out,ShortRun,Default,Default,Default,Default,Default,Default,Default,Default,Default,Default,Default,Default,Default,Default,Default,Default,Default,Default,Default,Default,Default,Default,Default,Default,Default,Default,Default,Default,Default,Default,Default,3,Default,1,Default,Default,Default,Default,Default,Default,Default,3,"ShortRun(IterationCount=3, LaunchCount=1, WarmupCount=3)",,1,Workload,Warmup,1,521219700,67108864,7.77,0,0,0,0
OutRefBenchmarks.DllImport_Out,PInvokeBench,OutRefBenchmarks,DllImport_Out,ShortRun,Default,Default,Default,Default,Default,Default,Default,Default,Default,Default,Default,Default,Default,Default,Default,Default,Default,Default,Default,Default,Default,Default,Default,Default,Default,Default,Default,Default,Default,Default,Default,3,Default,1,Default,Default,Default,Default,Default,Default,Default,3,"ShortRun(IterationCount=3, LaunchCount=1, WarmupCount=3)",,1,Workload,Warmup,2,527090600,67108864,7.85,0,0,0,0
OutRefBenchmarks.DllImport_Out,PInvokeBench,OutRefBenchmarks,DllImport_Out,ShortRun,Default,Default,Default,Default,Default,Default,Default,Default,Default,Default,Default,Default,Default,Default,Default,Default,Default,Default,Default,Default,Default,Default,Default,Default,Default,Default,Default,Default,Default,Default,Default,3,Default,1,Default,Default,Default,Default,Default,Default,Default,3,"ShortRun(IterationCount=3, LaunchCount=1, WarmupCount=3)",,1,Workload,Warmup,3,565646400,67108864,8.43,0,0,0,0
OutRefBenchmarks.DllImport_Out,PInvokeBench,OutRefBenchmarks,DllImport_Out,ShortRun,Default,Default,Default,Default,Default,Default,Default,Default,Default,Default,Default,Default,Default,Default,Default,Default,Default,Default,Default,Default,Default,Default,Default,Default,Default,Default,Default,Default,Default,Default,Default,3,Default,1,Default,Default,Default,Default,Default,Default,Default,3,"ShortRun(IterationCount=3, LaunchCount=1, WarmupCount=3)",,1,Workload,Actual,1,556760300,67108864,8.3,0,0,0,0
OutRefBenchmarks.DllImport_Out,PInvokeBench,OutRefBenchmarks,DllImport_Out,ShortRun,Default,Default,Default,Default,Default,Default,Default,Default,Default,Default,Default,Default,Default,Default,Default,Default,Default,Default,Default,Default,Default,Default,Default,Default,Default,Default,Default,Default,Default,Default,Default,3,Default,1,Default,Default,Default,Default,Default,Default,Default,3,"ShortRun(IterationCount=3, LaunchCount=1, WarmupCount=3)",,1,Workload,Actual,2,524159700,67108864,7.81,0,0,0,0
OutRefBenchmarks.DllImport_Out,PInvokeBench,OutRefBenchmarks,DllImport_Out,ShortRun,Default,Default,Default,Default,Default,Default,Default,Default,Default,Default,Default,Default,Default,Default,Default,Default,Default,Default,Default,Default,Default,Default,Default,Default,Default,Default,Default,Default,Default,Default,Default,3,Default,1,Default,Default,Default,Default,Default,Default,Default,3,"ShortRun(IterationCount=3, LaunchCount=1, WarmupCount=3)",,1,Workload,Actual,3,527311700,67108864,7.86,0,0,0,0
OutRefBenchmarks.DllImport_Out,PInvokeBench,OutRefBenchmarks,DllImport_Out,ShortRun,Default,Default,Default,Default,Default,Default,Default,Default,Default,Default,Default,Default,Default,Default,Default,Default,Default,Default,Default,Default,Default,Default,Default,Default,Default,Default,Default,Default,Default,Default,Default,3,Default,1,Default,Default,Default,Default,Default,Default,Default,3,"ShortRun(IterationCount=3, LaunchCount=1, WarmupCount=3)",,1,Workload,Result,1,428679500,67108864,6.39,0,0,0,0
OutRefBenchmarks.DllImport_Out,PInvokeBench,OutRefBenchmarks,DllImport_Out,ShortRun,Default,Default,Default,Default,Default,Default,Default,Default,Default,Default,Default,Default,Default,Default,Default,Default,Default,Default,Default,Default,Default,Default,Default,Default,Default,Default,Default,Default,Default,Default,Default,3,Default,1,Default,Default,Default,Default,Default,Default,Default,3,"ShortRun(IterationCount=3, LaunchCount=1, WarmupCount=3)",,1,Workload,Result,2,396078900,67108864,5.9,0,0,0,0
OutRefBenchmarks.DllImport_Out,PInvokeBench,OutRefBenchmarks,DllImport_Out,ShortRun,Default,Default,Default,Default,Default,Default,Default,Default,Default,Default,Default,Default,Default,Default,Default,Default,Default,Default,Default,Default,Default,Default,Default,Default,Default,Default,Default,Default,Default,Default,Default,3,Default,1,Default,Default,Default,Default,Default,Default,Default,3,"ShortRun(IterationCount=3, LaunchCount=1, WarmupCount=3)",,1,Workload,Result,3,399230900,67108864,5.95,0,0,0,0
OutRefBenchmarks.DllImport_Ref,PInvokeBench,OutRefBenchmarks,DllImport_Ref,ShortRun,Default,Default,Default,Default,Default,Default,Default,Default,Default,Default,Default,Default,Default,Default,Default,Default,Default,Default,Default,Default,Default,Default,Default,Default,Default,Default,Default,Default,Default,Default,Default,3,Default,1,Default,Default,Default,Default,Default,Default,Default,3,"ShortRun(IterationCount=3, LaunchCount=1, WarmupCount=3)",,1,Overhead,Jitting,1,196100,1,196100,0,0,0,0
OutRefBenchmarks.DllImport_Ref,PInvokeBench,OutRefBenchmarks,DllImport_Ref,ShortRun,Default,Default,Default,Default,Default,Default,Default,Default,Default,Default,Default,Default,Default,Default,Default,Default,Default,Default,Default,Default,Default,Default,Default,Default,Default,Default,Default,Default,Default,Default,Default,3,Default,1,Default,Default,Default,Default,Default,Default,Default,3,"ShortRun(IterationCount=3, LaunchCount=1, WarmupCount=3)",,1,Workload,Jitting,1,654600,1,654600,0,0,0,0
OutRefBenchmarks.DllImport_Ref,PInvokeBench,OutRefBenchmarks,DllImport_Ref,ShortRun,Default,Default,Default,Default,Default,Default,Default,Default,Default,Default,Default,Default,Default,Default,Default,Default,Default,Default,Default,Default,Default,Default,Default,Default,Default,Default,Default,Default,Default,Default,Default,3,Default,1,Default,Default,Default,Default,Default,Default,Default,3,"ShortRun(IterationCount=3, LaunchCount=1, WarmupCount=3)",,1,Overhead,Jitting,2,305000,16,19062.5,0,0,0,0
OutRefBenchmarks.DllImport_Ref,PInvokeBench,OutRefBenchmarks,DllImport_Ref,ShortRun,Default,Default,Default,Default,Default,Default,Default,Default,Default,Default,Default,Default,Default,Default,Default,Default,Default,Default,Default,Default,Default,Default,Default,Default,Default,Default,Default,Default,Default,Default,Default,3,Default,1,Default,Default,Default,Default,Default,Default,Default,3,"ShortRun(IterationCount=3, LaunchCount=1, WarmupCount=3)",,1,Workload,Jitting,2,318100,16,19881.25,0,0,0,0
OutRefBenchmarks.DllImport_Ref,PInvokeBench,OutRefBenchmarks,DllImport_Ref,ShortRun,Default,Default,Default,Default,Default,Default,Default,Default,Default,Default,Default,Default,Default,Default,Default,Default,Default,Default,Default,Default,Default,Default,Default,Default,Default,Default,Default,Default,Default,Default,Default,3,Default,1,Default,Default,Default,Default,Default,Default,Default,3,"ShortRun(IterationCount=3, LaunchCount=1, WarmupCount=3)",,1,Workload,Pilot,1,900,16,56.25,0,0,0,0
OutRefBenchmarks.DllImport_Ref,PInvokeBench,OutRefBenchmarks,DllImport_Ref,ShortRun,Default,Default,Default,Default,Default,Default,Default,Default,Default,Default,Default,Default,Default,Default,Default,Default,Default,Default,Default,Default,Default,Default,Default,Default,Default,Default,Default,Default,Default,Default,Default,3,Default,1,Default,Default,Default,Default,Default,Default,Default,3,"ShortRun(IterationCount=3, LaunchCount=1, WarmupCount=3)",,1,Workload,Pilot,2,1200,32,37.5,0,0,0,0
OutRefBenchmarks.DllImport_Ref,PInvokeBench,OutRefBenchmarks,DllImport_Ref,ShortRun,Default,Default,Default,Default,Default,Default,Default,Default,Default,Default,Default,Default,Default,Default,Default,Default,Default,Default,Default,Default,Default,Default,Default,Default,Default,Default,Default,Default,Default,Default,Default,3,Default,1,Default,Default,Default,Default,Default,Default,Default,3,"ShortRun(IterationCount=3, LaunchCount=1, WarmupCount=3)",,1,Workload,Pilot,3,900,64,14.06,0,0,0,0
OutRefBenchmarks.DllImport_Ref,PInvokeBench,OutRefBenchmarks,DllImport_Ref,ShortRun,Default,Default,Default,Default,Default,Default,Default,Default,Default,Default,Default,Default,Default,Default,Default,Default,Default,Default,Default,Default,Default,Default,Default,Default,Default,Default,Default,Default,Default,Default,Default,3,Default,1,Default,Default,Default,Default,Default,Default,Default,3,"ShortRun(IterationCount=3, LaunchCount=1, WarmupCount=3)",,1,Workload,Pilot,4,1300,128,10.16,0,0,0,0
OutRefBenchmarks.DllImport_Ref,PInvokeBench,OutRefBenchmarks,DllImport_Ref,ShortRun,Default,Default,Default,Default,Default,Default,Default,Default,Default,Default,Default,Default,Default,Default,Default,Default,Default,Default,Default,Default,Default,Default,Default,Default,Default,Default,Default,Default,Default,Default,Default,3,Default,1,Default,Default,Default,Default,Default,Default,Default,3,"ShortRun(IterationCount=3, LaunchCount=1, WarmupCount=3)",,1,Workload,Pilot,5,2100,256,8.2,0,0,0,0
OutRefBenchmarks.DllImport_Ref,PInvokeBench,OutRefBenchmarks,DllImport_Ref,ShortRun,Default,Default,Default,Default,Default,Default,Default,Default,Default,Default,Default,Default,Default,Default,Default,Default,Default,Default,Default,Default,Default,Default,Default,Default,Default,Default,Default,Default,Default,Default,Default,3,Default,1,Default,Default,Default,Default,Default,Default,Default,3,"ShortRun(IterationCount=3, LaunchCount=1, WarmupCount=3)",,1,Workload,Pilot,6,4300,512,8.4,0,0,0,0
OutRefBenchmarks.DllImport_Ref,PInvokeBench,OutRefBenchmarks,DllImport_Ref,ShortRun,Default,Default,Default,Default,Default,Default,Default,Default,Default,Default,Default,Default,Default,Default,Default,Default,Default,Default,Default,Default,Default,Default,Default,Default,Default,Default,Default,Default,Default,Default,Default,3,Default,1,Default,Default,Default,Default,Default,Default,Default,3,"ShortRun(IterationCount=3, LaunchCount=1, WarmupCount=3)",,1,Workload,Pilot,7,8000,1024,7.81,0,0,0,0
OutRefBenchmarks.DllImport_Ref,PInvokeBench,OutRefBenchmarks,DllImport_Ref,ShortRun,Default,Default,Default,Default,Default,Default,Default,Default,Default,Default,Default,Default,Default,Default,Default,Default,Default,Default,Default,Default,Default,Default,Default,Default,Default,Default,Default,Default,Default,Default,Default,3,Default,1,Default,Default,Default,Default,Default,Default,Default,3,"ShortRun(IterationCount=3, LaunchCount=1, WarmupCount=3)",,1,Workload,Pilot,8,15100,2048,7.37,0,0,0,0
OutRefBenchmarks.DllImport_Ref,PInvokeBench,OutRefBenchmarks,DllImport_Ref,ShortRun,Default,Default,Default,Default,Default,Default,Default,Default,Default,Default,Default,Default,Default,Default,Default,Default,Default,Default,Default,Default,Default,Default,Default,Default,Default,Default,Default,Default,Default,Default,Default,3,Default,1,Default,Default,Default,Default,Default,Default,Default,3,"ShortRun(IterationCount=3, LaunchCount=1, WarmupCount=3)",,1,Workload,Pilot,9,29500,4096,7.2,0,0,0,0
OutRefBenchmarks.DllImport_Ref,PInvokeBench,OutRefBenchmarks,DllImport_Ref,ShortRun,Default,Default,Default,Default,Default,Default,Default,Default,Default,Default,Default,Default,Default,Default,Default,Default,Default,Default,Default,Default,Default,Default,Default,Default,Default,Default,Default,Default,Default,Default,Default,3,Default,1,Default,Default,Default,Default,Default,Default,Default,3,"ShortRun(IterationCount=3, LaunchCount=1, WarmupCount=3)",,1,Workload,Pilot,10,58000,8192,7.08,0,0,0,0
OutRefBenchmarks.DllImport_Ref,PInvokeBench,OutRefBenchmarks,DllImport_Ref,ShortRun,Default,Default,Default,Default,Default,Default,Default,Default,Default,Default,Default,Default,Default,Default,Default,Default,Default,Default,Default,Default,Default,Default,Default,Default,Default,Default,Default,Default,Default,Default,Default,3,Default,1,Default,Default,Default,Default,Default,Default,Default,3,"ShortRun(IterationCount=3, LaunchCount=1, WarmupCount=3)",,1,Workload,Pilot,11,115400,16384,7.04,0,0,0,0
OutRefBenchmarks.DllImport_Ref,PInvokeBench,OutRefBenchmarks,DllImport_Ref,ShortRun,Default,Default,Default,Default,Default,Default,Default,Default,Default,Default,Default,Default,Default,Default,Default,Default,Default,Default,Default,Default,Default,Default,Default,Default,Default,Default,Default,Default,Default,Default,Default,3,Default,1,Default,Default,Default,Default,Default,Default,Default,3,"ShortRun(IterationCount=3, LaunchCount=1, WarmupCount=3)",,1,Workload,Pilot,12,230800,32768,7.04,0,0,0,0
OutRefBenchmarks.DllImport_Ref,PInvokeBench,OutRefBenchmarks,DllImport_Ref,ShortRun,Default,Default,Default,Default,Default,Default,Default,Default,Default,Default,Default,Default,Default,Default,Default,Default,Default,Default,Default,Default,Default,Default,Default,Default,Default,Default,Default,Default,Default,Default,Default,3,Default,1,Default,Default,Default,Default,Default,Default,Default,3,"ShortRun(IterationCount=3, LaunchCount=1, WarmupCount=3)",,1,Workload,Pilot,13,462300,65536,7.05,0,0,0,0
OutRefBenchmarks.DllImport_Ref,PInvokeBench,OutRefBenchmarks,DllImport_Ref,ShortRun,Default,Default,Default,Default,Default,Default,Default,Default,Default,Default,Default,Default,Default,Default,Default,Default,Default,Default,Default,Default,Default,Default,Default,Default,Default,Default,Default,Default,Default,Default,Default,3,Default,1,Default,Default,Default,Default,Default,Default,Default,3,"ShortRun(IterationCount=3, LaunchCount=1, WarmupCount=3)",,1,Workload,Pilot,14,987700,131072,7.54,0,0,0,0
OutRefBenchmarks.DllImport_Ref,PInvokeBench,OutRefBenchmarks,DllImport_Ref,ShortRun,Default,Default,Default,Default,Default,Default,Default,Default,Default,Default,Default,Default,Default,Default,Default,Default,Default,Default,Default,Default,Default,Default,Default,Default,Default,Default,Default,Default,Default,Default,Default,3,Default,1,Default,Default,Default,Default,Default,Default,Default,3,"ShortRun(IterationCount=3, LaunchCount=1, WarmupCount=3)",,1,Workload,Pilot,15,2145700,262144,8.19,0,0,0,0
OutRefBenchmarks.DllImport_Ref,PInvokeBench,OutRefBenchmarks,DllImport_Ref,ShortRun,Default,Default,Default,Default,Default,Default,Default,Default,Default,Default,Default,Default,Default,Default,Default,Default,Default,Default,Default,Default,Default,Default,Default,Default,Default,Default,Default,Default,Default,Default,Default,3,Default,1,Default,Default,Default,Default,Default,Default,Default,3,"ShortRun(IterationCount=3, LaunchCount=1, WarmupCount=3)",,1,Workload,Pilot,16,4386400,524288,8.37,0,0,0,0
OutRefBenchmarks.DllImport_Ref,PInvokeBench,OutRefBenchmarks,DllImport_Ref,ShortRun,Default,Default,Default,Default,Default,Default,Default,Default,Default,Default,Default,Default,Default,Default,Default,Default,Default,Default,Default,Default,Default,Default,Default,Default,Default,Default,Default,Default,Default,Default,Default,3,Default,1,Default,Default,Default,Default,Default,Default,Default,3,"ShortRun(IterationCount=3, LaunchCount=1, WarmupCount=3)",,1,Workload,Pilot,17,8893300,1048576,8.48,0,0,0,0
OutRefBenchmarks.DllImport_Ref,PInvokeBench,OutRefBenchmarks,DllImport_Ref,ShortRun,Default,Default,Default,Default,Default,Default,Default,Default,Default,Default,Default,Default,Default,Default,Default,Default,Default,Default,Default,Default,Default,Default,Default,Default,Default,Default,Default,Default,Default,Default,Default,3,Default,1,Default,Default,Default,Default,Default,Default,Default,3,"ShortRun(IterationCount=3, LaunchCount=1, WarmupCount=3)",,1,Workload,Pilot,18,17935000,2097152,8.55,0,0,0,0
OutRefBenchmarks.DllImport_Ref,PInvokeBench,OutRefBenchmarks,DllImport_Ref,ShortRun,Default,Default,Default,Default,Default,Default,Default,Default,Default,Default,Default,Default,Default,Default,Default,Default,Default,Default,Default,Default,Default,Default,Default,Default,Default,Default,Default,Default,Default,Default,Default,3,Default,1,Default,Default,Default,Default,Default,Default,Default,3,"ShortRun(IterationCount=3, LaunchCount=1, WarmupCount=3)",,1,Workload,Pilot,19,35821200,4194304,8.54,0,0,0,0
OutRefBenchmarks.DllImport_Ref,PInvokeBench,OutRefBenchmarks,DllImport_Ref,ShortRun,Default,Default,Default,Default,Default,Default,Default,Default,Default,Default,Default,Default,Default,Default,Default,Default,Default,Default,Default,Default,Default,Default,Default,Default,Default,Default,Default,Default,Default,Default,Default,3,Default,1,Default,Default,Default,Default,Default,Default,Default,3,"ShortRun(IterationCount=3, LaunchCount=1, WarmupCount=3)",,1,Workload,Pilot,20,70825700,8388608,8.44,0,0,0,0
OutRefBenchmarks.DllImport_Ref,PInvokeBench,OutRefBenchmarks,DllImport_Ref,ShortRun,Default,Default,Default,Default,Default,Default,Default,Default,Default,Default,Default,Default,Default,Default,Default,Default,Default,Default,Default,Default,Default,Default,Default,Default,Default,Default,Default,Default,Default,Default,Default,3,Default,1,Default,Default,Default,Default,Default,Default,Default,3,"ShortRun(IterationCount=3, LaunchCount=1, WarmupCount=3)",,1,Workload,Pilot,21,147765400,16777216,8.81,0,0,0,0
OutRefBenchmarks.DllImport_Ref,PInvokeBench,OutRefBenchmarks,DllImport_Ref,ShortRun,Default,Default,Default,Default,Default,Default,Default,Default,Default,Default,Default,Default,Default,Default,Default,Default,Default,Default,Default,Default,Default,Default,Default,Default,Default,Default,Default,Default,Default,Default,Default,3,Default,1,Default,Default,Default,Default,Default,Default,Default,3,"ShortRun(IterationCount=3, LaunchCount=1, WarmupCount=3)",,1,Workload,Pilot,22,291811400,33554432,8.7,0,0,0,0
OutRefBenchmarks.DllImport_Ref,PInvokeBench,OutRefBenchmarks,DllImport_Ref,ShortRun,Default,Default,Default,Default,Default,Default,Default,Default,Default,Default,Default,Default,Default,Default,Default,Default,Default,Default,Default,Default,Default,Default,Default,Default,Default,Default,Default,Default,Default,Default,Default,3,Default,1,Default,Default,Default,Default,Default,Default,Default,3,"ShortRun(IterationCount=3, LaunchCount=1, WarmupCount=3)",,1,Workload,Pilot,23,539641300,67108864,8.04,0,0,0,0
OutRefBenchmarks.DllImport_Ref,PInvokeBench,OutRefBenchmarks,DllImport_Ref,ShortRun,Default,Default,Default,Default,Default,Default,Default,Default,Default,Default,Default,Default,Default,Default,Default,Default,Default,Default,Default,Default,Default,Default,Default,Default,Default,Default,Default,Default,Default,Default,Default,3,Default,1,Default,Default,Default,Default,Default,Default,Default,3,"ShortRun(IterationCount=3, LaunchCount=1, WarmupCount=3)",,1,Overhead,Warmup,1,164496600,67108864,2.45,0,0,0,0
OutRefBenchmarks.DllImport_Ref,PInvokeBench,OutRefBenchmarks,DllImport_Ref,ShortRun,Default,Default,Default,Default,Default,Default,Default,Default,Default,Default,Default,Default,Default,Default,Default,Default,Default,Default,Default,Default,Default,Default,Default,Default,Default,Default,Default,Default,Default,Default,Default,3,Default,1,Default,Default,Default,Default,Default,Default,Default,3,"ShortRun(IterationCount=3, LaunchCount=1, WarmupCount=3)",,1,Overhead,Warmup,2,147533100,67108864,2.2,0,0,0,0
OutRefBenchmarks.DllImport_Ref,PInvokeBench,OutRefBenchmarks,DllImport_Ref,ShortRun,Default,Default,Default,Default,Default,Default,Default,Default,Default,Default,Default,Default,Default,Default,Default,Default,Default,Default,Default,Default,Default,Default,Default,Default,Default,Default,Default,Default,Default,Default,Default,3,Default,1,Default,Default,Default,Default,Default,Default,Default,3,"ShortRun(IterationCount=3, LaunchCount=1, WarmupCount=3)",,1,Overhead,Warmup,3,134319900,67108864,2,0,0,0,0
OutRefBenchmarks.DllImport_Ref,PInvokeBench,OutRefBenchmarks,DllImport_Ref,ShortRun,Default,Default,Default,Default,Default,Default,Default,Default,Default,Default,Default,Default,Default,Default,Default,Default,Default,Default,Default,Default,Default,Default,Default,Default,Default,Default,Default,Default,Default,Default,Default,3,Default,1,Default,Default,Default,Default,Default,Default,Default,3,"ShortRun(IterationCount=3, LaunchCount=1, WarmupCount=3)",,1,Overhead,Warmup,4,131601600,67108864,1.96,0,0,0,0
OutRefBenchmarks.DllImport_Ref,PInvokeBench,OutRefBenchmarks,DllImport_Ref,ShortRun,Default,Default,Default,Default,Default,Default,Default,Default,Default,Default,Default,Default,Default,Default,Default,Default,Default,Default,Default,Default,Default,Default,Default,Default,Default,Default,Default,Default,Default,Default,Default,3,Default,1,Default,Default,Default,Default,Default,Default,Default,3,"ShortRun(IterationCount=3, LaunchCount=1, WarmupCount=3)",,1,Overhead,Warmup,5,123468800,67108864,1.84,0,0,0,0
OutRefBenchmarks.DllImport_Ref,PInvokeBench,OutRefBenchmarks,DllImport_Ref,ShortRun,Default,Default,Default,Default,Default,Default,Default,Default,Default,Default,Default,Default,Default,Default,Default,Default,Default,Default,Default,Default,Default,Default,Default,Default,Default,Default,Default,Default,Default,Default,Default,3,Default,1,Default,Default,Default,Default,Default,Default,Default,3,"ShortRun(IterationCount=3, LaunchCount=1, WarmupCount=3)",,1,Overhead,Warmup,6,126848200,67108864,1.89,0,0,0,0
OutRefBenchmarks.DllImport_Ref,PInvokeBench,OutRefBenchmarks,DllImport_Ref,ShortRun,Default,Default,Default,Default,Default,Default,Default,Default,Default,Default,Default,Default,Default,Default,Default,Default,Default,Default,Default,Default,Default,Default,Default,Default,Default,Default,Default,Default,Default,Default,Default,3,Default,1,Default,Default,Default,Default,Default,Default,Default,3,"ShortRun(IterationCount=3, LaunchCount=1, WarmupCount=3)",,1,Overhead,Warmup,7,132249300,67108864,1.97,0,0,0,0
OutRefBenchmarks.DllImport_Ref,PInvokeBench,OutRefBenchmarks,DllImport_Ref,ShortRun,Default,Default,Default,Default,Default,Default,Default,Default,Default,Default,Default,Default,Default,Default,Default,Default,Default,Default,Default,Default,Default,Default,Default,Default,Default,Default,Default,Default,Default,Default,Default,3,Default,1,Default,Default,Default,Default,Default,Default,Default,3,"ShortRun(IterationCount=3, LaunchCount=1, WarmupCount=3)",,1,Overhead,Warmup,8,129634200,67108864,1.93,0,0,0,0
OutRefBenchmarks.DllImport_Ref,PInvokeBench,OutRefBenchmarks,DllImport_Ref,ShortRun,Default,Default,Default,Default,Default,Default,Default,Default,Default,Default,Default,Default,Default,Default,Default,Default,Default,Default,Default,Default,Default,Default,Default,Default,Default,Default,Default,Default,Default,Default,Default,3,Default,1,Default,Default,Default,Default,Default,Default,Default,3,"ShortRun(IterationCount=3, LaunchCount=1, WarmupCount=3)",,1,Overhead,Warmup,9,126799300,67108864,1.89,0,0,0,0
OutRefBenchmarks.DllImport_Ref,PInvokeBench,OutRefBenchmarks,DllImport_Ref,ShortRun,Default,Default,Default,Default,Default,Default,Default,Default,Default,Default,Default,Default,Default,Default,Default,Default,Default,Default,Default,Default,Default,Default,Default,Default,Default,Default,Default,Default,Default,Default,Default,3,Default,1,Default,Default,Default,Default,Default,Default,Default,3,"ShortRun(IterationCount=3, LaunchCount=1, WarmupCount=3)",,1,Overhead,Warmup,10,126439800,67108864,1.88,0,0,0,0
OutRefBenchmarks.DllImport_Ref,PInvokeBench,OutRefBenchmarks,DllImport_Ref,ShortRun,Default,Default,Default,Default,Default,Default,Default,Default,Default,Default,Default,Default,Default,Default,Default,Default,Default,Default,Default,Default,Default,Default,Default,Default,Default,Default,Default,Default,Default,Default,Default,3,Default,1,Default,Default,Default,Default,Default,Default,Default,3,"ShortRun(IterationCount=3, LaunchCount=1, WarmupCount=3)",,1,Overhead,Actual,1,139418400,67108864,2.08,0,0,0,0
OutRefBenchmarks.DllImport_Ref,PInvokeBench,OutRefBenchmarks,DllImport_Ref,ShortRun,Default,Default,Default,Default,Default,Default,Default,Default,Default,Default,Default,Default,Default,Default,Default,Default,Default,Default,Default,Default,Default,Default,Default,Default,Default,Default,Default,Default,Default,Default,Default,3,Default,1,Default,Default,Default,Default,Default,Default,Default,3,"ShortRun(IterationCount=3, LaunchCount=1, WarmupCount=3)",,1,Overhead,Actual,2,127383000,67108864,1.9,0,0,0,0
OutRefBenchmarks.DllImport_Ref,PInvokeBench,OutRefBenchmarks,DllImport_Ref,ShortRun,Default,Default,Default,Default,Default,Default,Default,Default,Default,Default,Default,Default,Default,Default,Default,Default,Default,Default,Default,Default,Default,Default,Default,Default,Default,Default,Default,Default,Default,Default,Default,3,Default,1,Default,Default,Default,Default,Default,Default,Default,3,"ShortRun(IterationCount=3, LaunchCount=1, WarmupCount=3)",,1,Overhead,Actual,3,123436600,67108864,1.84,0,0,0,0
OutRefBenchmarks.DllImport_Ref,PInvokeBench,OutRefBenchmarks,DllImport_Ref,ShortRun,Default,Default,Default,Default,Default,Default,Default,Default,Default,Default,Default,Default,Default,Default,Default,Default,Default,Default,Default,Default,Default,Default,Default,Default,Default,Default,Default,Default,Default,Default,Default,3,Default,1,Default,Default,Default,Default,Default,Default,Default,3,"ShortRun(IterationCount=3, LaunchCount=1, WarmupCount=3)",,1,Overhead,Actual,4,124732800,67108864,1.86,0,0,0,0
OutRefBenchmarks.DllImport_Ref,PInvokeBench,OutRefBenchmarks,DllImport_Ref,ShortRun,Default,Default,Default,Default,Default,Default,Default,Default,Default,Default,Default,Default,Default,Default,Default,Default,Default,Default,Default,Default,Default,Default,Default,Default,Default,Default,Default,Default,Default,Default,Default,3,Default,1,Default,Default,Default,Default,Default,Default,Default,3,"ShortRun(IterationCount=3, LaunchCount=1, WarmupCount=3)",,1,Overhead,Actual,5,126217700,67108864,1.88,0,0,0,0
OutRefBenchmarks.DllImport_Ref,PInvokeBench,OutRefBenchmarks,DllImport_Ref,ShortRun,Default,Default,Default,Default,Default,Default,Default,Default,Default,Default,Default,Default,Default,Default,Default,Default,Default,Default,Default,Default,Default,Default,Default,Default,Default,Default,Default,Default,Default,Default,Default,3,Default,1,Default,Default,Default,Default,Default,Default,Default,3,"ShortRun(IterationCount=3, LaunchCount=1, WarmupCount=3)",,1,Overhead,Actual,6,123300000,67108864,1.84,0,0,0,0
OutRefBenchmarks.DllImport_Ref,PInvokeBench,OutRefBenchmarks,DllImport_Ref,ShortRun,Default,Default,Default,Default,Default,Default,Default,Default,Default,Default,Default,Default,Default,Default,Default,Default,Default,Default,Default,Default,Default,Default,Default,Default,Default,Default,Default,Default,Default,Default,Default,3,Default,1,Default,Default,Default,Default,Default,Default,Default,3,"ShortRun(IterationCount=3, LaunchCount=1, WarmupCount=3)",,1,Overhead,Actual,7,125288300,67108864,1.87,0,0,0,0
OutRefBenchmarks.DllImport_Ref,PInvokeBench,OutRefBenchmarks,DllImport_Ref,ShortRun,Default,Default,Default,Default,Default,Default,Default,Default,Default,Default,Default,Default,Default,Default,Default,Default,Default,Default,Default,Default,Default,Default,Default,Default,Default,Default,Default,Default,Default,Default,Default,3,Default,1,Default,Default,Default,Default,Default,Default,Default,3,"ShortRun(IterationCount=3, LaunchCount=1, WarmupCount=3)",,1,Overhead,Actual,8,125382700,67108864,1.87,0,0,0,0
OutRefBenchmarks.DllImport_Ref,PInvokeBench,OutRefBenchmarks,DllImport_Ref,ShortRun,Default,Default,Default,Default,Default,Default,Default,Default,Default,Default,Default,Default,Default,Default,Default,Default,Default,Default,Default,Default,Default,Default,Default,Default,Default,Default,Default,Default,Default,Default,Default,3,Default,1,Default,Default,Default,Default,Default,Default,Default,3,"ShortRun(IterationCount=3, LaunchCount=1, WarmupCount=3)",,1,Overhead,Actual,9,126414100,67108864,1.88,0,0,0,0
OutRefBenchmarks.DllImport_Ref,PInvokeBench,OutRefBenchmarks,DllImport_Ref,ShortRun,Default,Default,Default,Default,Default,Default,Default,Default,Default,Default,Default,Default,Default,Default,Default,Default,Default,Default,Default,Default,Default,Default,Default,Default,Default,Default,Default,Default,Default,Default,Default,3,Default,1,Default,Default,Default,Default,Default,Default,Default,3,"ShortRun(IterationCount=3, LaunchCount=1, WarmupCount=3)",,1,Overhead,Actual,10,123445000,67108864,1.84,0,0,0,0
OutRefBenchmarks.DllImport_Ref,PInvokeBench,OutRefBenchmarks,DllImport_Ref,ShortRun,Default,Default,Default,Default,Default,Default,Default,Default,Default,Default,Default,Default,Default,Default,Default,Default,Default,Default,Default,Default,Default,Default,Default,Default,Default,Default,Default,Default,Default,Default,Default,3,Default,1,Default,Default,Default,Default,Default,Default,Default,3,"ShortRun(IterationCount=3, LaunchCount=1, WarmupCount=3)",,1,Overhead,Actual,11,131548000,67108864,1.96,0,0,0,0
OutRefBenchmarks.DllImport_Ref,PInvokeBench,OutRefBenchmarks,DllImport_Ref,ShortRun,Default,Default,Default,Default,Default,Default,Default,Default,Default,Default,Default,Default,Default,Default,Default,Default,Default,Default,Default,Default,Default,Default,Default,Default,Default,Default,Default,Default,Default,Default,Default,3,Default,1,Default,Default,Default,Default,Default,Default,Default,3,"ShortRun(IterationCount=3, LaunchCount=1, WarmupCount=3)",,1,Overhead,Actual,12,132082200,67108864,1.97,0,0,0,0
OutRefBenchmarks.DllImport_Ref,PInvokeBench,OutRefBenchmarks,DllImport_Ref,ShortRun,Default,Default,Default,Default,Default,Default,Default,Default,Default,Default,Default,Default,Default,Default,Default,Default,Default,Default,Default,Default,Default,Default,Default,Default,Default,Default,Default,Default,Default,Default,Default,3,Default,1,Default,Default,Default,Default,Default,Default,Default,3,"ShortRun(IterationCount=3, LaunchCount=1, WarmupCount=3)",,1,Overhead,Actual,13,133452800,67108864,1.99,0,0,0,0
OutRefBenchmarks.DllImport_Ref,PInvokeBench,OutRefBenchmarks,DllImport_Ref,ShortRun,Default,Default,Default,Default,Default,Default,Default,Default,Default,Default,Default,Default,Default,Default,Default,Default,Default,Default,Default,Default,Default,Default,Default,Default,Default,Default,Default,Default,Default,Default,Default,3,Default,1,Default,Default,Default,Default,Default,Default,Default,3,"ShortRun(IterationCount=3, LaunchCount=1, WarmupCount=3)",,1,Overhead,Actual,14,131791100,67108864,1.96,0,0,0,0
OutRefBenchmarks.DllImport_Ref,PInvokeBench,OutRefBenchmarks,DllImport_Ref,ShortRun,Default,Default,Default,Default,Default,Default,Default,Default,Default,Default,Default,Default,Default,Default,Default,Default,Default,Default,Default,Default,Default,Default,Default,Default,Default,Default,Default,Default,Default,Default,Default,3,Default,1,Default,Default,Default,Default,Default,Default,Default,3,"ShortRun(IterationCount=3, LaunchCount=1, WarmupCount=3)",,1,Overhead,Actual,15,137874400,67108864,2.05,0,0,0,0
OutRefBenchmarks.DllImport_Ref,PInvokeBench,OutRefBenchmarks,DllImport_Ref,ShortRun,Default,Default,Default,Default,Default,Default,Default,Default,Default,Default,Default,Default,Default,Default,Default,Default,Default,Default,Default,Default,Default,Default,Default,Default,Default,Default,Default,Default,Default,Default,Default,3,Default,1,Default,Default,Default,Default,Default,Default,Default,3,"ShortRun(IterationCount=3, LaunchCount=1, WarmupCount=3)",,1,Workload,Warmup,1,548350700,67108864,8.17,0,0,0,0
OutRefBenchmarks.DllImport_Ref,PInvokeBench,OutRefBenchmarks,DllImport_Ref,ShortRun,Default,Default,Default,Default,Default,Default,Default,Default,Default,Default,Default,Default,Default,Default,Default,Default,Default,Default,Default,Default,Default,Default,Default,Default,Default,Default,Default,Default,Default,Default,Default,3,Default,1,Default,Default,Default,Default,Default,Default,Default,3,"ShortRun(IterationCount=3, LaunchCount=1, WarmupCount=3)",,1,Workload,Warmup,2,622086600,67108864,9.27,0,0,0,0
OutRefBenchmarks.DllImport_Ref,PInvokeBench,OutRefBenchmarks,DllImport_Ref,ShortRun,Default,Default,Default,Default,Default,Default,Default,Default,Default,Default,Default,Default,Default,Default,Default,Default,Default,Default,Default,Default,Default,Default,Default,Default,Default,Default,Default,Default,Default,Default,Default,3,Default,1,Default,Default,Default,Default,Default,Default,Default,3,"ShortRun(IterationCount=3, LaunchCount=1, WarmupCount=3)",,1,Workload,Warmup,3,648869400,67108864,9.67,0,0,0,0
OutRefBenchmarks.DllImport_Ref,PInvokeBench,OutRefBenchmarks,DllImport_Ref,ShortRun,Default,Default,Default,Default,Default,Default,Default,Default,Default,Default,Default,Default,Default,Default,Default,Default,Default,Default,Default,Default,Default,Default,Default,Default,Default,Default,Default,Default,Default,Default,Default,3,Default,1,Default,Default,Default,Default,Default,Default,Default,3,"ShortRun(IterationCount=3, LaunchCount=1, WarmupCount=3)",,1,Workload,Actual,1,598425500,67108864,8.92,0,0,0,0
OutRefBenchmarks.DllImport_Ref,PInvokeBench,OutRefBenchmarks,DllImport_Ref,ShortRun,Default,Default,Default,Default,Default,Default,Default,Default,Default,Default,Default,Default,Default,Default,Default,Default,Default,Default,Default,Default,Default,Default,Default,Default,Default,Default,Default,Default,Default,Default,Default,3,Default,1,Default,Default,Default,Default,Default,Default,Default,3,"ShortRun(IterationCount=3, LaunchCount=1, WarmupCount=3)",,1,Workload,Actual,2,580376800,67108864,8.65,0,0,0,0
OutRefBenchmarks.DllImport_Ref,PInvokeBench,OutRefBenchmarks,DllImport_Ref,ShortRun,Default,Default,Default,Default,Default,Default,Default,Default,Default,Default,Default,Default,Default,Default,Default,Default,Default,Default,Default,Default,Default,Default,Default,Default,Default,Default,Default,Default,Default,Default,Default,3,Default,1,Default,Default,Default,Default,Default,Default,Default,3,"ShortRun(IterationCount=3, LaunchCount=1, WarmupCount=3)",,1,Workload,Actual,3,572210800,67108864,8.53,0,0,0,0
OutRefBenchmarks.DllImport_Ref,PInvokeBench,OutRefBenchmarks,DllImport_Ref,ShortRun,Default,Default,Default,Default,Default,Default,Default,Default,Default,Default,Default,Default,Default,Default,Default,Default,Default,Default,Default,Default,Default,Default,Default,Default,Default,Default,Default,Default,Default,Default,Default,3,Default,1,Default,Default,Default,Default,Default,Default,Default,3,"ShortRun(IterationCount=3, LaunchCount=1, WarmupCount=3)",,1,Workload,Result,1,472011400,67108864,7.03,0,0,0,0
OutRefBenchmarks.DllImport_Ref,PInvokeBench,OutRefBenchmarks,DllImport_Ref,ShortRun,Default,Default,Default,Default,Default,Default,Default,Default,Default,Default,Default,Default,Default,Default,Default,Default,Default,Default,Default,Default,Default,Default,Default,Default,Default,Default,Default,Default,Default,Default,Default,3,Default,1,Default,Default,Default,Default,Default,Default,Default,3,"ShortRun(IterationCount=3, LaunchCount=1, WarmupCount=3)",,1,Workload,Result,2,453962700,67108864,6.76,0,0,0,0
OutRefBenchmarks.DllImport_Ref,PInvokeBench,OutRefBenchmarks,DllImport_Ref,ShortRun,Default,Default,Default,Default,Default,Default,Default,Default,Default,Default,Default,Default,Default,Default,Default,Default,Default,Default,Default,Default,Default,Default,Default,Default,Default,Default,Default,Default,Default,Default,Default,3,Default,1,Default,Default,Default,Default,Default,Default,Default,3,"ShortRun(IterationCount=3, LaunchCount=1, WarmupCount=3)",,1,Workload,Result,3,445796700,67108864,6.64,0,0,0,0
OutRefBenchmarks.DllImport_Pointer,PInvokeBench,OutRefBenchmarks,DllImport_Pointer,ShortRun,Default,Default,Default,Default,Default,Default,Default,Default,Default,Default,Default,Default,Default,Default,Default,Default,Default,Default,Default,Default,Default,Default,Default,Default,Default,Default,Default,Default,Default,Default,Default,3,Default,1,Default,Default,Default,Default,Default,Default,Default,3,"ShortRun(IterationCount=3, LaunchCount=1, WarmupCount=3)",,1,Overhead,Jitting,1,193400,1,193400,0,0,0,0
OutRefBenchmarks.DllImport_Pointer,PInvokeBench,OutRefBenchmarks,DllImport_Pointer,ShortRun,Default,Default,Default,Default,Default,Default,Default,Default,Default,Default,Default,Default,Default,Default,Default,Default,Default,Default,Default,Default,Default,Default,Default,Default,Default,Default,Default,Default,Default,Default,Default,3,Default,1,Default,Default,Default,Default,Default,Default,Default,3,"ShortRun(IterationCount=3, LaunchCount=1, WarmupCount=3)",,1,Workload,Jitting,1,515800,1,515800,0,0,0,0
OutRefBenchmarks.DllImport_Pointer,PInvokeBench,OutRefBenchmarks,DllImport_Pointer,ShortRun,Default,Default,Default,Default,Default,Default,Default,Default,Default,Default,Default,Default,Default,Default,Default,Default,Default,Default,Default,Default,Default,Default,Default,Default,Default,Default,Default,Default,Default,Default,Default,3,Default,1,Default,Default,Default,Default,Default,Default,Default,3,"ShortRun(IterationCount=3, LaunchCount=1, WarmupCount=3)",,1,Overhead,Jitting,2,297500,16,18593.75,0,0,0,0
OutRefBenchmarks.DllImport_Pointer,PInvokeBench,OutRefBenchmarks,DllImport_Pointer,ShortRun,Default,Default,Default,Default,Default,Default,Default,Default,Default,Default,Default,Default,Default,Default,Default,Default,Default,Default,Default,Default,Default,Default,Default,Default,Default,Default,Default,Default,Default,Default,Default,3,Default,1,Default,Default,Default,Default,Default,Default,Default,3,"ShortRun(IterationCount=3, LaunchCount=1, WarmupCount=3)",,1,Workload,Jitting,2,283100,16,17693.75,0,0,0,0
OutRefBenchmarks.DllImport_Pointer,PInvokeBench,OutRefBenchmarks,DllImport_Pointer,ShortRun,Default,Default,Default,Default,Default,Default,Default,Default,Default,Default,Default,Default,Default,Default,Default,Default,Default,Default,Default,Default,Default,Default,Default,Default,Default,Default,Default,Default,Default,Default,Default,3,Default,1,Default,Default,Default,Default,Default,Default,Default,3,"ShortRun(IterationCount=3, LaunchCount=1, WarmupCount=3)",,1,Workload,Pilot,1,600,16,37.5,0,0,0,0
OutRefBenchmarks.DllImport_Pointer,PInvokeBench,OutRefBenchmarks,DllImport_Pointer,ShortRun,Default,Default,Default,Default,Default,Default,Default,Default,Default,Default,Default,Default,Default,Default,Default,Default,Default,Default,Default,Default,Default,Default,Default,Default,Default,Default,Default,Default,Default,Default,Default,3,Default,1,Default,Default,Default,Default,Default,Default,Default,3,"ShortRun(IterationCount=3, LaunchCount=1, WarmupCount=3)",,1,Workload,Pilot,2,700,32,21.88,0,0,0,0
OutRefBenchmarks.DllImport_Pointer,PInvokeBench,OutRefBenchmarks,DllImport_Pointer,ShortRun,Default,Default,Default,Default,Default,Default,Default,Default,Default,Default,Default,Default,Default,Default,Default,Default,Default,Default,Default,Default,Default,Default,Default,Default,Default,Default,Default,Default,Default,Default,Default,3,Default,1,Default,Default,Default,Default,Default,Default,Default,3,"ShortRun(IterationCount=3, LaunchCount=1, WarmupCount=3)",,1,Workload,Pilot,3,700,64,10.94,0,0,0,0
OutRefBenchmarks.DllImport_Pointer,PInvokeBench,OutRefBenchmarks,DllImport_Pointer,ShortRun,Default,Default,Default,Default,Default,Default,Default,Default,Default,Default,Default,Default,Default,Default,Default,Default,Default,Default,Default,Default,Default,Default,Default,Default,Default,Default,Default,Default,Default,Default,Default,3,Default,1,Default,Default,Default,Default,Default,Default,Default,3,"ShortRun(IterationCount=3, LaunchCount=1, WarmupCount=3)",,1,Workload,Pilot,4,1500,128,11.72,0,0,0,0
OutRefBenchmarks.DllImport_Pointer,PInvokeBench,OutRefBenchmarks,DllImport_Pointer,ShortRun,Default,Default,Default,Default,Default,Default,Default,Default,Default,Default,Default,Default,Default,Default,Default,Default,Default,Default,Default,Default,Default,Default,Default,Default,Default,Default,Default,Default,Default,Default,Default,3,Default,1,Default,Default,Default,Default,Default,Default,Default,3,"ShortRun(IterationCount=3, LaunchCount=1, WarmupCount=3)",,1,Workload,Pilot,5,2100,256,8.2,0,0,0,0
OutRefBenchmarks.DllImport_Pointer,PInvokeBench,OutRefBenchmarks,DllImport_Pointer,ShortRun,Default,Default,Default,Default,Default,Default,Default,Default,Default,Default,Default,Default,Default,Default,Default,Default,Default,Default,Default,Default,Default,Default,Default,Default,Default,Default,Default,Default,Default,Default,Default,3,Default,1,Default,Default,Default,Default,Default,Default,Default,3,"ShortRun(IterationCount=3, LaunchCount=1, WarmupCount=3)",,1,Workload,Pilot,6,3700,512,7.23,0,0,0,0
OutRefBenchmarks.DllImport_Pointer,PInvokeBench,OutRefBenchmarks,DllImport_Pointer,ShortRun,Default,Default,Default,Default,Default,Default,Default,Default,Default,Default,Default,Default,Default,Default,Default,Default,Default,Default,Default,Default,Default,Default,Default,Default,Default,Default,Default,Default,Default,Default,Default,3,Default,1,Default,Default,Default,Default,Default,Default,Default,3,"ShortRun(IterationCount=3, LaunchCount=1, WarmupCount=3)",,1,Workload,Pilot,7,7300,1024,7.13,0,0,0,0
OutRefBenchmarks.DllImport_Pointer,PInvokeBench,OutRefBenchmarks,DllImport_Pointer,ShortRun,Default,Default,Default,Default,Default,Default,Default,Default,Default,Default,Default,Default,Default,Default,Default,Default,Default,Default,Default,Default,Default,Default,Default,Default,Default,Default,Default,Default,Default,Default,Default,3,Default,1,Default,Default,Default,Default,Default,Default,Default,3,"ShortRun(IterationCount=3, LaunchCount=1, WarmupCount=3)",,1,Workload,Pilot,8,13700,2048,6.69,0,0,0,0
OutRefBenchmarks.DllImport_Pointer,PInvokeBench,OutRefBenchmarks,DllImport_Pointer,ShortRun,Default,Default,Default,Default,Default,Default,Default,Default,Default,Default,Default,Default,Default,Default,Default,Default,Default,Default,Default,Default,Default,Default,Default,Default,Default,Default,Default,Default,Default,Default,Default,3,Default,1,Default,Default,Default,Default,Default,Default,Default,3,"ShortRun(IterationCount=3, LaunchCount=1, WarmupCount=3)",,1,Workload,Pilot,9,26500,4096,6.47,0,0,0,0
OutRefBenchmarks.DllImport_Pointer,PInvokeBench,OutRefBenchmarks,DllImport_Pointer,ShortRun,Default,Default,Default,Default,Default,Default,Default,Default,Default,Default,Default,Default,Default,Default,Default,Default,Default,Default,Default,Default,Default,Default,Default,Default,Default,Default,Default,Default,Default,Default,Default,3,Default,1,Default,Default,Default,Default,Default,Default,Default,3,"ShortRun(IterationCount=3, LaunchCount=1, WarmupCount=3)",,1,Workload,Pilot,10,52400,8192,6.4,0,0,0,0
OutRefBenchmarks.DllImport_Pointer,PInvokeBench,OutRefBenchmarks,DllImport_Pointer,ShortRun,Default,Default,Default,Default,Default,Default,Default,Default,Default,Default,Default,Default,Default,Default,Default,Default,Default,Default,Default,Default,Default,Default,Default,Default,Default,Default,Default,Default,Default,Default,Default,3,Default,1,Default,Default,Default,Default,Default,Default,Default,3,"ShortRun(IterationCount=3, LaunchCount=1, WarmupCount=3)",,1,Workload,Pilot,11,104500,16384,6.38,0,0,0,0
OutRefBenchmarks.DllImport_Pointer,PInvokeBench,OutRefBenchmarks,DllImport_Pointer,ShortRun,Default,Default,Default,Default,Default,Default,Default,Default,Default,Default,Default,Default,Default,Default,Default,Default,Default,Default,Default,Default,Default,Default,Default,Default,Default,Default,Default,Default,Default,Default,Default,3,Default,1,Default,Default,Default,Default,Default,Default,Default,3,"ShortRun(IterationCount=3, LaunchCount=1, WarmupCount=3)",,1,Workload,Pilot,12,223900,32768,6.83,0,0,0,0
OutRefBenchmarks.DllImport_Pointer,PInvokeBench,OutRefBenchmarks,DllImport_Pointer,ShortRun,Default,Default,Default,Default,Default,Default,Default,Default,Default,Default,Default,Default,Default,Default,Default,Default,Default,Default,Default,Default,Default,Default,Default,Default,Default,Default,Default,Default,Default,Default,Default,3,Default,1,Default,Default,Default,Default,Default,Default,Default,3,"ShortRun(IterationCount=3, LaunchCount=1, WarmupCount=3)",,1,Workload,Pilot,13,415700,65536,6.34,0,0,0,0
OutRefBenchmarks.DllImport_Pointer,PInvokeBench,OutRefBenchmarks,DllImport_Pointer,ShortRun,Default,Default,Default,Default,Default,Default,Default,Default,Default,Default,Default,Default,Default,Default,Default,Default,Default,Default,Default,Default,Default,Default,Default,Default,Default,Default,Default,Default,Default,Default,Default,3,Default,1,Default,Default,Default,Default,Default,Default,Default,3,"ShortRun(IterationCount=3, LaunchCount=1, WarmupCount=3)",,1,Workload,Pilot,14,865300,131072,6.6,0,0,0,0
OutRefBenchmarks.DllImport_Pointer,PInvokeBench,OutRefBenchmarks,DllImport_Pointer,ShortRun,Default,Default,Default,Default,Default,Default,Default,Default,Default,Default,Default,Default,Default,Default,Default,Default,Default,Default,Default,Default,Default,Default,Default,Default,Default,Default,Default,Default,Default,Default,Default,3,Default,1,Default,Default,Default,Default,Default,Default,Default,3,"ShortRun(IterationCount=3, LaunchCount=1, WarmupCount=3)",,1,Workload,Pilot,15,1879100,262144,7.17,0,0,0,0
OutRefBenchmarks.DllImport_Pointer,PInvokeBench,OutRefBenchmarks,DllImport_Pointer,ShortRun,Default,Default,Default,Default,Default,Default,Default,Default,Default,Default,Default,Default,Default,Default,Default,Default,Default,Default,Default,Default,Default,Default,Default,Default,Default,Default,Default,Default,Default,Default,Default,3,Default,1,Default,Default,Default,Default,Default,Default,Default,3,"ShortRun(IterationCount=3, LaunchCount=1, WarmupCount=3)",,1,Workload,Pilot,16,3799800,524288,7.25,0,0,0,0
OutRefBenchmarks.DllImport_Pointer,PInvokeBench,OutRefBenchmarks,DllImport_Pointer,ShortRun,Default,Default,Default,Default,Default,Default,Default,Default,Default,Default,Default,Default,Default,Default,Default,Default,Default,Default,Default,Default,Default,Default,Default,Default,Default,Default,Default,Default,Default,Default,Default,3,Default,1,Default,Default,Default,Default,Default,Default,Default,3,"ShortRun(IterationCount=3, LaunchCount=1, WarmupCount=3)",,1,Workload,Pilot,17,8073200,1048576,7.7,0,0,0,0
OutRefBenchmarks.DllImport_Pointer,PInvokeBench,OutRefBenchmarks,DllImport_Pointer,ShortRun,Default,Default,Default,Default,Default,Default,Default,Default,Default,Default,Default,Default,Default,Default,Default,Default,Default,Default,Default,Default,Default,Default,Default,Default,Default,Default,Default,Default,Default,Default,Default,3,Default,1,Default,Default,Default,Default,Default,Default,Default,3,"ShortRun(IterationCount=3, LaunchCount=1, WarmupCount=3)",,1,Workload,Pilot,18,15632400,2097152,7.45,0,0,0,0
OutRefBenchmarks.DllImport_Pointer,PInvokeBench,OutRefBenchmarks,DllImport_Pointer,ShortRun,Default,Default,Default,Default,Default,Default,Default,Default,Default,Default,Default,Default,Default,Default,Default,Default,Default,Default,Default,Default,Default,Default,Default,Default,Default,Default,Default,Default,Default,Default,Default,3,Default,1,Default,Default,Default,Default,Default,Default,Default,3,"ShortRun(IterationCount=3, LaunchCount=1, WarmupCount=3)",,1,Workload,Pilot,19,31301900,4194304,7.46,0,0,0,0
OutRefBenchmarks.DllImport_Pointer,PInvokeBench,OutRefBenchmarks,DllImport_Pointer,ShortRun,Default,Default,Default,Default,Default,Default,Default,Default,Default,Default,Default,Default,Default,Default,Default,Default,Default,Default,Default,Default,Default,Default,Default,Default,Default,Default,Default,Default,Default,Default,Default,3,Default,1,Default,Default,Default,Default,Default,Default,Default,3,"ShortRun(IterationCount=3, LaunchCount=1, WarmupCount=3)",,1,Workload,Pilot,20,62337000,8388608,7.43,0,0,0,0
OutRefBenchmarks.DllImport_Pointer,PInvokeBench,OutRefBenchmarks,DllImport_Pointer,ShortRun,Default,Default,Default,Default,Default,Default,Default,Default,Default,Default,Default,Default,Default,Default,Default,Default,Default,Default,Default,Default,Default,Default,Default,Default,Default,Default,Default,Default,Default,Default,Default,3,Default,1,Default,Default,Default,Default,Default,Default,Default,3,"ShortRun(IterationCount=3, LaunchCount=1, WarmupCount=3)",,1,Workload,Pilot,21,109945100,16777216,6.55,0,0,0,0
OutRefBenchmarks.DllImport_Pointer,PInvokeBench,OutRefBenchmarks,DllImport_Pointer,ShortRun,Default,Default,Default,Default,Default,Default,Default,Default,Default,Default,Default,Default,Default,Default,Default,Default,Default,Default,Default,Default,Default,Default,Default,Default,Default,Default,Default,Default,Default,Default,Default,3,Default,1,Default,Default,Default,Default,Default,Default,Default,3,"ShortRun(IterationCount=3, LaunchCount=1, WarmupCount=3)",,1,Workload,Pilot,22,214898800,33554432,6.4,0,0,0,0
OutRefBenchmarks.DllImport_Pointer,PInvokeBench,OutRefBenchmarks,DllImport_Pointer,ShortRun,Default,Default,Default,Default,Default,Default,Default,Default,Default,Default,Default,Default,Default,Default,Default,Default,Default,Default,Default,Default,Default,Default,Default,Default,Default,Default,Default,Default,Default,Default,Default,3,Default,1,Default,Default,Default,Default,Default,Default,Default,3,"ShortRun(IterationCount=3, LaunchCount=1, WarmupCount=3)",,1,Workload,Pilot,23,461188800,67108864,6.87,0,0,0,0
OutRefBenchmarks.DllImport_Pointer,PInvokeBench,OutRefBenchmarks,DllImport_Pointer,ShortRun,Default,Default,Default,Default,Default,Default,Default,Default,Default,Default,Default,Default,Default,Default,Default,Default,Default,Default,Default,Default,Default,Default,Default,Default,Default,Default,Default,Default,Default,Default,Default,3,Default,1,Default,Default,Default,Default,Default,Default,Default,3,"ShortRun(IterationCount=3, LaunchCount=1, WarmupCount=3)",,1,Workload,Pilot,24,879888800,134217728,6.56,0,0,0,0
OutRefBenchmarks.DllImport_Pointer,PInvokeBench,OutRefBenchmarks,DllImport_Pointer,ShortRun,Default,Default,Default,Default,Default,Default,Default,Default,Default,Default,Default,Default,Default,Default,Default,Default,Default,Default,Default,Default,Default,Default,Default,Default,Default,Default,Default,Default,Default,Default,Default,3,Default,1,Default,Default,Default,Default,Default,Default,Default,3,"ShortRun(IterationCount=3, LaunchCount=1, WarmupCount=3)",,1,Overhead,Warmup,1,309929800,134217728,2.31,0,0,0,0
OutRefBenchmarks.DllImport_Pointer,PInvokeBench,OutRefBenchmarks,DllImport_Pointer,ShortRun,Default,Default,Default,Default,Default,Default,Default,Default,Default,Default,Default,Default,Default,Default,Default,Default,Default,Default,Default,Default,Default,Default,Default,Default,Default,Default,Default,Default,Default,Default,Default,3,Default,1,Default,Default,Default,Default,Default,Default,Default,3,"ShortRun(IterationCount=3, LaunchCount=1, WarmupCount=3)",,1,Overhead,Warmup,2,252810300,134217728,1.88,0,0,0,0
OutRefBenchmarks.DllImport_Pointer,PInvokeBench,OutRefBenchmarks,DllImport_Pointer,ShortRun,Default,Default,Default,Default,Default,Default,Default,Default,Default,Default,Default,Default,Default,Default,Default,Default,Default,Default,Default,Default,Default,Default,Default,Default,Default,Default,Default,Default,Default,Default,Default,3,Default,1,Default,Default,Default,Default,Default,Default,Default,3,"ShortRun(IterationCount=3, LaunchCount=1, WarmupCount=3)",,1,Overhead,Warmup,3,249058700,134217728,1.86,0,0,0,0
OutRefBenchmarks.DllImport_Pointer,PInvokeBench,OutRefBenchmarks,DllImport_Pointer,ShortRun,Default,Default,Default,Default,Default,Default,Default,Default,Default,Default,Default,Default,Default,Default,Default,Default,Default,Default,Default,Default,Default,Default,Default,Default,Default,Default,Default,Default,Default,Default,Default,3,Default,1,Default,Default,Default,Default,Default,Default,Default,3,"ShortRun(IterationCount=3, LaunchCount=1, WarmupCount=3)",,1,Overhead,Warmup,4,250720800,134217728,1.87,0,0,0,0
OutRefBenchmarks.DllImport_Pointer,PInvokeBench,OutRefBenchmarks,DllImport_Pointer,ShortRun,Default,Default,Default,Default,Default,Default,Default,Default,Default,Default,Default,Default,Default,Default,Default,Default,Default,Default,Default,Default,Default,Default,Default,Default,Default,Default,Default,Default,Default,Default,Default,3,Default,1,Default,Default,Default,Default,Default,Default,Default,3,"ShortRun(IterationCount=3, LaunchCount=1, WarmupCount=3)",,1,Overhead,Warmup,5,248492200,134217728,1.85,0,0,0,0
OutRefBenchmarks.DllImport_Pointer,PInvokeBench,OutRefBenchmarks,DllImport_Pointer,ShortRun,Default,Default,Default,Default,Default,Default,Default,Default,Default,Default,Default,Default,Default,Default,Default,Default,Default,Default,Default,Default,Default,Default,Default,Default,Default,Default,Default,Default,Default,Default,Default,3,Default,1,Default,Default,Default,Default,Default,Default,Default,3,"ShortRun(IterationCount=3, LaunchCount=1, WarmupCount=3)",,1,Overhead,Warmup,6,278000900,134217728,2.07,0,0,0,0
OutRefBenchmarks.DllImport_Pointer,PInvokeBench,OutRefBenchmarks,DllImport_Pointer,ShortRun,Default,Default,Default,Default,Default,Default,Default,Default,Default,Default,Default,Default,Default,Default,Default,Default,Default,Default,Default,Default,Default,Default,Default,Default,Default,Default,Default,Default,Default,Default,Default,3,Default,1,Default,Default,Default,Default,Default,Default,Default,3,"ShortRun(IterationCount=3, LaunchCount=1, WarmupCount=3)",,1,Overhead,Warmup,7,271095900,134217728,2.02,0,0,0,0
OutRefBenchmarks.DllImport_Pointer,PInvokeBench,OutRefBenchmarks,DllImport_Pointer,ShortRun,Default,Default,Default,Default,Default,Default,Default,Default,Default,Default,Default,Default,Default,Default,Default,Default,Default,Default,Default,Default,Default,Default,Default,Default,Default,Default,Default,Default,Default,Default,Default,3,Default,1,Default,Default,Default,Default,Default,Default,Default,3,"ShortRun(IterationCount=3, LaunchCount=1, WarmupCount=3)",,1,Overhead,Actual,1,268125100,134217728,2,0,0,0,0
OutRefBenchmarks.DllImport_Pointer,PInvokeBench,OutRefBenchmarks,DllImport_Pointer,ShortRun,Default,Default,Default,Default,Default,Default,Default,Default,Default,Default,Default,Default,Default,Default,Default,Default,Default,Default,Default,Default,Default,Default,Default,Default,Default,Default,Default,Default,Default,Default,Default,3,Default,1,Default,Default,Default,Default,Default,Default,Default,3,"ShortRun(IterationCount=3, LaunchCount=1, WarmupCount=3)",,1,Overhead,Actual,2,246259700,134217728,1.83,0,0,0,0
OutRefBenchmarks.DllImport_Pointer,PInvokeBench,OutRefBenchmarks,DllImport_Pointer,ShortRun,Default,Default,Default,Default,Default,Default,Default,Default,Default,Default,Default,Default,Default,Default,Default,Default,Default,Default,Default,Default,Default,Default,Default,Default,Default,Default,Default,Default,Default,Default,Default,3,Default,1,Default,Default,Default,Default,Default,Default,Default,3,"ShortRun(IterationCount=3, LaunchCount=1, WarmupCount=3)",,1,Overhead,Actual,3,246832700,134217728,1.84,0,0,0,0
OutRefBenchmarks.DllImport_Pointer,PInvokeBench,OutRefBenchmarks,DllImport_Pointer,ShortRun,Default,Default,Default,Default,Default,Default,Default,Default,Default,Default,Default,Default,Default,Default,Default,Default,Default,Default,Default,Default,Default,Default,Default,Default,Default,Default,Default,Default,Default,Default,Default,3,Default,1,Default,Default,Default,Default,Default,Default,Default,3,"ShortRun(IterationCount=3, LaunchCount=1, WarmupCount=3)",,1,Overhead,Actual,4,274531400,134217728,2.05,0,0,0,0
OutRefBenchmarks.DllImport_Pointer,PInvokeBench,OutRefBenchmarks,DllImport_Pointer,ShortRun,Default,Default,Default,Default,Default,Default,Default,Default,Default,Default,Default,Default,Default,Default,Default,Default,Default,Default,Default,Default,Default,Default,Default,Default,Default,Default,Default,Default,Default,Default,Default,3,Default,1,Default,Default,Default,Default,Default,Default,Default,3,"ShortRun(IterationCount=3, LaunchCount=1, WarmupCount=3)",,1,Overhead,Actual,5,266371700,134217728,1.98,0,0,0,0
OutRefBenchmarks.DllImport_Pointer,PInvokeBench,OutRefBenchmarks,DllImport_Pointer,ShortRun,Default,Default,Default,Default,Default,Default,Default,Default,Default,Default,Default,Default,Default,Default,Default,Default,Default,Default,Default,Default,Default,Default,Default,Default,Default,Default,Default,Default,Default,Default,Default,3,Default,1,Default,Default,Default,Default,Default,Default,Default,3,"ShortRun(IterationCount=3, LaunchCount=1, WarmupCount=3)",,1,Overhead,Actual,6,256737000,134217728,1.91,0,0,0,0
OutRefBenchmarks.DllImport_Pointer,PInvokeBench,OutRefBenchmarks,DllImport_Pointer,ShortRun,Default,Default,Default,Default,Default,Default,Default,Default,Default,Default,Default,Default,Default,Default,Default,Default,Default,Default,Default,Default,Default,Default,Default,Default,Default,Default,Default,Default,Default,Default,Default,3,Default,1,Default,Default,Default,Default,Default,Default,Default,3,"ShortRun(IterationCount=3, LaunchCount=1, WarmupCount=3)",,1,Overhead,Actual,7,265659100,134217728,1.98,0,0,0,0
OutRefBenchmarks.DllImport_Pointer,PInvokeBench,OutRefBenchmarks,DllImport_Pointer,ShortRun,Default,Default,Default,Default,Default,Default,Default,Default,Default,Default,Default,Default,Default,Default,Default,Default,Default,Default,Default,Default,Default,Default,Default,Default,Default,Default,Default,Default,Default,Default,Default,3,Default,1,Default,Default,Default,Default,Default,Default,Default,3,"ShortRun(IterationCount=3, LaunchCount=1, WarmupCount=3)",,1,Overhead,Actual,8,250509700,134217728,1.87,0,0,0,0
OutRefBenchmarks.DllImport_Pointer,PInvokeBench,OutRefBenchmarks,DllImport_Pointer,ShortRun,Default,Default,Default,Default,Default,Default,Default,Default,Default,Default,Default,Default,Default,Default,Default,Default,Default,Default,Default,Default,Default,Default,Default,Default,Default,Default,Default,Default,Default,Default,Default,3,Default,1,Default,Default,Default,Default,Default,Default,Default,3,"ShortRun(IterationCount=3, LaunchCount=1, WarmupCount=3)",,1,Overhead,Actual,9,249594700,134217728,1.86,0,0,0,0
OutRefBenchmarks.DllImport_Pointer,PInvokeBench,OutRefBenchmarks,DllImport_Pointer,ShortRun,Default,Default,Default,Default,Default,Default,Default,Default,Default,Default,Default,Default,Default,Default,Default,Default,Default,Default,Default,Default,Default,Default,Default,Default,Default,Default,Default,Default,Default,Default,Default,3,Default,1,Default,Default,Default,Default,Default,Default,Default,3,"ShortRun(IterationCount=3, LaunchCount=1, WarmupCount=3)",,1,Overhead,Actual,10,248892400,134217728,1.85,0,0,0,0
OutRefBenchmarks.DllImport_Pointer,PInvokeBench,OutRefBenchmarks,DllImport_Pointer,ShortRun,Default,Default,Default,Default,Default,Default,Default,Default,Default,Default,Default,Default,Default,Default,Default,Default,Default,Default,Default,Default,Default,Default,Default,Default,Default,Default,Default,Default,Default,Default,Default,3,Default,1,Default,Default,Default,Default,Default,Default,Default,3,"ShortRun(IterationCount=3, LaunchCount=1, WarmupCount=3)",,1,Overhead,Actual,11,249103000,134217728,1.86,0,0,0,0
OutRefBenchmarks.DllImport_Pointer,PInvokeBench,OutRefBenchmarks,DllImport_Pointer,ShortRun,Default,Default,Default,Default,Default,Default,Default,Default,Default,Default,Default,Default,Default,Default,Default,Default,Default,Default,Default,Default,Default,Default,Default,Default,Default,Default,Default,Default,Default,Default,Default,3,Default,1,Default,Default,Default,Default,Default,Default,Default,3,"ShortRun(IterationCount=3, LaunchCount=1, WarmupCount=3)",,1,Overhead,Actual,12,252005800,134217728,1.88,0,0,0,0
OutRefBenchmarks.DllImport_Pointer,PInvokeBench,OutRefBenchmarks,DllImport_Pointer,ShortRun,Default,Default,Default,Default,Default,Default,Default,Default,Default,Default,Default,Default,Default,Default,Default,Default,Default,Default,Default,Default,Default,Default,Default,Default,Default,Default,Default,Default,Default,Default,Default,3,Default,1,Default,Default,Default,Default,Default,Default,Default,3,"ShortRun(IterationCount=3, LaunchCount=1, WarmupCount=3)",,1,Overhead,Actual,13,266877800,134217728,1.99,0,0,0,0
OutRefBenchmarks.DllImport_Pointer,PInvokeBench,OutRefBenchmarks,DllImport_Pointer,ShortRun,Default,Default,Default,Default,Default,Default,Default,Default,Default,Default,Default,Default,Default,Default,Default,Default,Default,Default,Default,Default,Default,Default,Default,Default,Default,Default,Default,Default,Default,Default,Default,3,Default,1,Default,Default,Default,Default,Default,Default,Default,3,"ShortRun(IterationCount=3, LaunchCount=1, WarmupCount=3)",,1,Overhead,Actual,14,260494000,134217728,1.94,0,0,0,0
OutRefBenchmarks.DllImport_Pointer,PInvokeBench,OutRefBenchmarks,DllImport_Pointer,ShortRun,Default,Default,Default,Default,Default,Default,Default,Default,Default,Default,Default,Default,Default,Default,Default,Default,Default,Default,Default,Default,Default,Default,Default,Default,Default,Default,Default,Default,Default,Default,Default,3,Default,1,Default,Default,Default,Default,Default,Default,Default,3,"ShortRun(IterationCount=3, LaunchCount=1, WarmupCount=3)",,1,Overhead,Actual,15,263100700,134217728,1.96,0,0,0,0
OutRefBenchmarks.DllImport_Pointer,PInvokeBench,OutRefBenchmarks,DllImport_Pointer,ShortRun,Default,Default,Default,Default,Default,Default,Default,Default,Default,Default,Default,Default,Default,Default,Default,Default,Default,Default,Default,Default,Default,Default,Default,Default,Default,Default,Default,Default,Default,Default,Default,3,Default,1,Default,Default,Default,Default,Default,Default,Default,3,"ShortRun(IterationCount=3, LaunchCount=1, WarmupCount=3)",,1,Workload,Warmup,1,863794100,134217728,6.44,0,0,0,0
OutRefBenchmarks.DllImport_Pointer,PInvokeBench,OutRefBenchmarks,DllImport_Pointer,ShortRun,Default,Default,Default,Default,Default,Default,Default,Default,Default,Default,Default,Default,Default,Default,Default,Default,Default,Default,Default,Default,Default,Default,Default,Default,Default,Default,Default,Default,Default,Default,Default,3,Default,1,Default,Default,Default,Default,Default,Default,Default,3,"ShortRun(IterationCount=3, LaunchCount=1, WarmupCount=3)",,1,Workload,Warmup,2,859734500,134217728,6.41,0,0,0,0
OutRefBenchmarks.DllImport_Pointer,PInvokeBench,OutRefBenchmarks,DllImport_Pointer,ShortRun,Default,Default,Default,Default,Default,Default,Default,Default,Default,Default,Default,Default,Default,Default,Default,Default,Default,Default,Default,Default,Default,Default,Default,Default,Default,Default,Default,Default,Default,Default,Default,3,Default,1,Default,Default,Default,Default,Default,Default,Default,3,"ShortRun(IterationCount=3, LaunchCount=1, WarmupCount=3)",,1,Workload,Warmup,3,863756700,134217728,6.44,0,0,0,0
OutRefBenchmarks.DllImport_Pointer,PInvokeBench,OutRefBenchmarks,DllImport_Pointer,ShortRun,Default,Default,Default,Default,Default,Default,Default,Default,Default,Default,Default,Default,Default,Default,Default,Default,Default,Default,Default,Default,Default,Default,Default,Default,Default,Default,Default,Default,Default,Default,Default,3,Default,1,Default,Default,Default,Default,Default,Default,Default,3,"ShortRun(IterationCount=3, LaunchCount=1, WarmupCount=3)",,1,Workload,Actual,1,909953500,134217728,6.78,0,0,0,0
OutRefBenchmarks.DllImport_Pointer,PInvokeBench,OutRefBenchmarks,DllImport_Pointer,ShortRun,Default,Default,Default,Default,Default,Default,Default,Default,Default,Default,Default,Default,Default,Default,Default,Default,Default,Default,Default,Default,Default,Default,Default,Default,Default,Default,Default,Default,Default,Default,Default,3,Default,1,Default,Default,Default,Default,Default,Default,Default,3,"ShortRun(IterationCount=3, LaunchCount=1, WarmupCount=3)",,1,Workload,Actual,2,851175900,134217728,6.34,0,0,0,0
OutRefBenchmarks.DllImport_Pointer,PInvokeBench,OutRefBenchmarks,DllImport_Pointer,ShortRun,Default,Default,Default,Default,Default,Default,Default,Default,Default,Default,Default,Default,Default,Default,Default,Default,Default,Default,Default,Default,Default,Default,Default,Default,Default,Default,Default,Default,Default,Default,Default,3,Default,1,Default,Default,Default,Default,Default,Default,Default,3,"ShortRun(IterationCount=3, LaunchCount=1, WarmupCount=3)",,1,Workload,Actual,3,861705600,134217728,6.42,0,0,0,0
OutRefBenchmarks.DllImport_Pointer,PInvokeBench,OutRefBenchmarks,DllImport_Pointer,ShortRun,Default,Default,Default,Default,Default,Default,Default,Default,Default,Default,Default,Default,Default,Default,Default,Default,Default,Default,Default,Default,Default,Default,Default,Default,Default,Default,Default,Default,Default,Default,Default,3,Default,1,Default,Default,Default,Default,Default,Default,Default,3,"ShortRun(IterationCount=3, LaunchCount=1, WarmupCount=3)",,1,Workload,Result,1,653216500,134217728,4.87,0,0,0,0
OutRefBenchmarks.DllImport_Pointer,PInvokeBench,OutRefBenchmarks,DllImport_Pointer,ShortRun,Default,Default,Default,Default,Default,Default,Default,Default,Default,Default,Default,Default,Default,Default,Default,Default,Default,Default,Default,Default,Default,Default,Default,Default,Default,Default,Default,Default,Default,Default,Default,3,Default,1,Default,Default,Default,Default,Default,Default,Default,3,"ShortRun(IterationCount=3, LaunchCount=1, WarmupCount=3)",,1,Workload,Result,2,594438900,134217728,4.43,0,0,0,0
OutRefBenchmarks.DllImport_Pointer,PInvokeBench,OutRefBenchmarks,DllImport_Pointer,ShortRun,Default,Default,Default,Default,Default,Default,Default,Default,Default,Default,Default,Default,Default,Default,Default,Default,Default,Default,Default,Default,Default,Default,Default,Default,Default,Default,Default,Default,Default,Default,Default,3,Default,1,Default,Default,Default,Default,Default,Default,Default,3,"ShortRun(IterationCount=3, LaunchCount=1, WarmupCount=3)",,1,Workload,Result,3,604968600,134217728,4.51,0,0,0,0
OutRefBenchmarks.DllImport_IntPtr_AllocHGlobal,PInvokeBench,OutRefBenchmarks,DllImport_IntPtr_AllocHGlobal,ShortRun,Default,Default,Default,Default,Default,Default,Default,Default,Default,Default,Default,Default,Default,Default,Default,Default,Default,Default,Default,Default,Default,Default,Default,Default,Default,Default,Default,Default,Default,Default,Default,3,Default,1,Default,Default,Default,Default,Default,Default,Default,3,"ShortRun(IterationCount=3, LaunchCount=1, WarmupCount=3)",,1,Overhead,Jitting,1,195200,1,195200,0,0,0,0
OutRefBenchmarks.DllImport_IntPtr_AllocHGlobal,PInvokeBench,OutRefBenchmarks,DllImport_IntPtr_AllocHGlobal,ShortRun,Default,Default,Default,Default,Default,Default,Default,Default,Default,Default,Default,Default,Default,Default,Default,Default,Default,Default,Default,Default,Default,Default,Default,Default,Default,Default,Default,Default,Default,Default,Default,3,Default,1,Default,Default,Default,Default,Default,Default,Default,3,"ShortRun(IterationCount=3, LaunchCount=1, WarmupCount=3)",,1,Workload,Jitting,1,620500,1,620500,0,0,0,0
OutRefBenchmarks.DllImport_IntPtr_AllocHGlobal,PInvokeBench,OutRefBenchmarks,DllImport_IntPtr_AllocHGlobal,ShortRun,Default,Default,Default,Default,Default,Default,Default,Default,Default,Default,Default,Default,Default,Default,Default,Default,Default,Default,Default,Default,Default,Default,Default,Default,Default,Default,Default,Default,Default,Default,Default,3,Default,1,Default,Default,Default,Default,Default,Default,Default,3,"ShortRun(IterationCount=3, LaunchCount=1, WarmupCount=3)",,1,Overhead,Jitting,2,305200,16,19075,0,0,0,0
OutRefBenchmarks.DllImport_IntPtr_AllocHGlobal,PInvokeBench,OutRefBenchmarks,DllImport_IntPtr_AllocHGlobal,ShortRun,Default,Default,Default,Default,Default,Default,Default,Default,Default,Default,Default,Default,Default,Default,Default,Default,Default,Default,Default,Default,Default,Default,Default,Default,Default,Default,Default,Default,Default,Default,Default,3,Default,1,Default,Default,Default,Default,Default,Default,Default,3,"ShortRun(IterationCount=3, LaunchCount=1, WarmupCount=3)",,1,Workload,Jitting,2,305500,16,19093.75,0,0,0,0
OutRefBenchmarks.DllImport_IntPtr_AllocHGlobal,PInvokeBench,OutRefBenchmarks,DllImport_IntPtr_AllocHGlobal,ShortRun,Default,Default,Default,Default,Default,Default,Default,Default,Default,Default,Default,Default,Default,Default,Default,Default,Default,Default,Default,Default,Default,Default,Default,Default,Default,Default,Default,Default,Default,Default,Default,3,Default,1,Default,Default,Default,Default,Default,Default,Default,3,"ShortRun(IterationCount=3, LaunchCount=1, WarmupCount=3)",,1,Workload,Pilot,1,2900,16,181.25,0,0,0,0
OutRefBenchmarks.DllImport_IntPtr_AllocHGlobal,PInvokeBench,OutRefBenchmarks,DllImport_IntPtr_AllocHGlobal,ShortRun,Default,Default,Default,Default,Default,Default,Default,Default,Default,Default,Default,Default,Default,Default,Default,Default,Default,Default,Default,Default,Default,Default,Default,Default,Default,Default,Default,Default,Default,Default,Default,3,Default,1,Default,Default,Default,Default,Default,Default,Default,3,"ShortRun(IterationCount=3, LaunchCount=1, WarmupCount=3)",,1,Workload,Pilot,2,3500,32,109.38,0,0,0,0
OutRefBenchmarks.DllImport_IntPtr_AllocHGlobal,PInvokeBench,OutRefBenchmarks,DllImport_IntPtr_AllocHGlobal,ShortRun,Default,Default,Default,Default,Default,Default,Default,Default,Default,Default,Default,Default,Default,Default,Default,Default,Default,Default,Default,Default,Default,Default,Default,Default,Default,Default,Default,Default,Default,Default,Default,3,Default,1,Default,Default,Default,Default,Default,Default,Default,3,"ShortRun(IterationCount=3, LaunchCount=1, WarmupCount=3)",,1,Workload,Pilot,3,5000,64,78.13,0,0,0,0
OutRefBenchmarks.DllImport_IntPtr_AllocHGlobal,PInvokeBench,OutRefBenchmarks,DllImport_IntPtr_AllocHGlobal,ShortRun,Default,Default,Default,Default,Default,Default,Default,Default,Default,Default,Default,Default,Default,Default,Default,Default,Default,Default,Default,Default,Default,Default,Default,Default,Default,Default,Default,Default,Default,Default,Default,3,Default,1,Default,Default,Default,Default,Default,Default,Default,3,"ShortRun(IterationCount=3, LaunchCount=1, WarmupCount=3)",,1,Workload,Pilot,4,10000,128,78.13,0,0,0,0
OutRefBenchmarks.DllImport_IntPtr_AllocHGlobal,PInvokeBench,OutRefBenchmarks,DllImport_IntPtr_AllocHGlobal,ShortRun,Default,Default,Default,Default,Default,Default,Default,Default,Default,Default,Default,Default,Default,Default,Default,Default,Default,Default,Default,Default,Default,Default,Default,Default,Default,Default,Default,Default,Default,Default,Default,3,Default,1,Default,Default,Default,Default,Default,Default,Default,3,"ShortRun(IterationCount=3, LaunchCount=1, WarmupCount=3)",,1,Workload,Pilot,5,16200,256,63.28,0,0,0,0
OutRefBenchmarks.DllImport_IntPtr_AllocHGlobal,PInvokeBench,OutRefBenchmarks,DllImport_IntPtr_AllocHGlobal,ShortRun,Default,Default,Default,Default,Default,Default,Default,Default,Default,Default,Default,Default,Default,Default,Default,Default,Default,Default,Default,Default,Default,Default,Default,Default,Default,Default,Default,Default,Default,Default,Default,3,Default,1,Default,Default,Default,Default,Default,Default,Default,3,"ShortRun(IterationCount=3, LaunchCount=1, WarmupCount=3)",,1,Workload,Pilot,6,32100,512,62.7,0,0,0,0
OutRefBenchmarks.DllImport_IntPtr_AllocHGlobal,PInvokeBench,OutRefBenchmarks,DllImport_IntPtr_AllocHGlobal,ShortRun,Default,Default,Default,Default,Default,Default,Default,Default,Default,Default,Default,Default,Default,Default,Default,Default,Default,Default,Default,Default,Default,Default,Default,Default,Default,Default,Default,Default,Default,Default,Default,3,Default,1,Default,Default,Default,Default,Default,Default,Default,3,"ShortRun(IterationCount=3, LaunchCount=1, WarmupCount=3)",,1,Workload,Pilot,7,62100,1024,60.64,0,0,0,0
OutRefBenchmarks.DllImport_IntPtr_AllocHGlobal,PInvokeBench,OutRefBenchmarks,DllImport_IntPtr_AllocHGlobal,ShortRun,Default,Default,Default,Default,Default,Default,Default,Default,Default,Default,Default,Default,Default,Default,Default,Default,Default,Default,Default,Default,Default,Default,Default,Default,Default,Default,Default,Default,Default,Default,Default,3,Default,1,Default,Default,Default,Default,Default,Default,Default,3,"ShortRun(IterationCount=3, LaunchCount=1, WarmupCount=3)",,1,Workload,Pilot,8,123100,2048,60.11,0,0,0,0
OutRefBenchmarks.DllImport_IntPtr_AllocHGlobal,PInvokeBench,OutRefBenchmarks,DllImport_IntPtr_AllocHGlobal,ShortRun,Default,Default,Default,Default,Default,Default,Default,Default,Default,Default,Default,Default,Default,Default,Default,Default,Default,Default,Default,Default,Default,Default,Default,Default,Default,Default,Default,Default,Default,Default,Default,3,Default,1,Default,Default,Default,Default,Default,Default,Default,3,"ShortRun(IterationCount=3, LaunchCount=1, WarmupCount=3)",,1,Workload,Pilot,9,243800,4096,59.52,0,0,0,0
OutRefBenchmarks.DllImport_IntPtr_AllocHGlobal,PInvokeBench,OutRefBenchmarks,DllImport_IntPtr_AllocHGlobal,ShortRun,Default,Default,Default,Default,Default,Default,Default,Default,Default,Default,Default,Default,Default,Default,Default,Default,Default,Default,Default,Default,Default,Default,Default,Default,Default,Default,Default,Default,Default,Default,Default,3,Default,1,Default,Default,Default,Default,Default,Default,Default,3,"ShortRun(IterationCount=3, LaunchCount=1, WarmupCount=3)",,1,Workload,Pilot,10,519400,8192,63.4,0,0,0,0
OutRefBenchmarks.DllImport_IntPtr_AllocHGlobal,PInvokeBench,OutRefBenchmarks,DllImport_IntPtr_AllocHGlobal,ShortRun,Default,Default,Default,Default,Default,Default,Default,Default,Default,Default,Default,Default,Default,Default,Default,Default,Default,Default,Default,Default,Default,Default,Default,Default,Default,Default,Default,Default,Default,Default,Default,3,Default,1,Default,Default,Default,Default,Default,Default,Default,3,"ShortRun(IterationCount=3, LaunchCount=1, WarmupCount=3)",,1,Workload,Pilot,11,985400,16384,60.14,0,0,0,0
OutRefBenchmarks.DllImport_IntPtr_AllocHGlobal,PInvokeBench,OutRefBenchmarks,DllImport_IntPtr_AllocHGlobal,ShortRun,Default,Default,Default,Default,Default,Default,Default,Default,Default,Default,Default,Default,Default,Default,Default,Default,Default,Default,Default,Default,Default,Default,Default,Default,Default,Default,Default,Default,Default,Default,Default,3,Default,1,Default,Default,Default,Default,Default,Default,Default,3,"ShortRun(IterationCount=3, LaunchCount=1, WarmupCount=3)",,1,Workload,Pilot,12,1991800,32768,60.78,0,0,0,0
OutRefBenchmarks.DllImport_IntPtr_AllocHGlobal,PInvokeBench,OutRefBenchmarks,DllImport_IntPtr_AllocHGlobal,ShortRun,Default,Default,Default,Default,Default,Default,Default,Default,Default,Default,Default,Default,Default,Default,Default,Default,Default,Default,Default,Default,Default,Default,Default,Default,Default,Default,Default,Default,Default,Default,Default,3,Default,1,Default,Default,Default,Default,Default,Default,Default,3,"ShortRun(IterationCount=3, LaunchCount=1, WarmupCount=3)",,1,Workload,Pilot,13,3983400,65536,60.78,0,0,0,0
OutRefBenchmarks.DllImport_IntPtr_AllocHGlobal,PInvokeBench,OutRefBenchmarks,DllImport_IntPtr_AllocHGlobal,ShortRun,Default,Default,Default,Default,Default,Default,Default,Default,Default,Default,Default,Default,Default,Default,Default,Default,Default,Default,Default,Default,Default,Default,Default,Default,Default,Default,Default,Default,Default,Default,Default,3,Default,1,Default,Default,Default,Default,Default,Default,Default,3,"ShortRun(IterationCount=3, LaunchCount=1, WarmupCount=3)",,1,Workload,Pilot,14,7991600,131072,60.97,0,0,0,0
OutRefBenchmarks.DllImport_IntPtr_AllocHGlobal,PInvokeBench,OutRefBenchmarks,DllImport_IntPtr_AllocHGlobal,ShortRun,Default,Default,Default,Default,Default,Default,Default,Default,Default,Default,Default,Default,Default,Default,Default,Default,Default,Default,Default,Default,Default,Default,Default,Default,Default,Default,Default,Default,Default,Default,Default,3,Default,1,Default,Default,Default,Default,Default,Default,Default,3,"ShortRun(IterationCount=3, LaunchCount=1, WarmupCount=3)",,1,Workload,Pilot,15,15701100,262144,59.89,0,0,0,0
OutRefBenchmarks.DllImport_IntPtr_AllocHGlobal,PInvokeBench,OutRefBenchmarks,DllImport_IntPtr_AllocHGlobal,ShortRun,Default,Default,Default,Default,Default,Default,Default,Default,Default,Default,Default,Default,Default,Default,Default,Default,Default,Default,Default,Default,Default,Default,Default,Default,Default,Default,Default,Default,Default,Default,Default,3,Default,1,Default,Default,Default,Default,Default,Default,Default,3,"ShortRun(IterationCount=3, LaunchCount=1, WarmupCount=3)",,1,Workload,Pilot,16,33956900,524288,64.77,0,0,0,0
OutRefBenchmarks.DllImport_IntPtr_AllocHGlobal,PInvokeBench,OutRefBenchmarks,DllImport_IntPtr_AllocHGlobal,ShortRun,Default,Default,Default,Default,Default,Default,Default,Default,Default,Default,Default,Default,Default,Default,Default,Default,Default,Default,Default,Default,Default,Default,Default,Default,Default,Default,Default,Default,Default,Default,Default,3,Default,1,Default,Default,Default,Default,Default,Default,Default,3,"ShortRun(IterationCount=3, LaunchCount=1, WarmupCount=3)",,1,Workload,Pilot,17,63854000,1048576,60.9,0,0,0,0
OutRefBenchmarks.DllImport_IntPtr_AllocHGlobal,PInvokeBench,OutRefBenchmarks,DllImport_IntPtr_AllocHGlobal,ShortRun,Default,Default,Default,Default,Default,Default,Default,Default,Default,Default,Default,Default,Default,Default,Default,Default,Default,Default,Default,Default,Default,Default,Default,Default,Default,Default,Default,Default,Default,Default,Default,3,Default,1,Default,Default,Default,Default,Default,Default,Default,3,"ShortRun(IterationCount=3, LaunchCount=1, WarmupCount=3)",,1,Workload,Pilot,18,113850100,2097152,54.29,0,0,0,0
OutRefBenchmarks.DllImport_IntPtr_AllocHGlobal,PInvokeBench,OutRefBenchmarks,DllImport_IntPtr_AllocHGlobal,ShortRun,Default,Default,Default,Default,Default,Default,Default,Default,Default,Default,Default,Default,Default,Default,Default,Default,Default,Default,Default,Default,Default,Default,Default,Default,Default,Default,Default,Default,Default,Default,Default,3,Default,1,Default,Default,Default,Default,Default,Default,Default,3,"ShortRun(IterationCount=3, LaunchCount=1, WarmupCount=3)",,1,Workload,Pilot,19,218937800,4194304,52.2,0,0,0,0
OutRefBenchmarks.DllImport_IntPtr_AllocHGlobal,PInvokeBench,OutRefBenchmarks,DllImport_IntPtr_AllocHGlobal,ShortRun,Default,Default,Default,Default,Default,Default,Default,Default,Default,Default,Default,Default,Default,Default,Default,Default,Default,Default,Default,Default,Default,Default,Default,Default,Default,Default,Default,Default,Default,Default,Default,3,Default,1,Default,Default,Default,Default,Default,Default,Default,3,"ShortRun(IterationCount=3, LaunchCount=1, WarmupCount=3)",,1,Workload,Pilot,20,437389400,8388608,52.14,0,0,0,0
OutRefBenchmarks.DllImport_IntPtr_AllocHGlobal,PInvokeBench,OutRefBenchmarks,DllImport_IntPtr_AllocHGlobal,ShortRun,Default,Default,Default,Default,Default,Default,Default,Default,Default,Default,Default,Default,Default,Default,Default,Default,Default,Default,Default,Default,Default,Default,Default,Default,Default,Default,Default,Default,Default,Default,Default,3,Default,1,Default,Default,Default,Default,Default,Default,Default,3,"ShortRun(IterationCount=3, LaunchCount=1, WarmupCount=3)",,1,Workload,Pilot,21,885276100,16777216,52.77,0,0,0,0
OutRefBenchmarks.DllImport_IntPtr_AllocHGlobal,PInvokeBench,OutRefBenchmarks,DllImport_IntPtr_AllocHGlobal,ShortRun,Default,Default,Default,Default,Default,Default,Default,Default,Default,Default,Default,Default,Default,Default,Default,Default,Default,Default,Default,Default,Default,Default,Default,Default,Default,Default,Default,Default,Default,Default,Default,3,Default,1,Default,Default,Default,Default,Default,Default,Default,3,"ShortRun(IterationCount=3, LaunchCount=1, WarmupCount=3)",,1,Overhead,Warmup,1,40309000,16777216,2.4,0,0,0,0
OutRefBenchmarks.DllImport_IntPtr_AllocHGlobal,PInvokeBench,OutRefBenchmarks,DllImport_IntPtr_AllocHGlobal,ShortRun,Default,Default,Default,Default,Default,Default,Default,Default,Default,Default,Default,Default,Default,Default,Default,Default,Default,Default,Default,Default,Default,Default,Default,Default,Default,Default,Default,Default,Default,Default,Default,3,Default,1,Default,Default,Default,Default,Default,Default,Default,3,"ShortRun(IterationCount=3, LaunchCount=1, WarmupCount=3)",,1,Overhead,Warmup,2,41291200,16777216,2.46,0,0,0,0
OutRefBenchmarks.DllImport_IntPtr_AllocHGlobal,PInvokeBench,OutRefBenchmarks,DllImport_IntPtr_AllocHGlobal,ShortRun,Default,Default,Default,Default,Default,Default,Default,Default,Default,Default,Default,Default,Default,Default,Default,Default,Default,Default,Default,Default,Default,Default,Default,Default,Default,Default,Default,Default,Default,Default,Default,3,Default,1,Default,Default,Default,Default,Default,Default,Default,3,"ShortRun(IterationCount=3, LaunchCount=1, WarmupCount=3)",,1,Overhead,Warmup,3,40302300,16777216,2.4,0,0,0,0
OutRefBenchmarks.DllImport_IntPtr_AllocHGlobal,PInvokeBench,OutRefBenchmarks,DllImport_IntPtr_AllocHGlobal,ShortRun,Default,Default,Default,Default,Default,Default,Default,Default,Default,Default,Default,Default,Default,Default,Default,Default,Default,Default,Default,Default,Default,Default,Default,Default,Default,Default,Default,Default,Default,Default,Default,3,Default,1,Default,Default,Default,Default,Default,Default,Default,3,"ShortRun(IterationCount=3, LaunchCount=1, WarmupCount=3)",,1,Overhead,Warmup,4,40342000,16777216,2.4,0,0,0,0
OutRefBenchmarks.DllImport_IntPtr_AllocHGlobal,PInvokeBench,OutRefBenchmarks,DllImport_IntPtr_AllocHGlobal,ShortRun,Default,Default,Default,Default,Default,Default,Default,Default,Default,Default,Default,Default,Default,Default,Default,Default,Default,Default,Default,Default,Default,Default,Default,Default,Default,Default,Default,Default,Default,Default,Default,3,Default,1,Default,Default,Default,Default,Default,Default,Default,3,"ShortRun(IterationCount=3, LaunchCount=1, WarmupCount=3)",,1,Overhead,Warmup,5,40438300,16777216,2.41,0,0,0,0
OutRefBenchmarks.DllImport_IntPtr_AllocHGlobal,PInvokeBench,OutRefBenchmarks,DllImport_IntPtr_AllocHGlobal,ShortRun,Default,Default,Default,Default,Default,Default,Default,Default,Default,Default,Default,Default,Default,Default,Default,Default,Default,Default,Default,Default,Default,Default,Default,Default,Default,Default,Default,Default,Default,Default,Default,3,Default,1,Default,Default,Default,Default,Default,Default,Default,3,"ShortRun(IterationCount=3, LaunchCount=1, WarmupCount=3)",,1,Overhead,Warmup,6,40628000,16777216,2.42,0,0,0,0
OutRefBenchmarks.DllImport_IntPtr_AllocHGlobal,PInvokeBench,OutRefBenchmarks,DllImport_IntPtr_AllocHGlobal,ShortRun,Default,Default,Default,Default,Default,Default,Default,Default,Default,Default,Default,Default,Default,Default,Default,Default,Default,Default,Default,Default,Default,Default,Default,Default,Default,Default,Default,Default,Default,Default,Default,3,Default,1,Default,Default,Default,Default,Default,Default,Default,3,"ShortRun(IterationCount=3, LaunchCount=1, WarmupCount=3)",,1,Overhead,Warmup,7,40597800,16777216,2.42,0,0,0,0
OutRefBenchmarks.DllImport_IntPtr_AllocHGlobal,PInvokeBench,OutRefBenchmarks,DllImport_IntPtr_AllocHGlobal,ShortRun,Default,Default,Default,Default,Default,Default,Default,Default,Default,Default,Default,Default,Default,Default,Default,Default,Default,Default,Default,Default,Default,Default,Default,Default,Default,Default,Default,Default,Default,Default,Default,3,Default,1,Default,Default,Default,Default,Default,Default,Default,3,"ShortRun(IterationCount=3, LaunchCount=1, WarmupCount=3)",,1,Overhead,Actual,1,40470800,16777216,2.41,0,0,0,0
OutRefBenchmarks.DllImport_IntPtr_AllocHGlobal,PInvokeBench,OutRefBenchmarks,DllImport_IntPtr_AllocHGlobal,ShortRun,Default,Default,Default,Default,Default,Default,Default,Default,Default,Default,Default,Default,Default,Default,Default,Default,Default,Default,Default,Default,Default,Default,Default,Default,Default,Default,Default,Default,Default,Default,Default,3,Default,1,Default,Default,Default,Default,Default,Default,Default,3,"ShortRun(IterationCount=3, LaunchCount=1, WarmupCount=3)",,1,Overhead,Actual,2,40462600,16777216,2.41,0,0,0,0
OutRefBenchmarks.DllImport_IntPtr_AllocHGlobal,PInvokeBench,OutRefBenchmarks,DllImport_IntPtr_AllocHGlobal,ShortRun,Default,Default,Default,Default,Default,Default,Default,Default,Default,Default,Default,Default,Default,Default,Default,Default,Default,Default,Default,Default,Default,Default,Default,Default,Default,Default,Default,Default,Default,Default,Default,3,Default,1,Default,Default,Default,Default,Default,Default,Default,3,"ShortRun(IterationCount=3, LaunchCount=1, WarmupCount=3)",,1,Overhead,Actual,3,40258400,16777216,2.4,0,0,0,0
OutRefBenchmarks.DllImport_IntPtr_AllocHGlobal,PInvokeBench,OutRefBenchmarks,DllImport_IntPtr_AllocHGlobal,ShortRun,Default,Default,Default,Default,Default,Default,Default,Default,Default,Default,Default,Default,Default,Default,Default,Default,Default,Default,Default,Default,Default,Default,Default,Default,Default,Default,Default,Default,Default,Default,Default,3,Default,1,Default,Default,Default,Default,Default,Default,Default,3,"ShortRun(IterationCount=3, LaunchCount=1, WarmupCount=3)",,1,Overhead,Actual,4,40376900,16777216,2.41,0,0,0,0
OutRefBenchmarks.DllImport_IntPtr_AllocHGlobal,PInvokeBench,OutRefBenchmarks,DllImport_IntPtr_AllocHGlobal,ShortRun,Default,Default,Default,Default,Default,Default,Default,Default,Default,Default,Default,Default,Default,Default,Default,Default,Default,Default,Default,Default,Default,Default,Default,Default,Default,Default,Default,Default,Default,Default,Default,3,Default,1,Default,Default,Default,Default,Default,Default,Default,3,"ShortRun(IterationCount=3, LaunchCount=1, WarmupCount=3)",,1,Overhead,Actual,5,40484100,16777216,2.41,0,0,0,0
OutRefBenchmarks.DllImport_IntPtr_AllocHGlobal,PInvokeBench,OutRefBenchmarks,DllImport_IntPtr_AllocHGlobal,ShortRun,Default,Default,Default,Default,Default,Default,Default,Default,Default,Default,Default,Default,Default,Default,Default,Default,Default,Default,Default,Default,Default,Default,Default,Default,Default,Default,Default,Default,Default,Default,Default,3,Default,1,Default,Default,Default,Default,Default,Default,Default,3,"ShortRun(IterationCount=3, LaunchCount=1, WarmupCount=3)",,1,Overhead,Actual,6,41684800,16777216,2.48,0,0,0,0
OutRefBenchmarks.DllImport_IntPtr_AllocHGlobal,PInvokeBench,OutRefBenchmarks,DllImport_IntPtr_AllocHGlobal,ShortRun,Default,Default,Default,Default,Default,Default,Default,Default,Default,Default,Default,Default,Default,Default,Default,Default,Default,Default,Default,Default,Default,Default,Default,Default,Default,Default,Default,Default,Default,Default,Default,3,Default,1,Default,Default,Default,Default,Default,Default,Default,3,"ShortRun(IterationCount=3, LaunchCount=1, WarmupCount=3)",,1,Overhead,Actual,7,40297800,16777216,2.4,0,0,0,0
OutRefBenchmarks.DllImport_IntPtr_AllocHGlobal,PInvokeBench,OutRefBenchmarks,DllImport_IntPtr_AllocHGlobal,ShortRun,Default,Default,Default,Default,Default,Default,Default,Default,Default,Default,Default,Default,Default,Default,Default,Default,Default,Default,Default,Default,Default,Default,Default,Default,Default,Default,Default,Default,Default,Default,Default,3,Default,1,Default,Default,Default,Default,Default,Default,Default,3,"ShortRun(IterationCount=3, LaunchCount=1, WarmupCount=3)",,1,Overhead,Actual,8,43002100,16777216,2.56,0,0,0,0
OutRefBenchmarks.DllImport_IntPtr_AllocHGlobal,PInvokeBench,OutRefBenchmarks,DllImport_IntPtr_AllocHGlobal,ShortRun,Default,Default,Default,Default,Default,Default,Default,Default,Default,Default,Default,Default,Default,Default,Default,Default,Default,Default,Default,Default,Default,Default,Default,Default,Default,Default,Default,Default,Default,Default,Default,3,Default,1,Default,Default,Default,Default,Default,Default,Default,3,"ShortRun(IterationCount=3, LaunchCount=1, WarmupCount=3)",,1,Overhead,Actual,9,39601700,16777216,2.36,0,0,0,0
OutRefBenchmarks.DllImport_IntPtr_AllocHGlobal,PInvokeBench,OutRefBenchmarks,DllImport_IntPtr_AllocHGlobal,ShortRun,Default,Default,Default,Default,Default,Default,Default,Default,Default,Default,Default,Default,Default,Default,Default,Default,Default,Default,Default,Default,Default,Default,Default,Default,Default,Default,Default,Default,Default,Default,Default,3,Default,1,Default,Default,Default,Default,Default,Default,Default,3,"ShortRun(IterationCount=3, LaunchCount=1, WarmupCount=3)",,1,Overhead,Actual,10,34201600,16777216,2.04,0,0,0,0
OutRefBenchmarks.DllImport_IntPtr_AllocHGlobal,PInvokeBench,OutRefBenchmarks,DllImport_IntPtr_AllocHGlobal,ShortRun,Default,Default,Default,Default,Default,Default,Default,Default,Default,Default,Default,Default,Default,Default,Default,Default,Default,Default,Default,Default,Default,Default,Default,Default,Default,Default,Default,Default,Default,Default,Default,3,Default,1,Default,Default,Default,Default,Default,Default,Default,3,"ShortRun(IterationCount=3, LaunchCount=1, WarmupCount=3)",,1,Overhead,Actual,11,33544600,16777216,2,0,0,0,0
OutRefBenchmarks.DllImport_IntPtr_AllocHGlobal,PInvokeBench,OutRefBenchmarks,DllImport_IntPtr_AllocHGlobal,ShortRun,Default,Default,Default,Default,Default,Default,Default,Default,Default,Default,Default,Default,Default,Default,Default,Default,Default,Default,Default,Default,Default,Default,Default,Default,Default,Default,Default,Default,Default,Default,Default,3,Default,1,Default,Default,Default,Default,Default,Default,Default,3,"ShortRun(IterationCount=3, LaunchCount=1, WarmupCount=3)",,1,Overhead,Actual,12,35282900,16777216,2.1,0,0,0,0
OutRefBenchmarks.DllImport_IntPtr_AllocHGlobal,PInvokeBench,OutRefBenchmarks,DllImport_IntPtr_AllocHGlobal,ShortRun,Default,Default,Default,Default,Default,Default,Default,Default,Default,Default,Default,Default,Default,Default,Default,Default,Default,Default,Default,Default,Default,Default,Default,Default,Default,Default,Default,Default,Default,Default,Default,3,Default,1,Default,Default,Default,Default,Default,Default,Default,3,"ShortRun(IterationCount=3, LaunchCount=1, WarmupCount=3)",,1,Overhead,Actual,13,35163800,16777216,2.1,0,0,0,0
OutRefBenchmarks.DllImport_IntPtr_AllocHGlobal,PInvokeBench,OutRefBenchmarks,DllImport_IntPtr_AllocHGlobal,ShortRun,Default,Default,Default,Default,Default,Default,Default,Default,Default,Default,Default,Default,Default,Default,Default,Default,Default,Default,Default,Default,Default,Default,Default,Default,Default,Default,Default,Default,Default,Default,Default,3,Default,1,Default,Default,Default,Default,Default,Default,Default,3,"ShortRun(IterationCount=3, LaunchCount=1, WarmupCount=3)",,1,Overhead,Actual,14,33894200,16777216,2.02,0,0,0,0
OutRefBenchmarks.DllImport_IntPtr_AllocHGlobal,PInvokeBench,OutRefBenchmarks,DllImport_IntPtr_AllocHGlobal,ShortRun,Default,Default,Default,Default,Default,Default,Default,Default,Default,Default,Default,Default,Default,Default,Default,Default,Default,Default,Default,Default,Default,Default,Default,Default,Default,Default,Default,Default,Default,Default,Default,3,Default,1,Default,Default,Default,Default,Default,Default,Default,3,"ShortRun(IterationCount=3, LaunchCount=1, WarmupCount=3)",,1,Overhead,Actual,15,32780700,16777216,1.95,0,0,0,0
OutRefBenchmarks.DllImport_IntPtr_AllocHGlobal,PInvokeBench,OutRefBenchmarks,DllImport_IntPtr_AllocHGlobal,ShortRun,Default,Default,Default,Default,Default,Default,Default,Default,Default,Default,Default,Default,Default,Default,Default,Default,Default,Default,Default,Default,Default,Default,Default,Default,Default,Default,Default,Default,Default,Default,Default,3,Default,1,Default,Default,Default,Default,Default,Default,Default,3,"ShortRun(IterationCount=3, LaunchCount=1, WarmupCount=3)",,1,Overhead,Actual,16,32849900,16777216,1.96,0,0,0,0
OutRefBenchmarks.DllImport_IntPtr_AllocHGlobal,PInvokeBench,OutRefBenchmarks,DllImport_IntPtr_AllocHGlobal,ShortRun,Default,Default,Default,Default,Default,Default,Default,Default,Default,Default,Default,Default,Default,Default,Default,Default,Default,Default,Default,Default,Default,Default,Default,Default,Default,Default,Default,Default,Default,Default,Default,3,Default,1,Default,Default,Default,Default,Default,Default,Default,3,"ShortRun(IterationCount=3, LaunchCount=1, WarmupCount=3)",,1,Overhead,Actual,17,30940600,16777216,1.84,0,0,0,0
OutRefBenchmarks.DllImport_IntPtr_AllocHGlobal,PInvokeBench,OutRefBenchmarks,DllImport_IntPtr_AllocHGlobal,ShortRun,Default,Default,Default,Default,Default,Default,Default,Default,Default,Default,Default,Default,Default,Default,Default,Default,Default,Default,Default,Default,Default,Default,Default,Default,Default,Default,Default,Default,Default,Default,Default,3,Default,1,Default,Default,Default,Default,Default,Default,Default,3,"ShortRun(IterationCount=3, LaunchCount=1, WarmupCount=3)",,1,Overhead,Actual,18,30875500,16777216,1.84,0,0,0,0
OutRefBenchmarks.DllImport_IntPtr_AllocHGlobal,PInvokeBench,OutRefBenchmarks,DllImport_IntPtr_AllocHGlobal,ShortRun,Default,Default,Default,Default,Default,Default,Default,Default,Default,Default,Default,Default,Default,Default,Default,Default,Default,Default,Default,Default,Default,Default,Default,Default,Default,Default,Default,Default,Default,Default,Default,3,Default,1,Default,Default,Default,Default,Default,Default,Default,3,"ShortRun(IterationCount=3, LaunchCount=1, WarmupCount=3)",,1,Overhead,Actual,19,31620600,16777216,1.88,0,0,0,0
OutRefBenchmarks.DllImport_IntPtr_AllocHGlobal,PInvokeBench,OutRefBenchmarks,DllImport_IntPtr_AllocHGlobal,ShortRun,Default,Default,Default,Default,Default,Default,Default,Default,Default,Default,Default,Default,Default,Default,Default,Default,Default,Default,Default,Default,Default,Default,Default,Default,Default,Default,Default,Default,Default,Default,Default,3,Default,1,Default,Default,Default,Default,Default,Default,Default,3,"ShortRun(IterationCount=3, LaunchCount=1, WarmupCount=3)",,1,Overhead,Actual,20,30874700,16777216,1.84,0,0,0,0
OutRefBenchmarks.DllImport_IntPtr_AllocHGlobal,PInvokeBench,OutRefBenchmarks,DllImport_IntPtr_AllocHGlobal,ShortRun,Default,Default,Default,Default,Default,Default,Default,Default,Default,Default,Default,Default,Default,Default,Default,Default,Default,Default,Default,Default,Default,Default,Default,Default,Default,Default,Default,Default,Default,Default,Default,3,Default,1,Default,Default,Default,Default,Default,Default,Default,3,"ShortRun(IterationCount=3, LaunchCount=1, WarmupCount=3)",,1,Workload,Warmup,1,859291300,16777216,51.22,0,0,0,0
OutRefBenchmarks.DllImport_IntPtr_AllocHGlobal,PInvokeBench,OutRefBenchmarks,DllImport_IntPtr_AllocHGlobal,ShortRun,Default,Default,Default,Default,Default,Default,Default,Default,Default,Default,Default,Default,Default,Default,Default,Default,Default,Default,Default,Default,Default,Default,Default,Default,Default,Default,Default,Default,Default,Default,Default,3,Default,1,Default,Default,Default,Default,Default,Default,Default,3,"ShortRun(IterationCount=3, LaunchCount=1, WarmupCount=3)",,1,Workload,Warmup,2,839151400,16777216,50.02,0,0,0,0
OutRefBenchmarks.DllImport_IntPtr_AllocHGlobal,PInvokeBench,OutRefBenchmarks,DllImport_IntPtr_AllocHGlobal,ShortRun,Default,Default,Default,Default,Default,Default,Default,Default,Default,Default,Default,Default,Default,Default,Default,Default,Default,Default,Default,Default,Default,Default,Default,Default,Default,Default,Default,Default,Default,Default,Default,3,Default,1,Default,Default,Default,Default,Default,Default,Default,3,"ShortRun(IterationCount=3, LaunchCount=1, WarmupCount=3)",,1,Workload,Warmup,3,869455900,16777216,51.82,0,0,0,0
OutRefBenchmarks.DllImport_IntPtr_AllocHGlobal,PInvokeBench,OutRefBenchmarks,DllImport_IntPtr_AllocHGlobal,ShortRun,Default,Default,Default,Default,Default,Default,Default,Default,Default,Default,Default,Default,Default,Default,Default,Default,Default,Default,Default,Default,Default,Default,Default,Default,Default,Default,Default,Default,Default,Default,Default,3,Default,1,Default,Default,Default,Default,Default,Default,Default,3,"ShortRun(IterationCount=3, LaunchCount=1, WarmupCount=3)",,1,Workload,Actual,1,900520400,16777216,53.68,0,0,0,0
OutRefBenchmarks.DllImport_IntPtr_AllocHGlobal,PInvokeBench,OutRefBenchmarks,DllImport_IntPtr_AllocHGlobal,ShortRun,Default,Default,Default,Default,Default,Default,Default,Default,Default,Default,Default,Default,Default,Default,Default,Default,Default,Default,Default,Default,Default,Default,Default,Default,Default,Default,Default,Default,Default,Default,Default,3,Default,1,Default,Default,Default,Default,Default,Default,Default,3,"ShortRun(IterationCount=3, LaunchCount=1, WarmupCount=3)",,1,Workload,Actual,2,882629700,16777216,52.61,0,0,0,0
OutRefBenchmarks.DllImport_IntPtr_AllocHGlobal,PInvokeBench,OutRefBenchmarks,DllImport_IntPtr_AllocHGlobal,ShortRun,Default,Default,Default,Default,Default,Default,Default,Default,Default,Default,Default,Default,Default,Default,Default,Default,Default,Default,Default,Default,Default,Default,Default,Default,Default,Default,Default,Default,Default,Default,Default,3,Default,1,Default,Default,Default,Default,Default,Default,Default,3,"ShortRun(IterationCount=3, LaunchCount=1, WarmupCount=3)",,1,Workload,Actual,3,852900800,16777216,50.84,0,0,0,0
OutRefBenchmarks.DllImport_IntPtr_AllocHGlobal,PInvokeBench,OutRefBenchmarks,DllImport_IntPtr_AllocHGlobal,ShortRun,Default,Default,Default,Default,Default,Default,Default,Default,Default,Default,Default,Default,Default,Default,Default,Default,Default,Default,Default,Default,Default,Default,Default,Default,Default,Default,Default,Default,Default,Default,Default,3,Default,1,Default,Default,Default,Default,Default,Default,Default,3,"ShortRun(IterationCount=3, LaunchCount=1, WarmupCount=3)",,1,Workload,Result,1,865297050,16777216,51.58,0,0,0,0
OutRefBenchmarks.DllImport_IntPtr_AllocHGlobal,PInvokeBench,OutRefBenchmarks,DllImport_IntPtr_AllocHGlobal,ShortRun,Default,Default,Default,Default,Default,Default,Default,Default,Default,Default,Default,Default,Default,Default,Default,Default,Default,Default,Default,Default,Default,Default,Default,Default,Default,Default,Default,Default,Default,Default,Default,3,Default,1,Default,Default,Default,Default,Default,Default,Default,3,"ShortRun(IterationCount=3, LaunchCount=1, WarmupCount=3)",,1,Workload,Result,2,847406350,16777216,50.51,0,0,0,0
OutRefBenchmarks.DllImport_IntPtr_AllocHGlobal,PInvokeBench,OutRefBenchmarks,DllImport_IntPtr_AllocHGlobal,ShortRun,Default,Default,Default,Default,Default,Default,Default,Default,Default,Default,Default,Default,Default,Default,Default,Default,Default,Default,Default,Default,Default,Default,Default,Default,Default,Default,Default,Default,Default,Default,Default,3,Default,1,Default,Default,Default,Default,Default,Default,Default,3,"ShortRun(IterationCount=3, LaunchCount=1, WarmupCount=3)",,1,Workload,Result,3,817677450,16777216,48.74,0,0,0,0
OutRefBenchmarks.DllImport_StackallocSpan,PInvokeBench,OutRefBenchmarks,DllImport_StackallocSpan,ShortRun,Default,Default,Default,Default,Default,Default,Default,Default,Default,Default,Default,Default,Default,Default,Default,Default,Default,Default,Default,Default,Default,Default,Default,Default,Default,Default,Default,Default,Default,Default,Default,3,Default,1,Default,Default,Default,Default,Default,Default,Default,3,"ShortRun(IterationCount=3, LaunchCount=1, WarmupCount=3)",,1,Overhead,Jitting,1,196600,1,196600,0,0,0,0
OutRefBenchmarks.DllImport_StackallocSpan,PInvokeBench,OutRefBenchmarks,DllImport_StackallocSpan,ShortRun,Default,Default,Default,Default,Default,Default,Default,Default,Default,Default,Default,Default,Default,Default,Default,Default,Default,Default,Default,Default,Default,Default,Default,Default,Default,Default,Default,Default,Default,Default,Default,3,Default,1,Default,Default,Default,Default,Default,Default,Default,3,"ShortRun(IterationCount=3, LaunchCount=1, WarmupCount=3)",,1,Workload,Jitting,1,529700,1,529700,0,0,0,0
OutRefBenchmarks.DllImport_StackallocSpan,PInvokeBench,OutRefBenchmarks,DllImport_StackallocSpan,ShortRun,Default,Default,Default,Default,Default,Default,Default,Default,Default,Default,Default,Default,Default,Default,Default,Default,Default,Default,Default,Default,Default,Default,Default,Default,Default,Default,Default,Default,Default,Default,Default,3,Default,1,Default,Default,Default,Default,Default,Default,Default,3,"ShortRun(IterationCount=3, LaunchCount=1, WarmupCount=3)",,1,Overhead,Jitting,2,299500,16,18718.75,0,0,0,0
OutRefBenchmarks.DllImport_StackallocSpan,PInvokeBench,OutRefBenchmarks,DllImport_StackallocSpan,ShortRun,Default,Default,Default,Default,Default,Default,Default,Default,Default,Default,Default,Default,Default,Default,Default,Default,Default,Default,Default,Default,Default,Default,Default,Default,Default,Default,Default,Default,Default,Default,Default,3,Default,1,Default,Default,Default,Default,Default,Default,Default,3,"ShortRun(IterationCount=3, LaunchCount=1, WarmupCount=3)",,1,Workload,Jitting,2,295800,16,18487.5,0,0,0,0
OutRefBenchmarks.DllImport_StackallocSpan,PInvokeBench,OutRefBenchmarks,DllImport_StackallocSpan,ShortRun,Default,Default,Default,Default,Default,Default,Default,Default,Default,Default,Default,Default,Default,Default,Default,Default,Default,Default,Default,Default,Default,Default,Default,Default,Default,Default,Default,Default,Default,Default,Default,3,Default,1,Default,Default,Default,Default,Default,Default,Default,3,"ShortRun(IterationCount=3, LaunchCount=1, WarmupCount=3)",,1,Workload,Pilot,1,900,16,56.25,0,0,0,0
OutRefBenchmarks.DllImport_StackallocSpan,PInvokeBench,OutRefBenchmarks,DllImport_StackallocSpan,ShortRun,Default,Default,Default,Default,Default,Default,Default,Default,Default,Default,Default,Default,Default,Default,Default,Default,Default,Default,Default,Default,Default,Default,Default,Default,Default,Default,Default,Default,Default,Default,Default,3,Default,1,Default,Default,Default,Default,Default,Default,Default,3,"ShortRun(IterationCount=3, LaunchCount=1, WarmupCount=3)",,1,Workload,Pilot,2,1100,32,34.38,0,0,0,0
OutRefBenchmarks.DllImport_StackallocSpan,PInvokeBench,OutRefBenchmarks,DllImport_StackallocSpan,ShortRun,Default,Default,Default,Default,Default,Default,Default,Default,Default,Default,Default,Default,Default,Default,Default,Default,Default,Default,Default,Default,Default,Default,Default,Default,Default,Default,Default,Default,Default,Default,Default,3,Default,1,Default,Default,Default,Default,Default,Default,Default,3,"ShortRun(IterationCount=3, LaunchCount=1, WarmupCount=3)",,1,Workload,Pilot,3,1700,64,26.56,0,0,0,0
OutRefBenchmarks.DllImport_StackallocSpan,PInvokeBench,OutRefBenchmarks,DllImport_StackallocSpan,ShortRun,Default,Default,Default,Default,Default,Default,Default,Default,Default,Default,Default,Default,Default,Default,Default,Default,Default,Default,Default,Default,Default,Default,Default,Default,Default,Default,Default,Default,Default,Default,Default,3,Default,1,Default,Default,Default,Default,Default,Default,Default,3,"ShortRun(IterationCount=3, LaunchCount=1, WarmupCount=3)",,1,Workload,Pilot,4,2700,128,21.09,0,0,0,0
OutRefBenchmarks.DllImport_StackallocSpan,PInvokeBench,OutRefBenchmarks,DllImport_StackallocSpan,ShortRun,Default,Default,Default,Default,Default,Default,Default,Default,Default,Default,Default,Default,Default,Default,Default,Default,Default,Default,Default,Default,Default,Default,Default,Default,Default,Default,Default,Default,Default,Default,Default,3,Default,1,Default,Default,Default,Default,Default,Default,Default,3,"ShortRun(IterationCount=3, LaunchCount=1, WarmupCount=3)",,1,Workload,Pilot,5,4300,256,16.8,0,0,0,0
OutRefBenchmarks.DllImport_StackallocSpan,PInvokeBench,OutRefBenchmarks,DllImport_StackallocSpan,ShortRun,Default,Default,Default,Default,Default,Default,Default,Default,Default,Default,Default,Default,Default,Default,Default,Default,Default,Default,Default,Default,Default,Default,Default,Default,Default,Default,Default,Default,Default,Default,Default,3,Default,1,Default,Default,Default,Default,Default,Default,Default,3,"ShortRun(IterationCount=3, LaunchCount=1, WarmupCount=3)",,1,Workload,Pilot,6,8400,512,16.41,0,0,0,0
OutRefBenchmarks.DllImport_StackallocSpan,PInvokeBench,OutRefBenchmarks,DllImport_StackallocSpan,ShortRun,Default,Default,Default,Default,Default,Default,Default,Default,Default,Default,Default,Default,Default,Default,Default,Default,Default,Default,Default,Default,Default,Default,Default,Default,Default,Default,Default,Default,Default,Default,Default,3,Default,1,Default,Default,Default,Default,Default,Default,Default,3,"ShortRun(IterationCount=3, LaunchCount=1, WarmupCount=3)",,1,Workload,Pilot,7,16000,1024,15.63,0,0,0,0
OutRefBenchmarks.DllImport_StackallocSpan,PInvokeBench,OutRefBenchmarks,DllImport_StackallocSpan,ShortRun,Default,Default,Default,Default,Default,Default,Default,Default,Default,Default,Default,Default,Default,Default,Default,Default,Default,Default,Default,Default,Default,Default,Default,Default,Default,Default,Default,Default,Default,Default,Default,3,Default,1,Default,Default,Default,Default,Default,Default,Default,3,"ShortRun(IterationCount=3, LaunchCount=1, WarmupCount=3)",,1,Workload,Pilot,8,31900,2048,15.58,0,0,0,0
OutRefBenchmarks.DllImport_StackallocSpan,PInvokeBench,OutRefBenchmarks,DllImport_StackallocSpan,ShortRun,Default,Default,Default,Default,Default,Default,Default,Default,Default,Default,Default,Default,Default,Default,Default,Default,Default,Default,Default,Default,Default,Default,Default,Default,Default,Default,Default,Default,Default,Default,Default,3,Default,1,Default,Default,Default,Default,Default,Default,Default,3,"ShortRun(IterationCount=3, LaunchCount=1, WarmupCount=3)",,1,Workload,Pilot,9,63100,4096,15.41,0,0,0,0
OutRefBenchmarks.DllImport_StackallocSpan,PInvokeBench,OutRefBenchmarks,DllImport_StackallocSpan,ShortRun,Default,Default,Default,Default,Default,Default,Default,Default,Default,Default,Default,Default,Default,Default,Default,Default,Default,Default,Default,Default,Default,Default,Default,Default,Default,Default,Default,Default,Default,Default,Default,3,Default,1,Default,Default,Default,Default,Default,Default,Default,3,"ShortRun(IterationCount=3, LaunchCount=1, WarmupCount=3)",,1,Workload,Pilot,10,125600,8192,15.33,0,0,0,0
OutRefBenchmarks.DllImport_StackallocSpan,PInvokeBench,OutRefBenchmarks,DllImport_StackallocSpan,ShortRun,Default,Default,Default,Default,Default,Default,Default,Default,Default,Default,Default,Default,Default,Default,Default,Default,Default,Default,Default,Default,Default,Default,Default,Default,Default,Default,Default,Default,Default,Default,Default,3,Default,1,Default,Default,Default,Default,Default,Default,Default,3,"ShortRun(IterationCount=3, LaunchCount=1, WarmupCount=3)",,1,Workload,Pilot,11,250800,16384,15.31,0,0,0,0
OutRefBenchmarks.DllImport_StackallocSpan,PInvokeBench,OutRefBenchmarks,DllImport_StackallocSpan,ShortRun,Default,Default,Default,Default,Default,Default,Default,Default,Default,Default,Default,Default,Default,Default,Default,Default,Default,Default,Default,Default,Default,Default,Default,Default,Default,Default,Default,Default,Default,Default,Default,3,Default,1,Default,Default,Default,Default,Default,Default,Default,3,"ShortRun(IterationCount=3, LaunchCount=1, WarmupCount=3)",,1,Workload,Pilot,12,508600,32768,15.52,0,0,0,0
OutRefBenchmarks.DllImport_StackallocSpan,PInvokeBench,OutRefBenchmarks,DllImport_StackallocSpan,ShortRun,Default,Default,Default,Default,Default,Default,Default,Default,Default,Default,Default,Default,Default,Default,Default,Default,Default,Default,Default,Default,Default,Default,Default,Default,Default,Default,Default,Default,Default,Default,Default,3,Default,1,Default,Default,Default,Default,Default,Default,Default,3,"ShortRun(IterationCount=3, LaunchCount=1, WarmupCount=3)",,1,Workload,Pilot,13,1002000,65536,15.29,0,0,0,0
OutRefBenchmarks.DllImport_StackallocSpan,PInvokeBench,OutRefBenchmarks,DllImport_StackallocSpan,ShortRun,Default,Default,Default,Default,Default,Default,Default,Default,Default,Default,Default,Default,Default,Default,Default,Default,Default,Default,Default,Default,Default,Default,Default,Default,Default,Default,Default,Default,Default,Default,Default,3,Default,1,Default,Default,Default,Default,Default,Default,Default,3,"ShortRun(IterationCount=3, LaunchCount=1, WarmupCount=3)",,1,Workload,Pilot,14,2035400,131072,15.53,0,0,0,0
OutRefBenchmarks.DllImport_StackallocSpan,PInvokeBench,OutRefBenchmarks,DllImport_StackallocSpan,ShortRun,Default,Default,Default,Default,Default,Default,Default,Default,Default,Default,Default,Default,Default,Default,Default,Default,Default,Default,Default,Default,Default,Default,Default,Default,Default,Default,Default,Default,Default,Default,Default,3,Default,1,Default,Default,Default,Default,Default,Default,Default,3,"ShortRun(IterationCount=3, LaunchCount=1, WarmupCount=3)",,1,Workload,Pilot,15,4052100,262144,15.46,0,0,0,0
OutRefBenchmarks.DllImport_StackallocSpan,PInvokeBench,OutRefBenchmarks,DllImport_StackallocSpan,ShortRun,Default,Default,Default,Default,Default,Default,Default,Default,Default,Default,Default,Default,Default,Default,Default,Default,Default,Default,Default,Default,Default,Default,Default,Default,Default,Default,Default,Default,Default,Default,Default,3,Default,1,Default,Default,Default,Default,Default,Default,Default,3,"ShortRun(IterationCount=3, LaunchCount=1, WarmupCount=3)",,1,Workload,Pilot,16,8085000,524288,15.42,0,0,0,0
OutRefBenchmarks.DllImport_StackallocSpan,PInvokeBench,OutRefBenchmarks,DllImport_StackallocSpan,ShortRun,Default,Default,Default,Default,Default,Default,Default,Default,Default,Default,Default,Default,Default,Default,Default,Default,Default,Default,Default,Default,Default,Default,Default,Default,Default,Default,Default,Default,Default,Default,Default,3,Default,1,Default,Default,Default,Default,Default,Default,Default,3,"ShortRun(IterationCount=3, LaunchCount=1, WarmupCount=3)",,1,Workload,Pilot,17,16289700,1048576,15.54,0,0,0,0
OutRefBenchmarks.DllImport_StackallocSpan,PInvokeBench,OutRefBenchmarks,DllImport_StackallocSpan,ShortRun,Default,Default,Default,Default,Default,Default,Default,Default,Default,Default,Default,Default,Default,Default,Default,Default,Default,Default,Default,Default,Default,Default,Default,Default,Default,Default,Default,Default,Default,Default,Default,3,Default,1,Default,Default,Default,Default,Default,Default,Default,3,"ShortRun(IterationCount=3, LaunchCount=1, WarmupCount=3)",,1,Workload,Pilot,18,32074700,2097152,15.29,0,0,0,0
OutRefBenchmarks.DllImport_StackallocSpan,PInvokeBench,OutRefBenchmarks,DllImport_StackallocSpan,ShortRun,Default,Default,Default,Default,Default,Default,Default,Default,Default,Default,Default,Default,Default,Default,Default,Default,Default,Default,Default,Default,Default,Default,Default,Default,Default,Default,Default,Default,Default,Default,Default,3,Default,1,Default,Default,Default,Default,Default,Default,Default,3,"ShortRun(IterationCount=3, LaunchCount=1, WarmupCount=3)",,1,Workload,Pilot,19,62647200,4194304,14.94,0,0,0,0
OutRefBenchmarks.DllImport_StackallocSpan,PInvokeBench,OutRefBenchmarks,DllImport_StackallocSpan,ShortRun,Default,Default,Default,Default,Default,Default,Default,Default,Default,Default,Default,Default,Default,Default,Default,Default,Default,Default,Default,Default,Default,Default,Default,Default,Default,Default,Default,Default,Default,Default,Default,3,Default,1,Default,Default,Default,Default,Default,Default,Default,3,"ShortRun(IterationCount=3, LaunchCount=1, WarmupCount=3)",,1,Workload,Pilot,20,64191100,8388608,7.65,0,0,0,0
OutRefBenchmarks.DllImport_StackallocSpan,PInvokeBench,OutRefBenchmarks,DllImport_StackallocSpan,ShortRun,Default,Default,Default,Default,Default,Default,Default,Default,Default,Default,Default,Default,Default,Default,Default,Default,Default,Default,Default,Default,Default,Default,Default,Default,Default,Default,Default,Default,Default,Default,Default,3,Default,1,Default,Default,Default,Default,Default,Default,Default,3,"ShortRun(IterationCount=3, LaunchCount=1, WarmupCount=3)",,1,Workload,Pilot,21,135013300,16777216,8.05,0,0,0,0
OutRefBenchmarks.DllImport_StackallocSpan,PInvokeBench,OutRefBenchmarks,DllImport_StackallocSpan,ShortRun,Default,Default,Default,Default,Default,Default,Default,Default,Default,Default,Default,Default,Default,Default,Default,Default,Default,Default,Default,Default,Default,Default,Default,Default,Default,Default,Default,Default,Default,Default,Default,3,Default,1,Default,Default,Default,Default,Default,Default,Default,3,"ShortRun(IterationCount=3, LaunchCount=1, WarmupCount=3)",,1,Workload,Pilot,22,271650900,33554432,8.1,0,0,0,0
OutRefBenchmarks.DllImport_StackallocSpan,PInvokeBench,OutRefBenchmarks,DllImport_StackallocSpan,ShortRun,Default,Default,Default,Default,Default,Default,Default,Default,Default,Default,Default,Default,Default,Default,Default,Default,Default,Default,Default,Default,Default,Default,Default,Default,Default,Default,Default,Default,Default,Default,Default,3,Default,1,Default,Default,Default,Default,Default,Default,Default,3,"ShortRun(IterationCount=3, LaunchCount=1, WarmupCount=3)",,1,Workload,Pilot,23,531807200,67108864,7.92,0,0,0,0
OutRefBenchmarks.DllImport_StackallocSpan,PInvokeBench,OutRefBenchmarks,DllImport_StackallocSpan,ShortRun,Default,Default,Default,Default,Default,Default,Default,Default,Default,Default,Default,Default,Default,Default,Default,Default,Default,Default,Default,Default,Default,Default,Default,Default,Default,Default,Default,Default,Default,Default,Default,3,Default,1,Default,Default,Default,Default,Default,Default,Default,3,"ShortRun(IterationCount=3, LaunchCount=1, WarmupCount=3)",,1,Overhead,Warmup,1,157183400,67108864,2.34,0,0,0,0
OutRefBenchmarks.DllImport_StackallocSpan,PInvokeBench,OutRefBenchmarks,DllImport_StackallocSpan,ShortRun,Default,Default,Default,Default,Default,Default,Default,Default,Default,Default,Default,Default,Default,Default,Default,Default,Default,Default,Default,Default,Default,Default,Default,Default,Default,Default,Default,Default,Default,Default,Default,3,Default,1,Default,Default,Default,Default,Default,Default,Default,3,"ShortRun(IterationCount=3, LaunchCount=1, WarmupCount=3)",,1,Overhead,Warmup,2,138130400,67108864,2.06,0,0,0,0
OutRefBenchmarks.DllImport_StackallocSpan,PInvokeBench,OutRefBenchmarks,DllImport_StackallocSpan,ShortRun,Default,Default,Default,Default,Default,Default,Default,Default,Default,Default,Default,Default,Default,Default,Default,Default,Default,Default,Default,Default,Default,Default,Default,Default,Default,Default,Default,Default,Default,Default,Default,3,Default,1,Default,Default,Default,Default,Default,Default,Default,3,"ShortRun(IterationCount=3, LaunchCount=1, WarmupCount=3)",,1,Overhead,Warmup,3,123668900,67108864,1.84,0,0,0,0
OutRefBenchmarks.DllImport_StackallocSpan,PInvokeBench,OutRefBenchmarks,DllImport_StackallocSpan,ShortRun,Default,Default,Default,Default,Default,Default,Default,Default,Default,Default,Default,Default,Default,Default,Default,Default,Default,Default,Default,Default,Default,Default,Default,Default,Default,Default,Default,Default,Default,Default,Default,3,Default,1,Default,Default,Default,Default,Default,Default,Default,3,"ShortRun(IterationCount=3, LaunchCount=1, WarmupCount=3)",,1,Overhead,Warmup,4,123421000,67108864,1.84,0,0,0,0
OutRefBenchmarks.DllImport_StackallocSpan,PInvokeBench,OutRefBenchmarks,DllImport_StackallocSpan,ShortRun,Default,Default,Default,Default,Default,Default,Default,Default,Default,Default,Default,Default,Default,Default,Default,Default,Default,Default,Default,Default,Default,Default,Default,Default,Default,Default,Default,Default,Default,Default,Default,3,Default,1,Default,Default,Default,Default,Default,Default,Default,3,"ShortRun(IterationCount=3, LaunchCount=1, WarmupCount=3)",,1,Overhead,Warmup,5,123239500,67108864,1.84,0,0,0,0
OutRefBenchmarks.DllImport_StackallocSpan,PInvokeBench,OutRefBenchmarks,DllImport_StackallocSpan,ShortRun,Default,Default,Default,Default,Default,Default,Default,Default,Default,Default,Default,Default,Default,Default,Default,Default,Default,Default,Default,Default,Default,Default,Default,Default,Default,Default,Default,Default,Default,Default,Default,3,Default,1,Default,Default,Default,Default,Default,Default,Default,3,"ShortRun(IterationCount=3, LaunchCount=1, WarmupCount=3)",,1,Overhead,Warmup,6,123287900,67108864,1.84,0,0,0,0
OutRefBenchmarks.DllImport_StackallocSpan,PInvokeBench,OutRefBenchmarks,DllImport_StackallocSpan,ShortRun,Default,Default,Default,Default,Default,Default,Default,Default,Default,Default,Default,Default,Default,Default,Default,Default,Default,Default,Default,Default,Default,Default,Default,Default,Default,Default,Default,Default,Default,Default,Default,3,Default,1,Default,Default,Default,Default,Default,Default,Default,3,"ShortRun(IterationCount=3, LaunchCount=1, WarmupCount=3)",,1,Overhead,Warmup,7,123468100,67108864,1.84,0,0,0,0
OutRefBenchmarks.DllImport_StackallocSpan,PInvokeBench,OutRefBenchmarks,DllImport_StackallocSpan,ShortRun,Default,Default,Default,Default,Default,Default,Default,Default,Default,Default,Default,Default,Default,Default,Default,Default,Default,Default,Default,Default,Default,Default,Default,Default,Default,Default,Default,Default,Default,Default,Default,3,Default,1,Default,Default,Default,Default,Default,Default,Default,3,"ShortRun(IterationCount=3, LaunchCount=1, WarmupCount=3)",,1,Overhead,Warmup,8,120226400,67108864,1.79,0,0,0,0
OutRefBenchmarks.DllImport_StackallocSpan,PInvokeBench,OutRefBenchmarks,DllImport_StackallocSpan,ShortRun,Default,Default,Default,Default,Default,Default,Default,Default,Default,Default,Default,Default,Default,Default,Default,Default,Default,Default,Default,Default,Default,Default,Default,Default,Default,Default,Default,Default,Default,Default,Default,3,Default,1,Default,Default,Default,Default,Default,Default,Default,3,"ShortRun(IterationCount=3, LaunchCount=1, WarmupCount=3)",,1,Overhead,Warmup,9,120233400,67108864,1.79,0,0,0,0
OutRefBenchmarks.DllImport_StackallocSpan,PInvokeBench,OutRefBenchmarks,DllImport_StackallocSpan,ShortRun,Default,Default,Default,Default,Default,Default,Default,Default,Default,Default,Default,Default,Default,Default,Default,Default,Default,Default,Default,Default,Default,Default,Default,Default,Default,Default,Default,Default,Default,Default,Default,3,Default,1,Default,Default,Default,Default,Default,Default,Default,3,"ShortRun(IterationCount=3, LaunchCount=1, WarmupCount=3)",,1,Overhead,Warmup,10,122035500,67108864,1.82,0,0,0,0
OutRefBenchmarks.DllImport_StackallocSpan,PInvokeBench,OutRefBenchmarks,DllImport_StackallocSpan,ShortRun,Default,Default,Default,Default,Default,Default,Default,Default,Default,Default,Default,Default,Default,Default,Default,Default,Default,Default,Default,Default,Default,Default,Default,Default,Default,Default,Default,Default,Default,Default,Default,3,Default,1,Default,Default,Default,Default,Default,Default,Default,3,"ShortRun(IterationCount=3, LaunchCount=1, WarmupCount=3)",,1,Overhead,Actual,1,120396800,67108864,1.79,0,0,0,0
OutRefBenchmarks.DllImport_StackallocSpan,PInvokeBench,OutRefBenchmarks,DllImport_StackallocSpan,ShortRun,Default,Default,Default,Default,Default,Default,Default,Default,Default,Default,Default,Default,Default,Default,Default,Default,Default,Default,Default,Default,Default,Default,Default,Default,Default,Default,Default,Default,Default,Default,Default,3,Default,1,Default,Default,Default,Default,Default,Default,Default,3,"ShortRun(IterationCount=3, LaunchCount=1, WarmupCount=3)",,1,Overhead,Actual,2,121368800,67108864,1.81,0,0,0,0
OutRefBenchmarks.DllImport_StackallocSpan,PInvokeBench,OutRefBenchmarks,DllImport_StackallocSpan,ShortRun,Default,Default,Default,Default,Default,Default,Default,Default,Default,Default,Default,Default,Default,Default,Default,Default,Default,Default,Default,Default,Default,Default,Default,Default,Default,Default,Default,Default,Default,Default,Default,3,Default,1,Default,Default,Default,Default,Default,Default,Default,3,"ShortRun(IterationCount=3, LaunchCount=1, WarmupCount=3)",,1,Overhead,Actual,3,123463600,67108864,1.84,0,0,0,0
OutRefBenchmarks.DllImport_StackallocSpan,PInvokeBench,OutRefBenchmarks,DllImport_StackallocSpan,ShortRun,Default,Default,Default,Default,Default,Default,Default,Default,Default,Default,Default,Default,Default,Default,Default,Default,Default,Default,Default,Default,Default,Default,Default,Default,Default,Default,Default,Default,Default,Default,Default,3,Default,1,Default,Default,Default,Default,Default,Default,Default,3,"ShortRun(IterationCount=3, LaunchCount=1, WarmupCount=3)",,1,Overhead,Actual,4,122187500,67108864,1.82,0,0,0,0
OutRefBenchmarks.DllImport_StackallocSpan,PInvokeBench,OutRefBenchmarks,DllImport_StackallocSpan,ShortRun,Default,Default,Default,Default,Default,Default,Default,Default,Default,Default,Default,Default,Default,Default,Default,Default,Default,Default,Default,Default,Default,Default,Default,Default,Default,Default,Default,Default,Default,Default,Default,3,Default,1,Default,Default,Default,Default,Default,Default,Default,3,"ShortRun(IterationCount=3, LaunchCount=1, WarmupCount=3)",,1,Overhead,Actual,5,124907000,67108864,1.86,0,0,0,0
OutRefBenchmarks.DllImport_StackallocSpan,PInvokeBench,OutRefBenchmarks,DllImport_StackallocSpan,ShortRun,Default,Default,Default,Default,Default,Default,Default,Default,Default,Default,Default,Default,Default,Default,Default,Default,Default,Default,Default,Default,Default,Default,Default,Default,Default,Default,Default,Default,Default,Default,Default,3,Default,1,Default,Default,Default,Default,Default,Default,Default,3,"ShortRun(IterationCount=3, LaunchCount=1, WarmupCount=3)",,1,Overhead,Actual,6,123555100,67108864,1.84,0,0,0,0
OutRefBenchmarks.DllImport_StackallocSpan,PInvokeBench,OutRefBenchmarks,DllImport_StackallocSpan,ShortRun,Default,Default,Default,Default,Default,Default,Default,Default,Default,Default,Default,Default,Default,Default,Default,Default,Default,Default,Default,Default,Default,Default,Default,Default,Default,Default,Default,Default,Default,Default,Default,3,Default,1,Default,Default,Default,Default,Default,Default,Default,3,"ShortRun(IterationCount=3, LaunchCount=1, WarmupCount=3)",,1,Overhead,Actual,7,121461800,67108864,1.81,0,0,0,0
OutRefBenchmarks.DllImport_StackallocSpan,PInvokeBench,OutRefBenchmarks,DllImport_StackallocSpan,ShortRun,Default,Default,Default,Default,Default,Default,Default,Default,Default,Default,Default,Default,Default,Default,Default,Default,Default,Default,Default,Default,Default,Default,Default,Default,Default,Default,Default,Default,Default,Default,Default,3,Default,1,Default,Default,Default,Default,Default,Default,Default,3,"ShortRun(IterationCount=3, LaunchCount=1, WarmupCount=3)",,1,Overhead,Actual,8,128602600,67108864,1.92,0,0,0,0
OutRefBenchmarks.DllImport_StackallocSpan,PInvokeBench,OutRefBenchmarks,DllImport_StackallocSpan,ShortRun,Default,Default,Default,Default,Default,Default,Default,Default,Default,Default,Default,Default,Default,Default,Default,Default,Default,Default,Default,Default,Default,Default,Default,Default,Default,Default,Default,Default,Default,Default,Default,3,Default,1,Default,Default,Default,Default,Default,Default,Default,3,"ShortRun(IterationCount=3, LaunchCount=1, WarmupCount=3)",,1,Overhead,Actual,9,127746700,67108864,1.9,0,0,0,0
OutRefBenchmarks.DllImport_StackallocSpan,PInvokeBench,OutRefBenchmarks,DllImport_StackallocSpan,ShortRun,Default,Default,Default,Default,Default,Default,Default,Default,Default,Default,Default,Default,Default,Default,Default,Default,Default,Default,Default,Default,Default,Default,Default,Default,Default,Default,Default,Default,Default,Default,Default,3,Default,1,Default,Default,Default,Default,Default,Default,Default,3,"ShortRun(IterationCount=3, LaunchCount=1, WarmupCount=3)",,1,Overhead,Actual,10,131298000,67108864,1.96,0,0,0,0
OutRefBenchmarks.DllImport_StackallocSpan,PInvokeBench,OutRefBenchmarks,DllImport_StackallocSpan,ShortRun,Default,Default,Default,Default,Default,Default,Default,Default,Default,Default,Default,Default,Default,Default,Default,Default,Default,Default,Default,Default,Default,Default,Default,Default,Default,Default,Default,Default,Default,Default,Default,3,Default,1,Default,Default,Default,Default,Default,Default,Default,3,"ShortRun(IterationCount=3, LaunchCount=1, WarmupCount=3)",,1,Overhead,Actual,11,142053800,67108864,2.12,0,0,0,0
OutRefBenchmarks.DllImport_StackallocSpan,PInvokeBench,OutRefBenchmarks,DllImport_StackallocSpan,ShortRun,Default,Default,Default,Default,Default,Default,Default,Default,Default,Default,Default,Default,Default,Default,Default,Default,Default,Default,Default,Default,Default,Default,Default,Default,Default,Default,Default,Default,Default,Default,Default,3,Default,1,Default,Default,Default,Default,Default,Default,Default,3,"ShortRun(IterationCount=3, LaunchCount=1, WarmupCount=3)",,1,Overhead,Actual,12,141445600,67108864,2.11,0,0,0,0
OutRefBenchmarks.DllImport_StackallocSpan,PInvokeBench,OutRefBenchmarks,DllImport_StackallocSpan,ShortRun,Default,Default,Default,Default,Default,Default,Default,Default,Default,Default,Default,Default,Default,Default,Default,Default,Default,Default,Default,Default,Default,Default,Default,Default,Default,Default,Default,Default,Default,Default,Default,3,Default,1,Default,Default,Default,Default,Default,Default,Default,3,"ShortRun(IterationCount=3, LaunchCount=1, WarmupCount=3)",,1,Overhead,Actual,13,162910300,67108864,2.43,0,0,0,0
OutRefBenchmarks.DllImport_StackallocSpan,PInvokeBench,OutRefBenchmarks,DllImport_StackallocSpan,ShortRun,Default,Default,Default,Default,Default,Default,Default,Default,Default,Default,Default,Default,Default,Default,Default,Default,Default,Default,Default,Default,Default,Default,Default,Default,Default,Default,Default,Default,Default,Default,Default,3,Default,1,Default,Default,Default,Default,Default,Default,Default,3,"ShortRun(IterationCount=3, LaunchCount=1, WarmupCount=3)",,1,Overhead,Actual,14,141991200,67108864,2.12,0,0,0,0
OutRefBenchmarks.DllImport_StackallocSpan,PInvokeBench,OutRefBenchmarks,DllImport_StackallocSpan,ShortRun,Default,Default,Default,Default,Default,Default,Default,Default,Default,Default,Default,Default,Default,Default,Default,Default,Default,Default,Default,Default,Default,Default,Default,Default,Default,Default,Default,Default,Default,Default,Default,3,Default,1,Default,Default,Default,Default,Default,Default,Default,3,"ShortRun(IterationCount=3, LaunchCount=1, WarmupCount=3)",,1,Overhead,Actual,15,142096200,67108864,2.12,0,0,0,0
OutRefBenchmarks.DllImport_StackallocSpan,PInvokeBench,OutRefBenchmarks,DllImport_StackallocSpan,ShortRun,Default,Default,Default,Default,Default,Default,Default,Default,Default,Default,Default,Default,Default,Default,Default,Default,Default,Default,Default,Default,Default,Default,Default,Default,Default,Default,Default,Default,Default,Default,Default,3,Default,1,Default,Default,Default,Default,Default,Default,Default,3,"ShortRun(IterationCount=3, LaunchCount=1, WarmupCount=3)",,1,Overhead,Actual,16,136546000,67108864,2.03,0,0,0,0
OutRefBenchmarks.DllImport_StackallocSpan,PInvokeBench,OutRefBenchmarks,DllImport_StackallocSpan,ShortRun,Default,Default,Default,Default,Default,Default,Default,Default,Default,Default,Default,Default,Default,Default,Default,Default,Default,Default,Default,Default,Default,Default,Default,Default,Default,Default,Default,Default,Default,Default,Default,3,Default,1,Default,Default,Default,Default,Default,Default,Default,3,"ShortRun(IterationCount=3, LaunchCount=1, WarmupCount=3)",,1,Overhead,Actual,17,137248900,67108864,2.05,0,0,0,0
OutRefBenchmarks.DllImport_StackallocSpan,PInvokeBench,OutRefBenchmarks,DllImport_StackallocSpan,ShortRun,Default,Default,Default,Default,Default,Default,Default,Default,Default,Default,Default,Default,Default,Default,Default,Default,Default,Default,Default,Default,Default,Default,Default,Default,Default,Default,Default,Default,Default,Default,Default,3,Default,1,Default,Default,Default,Default,Default,Default,Default,3,"ShortRun(IterationCount=3, LaunchCount=1, WarmupCount=3)",,1,Overhead,Actual,18,134481100,67108864,2,0,0,0,0
OutRefBenchmarks.DllImport_StackallocSpan,PInvokeBench,OutRefBenchmarks,DllImport_StackallocSpan,ShortRun,Default,Default,Default,Default,Default,Default,Default,Default,Default,Default,Default,Default,Default,Default,Default,Default,Default,Default,Default,Default,Default,Default,Default,Default,Default,Default,Default,Default,Default,Default,Default,3,Default,1,Default,Default,Default,Default,Default,Default,Default,3,"ShortRun(IterationCount=3, LaunchCount=1, WarmupCount=3)",,1,Overhead,Actual,19,132145000,67108864,1.97,0,0,0,0
OutRefBenchmarks.DllImport_StackallocSpan,PInvokeBench,OutRefBenchmarks,DllImport_StackallocSpan,ShortRun,Default,Default,Default,Default,Default,Default,Default,Default,Default,Default,Default,Default,Default,Default,Default,Default,Default,Default,Default,Default,Default,Default,Default,Default,Default,Default,Default,Default,Default,Default,Default,3,Default,1,Default,Default,Default,Default,Default,Default,Default,3,"ShortRun(IterationCount=3, LaunchCount=1, WarmupCount=3)",,1,Overhead,Actual,20,137410500,67108864,2.05,0,0,0,0
OutRefBenchmarks.DllImport_StackallocSpan,PInvokeBench,OutRefBenchmarks,DllImport_StackallocSpan,ShortRun,Default,Default,Default,Default,Default,Default,Default,Default,Default,Default,Default,Default,Default,Default,Default,Default,Default,Default,Default,Default,Default,Default,Default,Default,Default,Default,Default,Default,Default,Default,Default,3,Default,1,Default,Default,Default,Default,Default,Default,Default,3,"ShortRun(IterationCount=3, LaunchCount=1, WarmupCount=3)",,1,Workload,Warmup,1,459651300,67108864,6.85,0,0,0,0
OutRefBenchmarks.DllImport_StackallocSpan,PInvokeBench,OutRefBenchmarks,DllImport_StackallocSpan,ShortRun,Default,Default,Default,Default,Default,Default,Default,Default,Default,Default,Default,Default,Default,Default,Default,Default,Default,Default,Default,Default,Default,Default,Default,Default,Default,Default,Default,Default,Default,Default,Default,3,Default,1,Default,Default,Default,Default,Default,Default,Default,3,"ShortRun(IterationCount=3, LaunchCount=1, WarmupCount=3)",,1,Workload,Warmup,2,487133600,67108864,7.26,0,0,0,0
OutRefBenchmarks.DllImport_StackallocSpan,PInvokeBench,OutRefBenchmarks,DllImport_StackallocSpan,ShortRun,Default,Default,Default,Default,Default,Default,Default,Default,Default,Default,Default,Default,Default,Default,Default,Default,Default,Default,Default,Default,Default,Default,Default,Default,Default,Default,Default,Default,Default,Default,Default,3,Default,1,Default,Default,Default,Default,Default,Default,Default,3,"ShortRun(IterationCount=3, LaunchCount=1, WarmupCount=3)",,1,Workload,Warmup,3,530073900,67108864,7.9,0,0,0,0
OutRefBenchmarks.DllImport_StackallocSpan,PInvokeBench,OutRefBenchmarks,DllImport_StackallocSpan,ShortRun,Default,Default,Default,Default,Default,Default,Default,Default,Default,Default,Default,Default,Default,Default,Default,Default,Default,Default,Default,Default,Default,Default,Default,Default,Default,Default,Default,Default,Default,Default,Default,3,Default,1,Default,Default,Default,Default,Default,Default,Default,3,"ShortRun(IterationCount=3, LaunchCount=1, WarmupCount=3)",,1,Workload,Actual,1,530098100,67108864,7.9,0,0,0,0
OutRefBenchmarks.DllImport_StackallocSpan,PInvokeBench,OutRefBenchmarks,DllImport_StackallocSpan,ShortRun,Default,Default,Default,Default,Default,Default,Default,Default,Default,Default,Default,Default,Default,Default,Default,Default,Default,Default,Default,Default,Default,Default,Default,Default,Default,Default,Default,Default,Default,Default,Default,3,Default,1,Default,Default,Default,Default,Default,Default,Default,3,"ShortRun(IterationCount=3, LaunchCount=1, WarmupCount=3)",,1,Workload,Actual,2,502608800,67108864,7.49,0,0,0,0
OutRefBenchmarks.DllImport_StackallocSpan,PInvokeBench,OutRefBenchmarks,DllImport_StackallocSpan,ShortRun,Default,Default,Default,Default,Default,Default,Default,Default,Default,Default,Default,Default,Default,Default,Default,Default,Default,Default,Default,Default,Default,Default,Default,Default,Default,Default,Default,Default,Default,Default,Default,3,Default,1,Default,Default,Default,Default,Default,Default,Default,3,"ShortRun(IterationCount=3, LaunchCount=1, WarmupCount=3)",,1,Workload,Actual,3,513591200,67108864,7.65,0,0,0,0
OutRefBenchmarks.DllImport_StackallocSpan,PInvokeBench,OutRefBenchmarks,DllImport_StackallocSpan,ShortRun,Default,Default,Default,Default,Default,Default,Default,Default,Default,Default,Default,Default,Default,Default,Default,Default,Default,Default,Default,Default,Default,Default,Default,Default,Default,Default,Default,Default,Default,Default,Default,3,Default,1,Default,Default,Default,Default,Default,Default,Default,3,"ShortRun(IterationCount=3, LaunchCount=1, WarmupCount=3)",,1,Workload,Result,1,398376600,67108864,5.94,0,0,0,0
OutRefBenchmarks.DllImport_StackallocSpan,PInvokeBench,OutRefBenchmarks,DllImport_StackallocSpan,ShortRun,Default,Default,Default,Default,Default,Default,Default,Default,Default,Default,Default,Default,Default,Default,Default,Default,Default,Default,Default,Default,Default,Default,Default,Default,Default,Default,Default,Default,Default,Default,Default,3,Default,1,Default,Default,Default,Default,Default,Default,Default,3,"ShortRun(IterationCount=3, LaunchCount=1, WarmupCount=3)",,1,Workload,Result,2,370887300,67108864,5.53,0,0,0,0
OutRefBenchmarks.DllImport_StackallocSpan,PInvokeBench,OutRefBenchmarks,DllImport_StackallocSpan,ShortRun,Default,Default,Default,Default,Default,Default,Default,Default,Default,Default,Default,Default,Default,Default,Default,Default,Default,Default,Default,Default,Default,Default,Default,Default,Default,Default,Default,Default,Default,Default,Default,3,Default,1,Default,Default,Default,Default,Default,Default,Default,3,"ShortRun(IterationCount=3, LaunchCount=1, WarmupCount=3)",,1,Workload,Result,3,381869700,67108864,5.69,0,0,0,0
OutRefBenchmarks.DllImport_RefInOut,PInvokeBench,OutRefBenchmarks,DllImport_RefInOut,ShortRun,Default,Default,Default,Default,Default,Default,Default,Default,Default,Default,Default,Default,Default,Default,Default,Default,Default,Default,Default,Default,Default,Default,Default,Default,Default,Default,Default,Default,Default,Default,Default,3,Default,1,Default,Default,Default,Default,Default,Default,Default,3,"ShortRun(IterationCount=3, LaunchCount=1, WarmupCount=3)",,1,Overhead,Jitting,1,198000,1,198000,0,0,0,0
OutRefBenchmarks.DllImport_RefInOut,PInvokeBench,OutRefBenchmarks,DllImport_RefInOut,ShortRun,Default,Default,Default,Default,Default,Default,Default,Default,Default,Default,Default,Default,Default,Default,Default,Default,Default,Default,Default,Default,Default,Default,Default,Default,Default,Default,Default,Default,Default,Default,Default,3,Default,1,Default,Default,Default,Default,Default,Default,Default,3,"ShortRun(IterationCount=3, LaunchCount=1, WarmupCount=3)",,1,Workload,Jitting,1,552700,1,552700,0,0,0,0
OutRefBenchmarks.DllImport_RefInOut,PInvokeBench,OutRefBenchmarks,DllImport_RefInOut,ShortRun,Default,Default,Default,Default,Default,Default,Default,Default,Default,Default,Default,Default,Default,Default,Default,Default,Default,Default,Default,Default,Default,Default,Default,Default,Default,Default,Default,Default,Default,Default,Default,3,Default,1,Default,Default,Default,Default,Default,Default,Default,3,"ShortRun(IterationCount=3, LaunchCount=1, WarmupCount=3)",,1,Overhead,Jitting,2,300900,16,18806.25,0,0,0,0
OutRefBenchmarks.DllImport_RefInOut,PInvokeBench,OutRefBenchmarks,DllImport_RefInOut,ShortRun,Default,Default,Default,Default,Default,Default,Default,Default,Default,Default,Default,Default,Default,Default,Default,Default,Default,Default,Default,Default,Default,Default,Default,Default,Default,Default,Default,Default,Default,Default,Default,3,Default,1,Default,Default,Default,Default,Default,Default,Default,3,"ShortRun(IterationCount=3, LaunchCount=1, WarmupCount=3)",,1,Workload,Jitting,2,283900,16,17743.75,0,0,0,0
OutRefBenchmarks.DllImport_RefInOut,PInvokeBench,OutRefBenchmarks,DllImport_RefInOut,ShortRun,Default,Default,Default,Default,Default,Default,Default,Default,Default,Default,Default,Default,Default,Default,Default,Default,Default,Default,Default,Default,Default,Default,Default,Default,Default,Default,Default,Default,Default,Default,Default,3,Default,1,Default,Default,Default,Default,Default,Default,Default,3,"ShortRun(IterationCount=3, LaunchCount=1, WarmupCount=3)",,1,Workload,Pilot,1,700,16,43.75,0,0,0,0
OutRefBenchmarks.DllImport_RefInOut,PInvokeBench,OutRefBenchmarks,DllImport_RefInOut,ShortRun,Default,Default,Default,Default,Default,Default,Default,Default,Default,Default,Default,Default,Default,Default,Default,Default,Default,Default,Default,Default,Default,Default,Default,Default,Default,Default,Default,Default,Default,Default,Default,3,Default,1,Default,Default,Default,Default,Default,Default,Default,3,"ShortRun(IterationCount=3, LaunchCount=1, WarmupCount=3)",,1,Workload,Pilot,2,800,32,25,0,0,0,0
OutRefBenchmarks.DllImport_RefInOut,PInvokeBench,OutRefBenchmarks,DllImport_RefInOut,ShortRun,Default,Default,Default,Default,Default,Default,Default,Default,Default,Default,Default,Default,Default,Default,Default,Default,Default,Default,Default,Default,Default,Default,Default,Default,Default,Default,Default,Default,Default,Default,Default,3,Default,1,Default,Default,Default,Default,Default,Default,Default,3,"ShortRun(IterationCount=3, LaunchCount=1, WarmupCount=3)",,1,Workload,Pilot,3,900,64,14.06,0,0,0,0
OutRefBenchmarks.DllImport_RefInOut,PInvokeBench,OutRefBenchmarks,DllImport_RefInOut,ShortRun,Default,Default,Default,Default,Default,Default,Default,Default,Default,Default,Default,Default,Default,Default,Default,Default,Default,Default,Default,Default,Default,Default,Default,Default,Default,Default,Default,Default,Default,Default,Default,3,Default,1,Default,Default,Default,Default,Default,Default,Default,3,"ShortRun(IterationCount=3, LaunchCount=1, WarmupCount=3)",,1,Workload,Pilot,4,1300,128,10.16,0,0,0,0
OutRefBenchmarks.DllImport_RefInOut,PInvokeBench,OutRefBenchmarks,DllImport_RefInOut,ShortRun,Default,Default,Default,Default,Default,Default,Default,Default,Default,Default,Default,Default,Default,Default,Default,Default,Default,Default,Default,Default,Default,Default,Default,Default,Default,Default,Default,Default,Default,Default,Default,3,Default,1,Default,Default,Default,Default,Default,Default,Default,3,"ShortRun(IterationCount=3, LaunchCount=1, WarmupCount=3)",,1,Workload,Pilot,5,2400,256,9.38,0,0,0,0
OutRefBenchmarks.DllImport_RefInOut,PInvokeBench,OutRefBenchmarks,DllImport_RefInOut,ShortRun,Default,Default,Default,Default,Default,Default,Default,Default,Default,Default,Default,Default,Default,Default,Default,Default,Default,Default,Default,Default,Default,Default,Default,Default,Default,Default,Default,Default,Default,Default,Default,3,Default,1,Default,Default,Default,Default,Default,Default,Default,3,"ShortRun(IterationCount=3, LaunchCount=1, WarmupCount=3)",,1,Workload,Pilot,6,4300,512,8.4,0,0,0,0
OutRefBenchmarks.DllImport_RefInOut,PInvokeBench,OutRefBenchmarks,DllImport_RefInOut,ShortRun,Default,Default,Default,Default,Default,Default,Default,Default,Default,Default,Default,Default,Default,Default,Default,Default,Default,Default,Default,Default,Default,Default,Default,Default,Default,Default,Default,Default,Default,Default,Default,3,Default,1,Default,Default,Default,Default,Default,Default,Default,3,"ShortRun(IterationCount=3, LaunchCount=1, WarmupCount=3)",,1,Workload,Pilot,7,7700,1024,7.52,0,0,0,0
OutRefBenchmarks.DllImport_RefInOut,PInvokeBench,OutRefBenchmarks,DllImport_RefInOut,ShortRun,Default,Default,Default,Default,Default,Default,Default,Default,Default,Default,Default,Default,Default,Default,Default,Default,Default,Default,Default,Default,Default,Default,Default,Default,Default,Default,Default,Default,Default,Default,Default,3,Default,1,Default,Default,Default,Default,Default,Default,Default,3,"ShortRun(IterationCount=3, LaunchCount=1, WarmupCount=3)",,1,Workload,Pilot,8,14700,2048,7.18,0,0,0,0
OutRefBenchmarks.DllImport_RefInOut,PInvokeBench,OutRefBenchmarks,DllImport_RefInOut,ShortRun,Default,Default,Default,Default,Default,Default,Default,Default,Default,Default,Default,Default,Default,Default,Default,Default,Default,Default,Default,Default,Default,Default,Default,Default,Default,Default,Default,Default,Default,Default,Default,3,Default,1,Default,Default,Default,Default,Default,Default,Default,3,"ShortRun(IterationCount=3, LaunchCount=1, WarmupCount=3)",,1,Workload,Pilot,9,29700,4096,7.25,0,0,0,0
OutRefBenchmarks.DllImport_RefInOut,PInvokeBench,OutRefBenchmarks,DllImport_RefInOut,ShortRun,Default,Default,Default,Default,Default,Default,Default,Default,Default,Default,Default,Default,Default,Default,Default,Default,Default,Default,Default,Default,Default,Default,Default,Default,Default,Default,Default,Default,Default,Default,Default,3,Default,1,Default,Default,Default,Default,Default,Default,Default,3,"ShortRun(IterationCount=3, LaunchCount=1, WarmupCount=3)",,1,Workload,Pilot,10,69300,8192,8.46,0,0,0,0
OutRefBenchmarks.DllImport_RefInOut,PInvokeBench,OutRefBenchmarks,DllImport_RefInOut,ShortRun,Default,Default,Default,Default,Default,Default,Default,Default,Default,Default,Default,Default,Default,Default,Default,Default,Default,Default,Default,Default,Default,Default,Default,Default,Default,Default,Default,Default,Default,Default,Default,3,Default,1,Default,Default,Default,Default,Default,Default,Default,3,"ShortRun(IterationCount=3, LaunchCount=1, WarmupCount=3)",,1,Workload,Pilot,11,116500,16384,7.11,0,0,0,0
OutRefBenchmarks.DllImport_RefInOut,PInvokeBench,OutRefBenchmarks,DllImport_RefInOut,ShortRun,Default,Default,Default,Default,Default,Default,Default,Default,Default,Default,Default,Default,Default,Default,Default,Default,Default,Default,Default,Default,Default,Default,Default,Default,Default,Default,Default,Default,Default,Default,Default,3,Default,1,Default,Default,Default,Default,Default,Default,Default,3,"ShortRun(IterationCount=3, LaunchCount=1, WarmupCount=3)",,1,Workload,Pilot,12,232700,32768,7.1,0,0,0,0
OutRefBenchmarks.DllImport_RefInOut,PInvokeBench,OutRefBenchmarks,DllImport_RefInOut,ShortRun,Default,Default,Default,Default,Default,Default,Default,Default,Default,Default,Default,Default,Default,Default,Default,Default,Default,Default,Default,Default,Default,Default,Default,Default,Default,Default,Default,Default,Default,Default,Default,3,Default,1,Default,Default,Default,Default,Default,Default,Default,3,"ShortRun(IterationCount=3, LaunchCount=1, WarmupCount=3)",,1,Workload,Pilot,13,464700,65536,7.09,0,0,0,0
OutRefBenchmarks.DllImport_RefInOut,PInvokeBench,OutRefBenchmarks,DllImport_RefInOut,ShortRun,Default,Default,Default,Default,Default,Default,Default,Default,Default,Default,Default,Default,Default,Default,Default,Default,Default,Default,Default,Default,Default,Default,Default,Default,Default,Default,Default,Default,Default,Default,Default,3,Default,1,Default,Default,Default,Default,Default,Default,Default,3,"ShortRun(IterationCount=3, LaunchCount=1, WarmupCount=3)",,1,Workload,Pilot,14,987600,131072,7.53,0,0,0,0
OutRefBenchmarks.DllImport_RefInOut,PInvokeBench,OutRefBenchmarks,DllImport_RefInOut,ShortRun,Default,Default,Default,Default,Default,Default,Default,Default,Default,Default,Default,Default,Default,Default,Default,Default,Default,Default,Default,Default,Default,Default,Default,Default,Default,Default,Default,Default,Default,Default,Default,3,Default,1,Default,Default,Default,Default,Default,Default,Default,3,"ShortRun(IterationCount=3, LaunchCount=1, WarmupCount=3)",,1,Workload,Pilot,15,2118900,262144,8.08,0,0,0,0
OutRefBenchmarks.DllImport_RefInOut,PInvokeBench,OutRefBenchmarks,DllImport_RefInOut,ShortRun,Default,Default,Default,Default,Default,Default,Default,Default,Default,Default,Default,Default,Default,Default,Default,Default,Default,Default,Default,Default,Default,Default,Default,Default,Default,Default,Default,Default,Default,Default,Default,3,Default,1,Default,Default,Default,Default,Default,Default,Default,3,"ShortRun(IterationCount=3, LaunchCount=1, WarmupCount=3)",,1,Workload,Pilot,16,4288100,524288,8.18,0,0,0,0
OutRefBenchmarks.DllImport_RefInOut,PInvokeBench,OutRefBenchmarks,DllImport_RefInOut,ShortRun,Default,Default,Default,Default,Default,Default,Default,Default,Default,Default,Default,Default,Default,Default,Default,Default,Default,Default,Default,Default,Default,Default,Default,Default,Default,Default,Default,Default,Default,Default,Default,3,Default,1,Default,Default,Default,Default,Default,Default,Default,3,"ShortRun(IterationCount=3, LaunchCount=1, WarmupCount=3)",,1,Workload,Pilot,17,8688900,1048576,8.29,0,0,0,0
OutRefBenchmarks.DllImport_RefInOut,PInvokeBench,OutRefBenchmarks,DllImport_RefInOut,ShortRun,Default,Default,Default,Default,Default,Default,Default,Default,Default,Default,Default,Default,Default,Default,Default,Default,Default,Default,Default,Default,Default,Default,Default,Default,Default,Default,Default,Default,Default,Default,Default,3,Default,1,Default,Default,Default,Default,Default,Default,Default,3,"ShortRun(IterationCount=3, LaunchCount=1, WarmupCount=3)",,1,Workload,Pilot,18,17747800,2097152,8.46,0,0,0,0
OutRefBenchmarks.DllImport_RefInOut,PInvokeBench,OutRefBenchmarks,DllImport_RefInOut,ShortRun,Default,Default,Default,Default,Default,Default,Default,Default,Default,Default,Default,Default,Default,Default,Default,Default,Default,Default,Default,Default,Default,Default,Default,Default,Default,Default,Default,Default,Default,Default,Default,3,Default,1,Default,Default,Default,Default,Default,Default,Default,3,"ShortRun(IterationCount=3, LaunchCount=1, WarmupCount=3)",,1,Workload,Pilot,19,35438800,4194304,8.45,0,0,0,0
OutRefBenchmarks.DllImport_RefInOut,PInvokeBench,OutRefBenchmarks,DllImport_RefInOut,ShortRun,Default,Default,Default,Default,Default,Default,Default,Default,Default,Default,Default,Default,Default,Default,Default,Default,Default,Default,Default,Default,Default,Default,Default,Default,Default,Default,Default,Default,Default,Default,Default,3,Default,1,Default,Default,Default,Default,Default,Default,Default,3,"ShortRun(IterationCount=3, LaunchCount=1, WarmupCount=3)",,1,Workload,Pilot,20,69449900,8388608,8.28,0,0,0,0
OutRefBenchmarks.DllImport_RefInOut,PInvokeBench,OutRefBenchmarks,DllImport_RefInOut,ShortRun,Default,Default,Default,Default,Default,Default,Default,Default,Default,Default,Default,Default,Default,Default,Default,Default,Default,Default,Default,Default,Default,Default,Default,Default,Default,Default,Default,Default,Default,Default,Default,3,Default,1,Default,Default,Default,Default,Default,Default,Default,3,"ShortRun(IterationCount=3, LaunchCount=1, WarmupCount=3)",,1,Workload,Pilot,21,128246000,16777216,7.64,0,0,0,0
OutRefBenchmarks.DllImport_RefInOut,PInvokeBench,OutRefBenchmarks,DllImport_RefInOut,ShortRun,Default,Default,Default,Default,Default,Default,Default,Default,Default,Default,Default,Default,Default,Default,Default,Default,Default,Default,Default,Default,Default,Default,Default,Default,Default,Default,Default,Default,Default,Default,Default,3,Default,1,Default,Default,Default,Default,Default,Default,Default,3,"ShortRun(IterationCount=3, LaunchCount=1, WarmupCount=3)",,1,Workload,Pilot,22,253014400,33554432,7.54,0,0,0,0
OutRefBenchmarks.DllImport_RefInOut,PInvokeBench,OutRefBenchmarks,DllImport_RefInOut,ShortRun,Default,Default,Default,Default,Default,Default,Default,Default,Default,Default,Default,Default,Default,Default,Default,Default,Default,Default,Default,Default,Default,Default,Default,Default,Default,Default,Default,Default,Default,Default,Default,3,Default,1,Default,Default,Default,Default,Default,Default,Default,3,"ShortRun(IterationCount=3, LaunchCount=1, WarmupCount=3)",,1,Workload,Pilot,23,536943100,67108864,8,0,0,0,0
OutRefBenchmarks.DllImport_RefInOut,PInvokeBench,OutRefBenchmarks,DllImport_RefInOut,ShortRun,Default,Default,Default,Default,Default,Default,Default,Default,Default,Default,Default,Default,Default,Default,Default,Default,Default,Default,Default,Default,Default,Default,Default,Default,Default,Default,Default,Default,Default,Default,Default,3,Default,1,Default,Default,Default,Default,Default,Default,Default,3,"ShortRun(IterationCount=3, LaunchCount=1, WarmupCount=3)",,1,Overhead,Warmup,1,172716100,67108864,2.57,0,0,0,0
OutRefBenchmarks.DllImport_RefInOut,PInvokeBench,OutRefBenchmarks,DllImport_RefInOut,ShortRun,Default,Default,Default,Default,Default,Default,Default,Default,Default,Default,Default,Default,Default,Default,Default,Default,Default,Default,Default,Default,Default,Default,Default,Default,Default,Default,Default,Default,Default,Default,Default,3,Default,1,Default,Default,Default,Default,Default,Default,Default,3,"ShortRun(IterationCount=3, LaunchCount=1, WarmupCount=3)",,1,Overhead,Warmup,2,140487100,67108864,2.09,0,0,0,0
OutRefBenchmarks.DllImport_RefInOut,PInvokeBench,OutRefBenchmarks,DllImport_RefInOut,ShortRun,Default,Default,Default,Default,Default,Default,Default,Default,Default,Default,Default,Default,Default,Default,Default,Default,Default,Default,Default,Default,Default,Default,Default,Default,Default,Default,Default,Default,Default,Default,Default,3,Default,1,Default,Default,Default,Default,Default,Default,Default,3,"ShortRun(IterationCount=3, LaunchCount=1, WarmupCount=3)",,1,Overhead,Warmup,3,120627400,67108864,1.8,0,0,0,0
OutRefBenchmarks.DllImport_RefInOut,PInvokeBench,OutRefBenchmarks,DllImport_RefInOut,ShortRun,Default,Default,Default,Default,Default,Default,Default,Default,Default,Default,Default,Default,Default,Default,Default,Default,Default,Default,Default,Default,Default,Default,Default,Default,Default,Default,Default,Default,Default,Default,Default,3,Default,1,Default,Default,Default,Default,Default,Default,Default,3,"ShortRun(IterationCount=3, LaunchCount=1, WarmupCount=3)",,1,Overhead,Warmup,4,128593000,67108864,1.92,0,0,0,0
OutRefBenchmarks.DllImport_RefInOut,PInvokeBench,OutRefBenchmarks,DllImport_RefInOut,ShortRun,Default,Default,Default,Default,Default,Default,Default,Default,Default,Default,Default,Default,Default,Default,Default,Default,Default,Default,Default,Default,Default,Default,Default,Default,Default,Default,Default,Default,Default,Default,Default,3,Default,1,Default,Default,Default,Default,Default,Default,Default,3,"ShortRun(IterationCount=3, LaunchCount=1, WarmupCount=3)",,1,Overhead,Warmup,5,127017000,67108864,1.89,0,0,0,0
OutRefBenchmarks.DllImport_RefInOut,PInvokeBench,OutRefBenchmarks,DllImport_RefInOut,ShortRun,Default,Default,Default,Default,Default,Default,Default,Default,Default,Default,Default,Default,Default,Default,Default,Default,Default,Default,Default,Default,Default,Default,Default,Default,Default,Default,Default,Default,Default,Default,Default,3,Default,1,Default,Default,Default,Default,Default,Default,Default,3,"ShortRun(IterationCount=3, LaunchCount=1, WarmupCount=3)",,1,Overhead,Warmup,6,124689500,67108864,1.86,0,0,0,0
OutRefBenchmarks.DllImport_RefInOut,PInvokeBench,OutRefBenchmarks,DllImport_RefInOut,ShortRun,Default,Default,Default,Default,Default,Default,Default,Default,Default,Default,Default,Default,Default,Default,Default,Default,Default,Default,Default,Default,Default,Default,Default,Default,Default,Default,Default,Default,Default,Default,Default,3,Default,1,Default,Default,Default,Default,Default,Default,Default,3,"ShortRun(IterationCount=3, LaunchCount=1, WarmupCount=3)",,1,Overhead,Warmup,7,123221700,67108864,1.84,0,0,0,0
OutRefBenchmarks.DllImport_RefInOut,PInvokeBench,OutRefBenchmarks,DllImport_RefInOut,ShortRun,Default,Default,Default,Default,Default,Default,Default,Default,Default,Default,Default,Default,Default,Default,Default,Default,Default,Default,Default,Default,Default,Default,Default,Default,Default,Default,Default,Default,Default,Default,Default,3,Default,1,Default,Default,Default,Default,Default,Default,Default,3,"ShortRun(IterationCount=3, LaunchCount=1, WarmupCount=3)",,1,Overhead,Warmup,8,123243000,67108864,1.84,0,0,0,0
OutRefBenchmarks.DllImport_RefInOut,PInvokeBench,OutRefBenchmarks,DllImport_RefInOut,ShortRun,Default,Default,Default,Default,Default,Default,Default,Default,Default,Default,Default,Default,Default,Default,Default,Default,Default,Default,Default,Default,Default,Default,Default,Default,Default,Default,Default,Default,Default,Default,Default,3,Default,1,Default,Default,Default,Default,Default,Default,Default,3,"ShortRun(IterationCount=3, LaunchCount=1, WarmupCount=3)",,1,Overhead,Warmup,9,125083400,67108864,1.86,0,0,0,0
OutRefBenchmarks.DllImport_RefInOut,PInvokeBench,OutRefBenchmarks,DllImport_RefInOut,ShortRun,Default,Default,Default,Default,Default,Default,Default,Default,Default,Default,Default,Default,Default,Default,Default,Default,Default,Default,Default,Default,Default,Default,Default,Default,Default,Default,Default,Default,Default,Default,Default,3,Default,1,Default,Default,Default,Default,Default,Default,Default,3,"ShortRun(IterationCount=3, LaunchCount=1, WarmupCount=3)",,1,Overhead,Warmup,10,123256600,67108864,1.84,0,0,0,0
OutRefBenchmarks.DllImport_RefInOut,PInvokeBench,OutRefBenchmarks,DllImport_RefInOut,ShortRun,Default,Default,Default,Default,Default,Default,Default,Default,Default,Default,Default,Default,Default,Default,Default,Default,Default,Default,Default,Default,Default,Default,Default,Default,Default,Default,Default,Default,Default,Default,Default,3,Default,1,Default,Default,Default,Default,Default,Default,Default,3,"ShortRun(IterationCount=3, LaunchCount=1, WarmupCount=3)",,1,Overhead,Actual,1,122431300,67108864,1.82,0,0,0,0
OutRefBenchmarks.DllImport_RefInOut,PInvokeBench,OutRefBenchmarks,DllImport_RefInOut,ShortRun,Default,Default,Default,Default,Default,Default,Default,Default,Default,Default,Default,Default,Default,Default,Default,Default,Default,Default,Default,Default,Default,Default,Default,Default,Default,Default,Default,Default,Default,Default,Default,3,Default,1,Default,Default,Default,Default,Default,Default,Default,3,"ShortRun(IterationCount=3, LaunchCount=1, WarmupCount=3)",,1,Overhead,Actual,2,120350400,67108864,1.79,0,0,0,0
OutRefBenchmarks.DllImport_RefInOut,PInvokeBench,OutRefBenchmarks,DllImport_RefInOut,ShortRun,Default,Default,Default,Default,Default,Default,Default,Default,Default,Default,Default,Default,Default,Default,Default,Default,Default,Default,Default,Default,Default,Default,Default,Default,Default,Default,Default,Default,Default,Default,Default,3,Default,1,Default,Default,Default,Default,Default,Default,Default,3,"ShortRun(IterationCount=3, LaunchCount=1, WarmupCount=3)",,1,Overhead,Actual,3,120456600,67108864,1.79,0,0,0,0
OutRefBenchmarks.DllImport_RefInOut,PInvokeBench,OutRefBenchmarks,DllImport_RefInOut,ShortRun,Default,Default,Default,Default,Default,Default,Default,Default,Default,Default,Default,Default,Default,Default,Default,Default,Default,Default,Default,Default,Default,Default,Default,Default,Default,Default,Default,Default,Default,Default,Default,3,Default,1,Default,Default,Default,Default,Default,Default,Default,3,"ShortRun(IterationCount=3, LaunchCount=1, WarmupCount=3)",,1,Overhead,Actual,4,122830900,67108864,1.83,0,0,0,0
OutRefBenchmarks.DllImport_RefInOut,PInvokeBench,OutRefBenchmarks,DllImport_RefInOut,ShortRun,Default,Default,Default,Default,Default,Default,Default,Default,Default,Default,Default,Default,Default,Default,Default,Default,Default,Default,Default,Default,Default,Default,Default,Default,Default,Default,Default,Default,Default,Default,Default,3,Default,1,Default,Default,Default,Default,Default,Default,Default,3,"ShortRun(IterationCount=3, LaunchCount=1, WarmupCount=3)",,1,Overhead,Actual,5,123895600,67108864,1.85,0,0,0,0
OutRefBenchmarks.DllImport_RefInOut,PInvokeBench,OutRefBenchmarks,DllImport_RefInOut,ShortRun,Default,Default,Default,Default,Default,Default,Default,Default,Default,Default,Default,Default,Default,Default,Default,Default,Default,Default,Default,Default,Default,Default,Default,Default,Default,Default,Default,Default,Default,Default,Default,3,Default,1,Default,Default,Default,Default,Default,Default,Default,3,"ShortRun(IterationCount=3, LaunchCount=1, WarmupCount=3)",,1,Overhead,Actual,6,123237200,67108864,1.84,0,0,0,0
OutRefBenchmarks.DllImport_RefInOut,PInvokeBench,OutRefBenchmarks,DllImport_RefInOut,ShortRun,Default,Default,Default,Default,Default,Default,Default,Default,Default,Default,Default,Default,Default,Default,Default,Default,Default,Default,Default,Default,Default,Default,Default,Default,Default,Default,Default,Default,Default,Default,Default,3,Default,1,Default,Default,Default,Default,Default,Default,Default,3,"ShortRun(IterationCount=3, LaunchCount=1, WarmupCount=3)",,1,Overhead,Actual,7,124701000,67108864,1.86,0,0,0,0
OutRefBenchmarks.DllImport_RefInOut,PInvokeBench,OutRefBenchmarks,DllImport_RefInOut,ShortRun,Default,Default,Default,Default,Default,Default,Default,Default,Default,Default,Default,Default,Default,Default,Default,Default,Default,Default,Default,Default,Default,Default,Default,Default,Default,Default,Default,Default,Default,Default,Default,3,Default,1,Default,Default,Default,Default,Default,Default,Default,3,"ShortRun(IterationCount=3, LaunchCount=1, WarmupCount=3)",,1,Overhead,Actual,8,123264800,67108864,1.84,0,0,0,0
OutRefBenchmarks.DllImport_RefInOut,PInvokeBench,OutRefBenchmarks,DllImport_RefInOut,ShortRun,Default,Default,Default,Default,Default,Default,Default,Default,Default,Default,Default,Default,Default,Default,Default,Default,Default,Default,Default,Default,Default,Default,Default,Default,Default,Default,Default,Default,Default,Default,Default,3,Default,1,Default,Default,Default,Default,Default,Default,Default,3,"ShortRun(IterationCount=3, LaunchCount=1, WarmupCount=3)",,1,Overhead,Actual,9,122260400,67108864,1.82,0,0,0,0
OutRefBenchmarks.DllImport_RefInOut,PInvokeBench,OutRefBenchmarks,DllImport_RefInOut,ShortRun,Default,Default,Default,Default,Default,Default,Default,Default,Default,Default,Default,Default,Default,Default,Default,Default,Default,Default,Default,Default,Default,Default,Default,Default,Default,Default,Default,Default,Default,Default,Default,3,Default,1,Default,Default,Default,Default,Default,Default,Default,3,"ShortRun(IterationCount=3, LaunchCount=1, WarmupCount=3)",,1,Overhead,Actual,10,122660000,67108864,1.83,0,0,0,0
OutRefBenchmarks.DllImport_RefInOut,PInvokeBench,OutRefBenchmarks,DllImport_RefInOut,ShortRun,Default,Default,Default,Default,Default,Default,Default,Default,Default,Default,Default,Default,Default,Default,Default,Default,Default,Default,Default,Default,Default,Default,Default,Default,Default,Default,Default,Default,Default,Default,Default,3,Default,1,Default,Default,Default,Default,Default,Default,Default,3,"ShortRun(IterationCount=3, LaunchCount=1, WarmupCount=3)",,1,Overhead,Actual,11,123536800,67108864,1.84,0,0,0,0
OutRefBenchmarks.DllImport_RefInOut,PInvokeBench,OutRefBenchmarks,DllImport_RefInOut,ShortRun,Default,Default,Default,Default,Default,Default,Default,Default,Default,Default,Default,Default,Default,Default,Default,Default,Default,Default,Default,Default,Default,Default,Default,Default,Default,Default,Default,Default,Default,Default,Default,3,Default,1,Default,Default,Default,Default,Default,Default,Default,3,"ShortRun(IterationCount=3, LaunchCount=1, WarmupCount=3)",,1,Overhead,Actual,12,129933900,67108864,1.94,0,0,0,0
OutRefBenchmarks.DllImport_RefInOut,PInvokeBench,OutRefBenchmarks,DllImport_RefInOut,ShortRun,Default,Default,Default,Default,Default,Default,Default,Default,Default,Default,Default,Default,Default,Default,Default,Default,Default,Default,Default,Default,Default,Default,Default,Default,Default,Default,Default,Default,Default,Default,Default,3,Default,1,Default,Default,Default,Default,Default,Default,Default,3,"ShortRun(IterationCount=3, LaunchCount=1, WarmupCount=3)",,1,Overhead,Actual,13,132001500,67108864,1.97,0,0,0,0
OutRefBenchmarks.DllImport_RefInOut,PInvokeBench,OutRefBenchmarks,DllImport_RefInOut,ShortRun,Default,Default,Default,Default,Default,Default,Default,Default,Default,Default,Default,Default,Default,Default,Default,Default,Default,Default,Default,Default,Default,Default,Default,Default,Default,Default,Default,Default,Default,Default,Default,3,Default,1,Default,Default,Default,Default,Default,Default,Default,3,"ShortRun(IterationCount=3, LaunchCount=1, WarmupCount=3)",,1,Overhead,Actual,14,128379200,67108864,1.91,0,0,0,0
OutRefBenchmarks.DllImport_RefInOut,PInvokeBench,OutRefBenchmarks,DllImport_RefInOut,ShortRun,Default,Default,Default,Default,Default,Default,Default,Default,Default,Default,Default,Default,Default,Default,Default,Default,Default,Default,Default,Default,Default,Default,Default,Default,Default,Default,Default,Default,Default,Default,Default,3,Default,1,Default,Default,Default,Default,Default,Default,Default,3,"ShortRun(IterationCount=3, LaunchCount=1, WarmupCount=3)",,1,Overhead,Actual,15,132681500,67108864,1.98,0,0,0,0
OutRefBenchmarks.DllImport_RefInOut,PInvokeBench,OutRefBenchmarks,DllImport_RefInOut,ShortRun,Default,Default,Default,Default,Default,Default,Default,Default,Default,Default,Default,Default,Default,Default,Default,Default,Default,Default,Default,Default,Default,Default,Default,Default,Default,Default,Default,Default,Default,Default,Default,3,Default,1,Default,Default,Default,Default,Default,Default,Default,3,"ShortRun(IterationCount=3, LaunchCount=1, WarmupCount=3)",,1,Workload,Warmup,1,530850300,67108864,7.91,0,0,0,0
OutRefBenchmarks.DllImport_RefInOut,PInvokeBench,OutRefBenchmarks,DllImport_RefInOut,ShortRun,Default,Default,Default,Default,Default,Default,Default,Default,Default,Default,Default,Default,Default,Default,Default,Default,Default,Default,Default,Default,Default,Default,Default,Default,Default,Default,Default,Default,Default,Default,Default,3,Default,1,Default,Default,Default,Default,Default,Default,Default,3,"ShortRun(IterationCount=3, LaunchCount=1, WarmupCount=3)",,1,Workload,Warmup,2,509780300,67108864,7.6,0,0,0,0
OutRefBenchmarks.DllImport_RefInOut,PInvokeBench,OutRefBenchmarks,DllImport_RefInOut,ShortRun,Default,Default,Default,Default,Default,Default,Default,Default,Default,Default,Default,Default,Default,Default,Default,Default,Default,Default,Default,Default,Default,Default,Default,Default,Default,Default,Default,Default,Default,Default,Default,3,Default,1,Default,Default,Default,Default,Default,Default,Default,3,"ShortRun(IterationCount=3, LaunchCount=1, WarmupCount=3)",,1,Workload,Warmup,3,513406100,67108864,7.65,0,0,0,0
OutRefBenchmarks.DllImport_RefInOut,PInvokeBench,OutRefBenchmarks,DllImport_RefInOut,ShortRun,Default,Default,Default,Default,Default,Default,Default,Default,Default,Default,Default,Default,Default,Default,Default,Default,Default,Default,Default,Default,Default,Default,Default,Default,Default,Default,Default,Default,Default,Default,Default,3,Default,1,Default,Default,Default,Default,Default,Default,Default,3,"ShortRun(IterationCount=3, LaunchCount=1, WarmupCount=3)",,1,Workload,Actual,1,553447100,67108864,8.25,0,0,0,0
OutRefBenchmarks.DllImport_RefInOut,PInvokeBench,OutRefBenchmarks,DllImport_RefInOut,ShortRun,Default,Default,Default,Default,Default,Default,Default,Default,Default,Default,Default,Default,Default,Default,Default,Default,Default,Default,Default,Default,Default,Default,Default,Default,Default,Default,Default,Default,Default,Default,Default,3,Default,1,Default,Default,Default,Default,Default,Default,Default,3,"ShortRun(IterationCount=3, LaunchCount=1, WarmupCount=3)",,1,Workload,Actual,2,545378700,67108864,8.13,0,0,0,0
OutRefBenchmarks.DllImport_RefInOut,PInvokeBench,OutRefBenchmarks,DllImport_RefInOut,ShortRun,Default,Default,Default,Default,Default,Default,Default,Default,Default,Default,Default,Default,Default,Default,Default,Default,Default,Default,Default,Default,Default,Default,Default,Default,Default,Default,Default,Default,Default,Default,Default,3,Default,1,Default,Default,Default,Default,Default,Default,Default,3,"ShortRun(IterationCount=3, LaunchCount=1, WarmupCount=3)",,1,Workload,Actual,3,542398400,67108864,8.08,0,0,0,0
OutRefBenchmarks.DllImport_RefInOut,PInvokeBench,OutRefBenchmarks,DllImport_RefInOut,ShortRun,Default,Default,Default,Default,Default,Default,Default,Default,Default,Default,Default,Default,Default,Default,Default,Default,Default,Default,Default,Default,Default,Default,Default,Default,Default,Default,Default,Default,Default,Default,Default,3,Default,1,Default,Default,Default,Default,Default,Default,Default,3,"ShortRun(IterationCount=3, LaunchCount=1, WarmupCount=3)",,1,Workload,Result,1,430182300,67108864,6.41,0,0,0,0
OutRefBenchmarks.DllImport_RefInOut,PInvokeBench,OutRefBenchmarks,DllImport_RefInOut,ShortRun,Default,Default,Default,Default,Default,Default,Default,Default,Default,Default,Default,Default,Default,Default,Default,Default,Default,Default,Default,Default,Default,Default,Default,Default,Default,Default,Default,Default,Default,Default,Default,3,Default,1,Default,Default,Default,Default,Default,Default,Default,3,"ShortRun(IterationCount=3, LaunchCount=1, WarmupCount=3)",,1,Workload,Result,2,422113900,67108864,6.29,0,0,0,0
OutRefBenchmarks.DllImport_RefInOut,PInvokeBench,OutRefBenchmarks,DllImport_RefInOut,ShortRun,Default,Default,Default,Default,Default,Default,Default,Default,Default,Default,Default,Default,Default,Default,Default,Default,Default,Default,Default,Default,Default,Default,Default,Default,Default,Default,Default,Default,Default,Default,Default,3,Default,1,Default,Default,Default,Default,Default,Default,Default,3,"ShortRun(IterationCount=3, LaunchCount=1, WarmupCount=3)",,1,Workload,Result,3,419133600,67108864,6.25,0,0,0,0
OutRefBenchmarks.LibraryImport_Out,PInvokeBench,OutRefBenchmarks,LibraryImport_Out,ShortRun,Default,Default,Default,Default,Default,Default,Default,Default,Default,Default,Default,Default,Default,Default,Default,Default,Default,Default,Default,Default,Default,Default,Default,Default,Default,Default,Default,Default,Default,Default,Default,3,Default,1,Default,Default,Default,Default,Default,Default,Default,3,"ShortRun(IterationCount=3, LaunchCount=1, WarmupCount=3)",,1,Overhead,Jitting,1,190600,1,190600,0,0,0,0
OutRefBenchmarks.LibraryImport_Out,PInvokeBench,OutRefBenchmarks,LibraryImport_Out,ShortRun,Default,Default,Default,Default,Default,Default,Default,Default,Default,Default,Default,Default,Default,Default,Default,Default,Default,Default,Default,Default,Default,Default,Default,Default,Default,Default,Default,Default,Default,Default,Default,3,Default,1,Default,Default,Default,Default,Default,Default,Default,3,"ShortRun(IterationCount=3, LaunchCount=1, WarmupCount=3)",,1,Workload,Jitting,1,1025400,1,1025400,0,0,0,0
OutRefBenchmarks.LibraryImport_Out,PInvokeBench,OutRefBenchmarks,LibraryImport_Out,ShortRun,Default,Default,Default,Default,Default,Default,Default,Default,Default,Default,Default,Default,Default,Default,Default,Default,Default,Default,Default,Default,Default,Default,Default,Default,Default,Default,Default,Default,Default,Default,Default,3,Default,1,Default,Default,Default,Default,Default,Default,Default,3,"ShortRun(IterationCount=3, LaunchCount=1, WarmupCount=3)",,1,Overhead,Jitting,2,283500,16,17718.75,0,0,0,0
OutRefBenchmarks.LibraryImport_Out,PInvokeBench,OutRefBenchmarks,LibraryImport_Out,ShortRun,Default,Default,Default,Default,Default,Default,Default,Default,Default,Default,Default,Default,Default,Default,Default,Default,Default,Default,Default,Default,Default,Default,Default,Default,Default,Default,Default,Default,Default,Default,Default,3,Default,1,Default,Default,Default,Default,Default,Default,Default,3,"ShortRun(IterationCount=3, LaunchCount=1, WarmupCount=3)",,1,Workload,Jitting,2,273100,16,17068.75,0,0,0,0
OutRefBenchmarks.LibraryImport_Out,PInvokeBench,OutRefBenchmarks,LibraryImport_Out,ShortRun,Default,Default,Default,Default,Default,Default,Default,Default,Default,Default,Default,Default,Default,Default,Default,Default,Default,Default,Default,Default,Default,Default,Default,Default,Default,Default,Default,Default,Default,Default,Default,3,Default,1,Default,Default,Default,Default,Default,Default,Default,3,"ShortRun(IterationCount=3, LaunchCount=1, WarmupCount=3)",,1,Workload,Pilot,1,800,16,50,0,0,0,0
OutRefBenchmarks.LibraryImport_Out,PInvokeBench,OutRefBenchmarks,LibraryImport_Out,ShortRun,Default,Default,Default,Default,Default,Default,Default,Default,Default,Default,Default,Default,Default,Default,Default,Default,Default,Default,Default,Default,Default,Default,Default,Default,Default,Default,Default,Default,Default,Default,Default,3,Default,1,Default,Default,Default,Default,Default,Default,Default,3,"ShortRun(IterationCount=3, LaunchCount=1, WarmupCount=3)",,1,Workload,Pilot,2,700,32,21.88,0,0,0,0
OutRefBenchmarks.LibraryImport_Out,PInvokeBench,OutRefBenchmarks,LibraryImport_Out,ShortRun,Default,Default,Default,Default,Default,Default,Default,Default,Default,Default,Default,Default,Default,Default,Default,Default,Default,Default,Default,Default,Default,Default,Default,Default,Default,Default,Default,Default,Default,Default,Default,3,Default,1,Default,Default,Default,Default,Default,Default,Default,3,"ShortRun(IterationCount=3, LaunchCount=1, WarmupCount=3)",,1,Workload,Pilot,3,1400,64,21.88,0,0,0,0
OutRefBenchmarks.LibraryImport_Out,PInvokeBench,OutRefBenchmarks,LibraryImport_Out,ShortRun,Default,Default,Default,Default,Default,Default,Default,Default,Default,Default,Default,Default,Default,Default,Default,Default,Default,Default,Default,Default,Default,Default,Default,Default,Default,Default,Default,Default,Default,Default,Default,3,Default,1,Default,Default,Default,Default,Default,Default,Default,3,"ShortRun(IterationCount=3, LaunchCount=1, WarmupCount=3)",,1,Workload,Pilot,4,1500,128,11.72,0,0,0,0
OutRefBenchmarks.LibraryImport_Out,PInvokeBench,OutRefBenchmarks,LibraryImport_Out,ShortRun,Default,Default,Default,Default,Default,Default,Default,Default,Default,Default,Default,Default,Default,Default,Default,Default,Default,Default,Default,Default,Default,Default,Default,Default,Default,Default,Default,Default,Default,Default,Default,3,Default,1,Default,Default,Default,Default,Default,Default,Default,3,"ShortRun(IterationCount=3, LaunchCount=1, WarmupCount=3)",,1,Workload,Pilot,5,2300,256,8.98,0,0,0,0
OutRefBenchmarks.LibraryImport_Out,PInvokeBench,OutRefBenchmarks,LibraryImport_Out,ShortRun,Default,Default,Default,Default,Default,Default,Default,Default,Default,Default,Default,Default,Default,Default,Default,Default,Default,Default,Default,Default,Default,Default,Default,Default,Default,Default,Default,Default,Default,Default,Default,3,Default,1,Default,Default,Default,Default,Default,Default,Default,3,"ShortRun(IterationCount=3, LaunchCount=1, WarmupCount=3)",,1,Workload,Pilot,6,4200,512,8.2,0,0,0,0
OutRefBenchmarks.LibraryImport_Out,PInvokeBench,OutRefBenchmarks,LibraryImport_Out,ShortRun,Default,Default,Default,Default,Default,Default,Default,Default,Default,Default,Default,Default,Default,Default,Default,Default,Default,Default,Default,Default,Default,Default,Default,Default,Default,Default,Default,Default,Default,Default,Default,3,Default,1,Default,Default,Default,Default,Default,Default,Default,3,"ShortRun(IterationCount=3, LaunchCount=1, WarmupCount=3)",,1,Workload,Pilot,7,8500,1024,8.3,0,0,0,0
OutRefBenchmarks.LibraryImport_Out,PInvokeBench,OutRefBenchmarks,LibraryImport_Out,ShortRun,Default,Default,Default,Default,Default,Default,Default,Default,Default,Default,Default,Default,Default,Default,Default,Default,Default,Default,Default,Default,Default,Default,Default,Default,Default,Default,Default,Default,Default,Default,Default,3,Default,1,Default,Default,Default,Default,Default,Default,Default,3,"ShortRun(IterationCount=3, LaunchCount=1, WarmupCount=3)",,1,Workload,Pilot,8,20000,2048,9.77,0,0,0,0
OutRefBenchmarks.LibraryImport_Out,PInvokeBench,OutRefBenchmarks,LibraryImport_Out,ShortRun,Default,Default,Default,Default,Default,Default,Default,Default,Default,Default,Default,Default,Default,Default,Default,Default,Default,Default,Default,Default,Default,Default,Default,Default,Default,Default,Default,Default,Default,Default,Default,3,Default,1,Default,Default,Default,Default,Default,Default,Default,3,"ShortRun(IterationCount=3, LaunchCount=1, WarmupCount=3)",,1,Workload,Pilot,9,29800,4096,7.28,0,0,0,0
OutRefBenchmarks.LibraryImport_Out,PInvokeBench,OutRefBenchmarks,LibraryImport_Out,ShortRun,Default,Default,Default,Default,Default,Default,Default,Default,Default,Default,Default,Default,Default,Default,Default,Default,Default,Default,Default,Default,Default,Default,Default,Default,Default,Default,Default,Default,Default,Default,Default,3,Default,1,Default,Default,Default,Default,Default,Default,Default,3,"ShortRun(IterationCount=3, LaunchCount=1, WarmupCount=3)",,1,Workload,Pilot,10,60500,8192,7.39,0,0,0,0
OutRefBenchmarks.LibraryImport_Out,PInvokeBench,OutRefBenchmarks,LibraryImport_Out,ShortRun,Default,Default,Default,Default,Default,Default,Default,Default,Default,Default,Default,Default,Default,Default,Default,Default,Default,Default,Default,Default,Default,Default,Default,Default,Default,Default,Default,Default,Default,Default,Default,3,Default,1,Default,Default,Default,Default,Default,Default,Default,3,"ShortRun(IterationCount=3, LaunchCount=1, WarmupCount=3)",,1,Workload,Pilot,11,134100,16384,8.18,0,0,0,0
OutRefBenchmarks.LibraryImport_Out,PInvokeBench,OutRefBenchmarks,LibraryImport_Out,ShortRun,Default,Default,Default,Default,Default,Default,Default,Default,Default,Default,Default,Default,Default,Default,Default,Default,Default,Default,Default,Default,Default,Default,Default,Default,Default,Default,Default,Default,Default,Default,Default,3,Default,1,Default,Default,Default,Default,Default,Default,Default,3,"ShortRun(IterationCount=3, LaunchCount=1, WarmupCount=3)",,1,Workload,Pilot,12,236900,32768,7.23,0,0,0,0
OutRefBenchmarks.LibraryImport_Out,PInvokeBench,OutRefBenchmarks,LibraryImport_Out,ShortRun,Default,Default,Default,Default,Default,Default,Default,Default,Default,Default,Default,Default,Default,Default,Default,Default,Default,Default,Default,Default,Default,Default,Default,Default,Default,Default,Default,Default,Default,Default,Default,3,Default,1,Default,Default,Default,Default,Default,Default,Default,3,"ShortRun(IterationCount=3, LaunchCount=1, WarmupCount=3)",,1,Workload,Pilot,13,587000,65536,8.96,0,0,0,0
OutRefBenchmarks.LibraryImport_Out,PInvokeBench,OutRefBenchmarks,LibraryImport_Out,ShortRun,Default,Default,Default,Default,Default,Default,Default,Default,Default,Default,Default,Default,Default,Default,Default,Default,Default,Default,Default,Default,Default,Default,Default,Default,Default,Default,Default,Default,Default,Default,Default,3,Default,1,Default,Default,Default,Default,Default,Default,Default,3,"ShortRun(IterationCount=3, LaunchCount=1, WarmupCount=3)",,1,Workload,Pilot,14,1048700,131072,8,0,0,0,0
OutRefBenchmarks.LibraryImport_Out,PInvokeBench,OutRefBenchmarks,LibraryImport_Out,ShortRun,Default,Default,Default,Default,Default,Default,Default,Default,Default,Default,Default,Default,Default,Default,Default,Default,Default,Default,Default,Default,Default,Default,Default,Default,Default,Default,Default,Default,Default,Default,Default,3,Default,1,Default,Default,Default,Default,Default,Default,Default,3,"ShortRun(IterationCount=3, LaunchCount=1, WarmupCount=3)",,1,Workload,Pilot,15,2241200,262144,8.55,0,0,0,0
OutRefBenchmarks.LibraryImport_Out,PInvokeBench,OutRefBenchmarks,LibraryImport_Out,ShortRun,Default,Default,Default,Default,Default,Default,Default,Default,Default,Default,Default,Default,Default,Default,Default,Default,Default,Default,Default,Default,Default,Default,Default,Default,Default,Default,Default,Default,Default,Default,Default,3,Default,1,Default,Default,Default,Default,Default,Default,Default,3,"ShortRun(IterationCount=3, LaunchCount=1, WarmupCount=3)",,1,Workload,Pilot,16,4495900,524288,8.58,0,0,0,0
OutRefBenchmarks.LibraryImport_Out,PInvokeBench,OutRefBenchmarks,LibraryImport_Out,ShortRun,Default,Default,Default,Default,Default,Default,Default,Default,Default,Default,Default,Default,Default,Default,Default,Default,Default,Default,Default,Default,Default,Default,Default,Default,Default,Default,Default,Default,Default,Default,Default,3,Default,1,Default,Default,Default,Default,Default,Default,Default,3,"ShortRun(IterationCount=3, LaunchCount=1, WarmupCount=3)",,1,Workload,Pilot,17,9237200,1048576,8.81,0,0,0,0
OutRefBenchmarks.LibraryImport_Out,PInvokeBench,OutRefBenchmarks,LibraryImport_Out,ShortRun,Default,Default,Default,Default,Default,Default,Default,Default,Default,Default,Default,Default,Default,Default,Default,Default,Default,Default,Default,Default,Default,Default,Default,Default,Default,Default,Default,Default,Default,Default,Default,3,Default,1,Default,Default,Default,Default,Default,Default,Default,3,"ShortRun(IterationCount=3, LaunchCount=1, WarmupCount=3)",,1,Workload,Pilot,18,20492300,2097152,9.77,0,0,0,0
OutRefBenchmarks.LibraryImport_Out,PInvokeBench,OutRefBenchmarks,LibraryImport_Out,ShortRun,Default,Default,Default,Default,Default,Default,Default,Default,Default,Default,Default,Default,Default,Default,Default,Default,Default,Default,Default,Default,Default,Default,Default,Default,Default,Default,Default,Default,Default,Default,Default,3,Default,1,Default,Default,Default,Default,Default,Default,Default,3,"ShortRun(IterationCount=3, LaunchCount=1, WarmupCount=3)",,1,Workload,Pilot,19,37040000,4194304,8.83,0,0,0,0
OutRefBenchmarks.LibraryImport_Out,PInvokeBench,OutRefBenchmarks,LibraryImport_Out,ShortRun,Default,Default,Default,Default,Default,Default,Default,Default,Default,Default,Default,Default,Default,Default,Default,Default,Default,Default,Default,Default,Default,Default,Default,Default,Default,Default,Default,Default,Default,Default,Default,3,Default,1,Default,Default,Default,Default,Default,Default,Default,3,"ShortRun(IterationCount=3, LaunchCount=1, WarmupCount=3)",,1,Workload,Pilot,20,65620900,8388608,7.82,0,0,0,0
OutRefBenchmarks.LibraryImport_Out,PInvokeBench,OutRefBenchmarks,LibraryImport_Out,ShortRun,Default,Default,Default,Default,Default,Default,Default,Default,Default,Default,Default,Default,Default,Default,Default,Default,Default,Default,Default,Default,Default,Default,Default,Default,Default,Default,Default,Default,Default,Default,Default,3,Default,1,Default,Default,Default,Default,Default,Default,Default,3,"ShortRun(IterationCount=3, LaunchCount=1, WarmupCount=3)",,1,Workload,Pilot,21,105529100,16777216,6.29,0,0,0,0
OutRefBenchmarks.LibraryImport_Out,PInvokeBench,OutRefBenchmarks,LibraryImport_Out,ShortRun,Default,Default,Default,Default,Default,Default,Default,Default,Default,Default,Default,Default,Default,Default,Default,Default,Default,Default,Default,Default,Default,Default,Default,Default,Default,Default,Default,Default,Default,Default,Default,3,Default,1,Default,Default,Default,Default,Default,Default,Default,3,"ShortRun(IterationCount=3, LaunchCount=1, WarmupCount=3)",,1,Workload,Pilot,22,211111500,33554432,6.29,0,0,0,0
OutRefBenchmarks.LibraryImport_Out,PInvokeBench,OutRefBenchmarks,LibraryImport_Out,ShortRun,Default,Default,Default,Default,Default,Default,Default,Default,Default,Default,Default,Default,Default,Default,Default,Default,Default,Default,Default,Default,Default,Default,Default,Default,Default,Default,Default,Default,Default,Default,Default,3,Default,1,Default,Default,Default,Default,Default,Default,Default,3,"ShortRun(IterationCount=3, LaunchCount=1, WarmupCount=3)",,1,Workload,Pilot,23,458052800,67108864,6.83,0,0,0,0
OutRefBenchmarks.LibraryImport_Out,PInvokeBench,OutRefBenchmarks,LibraryImport_Out,ShortRun,Default,Default,Default,Default,Default,Default,Default,Default,Default,Default,Default,Default,Default,Default,Default,Default,Default,Default,Default,Default,Default,Default,Default,Default,Default,Default,Default,Default,Default,Default,Default,3,Default,1,Default,Default,Default,Default,Default,Default,Default,3,"ShortRun(IterationCount=3, LaunchCount=1, WarmupCount=3)",,1,Workload,Pilot,24,837863900,134217728,6.24,0,0,0,0
OutRefBenchmarks.LibraryImport_Out,PInvokeBench,OutRefBenchmarks,LibraryImport_Out,ShortRun,Default,Default,Default,Default,Default,Default,Default,Default,Default,Default,Default,Default,Default,Default,Default,Default,Default,Default,Default,Default,Default,Default,Default,Default,Default,Default,Default,Default,Default,Default,Default,3,Default,1,Default,Default,Default,Default,Default,Default,Default,3,"ShortRun(IterationCount=3, LaunchCount=1, WarmupCount=3)",,1,Overhead,Warmup,1,306048000,134217728,2.28,0,0,0,0
OutRefBenchmarks.LibraryImport_Out,PInvokeBench,OutRefBenchmarks,LibraryImport_Out,ShortRun,Default,Default,Default,Default,Default,Default,Default,Default,Default,Default,Default,Default,Default,Default,Default,Default,Default,Default,Default,Default,Default,Default,Default,Default,Default,Default,Default,Default,Default,Default,Default,3,Default,1,Default,Default,Default,Default,Default,Default,Default,3,"ShortRun(IterationCount=3, LaunchCount=1, WarmupCount=3)",,1,Overhead,Warmup,2,252270700,134217728,1.88,0,0,0,0
OutRefBenchmarks.LibraryImport_Out,PInvokeBench,OutRefBenchmarks,LibraryImport_Out,ShortRun,Default,Default,Default,Default,Default,Default,Default,Default,Default,Default,Default,Default,Default,Default,Default,Default,Default,Default,Default,Default,Default,Default,Default,Default,Default,Default,Default,Default,Default,Default,Default,3,Default,1,Default,Default,Default,Default,Default,Default,Default,3,"ShortRun(IterationCount=3, LaunchCount=1, WarmupCount=3)",,1,Overhead,Warmup,3,240876300,134217728,1.79,0,0,0,0
OutRefBenchmarks.LibraryImport_Out,PInvokeBench,OutRefBenchmarks,LibraryImport_Out,ShortRun,Default,Default,Default,Default,Default,Default,Default,Default,Default,Default,Default,Default,Default,Default,Default,Default,Default,Default,Default,Default,Default,Default,Default,Default,Default,Default,Default,Default,Default,Default,Default,3,Default,1,Default,Default,Default,Default,Default,Default,Default,3,"ShortRun(IterationCount=3, LaunchCount=1, WarmupCount=3)",,1,Overhead,Warmup,4,243552400,134217728,1.81,0,0,0,0
OutRefBenchmarks.LibraryImport_Out,PInvokeBench,OutRefBenchmarks,LibraryImport_Out,ShortRun,Default,Default,Default,Default,Default,Default,Default,Default,Default,Default,Default,Default,Default,Default,Default,Default,Default,Default,Default,Default,Default,Default,Default,Default,Default,Default,Default,Default,Default,Default,Default,3,Default,1,Default,Default,Default,Default,Default,Default,Default,3,"ShortRun(IterationCount=3, LaunchCount=1, WarmupCount=3)",,1,Overhead,Warmup,5,243958500,134217728,1.82,0,0,0,0
OutRefBenchmarks.LibraryImport_Out,PInvokeBench,OutRefBenchmarks,LibraryImport_Out,ShortRun,Default,Default,Default,Default,Default,Default,Default,Default,Default,Default,Default,Default,Default,Default,Default,Default,Default,Default,Default,Default,Default,Default,Default,Default,Default,Default,Default,Default,Default,Default,Default,3,Default,1,Default,Default,Default,Default,Default,Default,Default,3,"ShortRun(IterationCount=3, LaunchCount=1, WarmupCount=3)",,1,Overhead,Warmup,6,243229600,134217728,1.81,0,0,0,0
OutRefBenchmarks.LibraryImport_Out,PInvokeBench,OutRefBenchmarks,LibraryImport_Out,ShortRun,Default,Default,Default,Default,Default,Default,Default,Default,Default,Default,Default,Default,Default,Default,Default,Default,Default,Default,Default,Default,Default,Default,Default,Default,Default,Default,Default,Default,Default,Default,Default,3,Default,1,Default,Default,Default,Default,Default,Default,Default,3,"ShortRun(IterationCount=3, LaunchCount=1, WarmupCount=3)",,1,Overhead,Warmup,7,256988500,134217728,1.91,0,0,0,0
OutRefBenchmarks.LibraryImport_Out,PInvokeBench,OutRefBenchmarks,LibraryImport_Out,ShortRun,Default,Default,Default,Default,Default,Default,Default,Default,Default,Default,Default,Default,Default,Default,Default,Default,Default,Default,Default,Default,Default,Default,Default,Default,Default,Default,Default,Default,Default,Default,Default,3,Default,1,Default,Default,Default,Default,Default,Default,Default,3,"ShortRun(IterationCount=3, LaunchCount=1, WarmupCount=3)",,1,Overhead,Warmup,8,249840300,134217728,1.86,0,0,0,0
OutRefBenchmarks.LibraryImport_Out,PInvokeBench,OutRefBenchmarks,LibraryImport_Out,ShortRun,Default,Default,Default,Default,Default,Default,Default,Default,Default,Default,Default,Default,Default,Default,Default,Default,Default,Default,Default,Default,Default,Default,Default,Default,Default,Default,Default,Default,Default,Default,Default,3,Default,1,Default,Default,Default,Default,Default,Default,Default,3,"ShortRun(IterationCount=3, LaunchCount=1, WarmupCount=3)",,1,Overhead,Actual,1,246254000,134217728,1.83,0,0,0,0
OutRefBenchmarks.LibraryImport_Out,PInvokeBench,OutRefBenchmarks,LibraryImport_Out,ShortRun,Default,Default,Default,Default,Default,Default,Default,Default,Default,Default,Default,Default,Default,Default,Default,Default,Default,Default,Default,Default,Default,Default,Default,Default,Default,Default,Default,Default,Default,Default,Default,3,Default,1,Default,Default,Default,Default,Default,Default,Default,3,"ShortRun(IterationCount=3, LaunchCount=1, WarmupCount=3)",,1,Overhead,Actual,2,240699300,134217728,1.79,0,0,0,0
OutRefBenchmarks.LibraryImport_Out,PInvokeBench,OutRefBenchmarks,LibraryImport_Out,ShortRun,Default,Default,Default,Default,Default,Default,Default,Default,Default,Default,Default,Default,Default,Default,Default,Default,Default,Default,Default,Default,Default,Default,Default,Default,Default,Default,Default,Default,Default,Default,Default,3,Default,1,Default,Default,Default,Default,Default,Default,Default,3,"ShortRun(IterationCount=3, LaunchCount=1, WarmupCount=3)",,1,Overhead,Actual,3,240913400,134217728,1.79,0,0,0,0
OutRefBenchmarks.LibraryImport_Out,PInvokeBench,OutRefBenchmarks,LibraryImport_Out,ShortRun,Default,Default,Default,Default,Default,Default,Default,Default,Default,Default,Default,Default,Default,Default,Default,Default,Default,Default,Default,Default,Default,Default,Default,Default,Default,Default,Default,Default,Default,Default,Default,3,Default,1,Default,Default,Default,Default,Default,Default,Default,3,"ShortRun(IterationCount=3, LaunchCount=1, WarmupCount=3)",,1,Overhead,Actual,4,246863300,134217728,1.84,0,0,0,0
OutRefBenchmarks.LibraryImport_Out,PInvokeBench,OutRefBenchmarks,LibraryImport_Out,ShortRun,Default,Default,Default,Default,Default,Default,Default,Default,Default,Default,Default,Default,Default,Default,Default,Default,Default,Default,Default,Default,Default,Default,Default,Default,Default,Default,Default,Default,Default,Default,Default,3,Default,1,Default,Default,Default,Default,Default,Default,Default,3,"ShortRun(IterationCount=3, LaunchCount=1, WarmupCount=3)",,1,Overhead,Actual,5,244876000,134217728,1.82,0,0,0,0
OutRefBenchmarks.LibraryImport_Out,PInvokeBench,OutRefBenchmarks,LibraryImport_Out,ShortRun,Default,Default,Default,Default,Default,Default,Default,Default,Default,Default,Default,Default,Default,Default,Default,Default,Default,Default,Default,Default,Default,Default,Default,Default,Default,Default,Default,Default,Default,Default,Default,3,Default,1,Default,Default,Default,Default,Default,Default,Default,3,"ShortRun(IterationCount=3, LaunchCount=1, WarmupCount=3)",,1,Overhead,Actual,6,241556900,134217728,1.8,0,0,0,0
OutRefBenchmarks.LibraryImport_Out,PInvokeBench,OutRefBenchmarks,LibraryImport_Out,ShortRun,Default,Default,Default,Default,Default,Default,Default,Default,Default,Default,Default,Default,Default,Default,Default,Default,Default,Default,Default,Default,Default,Default,Default,Default,Default,Default,Default,Default,Default,Default,Default,3,Default,1,Default,Default,Default,Default,Default,Default,Default,3,"ShortRun(IterationCount=3, LaunchCount=1, WarmupCount=3)",,1,Overhead,Actual,7,244573900,134217728,1.82,0,0,0,0
OutRefBenchmarks.LibraryImport_Out,PInvokeBench,OutRefBenchmarks,LibraryImport_Out,ShortRun,Default,Default,Default,Default,Default,Default,Default,Default,Default,Default,Default,Default,Default,Default,Default,Default,Default,Default,Default,Default,Default,Default,Default,Default,Default,Default,Default,Default,Default,Default,Default,3,Default,1,Default,Default,Default,Default,Default,Default,Default,3,"ShortRun(IterationCount=3, LaunchCount=1, WarmupCount=3)",,1,Overhead,Actual,8,246179800,134217728,1.83,0,0,0,0
OutRefBenchmarks.LibraryImport_Out,PInvokeBench,OutRefBenchmarks,LibraryImport_Out,ShortRun,Default,Default,Default,Default,Default,Default,Default,Default,Default,Default,Default,Default,Default,Default,Default,Default,Default,Default,Default,Default,Default,Default,Default,Default,Default,Default,Default,Default,Default,Default,Default,3,Default,1,Default,Default,Default,Default,Default,Default,Default,3,"ShortRun(IterationCount=3, LaunchCount=1, WarmupCount=3)",,1,Overhead,Actual,9,242430100,134217728,1.81,0,0,0,0
OutRefBenchmarks.LibraryImport_Out,PInvokeBench,OutRefBenchmarks,LibraryImport_Out,ShortRun,Default,Default,Default,Default,Default,Default,Default,Default,Default,Default,Default,Default,Default,Default,Default,Default,Default,Default,Default,Default,Default,Default,Default,Default,Default,Default,Default,Default,Default,Default,Default,3,Default,1,Default,Default,Default,Default,Default,Default,Default,3,"ShortRun(IterationCount=3, LaunchCount=1, WarmupCount=3)",,1,Overhead,Actual,10,246488400,134217728,1.84,0,0,0,0
OutRefBenchmarks.LibraryImport_Out,PInvokeBench,OutRefBenchmarks,LibraryImport_Out,ShortRun,Default,Default,Default,Default,Default,Default,Default,Default,Default,Default,Default,Default,Default,Default,Default,Default,Default,Default,Default,Default,Default,Default,Default,Default,Default,Default,Default,Default,Default,Default,Default,3,Default,1,Default,Default,Default,Default,Default,Default,Default,3,"ShortRun(IterationCount=3, LaunchCount=1, WarmupCount=3)",,1,Overhead,Actual,11,244045500,134217728,1.82,0,0,0,0
OutRefBenchmarks.LibraryImport_Out,PInvokeBench,OutRefBenchmarks,LibraryImport_Out,ShortRun,Default,Default,Default,Default,Default,Default,Default,Default,Default,Default,Default,Default,Default,Default,Default,Default,Default,Default,Default,Default,Default,Default,Default,Default,Default,Default,Default,Default,Default,Default,Default,3,Default,1,Default,Default,Default,Default,Default,Default,Default,3,"ShortRun(IterationCount=3, LaunchCount=1, WarmupCount=3)",,1,Overhead,Actual,12,262676900,134217728,1.96,0,0,0,0
OutRefBenchmarks.LibraryImport_Out,PInvokeBench,OutRefBenchmarks,LibraryImport_Out,ShortRun,Default,Default,Default,Default,Default,Default,Default,Default,Default,Default,Default,Default,Default,Default,Default,Default,Default,Default,Default,Default,Default,Default,Default,Default,Default,Default,Default,Default,Default,Default,Default,3,Default,1,Default,Default,Default,Default,Default,Default,Default,3,"ShortRun(IterationCount=3, LaunchCount=1, WarmupCount=3)",,1,Overhead,Actual,13,259619600,134217728,1.93,0,0,0,0
OutRefBenchmarks.LibraryImport_Out,PInvokeBench,OutRefBenchmarks,LibraryImport_Out,ShortRun,Default,Default,Default,Default,Default,Default,Default,Default,Default,Default,Default,Default,Default,Default,Default,Default,Default,Default,Default,Default,Default,Default,Default,Default,Default,Default,Default,Default,Default,Default,Default,3,Default,1,Default,Default,Default,Default,Default,Default,Default,3,"ShortRun(IterationCount=3, LaunchCount=1, WarmupCount=3)",,1,Overhead,Actual,14,254411200,134217728,1.9,0,0,0,0
OutRefBenchmarks.LibraryImport_Out,PInvokeBench,OutRefBenchmarks,LibraryImport_Out,ShortRun,Default,Default,Default,Default,Default,Default,Default,Default,Default,Default,Default,Default,Default,Default,Default,Default,Default,Default,Default,Default,Default,Default,Default,Default,Default,Default,Default,Default,Default,Default,Default,3,Default,1,Default,Default,Default,Default,Default,Default,Default,3,"ShortRun(IterationCount=3, LaunchCount=1, WarmupCount=3)",,1,Overhead,Actual,15,239944000,134217728,1.79,0,0,0,0
OutRefBenchmarks.LibraryImport_Out,PInvokeBench,OutRefBenchmarks,LibraryImport_Out,ShortRun,Default,Default,Default,Default,Default,Default,Default,Default,Default,Default,Default,Default,Default,Default,Default,Default,Default,Default,Default,Default,Default,Default,Default,Default,Default,Default,Default,Default,Default,Default,Default,3,Default,1,Default,Default,Default,Default,Default,Default,Default,3,"ShortRun(IterationCount=3, LaunchCount=1, WarmupCount=3)",,1,Workload,Warmup,1,887459600,134217728,6.61,0,0,0,0
OutRefBenchmarks.LibraryImport_Out,PInvokeBench,OutRefBenchmarks,LibraryImport_Out,ShortRun,Default,Default,Default,Default,Default,Default,Default,Default,Default,Default,Default,Default,Default,Default,Default,Default,Default,Default,Default,Default,Default,Default,Default,Default,Default,Default,Default,Default,Default,Default,Default,3,Default,1,Default,Default,Default,Default,Default,Default,Default,3,"ShortRun(IterationCount=3, LaunchCount=1, WarmupCount=3)",,1,Workload,Warmup,2,885520400,134217728,6.6,0,0,0,0
OutRefBenchmarks.LibraryImport_Out,PInvokeBench,OutRefBenchmarks,LibraryImport_Out,ShortRun,Default,Default,Default,Default,Default,Default,Default,Default,Default,Default,Default,Default,Default,Default,Default,Default,Default,Default,Default,Default,Default,Default,Default,Default,Default,Default,Default,Default,Default,Default,Default,3,Default,1,Default,Default,Default,Default,Default,Default,Default,3,"ShortRun(IterationCount=3, LaunchCount=1, WarmupCount=3)",,1,Workload,Warmup,3,837663700,134217728,6.24,0,0,0,0
OutRefBenchmarks.LibraryImport_Out,PInvokeBench,OutRefBenchmarks,LibraryImport_Out,ShortRun,Default,Default,Default,Default,Default,Default,Default,Default,Default,Default,Default,Default,Default,Default,Default,Default,Default,Default,Default,Default,Default,Default,Default,Default,Default,Default,Default,Default,Default,Default,Default,3,Default,1,Default,Default,Default,Default,Default,Default,Default,3,"ShortRun(IterationCount=3, LaunchCount=1, WarmupCount=3)",,1,Workload,Actual,1,892016000,134217728,6.65,0,0,0,0
OutRefBenchmarks.LibraryImport_Out,PInvokeBench,OutRefBenchmarks,LibraryImport_Out,ShortRun,Default,Default,Default,Default,Default,Default,Default,Default,Default,Default,Default,Default,Default,Default,Default,Default,Default,Default,Default,Default,Default,Default,Default,Default,Default,Default,Default,Default,Default,Default,Default,3,Default,1,Default,Default,Default,Default,Default,Default,Default,3,"ShortRun(IterationCount=3, LaunchCount=1, WarmupCount=3)",,1,Workload,Actual,2,887416200,134217728,6.61,0,0,0,0
OutRefBenchmarks.LibraryImport_Out,PInvokeBench,OutRefBenchmarks,LibraryImport_Out,ShortRun,Default,Default,Default,Default,Default,Default,Default,Default,Default,Default,Default,Default,Default,Default,Default,Default,Default,Default,Default,Default,Default,Default,Default,Default,Default,Default,Default,Default,Default,Default,Default,3,Default,1,Default,Default,Default,Default,Default,Default,Default,3,"ShortRun(IterationCount=3, LaunchCount=1, WarmupCount=3)",,1,Workload,Actual,3,847947300,134217728,6.32,0,0,0,0
OutRefBenchmarks.LibraryImport_Out,PInvokeBench,OutRefBenchmarks,LibraryImport_Out,ShortRun,Default,Default,Default,Default,Default,Default,Default,Default,Default,Default,Default,Default,Default,Default,Default,Default,Default,Default,Default,Default,Default,Default,Default,Default,Default,Default,Default,Default,Default,Default,Default,3,Default,1,Default,Default,Default,Default,Default,Default,Default,3,"ShortRun(IterationCount=3, LaunchCount=1, WarmupCount=3)",,1,Workload,Result,1,647140000,134217728,4.82,0,0,0,0
OutRefBenchmarks.LibraryImport_Out,PInvokeBench,OutRefBenchmarks,LibraryImport_Out,ShortRun,Default,Default,Default,Default,Default,Default,Default,Default,Default,Default,Default,Default,Default,Default,Default,Default,Default,Default,Default,Default,Default,Default,Default,Default,Default,Default,Default,Default,Default,Default,Default,3,Default,1,Default,Default,Default,Default,Default,Default,Default,3,"ShortRun(IterationCount=3, LaunchCount=1, WarmupCount=3)",,1,Workload,Result,2,642540200,134217728,4.79,0,0,0,0
OutRefBenchmarks.LibraryImport_Out,PInvokeBench,OutRefBenchmarks,LibraryImport_Out,ShortRun,Default,Default,Default,Default,Default,Default,Default,Default,Default,Default,Default,Default,Default,Default,Default,Default,Default,Default,Default,Default,Default,Default,Default,Default,Default,Default,Default,Default,Default,Default,Default,3,Default,1,Default,Default,Default,Default,Default,Default,Default,3,"ShortRun(IterationCount=3, LaunchCount=1, WarmupCount=3)",,1,Workload,Result,3,603071300,134217728,4.49,0,0,0,0
OutRefBenchmarks.LibraryImport_Ref_SuppressGC,PInvokeBench,OutRefBenchmarks,LibraryImport_Ref_SuppressGC,ShortRun,Default,Default,Default,Default,Default,Default,Default,Default,Default,Default,Default,Default,Default,Default,Default,Default,Default,Default,Default,Default,Default,Default,Default,Default,Default,Default,Default,Default,Default,Default,Default,3,Default,1,Default,Default,Default,Default,Default,Default,Default,3,"ShortRun(IterationCount=3, LaunchCount=1, WarmupCount=3)",,1,Overhead,Jitting,1,209700,1,209700,0,0,0,0
OutRefBenchmarks.LibraryImport_Ref_SuppressGC,PInvokeBench,OutRefBenchmarks,LibraryImport_Ref_SuppressGC,ShortRun,Default,Default,Default,Default,Default,Default,Default,Default,Default,Default,Default,Default,Default,Default,Default,Default,Default,Default,Default,Default,Default,Default,Default,Default,Default,Default,Default,Default,Default,Default,Default,3,Default,1,Default,Default,Default,Default,Default,Default,Default,3,"ShortRun(IterationCount=3, LaunchCount=1, WarmupCount=3)",,1,Workload,Jitting,1,613400,1,613400,0,0,0,0
OutRefBenchmarks.LibraryImport_Ref_SuppressGC,PInvokeBench,OutRefBenchmarks,LibraryImport_Ref_SuppressGC,ShortRun,Default,Default,Default,Default,Default,Default,Default,Default,Default,Default,Default,Default,Default,Default,Default,Default,Default,Default,Default,Default,Default,Default,Default,Default,Default,Default,Default,Default,Default,Default,Default,3,Default,1,Default,Default,Default,Default,Default,Default,Default,3,"ShortRun(IterationCount=3, LaunchCount=1, WarmupCount=3)",,1,Overhead,Jitting,2,309400,16,19337.5,0,0,0,0
OutRefBenchmarks.LibraryImport_Ref_SuppressGC,PInvokeBench,OutRefBenchmarks,LibraryImport_Ref_SuppressGC,ShortRun,Default,Default,Default,Default,Default,Default,Default,Default,Default,Default,Default,Default,Default,Default,Default,Default,Default,Default,Default,Default,Default,Default,Default,Default,Default,Default,Default,Default,Default,Default,Default,3,Default,1,Default,Default,Default,Default,Default,Default,Default,3,"ShortRun(IterationCount=3, LaunchCount=1, WarmupCount=3)",,1,Workload,Jitting,2,306800,16,19175,0,0,0,0
OutRefBenchmarks.LibraryImport_Ref_SuppressGC,PInvokeBench,OutRefBenchmarks,LibraryImport_Ref_SuppressGC,ShortRun,Default,Default,Default,Default,Default,Default,Default,Default,Default,Default,Default,Default,Default,Default,Default,Default,Default,Default,Default,Default,Default,Default,Default,Default,Default,Default,Default,Default,Default,Default,Default,3,Default,1,Default,Default,Default,Default,Default,Default,Default,3,"ShortRun(IterationCount=3, LaunchCount=1, WarmupCount=3)",,1,Workload,Pilot,1,700,16,43.75,0,0,0,0
OutRefBenchmarks.LibraryImport_Ref_SuppressGC,PInvokeBench,OutRefBenchmarks,LibraryImport_Ref_SuppressGC,ShortRun,Default,Default,Default,Default,Default,Default,Default,Default,Default,Default,Default,Default,Default,Default,Default,Default,Default,Default,Default,Default,Default,Default,Default,Default,Default,Default,Default,Default,Default,Default,Default,3,Default,1,Default,Default,Default,Default,Default,Default,Default,3,"ShortRun(IterationCount=3, LaunchCount=1, WarmupCount=3)",,1,Workload,Pilot,2,700,32,21.88,0,0,0,0
OutRefBenchmarks.LibraryImport_Ref_SuppressGC,PInvokeBench,OutRefBenchmarks,LibraryImport_Ref_SuppressGC,ShortRun,Default,Default,Default,Default,Default,Default,Default,Default,Default,Default,Default,Default,Default,Default,Default,Default,Default,Default,Default,Default,Default,Default,Default,Default,Default,Default,Default,Default,Default,Default,Default,3,Default,1,Default,Default,Default,Default,Default,Default,Default,3,"ShortRun(IterationCount=3, LaunchCount=1, WarmupCount=3)",,1,Workload,Pilot,3,700,64,10.94,0,0,0,0
OutRefBenchmarks.LibraryImport_Ref_SuppressGC,PInvokeBench,OutRefBenchmarks,LibraryImport_Ref_SuppressGC,ShortRun,Default,Default,Default,Default,Default,Default,Default,Default,Default,Default,Default,Default,Default,Default,Default,Default,Default,Default,Default,Default,Default,Default,Default,Default,Default,Default,Default,Default,Default,Default,Default,3,Default,1,Default,Default,Default,Default,Default,Default,Default,3,"ShortRun(IterationCount=3, LaunchCount=1, WarmupCount=3)",,1,Workload,Pilot,4,1300,128,10.16,0,0,0,0
OutRefBenchmarks.LibraryImport_Ref_SuppressGC,PInvokeBench,OutRefBenchmarks,LibraryImport_Ref_SuppressGC,ShortRun,Default,Default,Default,Default,Default,Default,Default,Default,Default,Default,Default,Default,Default,Default,Default,Default,Default,Default,Default,Default,Default,Default,Default,Default,Default,Default,Default,Default,Default,Default,Default,3,Default,1,Default,Default,Default,Default,Default,Default,Default,3,"ShortRun(IterationCount=3, LaunchCount=1, WarmupCount=3)",,1,Workload,Pilot,5,1700,256,6.64,0,0,0,0
OutRefBenchmarks.LibraryImport_Ref_SuppressGC,PInvokeBench,OutRefBenchmarks,LibraryImport_Ref_SuppressGC,ShortRun,Default,Default,Default,Default,Default,Default,Default,Default,Default,Default,Default,Default,Default,Default,Default,Default,Default,Default,Default,Default,Default,Default,Default,Default,Default,Default,Default,Default,Default,Default,Default,3,Default,1,Default,Default,Default,Default,Default,Default,Default,3,"ShortRun(IterationCount=3, LaunchCount=1, WarmupCount=3)",,1,Workload,Pilot,6,3300,512,6.45,0,0,0,0
OutRefBenchmarks.LibraryImport_Ref_SuppressGC,PInvokeBench,OutRefBenchmarks,LibraryImport_Ref_SuppressGC,ShortRun,Default,Default,Default,Default,Default,Default,Default,Default,Default,Default,Default,Default,Default,Default,Default,Default,Default,Default,Default,Default,Default,Default,Default,Default,Default,Default,Default,Default,Default,Default,Default,3,Default,1,Default,Default,Default,Default,Default,Default,Default,3,"ShortRun(IterationCount=3, LaunchCount=1, WarmupCount=3)",,1,Workload,Pilot,7,5700,1024,5.57,0,0,0,0
OutRefBenchmarks.LibraryImport_Ref_SuppressGC,PInvokeBench,OutRefBenchmarks,LibraryImport_Ref_SuppressGC,ShortRun,Default,Default,Default,Default,Default,Default,Default,Default,Default,Default,Default,Default,Default,Default,Default,Default,Default,Default,Default,Default,Default,Default,Default,Default,Default,Default,Default,Default,Default,Default,Default,3,Default,1,Default,Default,Default,Default,Default,Default,Default,3,"ShortRun(IterationCount=3, LaunchCount=1, WarmupCount=3)",,1,Workload,Pilot,8,11600,2048,5.66,0,0,0,0
OutRefBenchmarks.LibraryImport_Ref_SuppressGC,PInvokeBench,OutRefBenchmarks,LibraryImport_Ref_SuppressGC,ShortRun,Default,Default,Default,Default,Default,Default,Default,Default,Default,Default,Default,Default,Default,Default,Default,Default,Default,Default,Default,Default,Default,Default,Default,Default,Default,Default,Default,Default,Default,Default,Default,3,Default,1,Default,Default,Default,Default,Default,Default,Default,3,"ShortRun(IterationCount=3, LaunchCount=1, WarmupCount=3)",,1,Workload,Pilot,9,21100,4096,5.15,0,0,0,0
OutRefBenchmarks.LibraryImport_Ref_SuppressGC,PInvokeBench,OutRefBenchmarks,LibraryImport_Ref_SuppressGC,ShortRun,Default,Default,Default,Default,Default,Default,Default,Default,Default,Default,Default,Default,Default,Default,Default,Default,Default,Default,Default,Default,Default,Default,Default,Default,Default,Default,Default,Default,Default,Default,Default,3,Default,1,Default,Default,Default,Default,Default,Default,Default,3,"ShortRun(IterationCount=3, LaunchCount=1, WarmupCount=3)",,1,Workload,Pilot,10,43700,8192,5.33,0,0,0,0
OutRefBenchmarks.LibraryImport_Ref_SuppressGC,PInvokeBench,OutRefBenchmarks,LibraryImport_Ref_SuppressGC,ShortRun,Default,Default,Default,Default,Default,Default,Default,Default,Default,Default,Default,Default,Default,Default,Default,Default,Default,Default,Default,Default,Default,Default,Default,Default,Default,Default,Default,Default,Default,Default,Default,3,Default,1,Default,Default,Default,Default,Default,Default,Default,3,"ShortRun(IterationCount=3, LaunchCount=1, WarmupCount=3)",,1,Workload,Pilot,11,82900,16384,5.06,0,0,0,0
OutRefBenchmarks.LibraryImport_Ref_SuppressGC,PInvokeBench,OutRefBenchmarks,LibraryImport_Ref_SuppressGC,ShortRun,Default,Default,Default,Default,Default,Default,Default,Default,Default,Default,Default,Default,Default,Default,Default,Default,Default,Default,Default,Default,Default,Default,Default,Default,Default,Default,Default,Default,Default,Default,Default,3,Default,1,Default,Default,Default,Default,Default,Default,Default,3,"ShortRun(IterationCount=3, LaunchCount=1, WarmupCount=3)",,1,Workload,Pilot,12,177200,32768,5.41,0,0,0,0
OutRefBenchmarks.LibraryImport_Ref_SuppressGC,PInvokeBench,OutRefBenchmarks,LibraryImport_Ref_SuppressGC,ShortRun,Default,Default,Default,Default,Default,Default,Default,Default,Default,Default,Default,Default,Default,Default,Default,Default,Default,Default,Default,Default,Default,Default,Default,Default,Default,Default,Default,Default,Default,Default,Default,3,Default,1,Default,Default,Default,Default,Default,Default,Default,3,"ShortRun(IterationCount=3, LaunchCount=1, WarmupCount=3)",,1,Workload,Pilot,13,341800,65536,5.22,0,0,0,0
OutRefBenchmarks.LibraryImport_Ref_SuppressGC,PInvokeBench,OutRefBenchmarks,LibraryImport_Ref_SuppressGC,ShortRun,Default,Default,Default,Default,Default,Default,Default,Default,Default,Default,Default,Default,Default,Default,Default,Default,Default,Default,Default,Default,Default,Default,Default,Default,Default,Default,Default,Default,Default,Default,Default,3,Default,1,Default,Default,Default,Default,Default,Default,Default,3,"ShortRun(IterationCount=3, LaunchCount=1, WarmupCount=3)",,1,Workload,Pilot,14,680500,131072,5.19,0,0,0,0
OutRefBenchmarks.LibraryImport_Ref_SuppressGC,PInvokeBench,OutRefBenchmarks,LibraryImport_Ref_SuppressGC,ShortRun,Default,Default,Default,Default,Default,Default,Default,Default,Default,Default,Default,Default,Default,Default,Default,Default,Default,Default,Default,Default,Default,Default,Default,Default,Default,Default,Default,Default,Default,Default,Default,3,Default,1,Default,Default,Default,Default,Default,Default,Default,3,"ShortRun(IterationCount=3, LaunchCount=1, WarmupCount=3)",,1,Workload,Pilot,15,1341800,262144,5.12,0,0,0,0
OutRefBenchmarks.LibraryImport_Ref_SuppressGC,PInvokeBench,OutRefBenchmarks,LibraryImport_Ref_SuppressGC,ShortRun,Default,Default,Default,Default,Default,Default,Default,Default,Default,Default,Default,Default,Default,Default,Default,Default,Default,Default,Default,Default,Default,Default,Default,Default,Default,Default,Default,Default,Default,Default,Default,3,Default,1,Default,Default,Default,Default,Default,Default,Default,3,"ShortRun(IterationCount=3, LaunchCount=1, WarmupCount=3)",,1,Workload,Pilot,16,2762500,524288,5.27,0,0,0,0
OutRefBenchmarks.LibraryImport_Ref_SuppressGC,PInvokeBench,OutRefBenchmarks,LibraryImport_Ref_SuppressGC,ShortRun,Default,Default,Default,Default,Default,Default,Default,Default,Default,Default,Default,Default,Default,Default,Default,Default,Default,Default,Default,Default,Default,Default,Default,Default,Default,Default,Default,Default,Default,Default,Default,3,Default,1,Default,Default,Default,Default,Default,Default,Default,3,"ShortRun(IterationCount=3, LaunchCount=1, WarmupCount=3)",,1,Workload,Pilot,17,5663700,1048576,5.4,0,0,0,0
OutRefBenchmarks.LibraryImport_Ref_SuppressGC,PInvokeBench,OutRefBenchmarks,LibraryImport_Ref_SuppressGC,ShortRun,Default,Default,Default,Default,Default,Default,Default,Default,Default,Default,Default,Default,Default,Default,Default,Default,Default,Default,Default,Default,Default,Default,Default,Default,Default,Default,Default,Default,Default,Default,Default,3,Default,1,Default,Default,Default,Default,Default,Default,Default,3,"ShortRun(IterationCount=3, LaunchCount=1, WarmupCount=3)",,1,Workload,Pilot,18,11291400,2097152,5.38,0,0,0,0
OutRefBenchmarks.LibraryImport_Ref_SuppressGC,PInvokeBench,OutRefBenchmarks,LibraryImport_Ref_SuppressGC,ShortRun,Default,Default,Default,Default,Default,Default,Default,Default,Default,Default,Default,Default,Default,Default,Default,Default,Default,Default,Default,Default,Default,Default,Default,Default,Default,Default,Default,Default,Default,Default,Default,3,Default,1,Default,Default,Default,Default,Default,Default,Default,3,"ShortRun(IterationCount=3, LaunchCount=1, WarmupCount=3)",,1,Workload,Pilot,19,23433000,4194304,5.59,0,0,0,0
OutRefBenchmarks.LibraryImport_Ref_SuppressGC,PInvokeBench,OutRefBenchmarks,LibraryImport_Ref_SuppressGC,ShortRun,Default,Default,Default,Default,Default,Default,Default,Default,Default,Default,Default,Default,Default,Default,Default,Default,Default,Default,Default,Default,Default,Default,Default,Default,Default,Default,Default,Default,Default,Default,Default,3,Default,1,Default,Default,Default,Default,Default,Default,Default,3,"ShortRun(IterationCount=3, LaunchCount=1, WarmupCount=3)",,1,Workload,Pilot,20,46420400,8388608,5.53,0,0,0,0
OutRefBenchmarks.LibraryImport_Ref_SuppressGC,PInvokeBench,OutRefBenchmarks,LibraryImport_Ref_SuppressGC,ShortRun,Default,Default,Default,Default,Default,Default,Default,Default,Default,Default,Default,Default,Default,Default,Default,Default,Default,Default,Default,Default,Default,Default,Default,Default,Default,Default,Default,Default,Default,Default,Default,3,Default,1,Default,Default,Default,Default,Default,Default,Default,3,"ShortRun(IterationCount=3, LaunchCount=1, WarmupCount=3)",,1,Workload,Pilot,21,62495900,16777216,3.73,0,0,0,0
OutRefBenchmarks.LibraryImport_Ref_SuppressGC,PInvokeBench,OutRefBenchmarks,LibraryImport_Ref_SuppressGC,ShortRun,Default,Default,Default,Default,Default,Default,Default,Default,Default,Default,Default,Default,Default,Default,Default,Default,Default,Default,Default,Default,Default,Default,Default,Default,Default,Default,Default,Default,Default,Default,Default,3,Default,1,Default,Default,Default,Default,Default,Default,Default,3,"ShortRun(IterationCount=3, LaunchCount=1, WarmupCount=3)",,1,Workload,Pilot,22,103330100,33554432,3.08,0,0,0,0
OutRefBenchmarks.LibraryImport_Ref_SuppressGC,PInvokeBench,OutRefBenchmarks,LibraryImport_Ref_SuppressGC,ShortRun,Default,Default,Default,Default,Default,Default,Default,Default,Default,Default,Default,Default,Default,Default,Default,Default,Default,Default,Default,Default,Default,Default,Default,Default,Default,Default,Default,Default,Default,Default,Default,3,Default,1,Default,Default,Default,Default,Default,Default,Default,3,"ShortRun(IterationCount=3, LaunchCount=1, WarmupCount=3)",,1,Workload,Pilot,23,204800400,67108864,3.05,0,0,0,0
OutRefBenchmarks.LibraryImport_Ref_SuppressGC,PInvokeBench,OutRefBenchmarks,LibraryImport_Ref_SuppressGC,ShortRun,Default,Default,Default,Default,Default,Default,Default,Default,Default,Default,Default,Default,Default,Default,Default,Default,Default,Default,Default,Default,Default,Default,Default,Default,Default,Default,Default,Default,Default,Default,Default,3,Default,1,Default,Default,Default,Default,Default,Default,Default,3,"ShortRun(IterationCount=3, LaunchCount=1, WarmupCount=3)",,1,Workload,Pilot,24,438411300,134217728,3.27,0,0,0,0
OutRefBenchmarks.LibraryImport_Ref_SuppressGC,PInvokeBench,OutRefBenchmarks,LibraryImport_Ref_SuppressGC,ShortRun,Default,Default,Default,Default,Default,Default,Default,Default,Default,Default,Default,Default,Default,Default,Default,Default,Default,Default,Default,Default,Default,Default,Default,Default,Default,Default,Default,Default,Default,Default,Default,3,Default,1,Default,Default,Default,Default,Default,Default,Default,3,"ShortRun(IterationCount=3, LaunchCount=1, WarmupCount=3)",,1,Workload,Pilot,25,844078200,268435456,3.14,0,0,0,0
OutRefBenchmarks.LibraryImport_Ref_SuppressGC,PInvokeBench,OutRefBenchmarks,LibraryImport_Ref_SuppressGC,ShortRun,Default,Default,Default,Default,Default,Default,Default,Default,Default,Default,Default,Default,Default,Default,Default,Default,Default,Default,Default,Default,Default,Default,Default,Default,Default,Default,Default,Default,Default,Default,Default,3,Default,1,Default,Default,Default,Default,Default,Default,Default,3,"ShortRun(IterationCount=3, LaunchCount=1, WarmupCount=3)",,1,Overhead,Warmup,1,559939400,268435456,2.09,0,0,0,0
OutRefBenchmarks.LibraryImport_Ref_SuppressGC,PInvokeBench,OutRefBenchmarks,LibraryImport_Ref_SuppressGC,ShortRun,Default,Default,Default,Default,Default,Default,Default,Default,Default,Default,Default,Default,Default,Default,Default,Default,Default,Default,Default,Default,Default,Default,Default,Default,Default,Default,Default,Default,Default,Default,Default,3,Default,1,Default,Default,Default,Default,Default,Default,Default,3,"ShortRun(IterationCount=3, LaunchCount=1, WarmupCount=3)",,1,Overhead,Warmup,2,506104700,268435456,1.89,0,0,0,0
OutRefBenchmarks.LibraryImport_Ref_SuppressGC,PInvokeBench,OutRefBenchmarks,LibraryImport_Ref_SuppressGC,ShortRun,Default,Default,Default,Default,Default,Default,Default,Default,Default,Default,Default,Default,Default,Default,Default,Default,Default,Default,Default,Default,Default,Default,Default,Default,Default,Default,Default,Default,Default,Default,Default,3,Default,1,Default,Default,Default,Default,Default,Default,Default,3,"ShortRun(IterationCount=3, LaunchCount=1, WarmupCount=3)",,1,Overhead,Warmup,3,586459700,268435456,2.18,0,0,0,0
OutRefBenchmarks.LibraryImport_Ref_SuppressGC,PInvokeBench,OutRefBenchmarks,LibraryImport_Ref_SuppressGC,ShortRun,Default,Default,Default,Default,Default,Default,Default,Default,Default,Default,Default,Default,Default,Default,Default,Default,Default,Default,Default,Default,Default,Default,Default,Default,Default,Default,Default,Default,Default,Default,Default,3,Default,1,Default,Default,Default,Default,Default,Default,Default,3,"ShortRun(IterationCount=3, LaunchCount=1, WarmupCount=3)",,1,Overhead,Warmup,4,564146100,268435456,2.1,0,0,0,0
OutRefBenchmarks.LibraryImport_Ref_SuppressGC,PInvokeBench,OutRefBenchmarks,LibraryImport_Ref_SuppressGC,ShortRun,Default,Default,Default,Default,Default,Default,Default,Default,Default,Default,Default,Default,Default,Default,Default,Default,Default,Default,Default,Default,Default,Default,Default,Default,Default,Default,Default,Default,Default,Default,Default,3,Default,1,Default,Default,Default,Default,Default,Default,Default,3,"ShortRun(IterationCount=3, LaunchCount=1, WarmupCount=3)",,1,Overhead,Warmup,5,504032300,268435456,1.88,0,0,0,0
OutRefBenchmarks.LibraryImport_Ref_SuppressGC,PInvokeBench,OutRefBenchmarks,LibraryImport_Ref_SuppressGC,ShortRun,Default,Default,Default,Default,Default,Default,Default,Default,Default,Default,Default,Default,Default,Default,Default,Default,Default,Default,Default,Default,Default,Default,Default,Default,Default,Default,Default,Default,Default,Default,Default,3,Default,1,Default,Default,Default,Default,Default,Default,Default,3,"ShortRun(IterationCount=3, LaunchCount=1, WarmupCount=3)",,1,Overhead,Warmup,6,496733700,268435456,1.85,0,0,0,0
OutRefBenchmarks.LibraryImport_Ref_SuppressGC,PInvokeBench,OutRefBenchmarks,LibraryImport_Ref_SuppressGC,ShortRun,Default,Default,Default,Default,Default,Default,Default,Default,Default,Default,Default,Default,Default,Default,Default,Default,Default,Default,Default,Default,Default,Default,Default,Default,Default,Default,Default,Default,Default,Default,Default,3,Default,1,Default,Default,Default,Default,Default,Default,Default,3,"ShortRun(IterationCount=3, LaunchCount=1, WarmupCount=3)",,1,Overhead,Warmup,7,497240200,268435456,1.85,0,0,0,0
OutRefBenchmarks.LibraryImport_Ref_SuppressGC,PInvokeBench,OutRefBenchmarks,LibraryImport_Ref_SuppressGC,ShortRun,Default,Default,Default,Default,Default,Default,Default,Default,Default,Default,Default,Default,Default,Default,Default,Default,Default,Default,Default,Default,Default,Default,Default,Default,Default,Default,Default,Default,Default,Default,Default,3,Default,1,Default,Default,Default,Default,Default,Default,Default,3,"ShortRun(IterationCount=3, LaunchCount=1, WarmupCount=3)",,1,Overhead,Warmup,8,497844000,268435456,1.85,0,0,0,0
OutRefBenchmarks.LibraryImport_Ref_SuppressGC,PInvokeBench,OutRefBenchmarks,LibraryImport_Ref_SuppressGC,ShortRun,Default,Default,Default,Default,Default,Default,Default,Default,Default,Default,Default,Default,Default,Default,Default,Default,Default,Default,Default,Default,Default,Default,Default,Default,Default,Default,Default,Default,Default,Default,Default,3,Default,1,Default,Default,Default,Default,Default,Default,Default,3,"ShortRun(IterationCount=3, LaunchCount=1, WarmupCount=3)",,1,Overhead,Warmup,9,498479700,268435456,1.86,0,0,0,0
OutRefBenchmarks.LibraryImport_Ref_SuppressGC,PInvokeBench,OutRefBenchmarks,LibraryImport_Ref_SuppressGC,ShortRun,Default,Default,Default,Default,Default,Default,Default,Default,Default,Default,Default,Default,Default,Default,Default,Default,Default,Default,Default,Default,Default,Default,Default,Default,Default,Default,Default,Default,Default,Default,Default,3,Default,1,Default,Default,Default,Default,Default,Default,Default,3,"ShortRun(IterationCount=3, LaunchCount=1, WarmupCount=3)",,1,Overhead,Warmup,10,497332100,268435456,1.85,0,0,0,0
OutRefBenchmarks.LibraryImport_Ref_SuppressGC,PInvokeBench,OutRefBenchmarks,LibraryImport_Ref_SuppressGC,ShortRun,Default,Default,Default,Default,Default,Default,Default,Default,Default,Default,Default,Default,Default,Default,Default,Default,Default,Default,Default,Default,Default,Default,Default,Default,Default,Default,Default,Default,Default,Default,Default,3,Default,1,Default,Default,Default,Default,Default,Default,Default,3,"ShortRun(IterationCount=3, LaunchCount=1, WarmupCount=3)",,1,Overhead,Actual,1,504194700,268435456,1.88,0,0,0,0
OutRefBenchmarks.LibraryImport_Ref_SuppressGC,PInvokeBench,OutRefBenchmarks,LibraryImport_Ref_SuppressGC,ShortRun,Default,Default,Default,Default,Default,Default,Default,Default,Default,Default,Default,Default,Default,Default,Default,Default,Default,Default,Default,Default,Default,Default,Default,Default,Default,Default,Default,Default,Default,Default,Default,3,Default,1,Default,Default,Default,Default,Default,Default,Default,3,"ShortRun(IterationCount=3, LaunchCount=1, WarmupCount=3)",,1,Overhead,Actual,2,497391700,268435456,1.85,0,0,0,0
OutRefBenchmarks.LibraryImport_Ref_SuppressGC,PInvokeBench,OutRefBenchmarks,LibraryImport_Ref_SuppressGC,ShortRun,Default,Default,Default,Default,Default,Default,Default,Default,Default,Default,Default,Default,Default,Default,Default,Default,Default,Default,Default,Default,Default,Default,Default,Default,Default,Default,Default,Default,Default,Default,Default,3,Default,1,Default,Default,Default,Default,Default,Default,Default,3,"ShortRun(IterationCount=3, LaunchCount=1, WarmupCount=3)",,1,Overhead,Actual,3,499079600,268435456,1.86,0,0,0,0
OutRefBenchmarks.LibraryImport_Ref_SuppressGC,PInvokeBench,OutRefBenchmarks,LibraryImport_Ref_SuppressGC,ShortRun,Default,Default,Default,Default,Default,Default,Default,Default,Default,Default,Default,Default,Default,Default,Default,Default,Default,Default,Default,Default,Default,Default,Default,Default,Default,Default,Default,Default,Default,Default,Default,3,Default,1,Default,Default,Default,Default,Default,Default,Default,3,"ShortRun(IterationCount=3, LaunchCount=1, WarmupCount=3)",,1,Overhead,Actual,4,504949400,268435456,1.88,0,0,0,0
OutRefBenchmarks.LibraryImport_Ref_SuppressGC,PInvokeBench,OutRefBenchmarks,LibraryImport_Ref_SuppressGC,ShortRun,Default,Default,Default,Default,Default,Default,Default,Default,Default,Default,Default,Default,Default,Default,Default,Default,Default,Default,Default,Default,Default,Default,Default,Default,Default,Default,Default,Default,Default,Default,Default,3,Default,1,Default,Default,Default,Default,Default,Default,Default,3,"ShortRun(IterationCount=3, LaunchCount=1, WarmupCount=3)",,1,Overhead,Actual,5,526129300,268435456,1.96,0,0,0,0
OutRefBenchmarks.LibraryImport_Ref_SuppressGC,PInvokeBench,OutRefBenchmarks,LibraryImport_Ref_SuppressGC,ShortRun,Default,Default,Default,Default,Default,Default,Default,Default,Default,Default,Default,Default,Default,Default,Default,Default,Default,Default,Default,Default,Default,Default,Default,Default,Default,Default,Default,Default,Default,Default,Default,3,Default,1,Default,Default,Default,Default,Default,Default,Default,3,"ShortRun(IterationCount=3, LaunchCount=1, WarmupCount=3)",,1,Overhead,Actual,6,541903700,268435456,2.02,0,0,0,0
OutRefBenchmarks.LibraryImport_Ref_SuppressGC,PInvokeBench,OutRefBenchmarks,LibraryImport_Ref_SuppressGC,ShortRun,Default,Default,Default,Default,Default,Default,Default,Default,Default,Default,Default,Default,Default,Default,Default,Default,Default,Default,Default,Default,Default,Default,Default,Default,Default,Default,Default,Default,Default,Default,Default,3,Default,1,Default,Default,Default,Default,Default,Default,Default,3,"ShortRun(IterationCount=3, LaunchCount=1, WarmupCount=3)",,1,Overhead,Actual,7,496238200,268435456,1.85,0,0,0,0
OutRefBenchmarks.LibraryImport_Ref_SuppressGC,PInvokeBench,OutRefBenchmarks,LibraryImport_Ref_SuppressGC,ShortRun,Default,Default,Default,Default,Default,Default,Default,Default,Default,Default,Default,Default,Default,Default,Default,Default,Default,Default,Default,Default,Default,Default,Default,Default,Default,Default,Default,Default,Default,Default,Default,3,Default,1,Default,Default,Default,Default,Default,Default,Default,3,"ShortRun(IterationCount=3, LaunchCount=1, WarmupCount=3)",,1,Overhead,Actual,8,498237100,268435456,1.86,0,0,0,0
OutRefBenchmarks.LibraryImport_Ref_SuppressGC,PInvokeBench,OutRefBenchmarks,LibraryImport_Ref_SuppressGC,ShortRun,Default,Default,Default,Default,Default,Default,Default,Default,Default,Default,Default,Default,Default,Default,Default,Default,Default,Default,Default,Default,Default,Default,Default,Default,Default,Default,Default,Default,Default,Default,Default,3,Default,1,Default,Default,Default,Default,Default,Default,Default,3,"ShortRun(IterationCount=3, LaunchCount=1, WarmupCount=3)",,1,Overhead,Actual,9,501391300,268435456,1.87,0,0,0,0
OutRefBenchmarks.LibraryImport_Ref_SuppressGC,PInvokeBench,OutRefBenchmarks,LibraryImport_Ref_SuppressGC,ShortRun,Default,Default,Default,Default,Default,Default,Default,Default,Default,Default,Default,Default,Default,Default,Default,Default,Default,Default,Default,Default,Default,Default,Default,Default,Default,Default,Default,Default,Default,Default,Default,3,Default,1,Default,Default,Default,Default,Default,Default,Default,3,"ShortRun(IterationCount=3, LaunchCount=1, WarmupCount=3)",,1,Overhead,Actual,10,527917600,268435456,1.97,0,0,0,0
OutRefBenchmarks.LibraryImport_Ref_SuppressGC,PInvokeBench,OutRefBenchmarks,LibraryImport_Ref_SuppressGC,ShortRun,Default,Default,Default,Default,Default,Default,Default,Default,Default,Default,Default,Default,Default,Default,Default,Default,Default,Default,Default,Default,Default,Default,Default,Default,Default,Default,Default,Default,Default,Default,Default,3,Default,1,Default,Default,Default,Default,Default,Default,Default,3,"ShortRun(IterationCount=3, LaunchCount=1, WarmupCount=3)",,1,Overhead,Actual,11,520728100,268435456,1.94,0,0,0,0
OutRefBenchmarks.LibraryImport_Ref_SuppressGC,PInvokeBench,OutRefBenchmarks,LibraryImport_Ref_SuppressGC,ShortRun,Default,Default,Default,Default,Default,Default,Default,Default,Default,Default,Default,Default,Default,Default,Default,Default,Default,Default,Default,Default,Default,Default,Default,Default,Default,Default,Default,Default,Default,Default,Default,3,Default,1,Default,Default,Default,Default,Default,Default,Default,3,"ShortRun(IterationCount=3, LaunchCount=1, WarmupCount=3)",,1,Overhead,Actual,12,523227300,268435456,1.95,0,0,0,0
OutRefBenchmarks.LibraryImport_Ref_SuppressGC,PInvokeBench,OutRefBenchmarks,LibraryImport_Ref_SuppressGC,ShortRun,Default,Default,Default,Default,Default,Default,Default,Default,Default,Default,Default,Default,Default,Default,Default,Default,Default,Default,Default,Default,Default,Default,Default,Default,Default,Default,Default,Default,Default,Default,Default,3,Default,1,Default,Default,Default,Default,Default,Default,Default,3,"ShortRun(IterationCount=3, LaunchCount=1, WarmupCount=3)",,1,Overhead,Actual,13,500209900,268435456,1.86,0,0,0,0
OutRefBenchmarks.LibraryImport_Ref_SuppressGC,PInvokeBench,OutRefBenchmarks,LibraryImport_Ref_SuppressGC,ShortRun,Default,Default,Default,Default,Default,Default,Default,Default,Default,Default,Default,Default,Default,Default,Default,Default,Default,Default,Default,Default,Default,Default,Default,Default,Default,Default,Default,Default,Default,Default,Default,3,Default,1,Default,Default,Default,Default,Default,Default,Default,3,"ShortRun(IterationCount=3, LaunchCount=1, WarmupCount=3)",,1,Overhead,Actual,14,495937400,268435456,1.85,0,0,0,0
OutRefBenchmarks.LibraryImport_Ref_SuppressGC,PInvokeBench,OutRefBenchmarks,LibraryImport_Ref_SuppressGC,ShortRun,Default,Default,Default,Default,Default,Default,Default,Default,Default,Default,Default,Default,Default,Default,Default,Default,Default,Default,Default,Default,Default,Default,Default,Default,Default,Default,Default,Default,Default,Default,Default,3,Default,1,Default,Default,Default,Default,Default,Default,Default,3,"ShortRun(IterationCount=3, LaunchCount=1, WarmupCount=3)",,1,Overhead,Actual,15,524139000,268435456,1.95,0,0,0,0
OutRefBenchmarks.LibraryImport_Ref_SuppressGC,PInvokeBench,OutRefBenchmarks,LibraryImport_Ref_SuppressGC,ShortRun,Default,Default,Default,Default,Default,Default,Default,Default,Default,Default,Default,Default,Default,Default,Default,Default,Default,Default,Default,Default,Default,Default,Default,Default,Default,Default,Default,Default,Default,Default,Default,3,Default,1,Default,Default,Default,Default,Default,Default,Default,3,"ShortRun(IterationCount=3, LaunchCount=1, WarmupCount=3)",,1,Workload,Warmup,1,802308200,268435456,2.99,0,0,0,0
OutRefBenchmarks.LibraryImport_Ref_SuppressGC,PInvokeBench,OutRefBenchmarks,LibraryImport_Ref_SuppressGC,ShortRun,Default,Default,Default,Default,Default,Default,Default,Default,Default,Default,Default,Default,Default,Default,Default,Default,Default,Default,Default,Default,Default,Default,Default,Default,Default,Default,Default,Default,Default,Default,Default,3,Default,1,Default,Default,Default,Default,Default,Default,Default,3,"ShortRun(IterationCount=3, LaunchCount=1, WarmupCount=3)",,1,Workload,Warmup,2,1007864200,268435456,3.75,0,0,0,0
OutRefBenchmarks.LibraryImport_Ref_SuppressGC,PInvokeBench,OutRefBenchmarks,LibraryImport_Ref_SuppressGC,ShortRun,Default,Default,Default,Default,Default,Default,Default,Default,Default,Default,Default,Default,Default,Default,Default,Default,Default,Default,Default,Default,Default,Default,Default,Default,Default,Default,Default,Default,Default,Default,Default,3,Default,1,Default,Default,Default,Default,Default,Default,Default,3,"ShortRun(IterationCount=3, LaunchCount=1, WarmupCount=3)",,1,Workload,Warmup,3,1004959500,268435456,3.74,0,0,0,0
OutRefBenchmarks.LibraryImport_Ref_SuppressGC,PInvokeBench,OutRefBenchmarks,LibraryImport_Ref_SuppressGC,ShortRun,Default,Default,Default,Default,Default,Default,Default,Default,Default,Default,Default,Default,Default,Default,Default,Default,Default,Default,Default,Default,Default,Default,Default,Default,Default,Default,Default,Default,Default,Default,Default,3,Default,1,Default,Default,Default,Default,Default,Default,Default,3,"ShortRun(IterationCount=3, LaunchCount=1, WarmupCount=3)",,1,Workload,Actual,1,823174800,268435456,3.07,0,0,0,0
OutRefBenchmarks.LibraryImport_Ref_SuppressGC,PInvokeBench,OutRefBenchmarks,LibraryImport_Ref_SuppressGC,ShortRun,Default,Default,Default,Default,Default,Default,Default,Default,Default,Default,Default,Default,Default,Default,Default,Default,Default,Default,Default,Default,Default,Default,Default,Default,Default,Default,Default,Default,Default,Default,Default,3,Default,1,Default,Default,Default,Default,Default,Default,Default,3,"ShortRun(IterationCount=3, LaunchCount=1, WarmupCount=3)",,1,Workload,Actual,2,818856800,268435456,3.05,0,0,0,0
OutRefBenchmarks.LibraryImport_Ref_SuppressGC,PInvokeBench,OutRefBenchmarks,LibraryImport_Ref_SuppressGC,ShortRun,Default,Default,Default,Default,Default,Default,Default,Default,Default,Default,Default,Default,Default,Default,Default,Default,Default,Default,Default,Default,Default,Default,Default,Default,Default,Default,Default,Default,Default,Default,Default,3,Default,1,Default,Default,Default,Default,Default,Default,Default,3,"ShortRun(IterationCount=3, LaunchCount=1, WarmupCount=3)",,1,Workload,Actual,3,840550000,268435456,3.13,0,0,0,0
OutRefBenchmarks.LibraryImport_Ref_SuppressGC,PInvokeBench,OutRefBenchmarks,LibraryImport_Ref_SuppressGC,ShortRun,Default,Default,Default,Default,Default,Default,Default,Default,Default,Default,Default,Default,Default,Default,Default,Default,Default,Default,Default,Default,Default,Default,Default,Default,Default,Default,Default,Default,Default,Default,Default,3,Default,1,Default,Default,Default,Default,Default,Default,Default,3,"ShortRun(IterationCount=3, LaunchCount=1, WarmupCount=3)",,1,Workload,Result,1,318980100,268435456,1.19,0,0,0,0
OutRefBenchmarks.LibraryImport_Ref_SuppressGC,PInvokeBench,OutRefBenchmarks,LibraryImport_Ref_SuppressGC,ShortRun,Default,Default,Default,Default,Default,Default,Default,Default,Default,Default,Default,Default,Default,Default,Default,Default,Default,Default,Default,Default,Default,Default,Default,Default,Default,Default,Default,Default,Default,Default,Default,3,Default,1,Default,Default,Default,Default,Default,Default,Default,3,"ShortRun(IterationCount=3, LaunchCount=1, WarmupCount=3)",,1,Workload,Result,2,314662100,268435456,1.17,0,0,0,0
OutRefBenchmarks.LibraryImport_Ref_SuppressGC,PInvokeBench,OutRefBenchmarks,LibraryImport_Ref_SuppressGC,ShortRun,Default,Default,Default,Default,Default,Default,Default,Default,Default,Default,Default,Default,Default,Default,Default,Default,Default,Default,Default,Default,Default,Default,Default,Default,Default,Default,Default,Default,Default,Default,Default,3,Default,1,Default,Default,Default,Default,Default,Default,Default,3,"ShortRun(IterationCount=3, LaunchCount=1, WarmupCount=3)",,1,Workload,Result,3,336355300,268435456,1.25,0,0,0,0
