Target,Target_Namespace,Target_Type,Target_Method,Job_Id,Job_AnalyzeLaunchVariance,Job_EvaluateOverhead,Job_MaxAbsoluteError,Job_MaxRelativeError,Job_MinInvokeCount,Job_MinIterationTime,Job_OutlierMode,Job_Affinity,Job_EnvironmentVariables,Job_Jit,Job_LargeAddressAware,Job_Platform,Job_PowerPlanMode,Job_Runtime,Job_AllowVeryLargeObjects,Job_Concurrent,Job_CpuGroups,Job_Force,Job_HeapAffinitizeMask,Job_HeapCount,Job_NoAffinitize,Job_RetainVm,Job_Server,Job_Arguments,Job_BuildConfiguration,Job_Clock,Job_EngineFactory,Job_NuGetReferences,Job_Toolchain,Job_IsMutator,Job_InvocationCount,Job_IterationCount,Job_IterationTime,Job_LaunchCount,Job_MaxIterationCount,Job_MaxWarmupIterationCount,Job_MemoryRandomization,Job_MinIterationCount,Job_MinWarmupIterationCount,Job_RunStrategy,Job_UnrollFactor,Job_WarmupCount,Job_Display,Params,Measurement_LaunchIndex,Measurement_IterationMode,Measurement_IterationStage,Measurement_IterationIndex,Measurement_Nanoseconds,Measurement_Operations,Measurement_Value,Gen_0,Gen_1,Gen_2,Allocated_Bytes
LastErrorBenchmarks.DllImport_NoSetLastError,PInvokeBench,LastErrorBenchmarks,DllImport_NoSetLastError,ShortRun,Default,Default,Default,Default,Default,Default,Default,Default,Default,Default,Default,Default,Default,Default,Default,Default,Default,Default,Default,Default,Default,Default,Default,Default,Default,Default,Default,Default,Default,Default,Default,3,Default,1,Default,Default,Default,Default,Default,Default,Default,3,"ShortRun(IterationCount=3, LaunchCount=1, WarmupCount=3)",,1,Overhead,Jitting,1,197300,1,197300,0,0,0,0
LastErrorBenchmarks.DllImport_NoSetLastError,PInvokeBench,LastErrorBenchmarks,DllImport_NoSetLastError,ShortRun,Default,Default,Default,Default,Default,Default,Default,Default,Default,Default,Default,Default,Default,Default,Default,Default,Default,Default,Default,Default,Default,Default,Default,Default,Default,Default,Default,Default,Default,Default,Default,3,Default,1,Default,Default,Default,Default,Default,Default,Default,3,"ShortRun(IterationCount=3, LaunchCount=1, WarmupCount=3)",,1,Workload,Jitting,1,527300,1,527300,0,0,0,0
LastErrorBenchmarks.DllImport_NoSetLastError,PInvokeBench,LastErrorBenchmarks,DllImport_NoSetLastError,ShortRun,Default,Default,Default,Default,Default,Default,Default,Default,Default,Default,Default,Default,Default,Default,Default,Default,Default,Default,Default,Default,Default,Default,Default,Default,Default,Default,Default,Default,Default,Default,Default,3,Default,1,Default,Default,Default,Default,Default,Default,Default,3,"ShortRun(IterationCount=3, LaunchCount=1, WarmupCount=3)",,1,Overhead,Jitting,2,307100,16,19193.75,0,0,0,0
LastErrorBenchmarks.DllImport_NoSetLastError,PInvokeBench,LastErrorBenchmarks,DllImport_NoSetLastError,ShortRun,Default,Default,Default,Default,Default,Default,Default,Default,Default,Default,Default,Default,Default,Default,Default,Default,Default,Default,Default,Default,Default,Default,Default,Default,Default,Default,Default,Default,Default,Default,Default,3,Default,1,Default,Default,Default,Default,Default,Default,Default,3,"ShortRun(IterationCount=3, LaunchCount=1, WarmupCount=3)",,1,Workload,Jitting,2,303700,16,18981.25,0,0,0,0
LastErrorBenchmarks.DllImport_NoSetLastError,PInvokeBench,LastErrorBenchmarks,DllImport_NoSetLastError,ShortRun,Default,Default,Default,Default,Default,Default,Default,Default,Default,Default,Default,Default,Default,Default,Default,Default,Default,Default,Default,Default,Default,Default,Default,Default,Default,Default,Default,Default,Default,Default,Default,3,Default,1,Default,Default,Default,Default,Default,Default,Default,3,"ShortRun(IterationCount=3, LaunchCount=1, WarmupCount=3)",,1,Workload,Pilot,1,700,16,43.75,0,0,0,0
LastErrorBenchmarks.DllImport_NoSetLastError,PInvokeBench,LastErrorBenchmarks,DllImport_NoSetLastError,ShortRun,Default,Default,Default,Default,Default,Default,Default,Default,Default,Default,Default,Default,Default,Default,Default,Default,Default,Default,Default,Default,Default,Default,Default,Default,Default,Default,Default,Default,Default,Default,Default,3,Default,1,Default,Default,Default,Default,Default,Default,Default,3,"ShortRun(IterationCount=3, LaunchCount=1, WarmupCount=3)",,1,Workload,Pilot,2,800,32,25,0,0,0,0
LastErrorBenchmarks.DllImport_NoSetLastError,PInvokeBench,LastErrorBenchmarks,DllImport_NoSetLastError,ShortRun,Default,Default,Default,Default,Default,Default,Default,Default,Default,Default,Default,Default,Default,Default,Default,Default,Default,Default,Default,Default,Default,Default,Default,Default,Default,Default,Default,Default,Default,Default,Default,3,Default,1,Default,Default,Default,Default,Default,Default,Default,3,"ShortRun(IterationCount=3, LaunchCount=1, WarmupCount=3)",,1,Workload,Pilot,3,1300,64,20.31,0,0,0,0
LastErrorBenchmarks.DllImport_NoSetLastError,PInvokeBench,LastErrorBenchmarks,DllImport_NoSetLastError,ShortRun,Default,Default,Default,Default,Default,Default,Default,Default,Default,Default,Default,Default,Default,Default,Default,Default,Default,Default,Default,Default,Default,Default,Default,Default,Default,Default,Default,Default,Default,Default,Default,3,Default,1,Default,Default,Default,Default,Default,Default,Default,3,"ShortRun(IterationCount=3, LaunchCount=1, WarmupCount=3)",,1,Workload,Pilot,4,1800,128,14.06,0,0,0,0
LastErrorBenchmarks.DllImport_NoSetLastError,PInvokeBench,LastErrorBenchmarks,DllImport_NoSetLastError,ShortRun,Default,Default,Default,Default,Default,Default,Default,Default,Default,Default,Default,Default,Default,Default,Default,Default,Default,Default,Default,Default,Default,Default,Default,Default,Default,Default,Default,Default,Default,Default,Default,3,Default,1,Default,Default,Default,Default,Default,Default,Default,3,"ShortRun(IterationCount=3, LaunchCount=1, WarmupCount=3)",,1,Workload,Pilot,5,2300,256,8.98,0,0,0,0
LastErrorBenchmarks.DllImport_NoSetLastError,PInvokeBench,LastErrorBenchmarks,DllImport_NoSetLastError,ShortRun,Default,Default,Default,Default,Default,Default,Default,Default,Default,Default,Default,Default,Default,Default,Default,Default,Default,Default,Default,Default,Default,Default,Default,Default,Default,Default,Default,Default,Default,Default,Default,3,Default,1,Default,Default,Default,Default,Default,Default,Default,3,"ShortRun(IterationCount=3, LaunchCount=1, WarmupCount=3)",,1,Workload,Pilot,6,5200,512,10.16,0,0,0,0
LastErrorBenchmarks.DllImport_NoSetLastError,PInvokeBench,LastErrorBenchmarks,DllImport_NoSetLastError,ShortRun,Default,Default,Default,Default,Default,Default,Default,Default,Default,Default,Default,Default,Default,Default,Default,Default,Default,Default,Default,Default,Default,Default,Default,Default,Default,Default,Default,Default,Default,Default,Default,3,Default,1,Default,Default,Default,Default,Default,Default,Default,3,"ShortRun(IterationCount=3, LaunchCount=1, WarmupCount=3)",,1,Workload,Pilot,7,8500,1024,8.3,0,0,0,0
LastErrorBenchmarks.DllImport_NoSetLastError,PInvokeBench,LastErrorBenchmarks,DllImport_NoSetLastError,ShortRun,Default,Default,Default,Default,Default,Default,Default,Default,Default,Default,Default,Default,Default,Default,Default,Default,Default,Default,Default,Default,Default,Default,Default,Default,Default,Default,Default,Default,Default,Default,Default,3,Default,1,Default,Default,Default,Default,Default,Default,Default,3,"ShortRun(IterationCount=3, LaunchCount=1, WarmupCount=3)",,1,Workload,Pilot,8,17100,2048,8.35,0,0,0,0
LastErrorBenchmarks.DllImport_NoSetLastError,PInvokeBench,LastErrorBenchmarks,DllImport_NoSetLastError,ShortRun,Default,Default,Default,Default,Default,Default,Default,Default,Default,Default,Default,Default,Default,Default,Default,Default,Default,Default,Default,Default,Default,Default,Default,Default,Default,Default,Default,Default,Default,Default,Default,3,Default,1,Default,Default,Default,Default,Default,Default,Default,3,"ShortRun(IterationCount=3, LaunchCount=1, WarmupCount=3)",,1,Workload,Pilot,9,33200,4096,8.11,0,0,0,0
LastErrorBenchmarks.DllImport_NoSetLastError,PInvokeBench,LastErrorBenchmarks,DllImport_NoSetLastError,ShortRun,Default,Default,Default,Default,Default,Default,Default,Default,Default,Default,Default,Default,Default,Default,Default,Default,Default,Default,Default,Default,Default,Default,Default,Default,Default,Default,Default,Default,Default,Default,Default,3,Default,1,Default,Default,Default,Default,Default,Default,Default,3,"ShortRun(IterationCount=3, LaunchCount=1, WarmupCount=3)",,1,Workload,Pilot,10,65800,8192,8.03,0,0,0,0
LastErrorBenchmarks.DllImport_NoSetLastError,PInvokeBench,LastErrorBenchmarks,DllImport_NoSetLastError,ShortRun,Default,Default,Default,Default,Default,Default,Default,Default,Default,Default,Default,Default,Default,Default,Default,Default,Default,Default,Default,Default,Default,Default,Default,Default,Default,Default,Default,Default,Default,Default,Default,3,Default,1,Default,Default,Default,Default,Default,Default,Default,3,"ShortRun(IterationCount=3, LaunchCount=1, WarmupCount=3)",,1,Workload,Pilot,11,132300,16384,8.07,0,0,0,0
LastErrorBenchmarks.DllImport_NoSetLastError,PInvokeBench,LastErrorBenchmarks,DllImport_NoSetLastError,ShortRun,Default,Default,Default,Default,Default,Default,Default,Default,Default,Default,Default,Default,Default,Default,Default,Default,Default,Default,Default,Default,Default,Default,Default,Default,Default,Default,Default,Default,Default,Default,Default,3,Default,1,Default,Default,Default,Default,Default,Default,Default,3,"ShortRun(IterationCount=3, LaunchCount=1, WarmupCount=3)",,1,Workload,Pilot,12,285900,32768,8.72,0,0,0,0
LastErrorBenchmarks.DllImport_NoSetLastError,PInvokeBench,LastErrorBenchmarks,DllImport_NoSetLastError,ShortRun,Default,Default,Default,Default,Default,Default,Default,Default,Default,Default,Default,Default,Default,Default,Default,Default,Default,Default,Default,Default,Default,Default,Default,Default,Default,Default,Default,Default,Default,Default,Default,3,Default,1,Default,Default,Default,Default,Default,Default,Default,3,"ShortRun(IterationCount=3, LaunchCount=1, WarmupCount=3)",,1,Workload,Pilot,13,558400,65536,8.52,0,0,0,0
LastErrorBenchmarks.DllImport_NoSetLastError,PInvokeBench,LastErrorBenchmarks,DllImport_NoSetLastError,ShortRun,Default,Default,Default,Default,Default,Default,Default,Default,Default,Default,Default,Default,Default,Default,Default,Default,Default,Default,Default,Default,Default,Default,Default,Default,Default,Default,Default,Default,Default,Default,Default,3,Default,1,Default,Default,Default,Default,Default,Default,Default,3,"ShortRun(IterationCount=3, LaunchCount=1, WarmupCount=3)",,1,Workload,Pilot,14,1160000,131072,8.85,0,0,0,0
LastErrorBenchmarks.DllImport_NoSetLastError,PInvokeBench,LastErrorBenchmarks,DllImport_NoSetLastError,ShortRun,Default,Default,Default,Default,Default,Default,Default,Default,Default,Default,Default,Default,Default,Default,Default,Default,Default,Default,Default,Default,Default,Default,Default,Default,Default,Default,Default,Default,Default,Default,Default,3,Default,1,Default,Default,Default,Default,Default,Default,Default,3,"ShortRun(IterationCount=3, LaunchCount=1, WarmupCount=3)",,1,Workload,Pilot,15,2416000,262144,9.22,0,0,0,0
LastErrorBenchmarks.DllImport_NoSetLastError,PInvokeBench,LastErrorBenchmarks,DllImport_NoSetLastError,ShortRun,Default,Default,Default,Default,Default,Default,Default,Default,Default,Default,Default,Default,Default,Default,Default,Default,Default,Default,Default,Default,Default,Default,Default,Default,Default,Default,Default,Default,Default,Default,Default,3,Default,1,Default,Default,Default,Default,Default,Default,Default,3,"ShortRun(IterationCount=3, LaunchCount=1, WarmupCount=3)",,1,Workload,Pilot,16,5119100,524288,9.76,0,0,0,0
LastErrorBenchmarks.DllImport_NoSetLastError,PInvokeBench,LastErrorBenchmarks,DllImport_NoSetLastError,ShortRun,Default,Default,Default,Default,Default,Default,Default,Default,Default,Default,Default,Default,Default,Default,Default,Default,Default,Default,Default,Default,Default,Default,Default,Default,Default,Default,Default,Default,Default,Default,Default,3,Default,1,Default,Default,Default,Default,Default,Default,Default,3,"ShortRun(IterationCount=3, LaunchCount=1, WarmupCount=3)",,1,Workload,Pilot,17,10417900,1048576,9.94,0,0,0,0
LastErrorBenchmarks.DllImport_NoSetLastError,PInvokeBench,LastErrorBenchmarks,DllImport_NoSetLastError,ShortRun,Default,Default,Default,Default,Default,Default,Default,Default,Default,Default,Default,Default,Default,Default,Default,Default,Default,Default,Default,Default,Default,Default,Default,Default,Default,Default,Default,Default,Default,Default,Default,3,Default,1,Default,Default,Default,Default,Default,Default,Default,3,"ShortRun(IterationCount=3, LaunchCount=1, WarmupCount=3)",,1,Workload,Pilot,18,25380800,2097152,12.1,0,0,0,0
LastErrorBenchmarks.DllImport_NoSetLastError,PInvokeBench,LastErrorBenchmarks,DllImport_NoSetLastError,ShortRun,Default,Default,Default,Default,Default,Default,Default,Default,Default,Default,Default,Default,Default,Default,Default,Default,Default,Default,Default,Default,Default,Default,Default,Default,Default,Default,Default,Default,Default,Default,Default,3,Default,1,Default,Default,Default,Default,Default,Default,Default,3,"ShortRun(IterationCount=3, LaunchCount=1, WarmupCount=3)",,1,Workload,Pilot,19,47469200,4194304,11.32,0,0,0,0
LastErrorBenchmarks.DllImport_NoSetLastError,PInvokeBench,LastErrorBenchmarks,DllImport_NoSetLastError,ShortRun,Default,Default,Default,Default,Default,Default,Default,Default,Default,Default,Default,Default,Default,Default,Default,Default,Default,Default,Default,Default,Default,Default,Default,Default,Default,Default,Default,Default,Default,Default,Default,3,Default,1,Default,Default,Default,Default,Default,Default,Default,3,"ShortRun(IterationCount=3, LaunchCount=1, WarmupCount=3)",,1,Workload,Pilot,20,77914400,8388608,9.29,0,0,0,0
LastErrorBenchmarks.DllImport_NoSetLastError,PInvokeBench,LastErrorBenchmarks,DllImport_NoSetLastError,ShortRun,Default,Default,Default,Default,Default,Default,Default,Default,Default,Default,Default,Default,Default,Default,Default,Default,Default,Default,Default,Default,Default,Default,Default,Default,Default,Default,Default,Default,Default,Default,Default,3,Default,1,Default,Default,Default,Default,Default,Default,Default,3,"ShortRun(IterationCount=3, LaunchCount=1, WarmupCount=3)",,1,Workload,Pilot,21,127015100,16777216,7.57,0,0,0,0
LastErrorBenchmarks.DllImport_NoSetLastError,PInvokeBench,LastErrorBenchmarks,DllImport_NoSetLastError,ShortRun,Default,Default,Default,Default,Default,Default,Default,Default,Default,Default,Default,Default,Default,Default,Default,Default,Default,Default,Default,Default,Default,Default,Default,Default,Default,Default,Default,Default,Default,Default,Default,3,Default,1,Default,Default,Default,Default,Default,Default,Default,3,"ShortRun(IterationCount=3, LaunchCount=1, WarmupCount=3)",,1,Workload,Pilot,22,250392200,33554432,7.46,0,0,0,0
LastErrorBenchmarks.DllImport_NoSetLastError,PInvokeBench,LastErrorBenchmarks,DllImport_NoSetLastError,ShortRun,Default,Default,Default,Default,Default,Default,Default,Default,Default,Default,Default,Default,Default,Default,Default,Default,Default,Default,Default,Default,Default,Default,Default,Default,Default,Default,Default,Default,Default,Default,Default,3,Default,1,Default,Default,Default,Default,Default,Default,Default,3,"ShortRun(IterationCount=3, LaunchCount=1, WarmupCount=3)",,1,Workload,Pilot,23,501323800,67108864,7.47,0,0,0,0
LastErrorBenchmarks.DllImport_NoSetLastError,PInvokeBench,LastErrorBenchmarks,DllImport_NoSetLastError,ShortRun,Default,Default,Default,Default,Default,Default,Default,Default,Default,Default,Default,Default,Default,Default,Default,Default,Default,Default,Default,Default,Default,Default,Default,Default,Default,Default,Default,Default,Default,Default,Default,3,Default,1,Default,Default,Default,Default,Default,Default,Default,3,"ShortRun(IterationCount=3, LaunchCount=1, WarmupCount=3)",,1,Overhead,Warmup,1,164564800,67108864,2.45,0,0,0,0
LastErrorBenchmarks.DllImport_NoSetLastError,PInvokeBench,LastErrorBenchmarks,DllImport_NoSetLastError,ShortRun,Default,Default,Default,Default,Default,Default,Default,Default,Default,Default,Default,Default,Default,Default,Default,Default,Default,Default,Default,Default,Default,Default,Default,Default,Default,Default,Default,Default,Default,Default,Default,3,Default,1,Default,Default,Default,Default,Default,Default,Default,3,"ShortRun(IterationCount=3, LaunchCount=1, WarmupCount=3)",,1,Overhead,Warmup,2,152800300,67108864,2.28,0,0,0,0
LastErrorBenchmarks.DllImport_NoSetLastError,PInvokeBench,LastErrorBenchmarks,DllImport_NoSetLastError,ShortRun,Default,Default,Default,Default,Default,Default,Default,Default,Default,Default,Default,Default,Default,Default,Default,Default,Default,Default,Default,Default,Default,Default,Default,Default,Default,Default,Default,Default,Default,Default,Default,3,Default,1,Default,Default,Default,Default,Default,Default,Default,3,"ShortRun(IterationCount=3, LaunchCount=1, WarmupCount=3)",,1,Overhead,Warmup,3,134841700,67108864,2.01,0,0,0,0
LastErrorBenchmarks.DllImport_NoSetLastError,PInvokeBench,LastErrorBenchmarks,DllImport_NoSetLastError,ShortRun,Default,Default,Default,Default,Default,Default,Default,Default,Default,Default,Default,Default,Default,Default,Default,Default,Default,Default,Default,Default,Default,Default,Default,Default,Default,Default,Default,Default,Default,Default,Default,3,Default,1,Default,Default,Default,Default,Default,Default,Default,3,"ShortRun(IterationCount=3, LaunchCount=1, WarmupCount=3)",,1,Overhead,Warmup,4,131590200,67108864,1.96,0,0,0,0
LastErrorBenchmarks.DllImport_NoSetLastError,PInvokeBench,LastErrorBenchmarks,DllImport_NoSetLastError,ShortRun,Default,Default,Default,Default,Default,Default,Default,Default,Default,Default,Default,Default,Default,Default,Default,Default,Default,Default,Default,Default,Default,Default,Default,Default,Default,Default,Default,Default,Default,Default,Default,3,Default,1,Default,Default,Default,Default,Default,Default,Default,3,"ShortRun(IterationCount=3, LaunchCount=1, WarmupCount=3)",,1,Overhead,Warmup,5,138496000,67108864,2.06,0,0,0,0
LastErrorBenchmarks.DllImport_NoSetLastError,PInvokeBench,LastErrorBenchmarks,DllImport_NoSetLastError,ShortRun,Default,Default,Default,Default,Default,Default,Default,Default,Default,Default,Default,Default,Default,Default,Default,Default,Default,Default,Default,Default,Default,Default,Default,Default,Default,Default,Default,Default,Default,Default,Default,3,Default,1,Default,Default,Default,Default,Default,Default,Default,3,"ShortRun(IterationCount=3, LaunchCount=1, WarmupCount=3)",,1,Overhead,Warmup,6,138449900,67108864,2.06,0,0,0,0
LastErrorBenchmarks.DllImport_NoSetLastError,PInvokeBench,LastErrorBenchmarks,DllImport_NoSetLastError,ShortRun,Default,Default,Default,Default,Default,Default,Default,Default,Default,Default,Default,Default,Default,Default,Default,Default,Default,Default,Default,Default,Default,Default,Default,Default,Default,Default,Default,Default,Default,Default,Default,3,Default,1,Default,Default,Default,Default,Default,Default,Default,3,"ShortRun(IterationCount=3, LaunchCount=1, WarmupCount=3)",,1,Overhead,Warmup,7,137224000,67108864,2.04,0,0,0,0
LastErrorBenchmarks.DllImport_NoSetLastError,PInvokeBench,LastErrorBenchmarks,DllImport_NoSetLastError,ShortRun,Default,Default,Default,Default,Default,Default,Default,Default,Default,Default,Default,Default,Default,Default,Default,Default,Default,Default,Default,Default,Default,Default,Default,Default,Default,Default,Default,Default,Default,Default,Default,3,Default,1,Default,Default,Default,Default,Default,Default,Default,3,"ShortRun(IterationCount=3, LaunchCount=1, WarmupCount=3)",,1,Overhead,Warmup,8,132652900,67108864,1.98,0,0,0,0
LastErrorBenchmarks.DllImport_NoSetLastError,PInvokeBench,LastErrorBenchmarks,DllImport_NoSetLastError,ShortRun,Default,Default,Default,Default,Default,Default,Default,Default,Default,Default,Default,Default,Default,Default,Default,Default,Default,Default,Default,Default,Default,Default,Default,Default,Default,Default,Default,Default,Default,Default,Default,3,Default,1,Default,Default,Default,Default,Default,Default,Default,3,"ShortRun(IterationCount=3, LaunchCount=1, WarmupCount=3)",,1,Overhead,Warmup,9,124601800,67108864,1.86,0,0,0,0
LastErrorBenchmarks.DllImport_NoSetLastError,PInvokeBench,LastErrorBenchmarks,DllImport_NoSetLastError,ShortRun,Default,Default,Default,Default,Default,Default,Default,Default,Default,Default,Default,Default,Default,Default,Default,Default,Default,Default,Default,Default,Default,Default,Default,Default,Default,Default,Default,Default,Default,Default,Default,3,Default,1,Default,Default,Default,Default,Default,Default,Default,3,"ShortRun(IterationCount=3, LaunchCount=1, WarmupCount=3)",,1,Overhead,Warmup,10,125713100,67108864,1.87,0,0,0,0
LastErrorBenchmarks.DllImport_NoSetLastError,PInvokeBench,LastErrorBenchmarks,DllImport_NoSetLastError,ShortRun,Default,Default,Default,Default,Default,Default,Default,Default,Default,Default,Default,Default,Default,Default,Default,Default,Default,Default,Default,Default,Default,Default,Default,Default,Default,Default,Default,Default,Default,Default,Default,3,Default,1,Default,Default,Default,Default,Default,Default,Default,3,"ShortRun(IterationCount=3, LaunchCount=1, WarmupCount=3)",,1,Overhead,Actual,1,123451100,67108864,1.84,0,0,0,0
LastErrorBenchmarks.DllImport_NoSetLastError,PInvokeBench,LastErrorBenchmarks,DllImport_NoSetLastError,ShortRun,Default,Default,Default,Default,Default,Default,Default,Default,Default,Default,Default,Default,Default,Default,Default,Default,Default,Default,Default,Default,Default,Default,Default,Default,Default,Default,Default,Default,Default,Default,Default,3,Default,1,Default,Default,Default,Default,Default,Default,Default,3,"ShortRun(IterationCount=3, LaunchCount=1, WarmupCount=3)",,1,Overhead,Actual,2,126343400,67108864,1.88,0,0,0,0
LastErrorBenchmarks.DllImport_NoSetLastError,PInvokeBench,LastErrorBenchmarks,DllImport_NoSetLastError,ShortRun,Default,Default,Default,Default,Default,Default,Default,Default,Default,Default,Default,Default,Default,Default,Default,Default,Default,Default,Default,Default,Default,Default,Default,Default,Default,Default,Default,Default,Default,Default,Default,3,Default,1,Default,Default,Default,Default,Default,Default,Default,3,"ShortRun(IterationCount=3, LaunchCount=1, WarmupCount=3)",,1,Overhead,Actual,3,123702400,67108864,1.84,0,0,0,0
LastErrorBenchmarks.DllImport_NoSetLastError,PInvokeBench,LastErrorBenchmarks,DllImport_NoSetLastError,ShortRun,Default,Default,Default,Default,Default,Default,Default,Default,Default,Default,Default,Default,Default,Default,Default,Default,Default,Default,Default,Default,Default,Default,Default,Default,Default,Default,Default,Default,Default,Default,Default,3,Default,1,Default,Default,Default,Default,Default,Default,Default,3,"ShortRun(IterationCount=3, LaunchCount=1, WarmupCount=3)",,1,Overhead,Actual,4,123718500,67108864,1.84,0,0,0,0
LastErrorBenchmarks.DllImport_NoSetLastError,PInvokeBench,LastErrorBenchmarks,DllImport_NoSetLastError,ShortRun,Default,Default,Default,Default,Default,Default,Default,Default,Default,Default,Default,Default,Default,Default,Default,Default,Default,Default,Default,Default,Default,Default,Default,Default,Default,Default,Default,Default,Default,Default,Default,3,Default,1,Default,Default,Default,Default,Default,Default,Default,3,"ShortRun(IterationCount=3, LaunchCount=1, WarmupCount=3)",,1,Overhead,Actual,5,125033000,67108864,1.86,0,0,0,0
LastErrorBenchmarks.DllImport_NoSetLastError,PInvokeBench,LastErrorBenchmarks,DllImport_NoSetLastError,ShortRun,Default,Default,Default,Default,Default,Default,Default,Default,Default,Default,Default,Default,Default,Default,Default,Default,Default,Default,Default,Default,Default,Default,Default,Default,Default,Default,Default,Default,Default,Default,Default,3,Default,1,Default,Default,Default,Default,Default,Default,Default,3,"ShortRun(IterationCount=3, LaunchCount=1, WarmupCount=3)",,1,Overhead,Actual,6,129637500,67108864,1.93,0,0,0,0
LastErrorBenchmarks.DllImport_NoSetLastError,PInvokeBench,LastErrorBenchmarks,DllImport_NoSetLastError,ShortRun,Default,Default,Default,Default,Default,Default,Default,Default,Default,Default,Default,Default,Default,Default,Default,Default,Default,Default,Default,Default,Default,Default,Default,Default,Default,Default,Default,Default,Default,Default,Default,3,Default,1,Default,Default,Default,Default,Default,Default,Default,3,"ShortRun(IterationCount=3, LaunchCount=1, WarmupCount=3)",,1,Overhead,Actual,7,126621500,67108864,1.89,0,0,0,0
LastErrorBenchmarks.DllImport_NoSetLastError,PInvokeBench,LastErrorBenchmarks,DllImport_NoSetLastError,ShortRun,Default,Default,Default,Default,Default,Default,Default,Default,Default,Default,Default,Default,Default,Default,Default,Default,Default,Default,Default,Default,Default,Default,Default,Default,Default,Default,Default,Default,Default,Default,Default,3,Default,1,Default,Default,Default,Default,Default,Default,Default,3,"ShortRun(IterationCount=3, LaunchCount=1, WarmupCount=3)",,1,Overhead,Actual,8,126939500,67108864,1.89,0,0,0,0
LastErrorBenchmarks.DllImport_NoSetLastError,PInvokeBench,LastErrorBenchmarks,DllImport_NoSetLastError,ShortRun,Default,Default,Default,Default,Default,Default,Default,Default,Default,Default,Default,Default,Default,Default,Default,Default,Default,Default,Default,Default,Default,Default,Default,Default,Default,Default,Default,Default,Default,Default,Default,3,Default,1,Default,Default,Default,Default,Default,Default,Default,3,"ShortRun(IterationCount=3, LaunchCount=1, WarmupCount=3)",,1,Overhead,Actual,9,124917000,67108864,1.86,0,0,0,0
LastErrorBenchmarks.DllImport_NoSetLastError,PInvokeBench,LastErrorBenchmarks,DllImport_NoSetLastError,ShortRun,Default,Default,Default,Default,Default,Default,Default,Default,Default,Default,Default,Default,Default,Default,Default,Default,Default,Default,Default,Default,Default,Default,Default,Default,Default,Default,Default,Default,Default,Default,Default,3,Default,1,Default,Default,Default,Default,Default,Default,Default,3,"ShortRun(IterationCount=3, LaunchCount=1, WarmupCount=3)",,1,Overhead,Actual,10,123057900,67108864,1.83,0,0,0,0
LastErrorBenchmarks.DllImport_NoSetLastError,PInvokeBench,LastErrorBenchmarks,DllImport_NoSetLastError,ShortRun,Default,Default,Default,Default,Default,Default,Default,Default,Default,Default,Default,Default,Default,Default,Default,Default,Default,Default,Default,Default,Default,Default,Default,Default,Default,Default,Default,Default,Default,Default,Default,3,Default,1,Default,Default,Default,Default,Default,Default,Default,3,"ShortRun(IterationCount=3, LaunchCount=1, WarmupCount=3)",,1,Overhead,Actual,11,126580000,67108864,1.89,0,0,0,0
LastErrorBenchmarks.DllImport_NoSetLastError,PInvokeBench,LastErrorBenchmarks,DllImport_NoSetLastError,ShortRun,Default,Default,Default,Default,Default,Default,Default,Default,Default,Default,Default,Default,Default,Default,Default,Default,Default,Default,Default,Default,Default,Default,Default,Default,Default,Default,Default,Default,Default,Default,Default,3,Default,1,Default,Default,Default,Default,Default,Default,Default,3,"ShortRun(IterationCount=3, LaunchCount=1, WarmupCount=3)",,1,Overhead,Actual,12,125460800,67108864,1.87,0,0,0,0
LastErrorBenchmarks.DllImport_NoSetLastError,PInvokeBench,LastErrorBenchmarks,DllImport_NoSetLastError,ShortRun,Default,Default,Default,Default,Default,Default,Default,Default,Default,Default,Default,Default,Default,Default,Default,Default,Default,Default,Default,Default,Default,Default,Default,Default,Default,Default,Default,Default,Default,Default,Default,3,Default,1,Default,Default,Default,Default,Default,Default,Default,3,"ShortRun(IterationCount=3, LaunchCount=1, WarmupCount=3)",,1,Overhead,Actual,13,123521400,67108864,1.84,0,0,0,0
LastErrorBenchmarks.DllImport_NoSetLastError,PInvokeBench,LastErrorBenchmarks,DllImport_NoSetLastError,ShortRun,Default,Default,Default,Default,Default,Default,Default,Default,Default,Default,Default,Default,Default,Default,Default,Default,Default,Default,Default,Default,Default,Default,Default,Default,Default,Default,Default,Default,Default,Default,Default,3,Default,1,Default,Default,Default,Default,Default,Default,Default,3,"ShortRun(IterationCount=3, LaunchCount=1, WarmupCount=3)",,1,Overhead,Actual,14,124722200,67108864,1.86,0,0,0,0
LastErrorBenchmarks.DllImport_NoSetLastError,PInvokeBench,LastErrorBenchmarks,DllImport_NoSetLastError,ShortRun,Default,Default,Default,Default,Default,Default,Default,Default,Default,Default,Default,Default,Default,Default,Default,Default,Default,Default,Default,Default,Default,Default,Default,Default,Default,Default,Default,Default,Default,Default,Default,3,Default,1,Default,Default,Default,Default,Default,Default,Default,3,"ShortRun(IterationCount=3, LaunchCount=1, WarmupCount=3)",,1,Overhead,Actual,15,126428700,67108864,1.88,0,0,0,0
LastErrorBenchmarks.DllImport_NoSetLastError,PInvokeBench,LastErrorBenchmarks,DllImport_NoSetLastError,ShortRun,Default,Default,Default,Default,Default,Default,Default,Default,Default,Default,Default,Default,Default,Default,Default,Default,Default,Default,Default,Default,Default,Default,Default,Default,Default,Default,Default,Default,Default,Default,Default,3,Default,1,Default,Default,Default,Default,Default,Default,Default,3,"ShortRun(IterationCount=3, LaunchCount=1, WarmupCount=3)",,1,Workload,Warmup,1,477878200,67108864,7.12,0,0,0,0
LastErrorBenchmarks.DllImport_NoSetLastError,PInvokeBench,LastErrorBenchmarks,DllImport_NoSetLastError,ShortRun,Default,Default,Default,Default,Default,Default,Default,Default,Default,Default,Default,Default,Default,Default,Default,Default,Default,Default,Default,Default,Default,Default,Default,Default,Default,Default,Default,Default,Default,Default,Default,3,Default,1,Default,Default,Default,Default,Default,Default,Default,3,"ShortRun(IterationCount=3, LaunchCount=1, WarmupCount=3)",,1,Workload,Warmup,2,488123700,67108864,7.27,0,0,0,0
LastErrorBenchmarks.DllImport_NoSetLastError,PInvokeBench,LastErrorBenchmarks,DllImport_NoSetLastError,ShortRun,Default,Default,Default,Default,Default,Default,Default,Default,Default,Default,Default,Default,Default,Default,Default,Default,Default,Default,Default,Default,Default,Default,Default,Default,Default,Default,Default,Default,Default,Default,Default,3,Default,1,Default,Default,Default,Default,Default,Default,Default,3,"ShortRun(IterationCount=3, LaunchCount=1, WarmupCount=3)",,1,Workload,Warmup,3,485677300,67108864,7.24,0,0,0,0
LastErrorBenchmarks.DllImport_NoSetLastError,PInvokeBench,LastErrorBenchmarks,DllImport_NoSetLastError,ShortRun,Default,Default,Default,Default,Default,Default,Default,Default,Default,Default,Default,Default,Default,Default,Default,Default,Default,Default,Default,Default,Default,Default,Default,Default,Default,Default,Default,Default,Default,Default,Default,3,Default,1,Default,Default,Default,Default,Default,Default,Default,3,"ShortRun(IterationCount=3, LaunchCount=1, WarmupCount=3)",,1,Workload,Actual,1,508601200,67108864,7.58,0,0,0,0
LastErrorBenchmarks.DllImport_NoSetLastError,PInvokeBench,LastErrorBenchmarks,DllImport_NoSetLastError,ShortRun,Default,Default,Default,Default,Default,Default,Default,Default,Default,Default,Default,Default,Default,Default,Default,Default,Default,Default,Default,Default,Default,Default,Default,Default,Default,Default,Default,Default,Default,Default,Default,3,Default,1,Default,Default,Default,Default,Default,Default,Default,3,"ShortRun(IterationCount=3, LaunchCount=1, WarmupCount=3)",,1,Workload,Actual,2,497636300,67108864,7.42,0,0,0,0
LastErrorBenchmarks.DllImport_NoSetLastError,PInvokeBench,LastErrorBenchmarks,DllImport_NoSetLastError,ShortRun,Default,Default,Default,Default,Default,Default,Default,Default,Default,Default,Default,Default,Default,Default,Default,Default,Default,Default,Default,Default,Default,Default,Default,Default,Default,Default,Default,Default,Default,Default,Default,3,Default,1,Default,Default,Default,Default,Default,Default,Default,3,"ShortRun(IterationCount=3, LaunchCount=1, WarmupCount=3)",,1,Workload,Actual,3,520723700,67108864,7.76,0,0,0,0
LastErrorBenchmarks.DllImport_NoSetLastError,PInvokeBench,LastErrorBenchmarks,DllImport_NoSetLastError,ShortRun,Default,Default,Default,Default,Default,Default,Default,Default,Default,Default,Default,Default,Default,Default,Default,Default,Default,Default,Default,Default,Default,Default,Default,Default,Default,Default,Default,Default,Default,Default,Default,3,Default,1,Default,Default,Default,Default,Default,Default,Default,3,"ShortRun(IterationCount=3, LaunchCount=1, WarmupCount=3)",,1,Workload,Result,1,383568200,67108864,5.72,0,0,0,0
LastErrorBenchmarks.DllImport_NoSetLastError,PInvokeBench,LastErrorBenchmarks,DllImport_NoSetLastError,ShortRun,Default,Default,Default,Default,Default,Default,Default,Default,Default,Default,Default,Default,Default,Default,Default,Default,Default,Default,Default,Default,Default,Default,Default,Default,Default,Default,Default,Default,Default,Default,Default,3,Default,1,Default,Default,Default,Default,Default,Default,Default,3,"ShortRun(IterationCount=3, LaunchCount=1, WarmupCount=3)",,1,Workload,Result,2,372603300,67108864,5.55,0,0,0,0
LastErrorBenchmarks.DllImport_NoSetLastError,PInvokeBench,LastErrorBenchmarks,DllImport_NoSetLastError,ShortRun,Default,Default,Default,Default,Default,Default,Default,Default,Default,Default,Default,Default,Default,Default,Default,Default,Default,Default,Default,Default,Default,Default,Default,Default,Default,Default,Default,Default,Default,Default,Default,3,Default,1,Default,Default,Default,Default,Default,Default,Default,3,"ShortRun(IterationCount=3, LaunchCount=1, WarmupCount=3)",,1,Workload,Result,3,395690700,67108864,5.9,0,0,0,0
LastErrorBenchmarks.DllImport_SetLastError,PInvokeBench,LastErrorBenchmarks,DllImport_SetLastError,ShortRun,Default,Default,Default,Default,Default,Default,Default,Default,Default,Default,Default,Default,Default,Default,Default,Default,Default,Default,Default,Default,Default,Default,Default,Default,Default,Default,Default,Default,Default,Default,Default,3,Default,1,Default,Default,Default,Default,Default,Default,Default,3,"ShortRun(IterationCount=3, LaunchCount=1, WarmupCount=3)",,1,Overhead,Jitting,1,192700,1,192700,0,0,0,0
LastErrorBenchmarks.DllImport_SetLastError,PInvokeBench,LastErrorBenchmarks,DllImport_SetLastError,ShortRun,Default,Default,Default,Default,Default,Default,Default,Default,Default,Default,Default,Default,Default,Default,Default,Default,Default,Default,Default,Default,Default,Default,Default,Default,Default,Default,Default,Default,Default,Default,Default,3,Default,1,Default,Default,Default,Default,Default,Default,Default,3,"ShortRun(IterationCount=3, LaunchCount=1, WarmupCount=3)",,1,Workload,Jitting,1,1293000,1,1293000,0,0,0,0
LastErrorBenchmarks.DllImport_SetLastError,PInvokeBench,LastErrorBenchmarks,DllImport_SetLastError,ShortRun,Default,Default,Default,Default,Default,Default,Default,Default,Default,Default,Default,Default,Default,Default,Default,Default,Default,Default,Default,Default,Default,Default,Default,Default,Default,Default,Default,Default,Default,Default,Default,3,Default,1,Default,Default,Default,Default,Default,Default,Default,3,"ShortRun(IterationCount=3, LaunchCount=1, WarmupCount=3)",,1,Overhead,Jitting,2,294800,16,18425,0,0,0,0
LastErrorBenchmarks.DllImport_SetLastError,PInvokeBench,LastErrorBenchmarks,DllImport_SetLastError,ShortRun,Default,Default,Default,Default,Default,Default,Default,Default,Default,Default,Default,Default,Default,Default,Default,Default,Default,Default,Default,Default,Default,Default,Default,Default,Default,Default,Default,Default,Default,Default,Default,3,Default,1,Default,Default,Default,Default,Default,Default,Default,3,"ShortRun(IterationCount=3, LaunchCount=1, WarmupCount=3)",,1,Workload,Jitting,2,281800,16,17612.5,0,0,0,0
LastErrorBenchmarks.DllImport_SetLastError,PInvokeBench,LastErrorBenchmarks,DllImport_SetLastError,ShortRun,Default,Default,Default,Default,Default,Default,Default,Default,Default,Default,Default,Default,Default,Default,Default,Default,Default,Default,Default,Default,Default,Default,Default,Default,Default,Default,Default,Default,Default,Default,Default,3,Default,1,Default,Default,Default,Default,Default,Default,Default,3,"ShortRun(IterationCount=3, LaunchCount=1, WarmupCount=3)",,1,Workload,Pilot,1,900,16,56.25,0,0,0,0
LastErrorBenchmarks.DllImport_SetLastError,PInvokeBench,LastErrorBenchmarks,DllImport_SetLastError,ShortRun,Default,Default,Default,Default,Default,Default,Default,Default,Default,Default,Default,Default,Default,Default,Default,Default,Default,Default,Default,Default,Default,Default,Default,Default,Default,Default,Default,Default,Default,Default,Default,3,Default,1,Default,Default,Default,Default,Default,Default,Default,3,"ShortRun(IterationCount=3, LaunchCount=1, WarmupCount=3)",,1,Workload,Pilot,2,900,32,28.13,0,0,0,0
LastErrorBenchmarks.DllImport_SetLastError,PInvokeBench,LastErrorBenchmarks,DllImport_SetLastError,ShortRun,Default,Default,Default,Default,Default,Default,Default,Default,Default,Default,Default,Default,Default,Default,Default,Default,Default,Default,Default,Default,Default,Default,Default,Default,Default,Default,Default,Default,Default,Default,Default,3,Default,1,Default,Default,Default,Default,Default,Default,Default,3,"ShortRun(IterationCount=3, LaunchCount=1, WarmupCount=3)",,1,Workload,Pilot,3,1000,64,15.63,0,0,0,0
LastErrorBenchmarks.DllImport_SetLastError,PInvokeBench,LastErrorBenchmarks,DllImport_SetLastError,ShortRun,Default,Default,Default,Default,Default,Default,Default,Default,Default,Default,Default,Default,Default,Default,Default,Default,Default,Default,Default,Default,Default,Default,Default,Default,Default,Default,Default,Default,Default,Default,Default,3,Default,1,Default,Default,Default,Default,Default,Default,Default,3,"ShortRun(IterationCount=3, LaunchCount=1, WarmupCount=3)",,1,Workload,Pilot,4,1500,128,11.72,0,0,0,0
LastErrorBenchmarks.DllImport_SetLastError,PInvokeBench,LastErrorBenchmarks,DllImport_SetLastError,ShortRun,Default,Default,Default,Default,Default,Default,Default,Default,Default,Default,Default,Default,Default,Default,Default,Default,Default,Default,Default,Default,Default,Default,Default,Default,Default,Default,Default,Default,Default,Default,Default,3,Default,1,Default,Default,Default,Default,Default,Default,Default,3,"ShortRun(IterationCount=3, LaunchCount=1, WarmupCount=3)",,1,Workload,Pilot,5,3400,256,13.28,0,0,0,0
LastErrorBenchmarks.DllImport_SetLastError,PInvokeBench,LastErrorBenchmarks,DllImport_SetLastError,ShortRun,Default,Default,Default,Default,Default,Default,Default,Default,Default,Default,Default,Default,Default,Default,Default,Default,Default,Default,Default,Default,Default,Default,Default,Default,Default,Default,Default,Default,Default,Default,Default,3,Default,1,Default,Default,Default,Default,Default,Default,Default,3,"ShortRun(IterationCount=3, LaunchCount=1, WarmupCount=3)",,1,Workload,Pilot,6,6100,512,11.91,0,0,0,0
LastErrorBenchmarks.DllImport_SetLastError,PInvokeBench,LastErrorBenchmarks,DllImport_SetLastError,ShortRun,Default,Default,Default,Default,Default,Default,Default,Default,Default,Default,Default,Default,Default,Default,Default,Default,Default,Default,Default,Default,Default,Default,Default,Default,Default,Default,Default,Default,Default,Default,Default,3,Default,1,Default,Default,Default,Default,Default,Default,Default,3,"ShortRun(IterationCount=3, LaunchCount=1, WarmupCount=3)",,1,Workload,Pilot,7,11800,1024,11.52,0,0,0,0
LastErrorBenchmarks.DllImport_SetLastError,PInvokeBench,LastErrorBenchmarks,DllImport_SetLastError,ShortRun,Default,Default,Default,Default,Default,Default,Default,Default,Default,Default,Default,Default,Default,Default,Default,Default,Default,Default,Default,Default,Default,Default,Default,Default,Default,Default,Default,Default,Default,Default,Default,3,Default,1,Default,Default,Default,Default,Default,Default,Default,3,"ShortRun(IterationCount=3, LaunchCount=1, WarmupCount=3)",,1,Workload,Pilot,8,22500,2048,10.99,0,0,0,0
LastErrorBenchmarks.DllImport_SetLastError,PInvokeBench,LastErrorBenchmarks,DllImport_SetLastError,ShortRun,Default,Default,Default,Default,Default,Default,Default,Default,Default,Default,Default,Default,Default,Default,Default,Default,Default,Default,Default,Default,Default,Default,Default,Default,Default,Default,Default,Default,Default,Default,Default,3,Default,1,Default,Default,Default,Default,Default,Default,Default,3,"ShortRun(IterationCount=3, LaunchCount=1, WarmupCount=3)",,1,Workload,Pilot,9,45900,4096,11.21,0,0,0,0
LastErrorBenchmarks.DllImport_SetLastError,PInvokeBench,LastErrorBenchmarks,DllImport_SetLastError,ShortRun,Default,Default,Default,Default,Default,Default,Default,Default,Default,Default,Default,Default,Default,Default,Default,Default,Default,Default,Default,Default,Default,Default,Default,Default,Default,Default,Default,Default,Default,Default,Default,3,Default,1,Default,Default,Default,Default,Default,Default,Default,3,"ShortRun(IterationCount=3, LaunchCount=1, WarmupCount=3)",,1,Workload,Pilot,10,111900,8192,13.66,0,0,0,0
LastErrorBenchmarks.DllImport_SetLastError,PInvokeBench,LastErrorBenchmarks,DllImport_SetLastError,ShortRun,Default,Default,Default,Default,Default,Default,Default,Default,Default,Default,Default,Default,Default,Default,Default,Default,Default,Default,Default,Default,Default,Default,Default,Default,Default,Default,Default,Default,Default,Default,Default,3,Default,1,Default,Default,Default,Default,Default,Default,Default,3,"ShortRun(IterationCount=3, LaunchCount=1, WarmupCount=3)",,1,Workload,Pilot,11,174300,16384,10.64,0,0,0,0
LastErrorBenchmarks.DllImport_SetLastError,PInvokeBench,LastErrorBenchmarks,DllImport_SetLastError,ShortRun,Default,Default,Default,Default,Default,Default,Default,Default,Default,Default,Default,Default,Default,Default,Default,Default,Default,Default,Default,Default,Default,Default,Default,Default,Default,Default,Default,Default,Default,Default,Default,3,Default,1,Default,Default,Default,Default,Default,Default,Default,3,"ShortRun(IterationCount=3, LaunchCount=1, WarmupCount=3)",,1,Workload,Pilot,12,357000,32768,10.89,0,0,0,0
LastErrorBenchmarks.DllImport_SetLastError,PInvokeBench,LastErrorBenchmarks,DllImport_SetLastError,ShortRun,Default,Default,Default,Default,Default,Default,Default,Default,Default,Default,Default,Default,Default,Default,Default,Default,Default,Default,Default,Default,Default,Default,Default,Default,Default,Default,Default,Default,Default,Default,Default,3,Default,1,Default,Default,Default,Default,Default,Default,Default,3,"ShortRun(IterationCount=3, LaunchCount=1, WarmupCount=3)",,1,Workload,Pilot,13,713600,65536,10.89,0,0,0,0
LastErrorBenchmarks.DllImport_SetLastError,PInvokeBench,LastErrorBenchmarks,DllImport_SetLastError,ShortRun,Default,Default,Default,Default,Default,Default,Default,Default,Default,Default,Default,Default,Default,Default,Default,Default,Default,Default,Default,Default,Default,Default,Default,Default,Default,Default,Default,Default,Default,Default,Default,3,Default,1,Default,Default,Default,Default,Default,Default,Default,3,"ShortRun(IterationCount=3, LaunchCount=1, WarmupCount=3)",,1,Workload,Pilot,14,1752000,131072,13.37,0,0,0,0
LastErrorBenchmarks.DllImport_SetLastError,PInvokeBench,LastErrorBenchmarks,DllImport_SetLastError,ShortRun,Default,Default,Default,Default,Default,Default,Default,Default,Default,Default,Default,Default,Default,Default,Default,Default,Default,Default,Default,Default,Default,Default,Default,Default,Default,Default,Default,Default,Default,Default,Default,3,Default,1,Default,Default,Default,Default,Default,Default,Default,3,"ShortRun(IterationCount=3, LaunchCount=1, WarmupCount=3)",,1,Workload,Pilot,15,3592800,262144,13.71,0,0,0,0
LastErrorBenchmarks.DllImport_SetLastError,PInvokeBench,LastErrorBenchmarks,DllImport_SetLastError,ShortRun,Default,Default,Default,Default,Default,Default,Default,Default,Default,Default,Default,Default,Default,Default,Default,Default,Default,Default,Default,Default,Default,Default,Default,Default,Default,Default,Default,Default,Default,Default,Default,3,Default,1,Default,Default,Default,Default,Default,Default,Default,3,"ShortRun(IterationCount=3, LaunchCount=1, WarmupCount=3)",,1,Workload,Pilot,16,6954300,524288,13.26,0,0,0,0
LastErrorBenchmarks.DllImport_SetLastError,PInvokeBench,LastErrorBenchmarks,DllImport_SetLastError,ShortRun,Default,Default,Default,Default,Default,Default,Default,Default,Default,Default,Default,Default,Default,Default,Default,Default,Default,Default,Default,Default,Default,Default,Default,Default,Default,Default,Default,Default,Default,Default,Default,3,Default,1,Default,Default,Default,Default,Default,Default,Default,3,"ShortRun(IterationCount=3, LaunchCount=1, WarmupCount=3)",,1,Workload,Pilot,17,15207000,1048576,14.5,0,0,0,0
LastErrorBenchmarks.DllImport_SetLastError,PInvokeBench,LastErrorBenchmarks,DllImport_SetLastError,ShortRun,Default,Default,Default,Default,Default,Default,Default,Default,Default,Default,Default,Default,Default,Default,Default,Default,Default,Default,Default,Default,Default,Default,Default,Default,Default,Default,Default,Default,Default,Default,Default,3,Default,1,Default,Default,Default,Default,Default,Default,Default,3,"ShortRun(IterationCount=3, LaunchCount=1, WarmupCount=3)",,1,Workload,Pilot,18,30188200,2097152,14.39,0,0,0,0
LastErrorBenchmarks.DllImport_SetLastError,PInvokeBench,LastErrorBenchmarks,DllImport_SetLastError,ShortRun,Default,Default,Default,Default,Default,Default,Default,Default,Default,Default,Default,Default,Default,Default,Default,Default,Default,Default,Default,Default,Default,Default,Default,Default,Default,Default,Default,Default,Default,Default,Default,3,Default,1,Default,Default,Default,Default,Default,Default,Default,3,"ShortRun(IterationCount=3, LaunchCount=1, WarmupCount=3)",,1,Workload,Pilot,19,56970100,4194304,13.58,0,0,0,0
LastErrorBenchmarks.DllImport_SetLastError,PInvokeBench,LastErrorBenchmarks,DllImport_SetLastError,ShortRun,Default,Default,Default,Default,Default,Default,Default,Default,Default,Default,Default,Default,Default,Default,Default,Default,Default,Default,Default,Default,Default,Default,Default,Default,Default,Default,Default,Default,Default,Default,Default,3,Default,1,Default,Default,Default,Default,Default,Default,Default,3,"ShortRun(IterationCount=3, LaunchCount=1, WarmupCount=3)",,1,Workload,Pilot,20,98063000,8388608,11.69,0,0,0,0
LastErrorBenchmarks.DllImport_SetLastError,PInvokeBench,LastErrorBenchmarks,DllImport_SetLastError,ShortRun,Default,Default,Default,Default,Default,Default,Default,Default,Default,Default,Default,Default,Default,Default,Default,Default,Default,Default,Default,Default,Default,Default,Default,Default,Default,Default,Default,Default,Default,Default,Default,3,Default,1,Default,Default,Default,Default,Default,Default,Default,3,"ShortRun(IterationCount=3, LaunchCount=1, WarmupCount=3)",,1,Workload,Pilot,21,192329100,16777216,11.46,0,0,0,0
LastErrorBenchmarks.DllImport_SetLastError,PInvokeBench,LastErrorBenchmarks,DllImport_SetLastError,ShortRun,Default,Default,Default,Default,Default,Default,Default,Default,Default,Default,Default,Default,Default,Default,Default,Default,Default,Default,Default,Default,Default,Default,Default,Default,Default,Default,Default,Default,Default,Default,Default,3,Default,1,Default,Default,Default,Default,Default,Default,Default,3,"ShortRun(IterationCount=3, LaunchCount=1, WarmupCount=3)",,1,Workload,Pilot,22,403188500,33554432,12.02,0,0,0,0
LastErrorBenchmarks.DllImport_SetLastError,PInvokeBench,LastErrorBenchmarks,DllImport_SetLastError,ShortRun,Default,Default,Default,Default,Default,Default,Default,Default,Default,Default,Default,Default,Default,Default,Default,Default,Default,Default,Default,Default,Default,Default,Default,Default,Default,Default,Default,Default,Default,Default,Default,3,Default,1,Default,Default,Default,Default,Default,Default,Default,3,"ShortRun(IterationCount=3, LaunchCount=1, WarmupCount=3)",,1,Workload,Pilot,23,778191300,67108864,11.6,0,0,0,0
LastErrorBenchmarks.DllImport_SetLastError,PInvokeBench,LastErrorBenchmarks,DllImport_SetLastError,ShortRun,Default,Default,Default,Default,Default,Default,Default,Default,Default,Default,Default,Default,Default,Default,Default,Default,Default,Default,Default,Default,Default,Default,Default,Default,Default,Default,Default,Default,Default,Default,Default,3,Default,1,Default,Default,Default,Default,Default,Default,Default,3,"ShortRun(IterationCount=3, LaunchCount=1, WarmupCount=3)",,1,Overhead,Warmup,1,165926900,67108864,2.47,0,0,0,0
LastErrorBenchmarks.DllImport_SetLastError,PInvokeBench,LastErrorBenchmarks,DllImport_SetLastError,ShortRun,Default,Default,Default,Default,Default,Default,Default,Default,Default,Default,Default,Default,Default,Default,Default,Default,Default,Default,Default,Default,Default,Default,Default,Default,Default,Default,Default,Default,Default,Default,Default,3,Default,1,Default,Default,Default,Default,Default,Default,Default,3,"ShortRun(IterationCount=3, LaunchCount=1, WarmupCount=3)",,1,Overhead,Warmup,2,140258900,67108864,2.09,0,0,0,0
LastErrorBenchmarks.DllImport_SetLastError,PInvokeBench,LastErrorBenchmarks,DllImport_SetLastError,ShortRun,Default,Default,Default,Default,Default,Default,Default,Default,Default,Default,Default,Default,Default,Default,Default,Default,Default,Default,Default,Default,Default,Default,Default,Default,Default,Default,Default,Default,Default,Default,Default,3,Default,1,Default,Default,Default,Default,Default,Default,Default,3,"ShortRun(IterationCount=3, LaunchCount=1, WarmupCount=3)",,1,Overhead,Warmup,3,139308600,67108864,2.08,0,0,0,0
LastErrorBenchmarks.DllImport_SetLastError,PInvokeBench,LastErrorBenchmarks,DllImport_SetLastError,ShortRun,Default,Default,Default,Default,Default,Default,Default,Default,Default,Default,Default,Default,Default,Default,Default,Default,Default,Default,Default,Default,Default,Default,Default,Default,Default,Default,Default,Default,Default,Default,Default,3,Default,1,Default,Default,Default,Default,Default,Default,Default,3,"ShortRun(IterationCount=3, LaunchCount=1, WarmupCount=3)",,1,Overhead,Warmup,4,132220700,67108864,1.97,0,0,0,0
LastErrorBenchmarks.DllImport_SetLastError,PInvokeBench,LastErrorBenchmarks,DllImport_SetLastError,ShortRun,Default,Default,Default,Default,Default,Default,Default,Default,Default,Default,Default,Default,Default,Default,Default,Default,Default,Default,Default,Default,Default,Default,Default,Default,Default,Default,Default,Default,Default,Default,Default,3,Default,1,Default,Default,Default,Default,Default,Default,Default,3,"ShortRun(IterationCount=3, LaunchCount=1, WarmupCount=3)",,1,Overhead,Warmup,5,123532600,67108864,1.84,0,0,0,0
LastErrorBenchmarks.DllImport_SetLastError,PInvokeBench,LastErrorBenchmarks,DllImport_SetLastError,ShortRun,Default,Default,Default,Default,Default,Default,Default,Default,Default,Default,Default,Default,Default,Default,Default,Default,Default,Default,Default,Default,Default,Default,Default,Default,Default,Default,Default,Default,Default,Default,Default,3,Default,1,Default,Default,Default,Default,Default,Default,Default,3,"ShortRun(IterationCount=3, LaunchCount=1, WarmupCount=3)",,1,Overhead,Warmup,6,124787200,67108864,1.86,0,0,0,0
LastErrorBenchmarks.DllImport_SetLastError,PInvokeBench,LastErrorBenchmarks,DllImport_SetLastError,ShortRun,Default,Default,Default,Default,Default,Default,Default,Default,Default,Default,Default,Default,Default,Default,Default,Default,Default,Default,Default,Default,Default,Default,Default,Default,Default,Default,Default,Default,Default,Default,Default,3,Default,1,Default,Default,Default,Default,Default,Default,Default,3,"ShortRun(IterationCount=3, LaunchCount=1, WarmupCount=3)",,1,Overhead,Warmup,7,124699200,67108864,1.86,0,0,0,0
LastErrorBenchmarks.DllImport_SetLastError,PInvokeBench,LastErrorBenchmarks,DllImport_SetLastError,ShortRun,Default,Default,Default,Default,Default,Default,Default,Default,Default,Default,Default,Default,Default,Default,Default,Default,Default,Default,Default,Default,Default,Default,Default,Default,Default,Default,Default,Default,Default,Default,Default,3,Default,1,Default,Default,Default,Default,Default,Default,Default,3,"ShortRun(IterationCount=3, LaunchCount=1, WarmupCount=3)",,1,Overhead,Warmup,8,123478400,67108864,1.84,0,0,0,0
LastErrorBenchmarks.DllImport_SetLastError,PInvokeBench,LastErrorBenchmarks,DllImport_SetLastError,ShortRun,Default,Default,Default,Default,Default,Default,Default,Default,Default,Default,Default,Default,Default,Default,Default,Default,Default,Default,Default,Default,Default,Default,Default,Default,Default,Default,Default,Default,Default,Default,Default,3,Default,1,Default,Default,Default,Default,Default,Default,Default,3,"ShortRun(IterationCount=3, LaunchCount=1, WarmupCount=3)",,1,Overhead,Warmup,9,125111500,67108864,1.86,0,0,0,0
LastErrorBenchmarks.DllImport_SetLastError,PInvokeBench,LastErrorBenchmarks,DllImport_SetLastError,ShortRun,Default,Default,Default,Default,Default,Default,Default,Default,Default,Default,Default,Default,Default,Default,Default,Default,Default,Default,Default,Default,Default,Default,Default,Default,Default,Default,Default,Default,Default,Default,Default,3,Default,1,Default,Default,Default,Default,Default,Default,Default,3,"ShortRun(IterationCount=3, LaunchCount=1, WarmupCount=3)",,1,Overhead,Warmup,10,133333000,67108864,1.99,0,0,0,0
LastErrorBenchmarks.DllImport_SetLastError,PInvokeBench,LastErrorBenchmarks,DllImport_SetLastError,ShortRun,Default,Default,Default,Default,Default,Default,Default,Default,Default,Default,Default,Default,Default,Default,Default,Default,Default,Default,Default,Default,Default,Default,Default,Default,Default,Default,Default,Default,Default,Default,Default,3,Default,1,Default,Default,Default,Default,Default,Default,Default,3,"ShortRun(IterationCount=3, LaunchCount=1, WarmupCount=3)",,1,Overhead,Actual,1,134702500,67108864,2.01,0,0,0,0
LastErrorBenchmarks.DllImport_SetLastError,PInvokeBench,LastErrorBenchmarks,DllImport_SetLastError,ShortRun,Default,Default,Default,Default,Default,Default,Default,Default,Default,Default,Default,Default,Default,Default,Default,Default,Default,Default,Default,Default,Default,Default,Default,Default,Default,Default,Default,Default,Default,Default,Default,3,Default,1,Default,Default,Default,Default,Default,Default,Default,3,"ShortRun(IterationCount=3, LaunchCount=1, WarmupCount=3)",,1,Overhead,Actual,2,125569000,67108864,1.87,0,0,0,0
LastErrorBenchmarks.DllImport_SetLastError,PInvokeBench,LastErrorBenchmarks,DllImport_SetLastError,ShortRun,Default,Default,Default,Default,Default,Default,Default,Default,Default,Default,Default,Default,Default,Default,Default,Default,Default,Default,Default,Default,Default,Default,Default,Default,Default,Default,Default,Default,Default,Default,Default,3,Default,1,Default,Default,Default,Default,Default,Default,Default,3,"ShortRun(IterationCount=3, LaunchCount=1, WarmupCount=3)",,1,Overhead,Actual,3,124131900,67108864,1.85,0,0,0,0
LastErrorBenchmarks.DllImport_SetLastError,PInvokeBench,LastErrorBenchmarks,DllImport_SetLastError,ShortRun,Default,Default,Default,Default,Default,Default,Default,Default,Default,Default,Default,Default,Default,Default,Default,Default,Default,Default,Default,Default,Default,Default,Default,Default,Default,Default,Default,Default,Default,Default,Default,3,Default,1,Default,Default,Default,Default,Default,Default,Default,3,"ShortRun(IterationCount=3, LaunchCount=1, WarmupCount=3)",,1,Overhead,Actual,4,124415600,67108864,1.85,0,0,0,0
LastErrorBenchmarks.DllImport_SetLastError,PInvokeBench,LastErrorBenchmarks,DllImport_SetLastError,ShortRun,Default,Default,Default,Default,Default,Default,Default,Default,Default,Default,Default,Default,Default,Default,Default,Default,Default,Default,Default,Default,Default,Default,Default,Default,Default,Default,Default,Default,Default,Default,Default,3,Default,1,Default,Default,Default,Default,Default,Default,Default,3,"ShortRun(IterationCount=3, LaunchCount=1, WarmupCount=3)",,1,Overhead,Actual,5,125296100,67108864,1.87,0,0,0,0
LastErrorBenchmarks.DllImport_SetLastError,PInvokeBench,LastErrorBenchmarks,DllImport_SetLastError,ShortRun,Default,Default,Default,Default,Default,Default,Default,Default,Default,Default,Default,Default,Default,Default,Default,Default,Default,Default,Default,Default,Default,Default,Default,Default,Default,Default,Default,Default,Default,Default,Default,3,Default,1,Default,Default,Default,Default,Default,Default,Default,3,"ShortRun(IterationCount=3, LaunchCount=1, WarmupCount=3)",,1,Overhead,Actual,6,127894400,67108864,1.91,0,0,0,0
LastErrorBenchmarks.DllImport_SetLastError,PInvokeBench,LastErrorBenchmarks,DllImport_SetLastError,ShortRun,Default,Default,Default,Default,Default,Default,Default,Default,Default,Default,Default,Default,Default,Default,Default,Default,Default,Default,Default,Default,Default,Default,Default,Default,Default,Default,Default,Default,Default,Default,Default,3,Default,1,Default,Default,Default,Default,Default,Default,Default,3,"ShortRun(IterationCount=3, LaunchCount=1, WarmupCount=3)",,1,Overhead,Actual,7,133362700,67108864,1.99,0,0,0,0
LastErrorBenchmarks.DllImport_SetLastError,PInvokeBench,LastErrorBenchmarks,DllImport_SetLastError,ShortRun,Default,Default,Default,Default,Default,Default,Default,Default,Default,Default,Default,Default,Default,Default,Default,Default,Default,Default,Default,Default,Default,Default,Default,Default,Default,Default,Default,Default,Default,Default,Default,3,Default,1,Default,Default,Default,Default,Default,Default,Default,3,"ShortRun(IterationCount=3, LaunchCount=1, WarmupCount=3)",,1,Overhead,Actual,8,130288400,67108864,1.94,0,0,0,0
LastErrorBenchmarks.DllImport_SetLastError,PInvokeBench,LastErrorBenchmarks,DllImport_SetLastError,ShortRun,Default,Default,Default,Default,Default,Default,Default,Default,Default,Default,Default,Default,Default,Default,Default,Default,Default,Default,Default,Default,Default,Default,Default,Default,Default,Default,Default,Default,Default,Default,Default,3,Default,1,Default,Default,Default,Default,Default,Default,Default,3,"ShortRun(IterationCount=3, LaunchCount=1, WarmupCount=3)",,1,Overhead,Actual,9,127945600,67108864,1.91,0,0,0,0
LastErrorBenchmarks.DllImport_SetLastError,PInvokeBench,LastErrorBenchmarks,DllImport_SetLastError,ShortRun,Default,Default,Default,Default,Default,Default,Default,Default,Default,Default,Default,Default,Default,Default,Default,Default,Default,Default,Default,Default,Default,Default,Default,Default,Default,Default,Default,Default,Default,Default,Default,3,Default,1,Default,Default,Default,Default,Default,Default,Default,3,"ShortRun(IterationCount=3, LaunchCount=1, WarmupCount=3)",,1,Overhead,Actual,10,127112300,67108864,1.89,0,0,0,0
LastErrorBenchmarks.DllImport_SetLastError,PInvokeBench,LastErrorBenchmarks,DllImport_SetLastError,ShortRun,Default,Default,Default,Default,Default,Default,Default,Default,Default,Default,Default,Default,Default,Default,Default,Default,Default,Default,Default,Default,Default,Default,Default,Default,Default,Default,Default,Default,Default,Default,Default,3,Default,1,Default,Default,Default,Default,Default,Default,Default,3,"ShortRun(IterationCount=3, LaunchCount=1, WarmupCount=3)",,1,Overhead,Actual,11,127010000,67108864,1.89,0,0,0,0
LastErrorBenchmarks.DllImport_SetLastError,PInvokeBench,LastErrorBenchmarks,DllImport_SetLastError,ShortRun,Default,Default,Default,Default,Default,Default,Default,Default,Default,Default,Default,Default,Default,Default,Default,Default,Default,Default,Default,Default,Default,Default,Default,Default,Default,Default,Default,Default,Default,Default,Default,3,Default,1,Default,Default,Default,Default,Default,Default,Default,3,"ShortRun(IterationCount=3, LaunchCount=1, WarmupCount=3)",,1,Overhead,Actual,12,125478300,67108864,1.87,0,0,0,0
LastErrorBenchmarks.DllImport_SetLastError,PInvokeBench,LastErrorBenchmarks,DllImport_SetLastError,ShortRun,Default,Default,Default,Default,Default,Default,Default,Default,Default,Default,Default,Default,Default,Default,Default,Default,Default,Default,Default,Default,Default,Default,Default,Default,Default,Default,Default,Default,Default,Default,Default,3,Default,1,Default,Default,Default,Default,Default,Default,Default,3,"ShortRun(IterationCount=3, LaunchCount=1, WarmupCount=3)",,1,Overhead,Actual,13,123292900,67108864,1.84,0,0,0,0
LastErrorBenchmarks.DllImport_SetLastError,PInvokeBench,LastErrorBenchmarks,DllImport_SetLastError,ShortRun,Default,Default,Default,Default,Default,Default,Default,Default,Default,Default,Default,Default,Default,Default,Default,Default,Default,Default,Default,Default,Default,Default,Default,Default,Default,Default,Default,Default,Default,Default,Default,3,Default,1,Default,Default,Default,Default,Default,Default,Default,3,"ShortRun(IterationCount=3, LaunchCount=1, WarmupCount=3)",,1,Overhead,Actual,14,123944400,67108864,1.85,0,0,0,0
LastErrorBenchmarks.DllImport_SetLastError,PInvokeBench,LastErrorBenchmarks,DllImport_SetLastError,ShortRun,Default,Default,Default,Default,Default,Default,Default,Default,Default,Default,Default,Default,Default,Default,Default,Default,Default,Default,Default,Default,Default,Default,Default,Default,Default,Default,Default,Default,Default,Default,Default,3,Default,1,Default,Default,Default,Default,Default,Default,Default,3,"ShortRun(IterationCount=3, LaunchCount=1, WarmupCount=3)",,1,Overhead,Actual,15,126379500,67108864,1.88,0,0,0,0
LastErrorBenchmarks.DllImport_SetLastError,PInvokeBench,LastErrorBenchmarks,DllImport_SetLastError,ShortRun,Default,Default,Default,Default,Default,Default,Default,Default,Default,Default,Default,Default,Default,Default,Default,Default,Default,Default,Default,Default,Default,Default,Default,Default,Default,Default,Default,Default,Default,Default,Default,3,Default,1,Default,Default,Default,Default,Default,Default,Default,3,"ShortRun(IterationCount=3, LaunchCount=1, WarmupCount=3)",,1,Workload,Warmup,1,754348900,67108864,11.24,0,0,0,0
LastErrorBenchmarks.DllImport_SetLastError,PInvokeBench,LastErrorBenchmarks,DllImport_SetLastError,ShortRun,Default,Default,Default,Default,Default,Default,Default,Default,Default,Default,Default,Default,Default,Default,Default,Default,Default,Default,Default,Default,Default,Default,Default,Default,Default,Default,Default,Default,Default,Default,Default,3,Default,1,Default,Default,Default,Default,Default,Default,Default,3,"ShortRun(IterationCount=3, LaunchCount=1, WarmupCount=3)",,1,Workload,Warmup,2,797103000,67108864,11.88,0,0,0,0
LastErrorBenchmarks.DllImport_SetLastError,PInvokeBench,LastErrorBenchmarks,DllImport_SetLastError,ShortRun,Default,Default,Default,Default,Default,Default,Default,Default,Default,Default,Default,Default,Default,Default,Default,Default,Default,Default,Default,Default,Default,Default,Default,Default,Default,Default,Default,Default,Default,Default,Default,3,Default,1,Default,Default,Default,Default,Default,Default,Default,3,"ShortRun(IterationCount=3, LaunchCount=1, WarmupCount=3)",,1,Workload,Warmup,3,925498100,67108864,13.79,0,0,0,0
LastErrorBenchmarks.DllImport_SetLastError,PInvokeBench,LastErrorBenchmarks,DllImport_SetLastError,ShortRun,Default,Default,Default,Default,Default,Default,Default,Default,Default,Default,Default,Default,Default,Default,Default,Default,Default,Default,Default,Default,Default,Default,Default,Default,Default,Default,Default,Default,Default,Default,Default,3,Default,1,Default,Default,Default,Default,Default,Default,Default,3,"ShortRun(IterationCount=3, LaunchCount=1, WarmupCount=3)",,1,Workload,Actual,1,911187500,67108864,13.58,0,0,0,0
LastErrorBenchmarks.DllImport_SetLastError,PInvokeBench,LastErrorBenchmarks,DllImport_SetLastError,ShortRun,Default,Default,Default,Default,Default,Default,Default,Default,Default,Default,Default,Default,Default,Default,Default,Default,Default,Default,Default,Default,Default,Default,Default,Default,Default,Default,Default,Default,Default,Default,Default,3,Default,1,Default,Default,Default,Default,Default,Default,Default,3,"ShortRun(IterationCount=3, LaunchCount=1, WarmupCount=3)",,1,Workload,Actual,2,841012100,67108864,12.53,0,0,0,0
LastErrorBenchmarks.DllImport_SetLastError,PInvokeBench,LastErrorBenchmarks,DllImport_SetLastError,ShortRun,Default,Default,Default,Default,Default,Default,Default,Default,Default,Default,Default,Default,Default,Default,Default,Default,Default,Default,Default,Default,Default,Default,Default,Default,Default,Default,Default,Default,Default,Default,Default,3,Default,1,Default,Default,Default,Default,Default,Default,Default,3,"ShortRun(IterationCount=3, LaunchCount=1, WarmupCount=3)",,1,Workload,Actual,3,843710500,67108864,12.57,0,0,0,0
LastErrorBenchmarks.DllImport_SetLastError,PInvokeBench,LastErrorBenchmarks,DllImport_SetLastError,ShortRun,Default,Default,Default,Default,Default,Default,Default,Default,Default,Default,Default,Default,Default,Default,Default,Default,Default,Default,Default,Default,Default,Default,Default,Default,Default,Default,Default,Default,Default,Default,Default,3,Default,1,Default,Default,Default,Default,Default,Default,Default,3,"ShortRun(IterationCount=3, LaunchCount=1, WarmupCount=3)",,1,Workload,Result,1,784808000,67108864,11.69,0,0,0,0
LastErrorBenchmarks.DllImport_SetLastError,PInvokeBench,LastErrorBenchmarks,DllImport_SetLastError,ShortRun,Default,Default,Default,Default,Default,Default,Default,Default,Default,Default,Default,Default,Default,Default,Default,Default,Default,Default,Default,Default,Default,Default,Default,Default,Default,Default,Default,Default,Default,Default,Default,3,Default,1,Default,Default,Default,Default,Default,Default,Default,3,"ShortRun(IterationCount=3, LaunchCount=1, WarmupCount=3)",,1,Workload,Result,2,714632600,67108864,10.65,0,0,0,0
LastErrorBenchmarks.DllImport_SetLastError,PInvokeBench,LastErrorBenchmarks,DllImport_SetLastError,ShortRun,Default,Default,Default,Default,Default,Default,Default,Default,Default,Default,Default,Default,Default,Default,Default,Default,Default,Default,Default,Default,Default,Default,Default,Default,Default,Default,Default,Default,Default,Default,Default,3,Default,1,Default,Default,Default,Default,Default,Default,Default,3,"ShortRun(IterationCount=3, LaunchCount=1, WarmupCount=3)",,1,Workload,Result,3,717331000,67108864,10.69,0,0,0,0
LastErrorBenchmarks.DllImport_SetLastError_AndRead,PInvokeBench,LastErrorBenchmarks,DllImport_SetLastError_AndRead,ShortRun,Default,Default,Default,Default,Default,Default,Default,Default,Default,Default,Default,Default,Default,Default,Default,Default,Default,Default,Default,Default,Default,Default,Default,Default,Default,Default,Default,Default,Default,Default,Default,3,Default,1,Default,Default,Default,Default,Default,Default,Default,3,"ShortRun(IterationCount=3, LaunchCount=1, WarmupCount=3)",,1,Overhead,Jitting,1,197700,1,197700,0,0,0,0
LastErrorBenchmarks.DllImport_SetLastError_AndRead,PInvokeBench,LastErrorBenchmarks,DllImport_SetLastError_AndRead,ShortRun,Default,Default,Default,Default,Default,Default,Default,Default,Default,Default,Default,Default,Default,Default,Default,Default,Default,Default,Default,Default,Default,Default,Default,Default,Default,Default,Default,Default,Default,Default,Default,3,Default,1,Default,Default,Default,Default,Default,Default,Default,3,"ShortRun(IterationCount=3, LaunchCount=1, WarmupCount=3)",,1,Workload,Jitting,1,674700,1,674700,0,0,0,0
LastErrorBenchmarks.DllImport_SetLastError_AndRead,PInvokeBench,LastErrorBenchmarks,DllImport_SetLastError_AndRead,ShortRun,Default,Default,Default,Default,Default,Default,Default,Default,Default,Default,Default,Default,Default,Default,Default,Default,Default,Default,Default,Default,Default,Default,Default,Default,Default,Default,Default,Default,Default,Default,Default,3,Default,1,Default,Default,Default,Default,Default,Default,Default,3,"ShortRun(IterationCount=3, LaunchCount=1, WarmupCount=3)",,1,Overhead,Jitting,2,360400,16,22525,0,0,0,0
LastErrorBenchmarks.DllImport_SetLastError_AndRead,PInvokeBench,LastErrorBenchmarks,DllImport_SetLastError_AndRead,ShortRun,Default,Default,Default,Default,Default,Default,Default,Default,Default,Default,Default,Default,Default,Default,Default,Default,Default,Default,Default,Default,Default,Default,Default,Default,Default,Default,Default,Default,Default,Default,Default,3,Default,1,Default,Default,Default,Default,Default,Default,Default,3,"ShortRun(IterationCount=3, LaunchCount=1, WarmupCount=3)",,1,Workload,Jitting,2,299000,16,18687.5,0,0,0,0
LastErrorBenchmarks.DllImport_SetLastError_AndRead,PInvokeBench,LastErrorBenchmarks,DllImport_SetLastError_AndRead,ShortRun,Default,Default,Default,Default,Default,Default,Default,Default,Default,Default,Default,Default,Default,Default,Default,Default,Default,Default,Default,Default,Default,Default,Default,Default,Default,Default,Default,Default,Default,Default,Default,3,Default,1,Default,Default,Default,Default,Default,Default,Default,3,"ShortRun(IterationCount=3, LaunchCount=1, WarmupCount=3)",,1,Workload,Pilot,1,1200,16,75,0,0,0,0
LastErrorBenchmarks.DllImport_SetLastError_AndRead,PInvokeBench,LastErrorBenchmarks,DllImport_SetLastError_AndRead,ShortRun,Default,Default,Default,Default,Default,Default,Default,Default,Default,Default,Default,Default,Default,Default,Default,Default,Default,Default,Default,Default,Default,Default,Default,Default,Default,Default,Default,Default,Default,Default,Default,3,Default,1,Default,Default,Default,Default,Default,Default,Default,3,"ShortRun(IterationCount=3, LaunchCount=1, WarmupCount=3)",,1,Workload,Pilot,2,1100,32,34.38,0,0,0,0
LastErrorBenchmarks.DllImport_SetLastError_AndRead,PInvokeBench,LastErrorBenchmarks,DllImport_SetLastError_AndRead,ShortRun,Default,Default,Default,Default,Default,Default,Default,Default,Default,Default,Default,Default,Default,Default,Default,Default,Default,Default,Default,Default,Default,Default,Default,Default,Default,Default,Default,Default,Default,Default,Default,3,Default,1,Default,Default,Default,Default,Default,Default,Default,3,"ShortRun(IterationCount=3, LaunchCount=1, WarmupCount=3)",,1,Workload,Pilot,3,1300,64,20.31,0,0,0,0
LastErrorBenchmarks.DllImport_SetLastError_AndRead,PInvokeBench,LastErrorBenchmarks,DllImport_SetLastError_AndRead,ShortRun,Default,Default,Default,Default,Default,Default,Default,Default,Default,Default,Default,Default,Default,Default,Default,Default,Default,Default,Default,Default,Default,Default,Default,Default,Default,Default,Default,Default,Default,Default,Default,3,Default,1,Default,Default,Default,Default,Default,Default,Default,3,"ShortRun(IterationCount=3, LaunchCount=1, WarmupCount=3)",,1,Workload,Pilot,4,2400,128,18.75,0,0,0,0
LastErrorBenchmarks.DllImport_SetLastError_AndRead,PInvokeBench,LastErrorBenchmarks,DllImport_SetLastError_AndRead,ShortRun,Default,Default,Default,Default,Default,Default,Default,Default,Default,Default,Default,Default,Default,Default,Default,Default,Default,Default,Default,Default,Default,Default,Default,Default,Default,Default,Default,Default,Default,Default,Default,3,Default,1,Default,Default,Default,Default,Default,Default,Default,3,"ShortRun(IterationCount=3, LaunchCount=1, WarmupCount=3)",,1,Workload,Pilot,5,4000,256,15.63,0,0,0,0
LastErrorBenchmarks.DllImport_SetLastError_AndRead,PInvokeBench,LastErrorBenchmarks,DllImport_SetLastError_AndRead,ShortRun,Default,Default,Default,Default,Default,Default,Default,Default,Default,Default,Default,Default,Default,Default,Default,Default,Default,Default,Default,Default,Default,Default,Default,Default,Default,Default,Default,Default,Default,Default,Default,3,Default,1,Default,Default,Default,Default,Default,Default,Default,3,"ShortRun(IterationCount=3, LaunchCount=1, WarmupCount=3)",,1,Workload,Pilot,6,7100,512,13.87,0,0,0,0
LastErrorBenchmarks.DllImport_SetLastError_AndRead,PInvokeBench,LastErrorBenchmarks,DllImport_SetLastError_AndRead,ShortRun,Default,Default,Default,Default,Default,Default,Default,Default,Default,Default,Default,Default,Default,Default,Default,Default,Default,Default,Default,Default,Default,Default,Default,Default,Default,Default,Default,Default,Default,Default,Default,3,Default,1,Default,Default,Default,Default,Default,Default,Default,3,"ShortRun(IterationCount=3, LaunchCount=1, WarmupCount=3)",,1,Workload,Pilot,7,13400,1024,13.09,0,0,0,0
LastErrorBenchmarks.DllImport_SetLastError_AndRead,PInvokeBench,LastErrorBenchmarks,DllImport_SetLastError_AndRead,ShortRun,Default,Default,Default,Default,Default,Default,Default,Default,Default,Default,Default,Default,Default,Default,Default,Default,Default,Default,Default,Default,Default,Default,Default,Default,Default,Default,Default,Default,Default,Default,Default,3,Default,1,Default,Default,Default,Default,Default,Default,Default,3,"ShortRun(IterationCount=3, LaunchCount=1, WarmupCount=3)",,1,Workload,Pilot,8,25700,2048,12.55,0,0,0,0
LastErrorBenchmarks.DllImport_SetLastError_AndRead,PInvokeBench,LastErrorBenchmarks,DllImport_SetLastError_AndRead,ShortRun,Default,Default,Default,Default,Default,Default,Default,Default,Default,Default,Default,Default,Default,Default,Default,Default,Default,Default,Default,Default,Default,Default,Default,Default,Default,Default,Default,Default,Default,Default,Default,3,Default,1,Default,Default,Default,Default,Default,Default,Default,3,"ShortRun(IterationCount=3, LaunchCount=1, WarmupCount=3)",,1,Workload,Pilot,9,50300,4096,12.28,0,0,0,0
LastErrorBenchmarks.DllImport_SetLastError_AndRead,PInvokeBench,LastErrorBenchmarks,DllImport_SetLastError_AndRead,ShortRun,Default,Default,Default,Default,Default,Default,Default,Default,Default,Default,Default,Default,Default,Default,Default,Default,Default,Default,Default,Default,Default,Default,Default,Default,Default,Default,Default,Default,Default,Default,Default,3,Default,1,Default,Default,Default,Default,Default,Default,Default,3,"ShortRun(IterationCount=3, LaunchCount=1, WarmupCount=3)",,1,Workload,Pilot,10,100000,8192,12.21,0,0,0,0
LastErrorBenchmarks.DllImport_SetLastError_AndRead,PInvokeBench,LastErrorBenchmarks,DllImport_SetLastError_AndRead,ShortRun,Default,Default,Default,Default,Default,Default,Default,Default,Default,Default,Default,Default,Default,Default,Default,Default,Default,Default,Default,Default,Default,Default,Default,Default,Default,Default,Default,Default,Default,Default,Default,3,Default,1,Default,Default,Default,Default,Default,Default,Default,3,"ShortRun(IterationCount=3, LaunchCount=1, WarmupCount=3)",,1,Workload,Pilot,11,199700,16384,12.19,0,0,0,0
LastErrorBenchmarks.DllImport_SetLastError_AndRead,PInvokeBench,LastErrorBenchmarks,DllImport_SetLastError_AndRead,ShortRun,Default,Default,Default,Default,Default,Default,Default,Default,Default,Default,Default,Default,Default,Default,Default,Default,Default,Default,Default,Default,Default,Default,Default,Default,Default,Default,Default,Default,Default,Default,Default,3,Default,1,Default,Default,Default,Default,Default,Default,Default,3,"ShortRun(IterationCount=3, LaunchCount=1, WarmupCount=3)",,1,Workload,Pilot,12,406000,32768,12.39,0,0,0,0
LastErrorBenchmarks.DllImport_SetLastError_AndRead,PInvokeBench,LastErrorBenchmarks,DllImport_SetLastError_AndRead,ShortRun,Default,Default,Default,Default,Default,Default,Default,Default,Default,Default,Default,Default,Default,Default,Default,Default,Default,Default,Default,Default,Default,Default,Default,Default,Default,Default,Default,Default,Default,Default,Default,3,Default,1,Default,Default,Default,Default,Default,Default,Default,3,"ShortRun(IterationCount=3, LaunchCount=1, WarmupCount=3)",,1,Workload,Pilot,13,820000,65536,12.51,0,0,0,0
LastErrorBenchmarks.DllImport_SetLastError_AndRead,PInvokeBench,LastErrorBenchmarks,DllImport_SetLastError_AndRead,ShortRun,Default,Default,Default,Default,Default,Default,Default,Default,Default,Default,Default,Default,Default,Default,Default,Default,Default,Default,Default,Default,Default,Default,Default,Default,Default,Default,Default,Default,Default,Default,Default,3,Default,1,Default,Default,Default,Default,Default,Default,Default,3,"ShortRun(IterationCount=3, LaunchCount=1, WarmupCount=3)",,1,Workload,Pilot,14,1762600,131072,13.45,0,0,0,0
LastErrorBenchmarks.DllImport_SetLastError_AndRead,PInvokeBench,LastErrorBenchmarks,DllImport_SetLastError_AndRead,ShortRun,Default,Default,Default,Default,Default,Default,Default,Default,Default,Default,Default,Default,Default,Default,Default,Default,Default,Default,Default,Default,Default,Default,Default,Default,Default,Default,Default,Default,Default,Default,Default,3,Default,1,Default,Default,Default,Default,Default,Default,Default,3,"ShortRun(IterationCount=3, LaunchCount=1, WarmupCount=3)",,1,Workload,Pilot,15,3586900,262144,13.68,0,0,0,0
LastErrorBenchmarks.DllImport_SetLastError_AndRead,PInvokeBench,LastErrorBenchmarks,DllImport_SetLastError_AndRead,ShortRun,Default,Default,Default,Default,Default,Default,Default,Default,Default,Default,Default,Default,Default,Default,Default,Default,Default,Default,Default,Default,Default,Default,Default,Default,Default,Default,Default,Default,Default,Default,Default,3,Default,1,Default,Default,Default,Default,Default,Default,Default,3,"ShortRun(IterationCount=3, LaunchCount=1, WarmupCount=3)",,1,Workload,Pilot,16,7848000,524288,14.97,0,0,0,0
LastErrorBenchmarks.DllImport_SetLastError_AndRead,PInvokeBench,LastErrorBenchmarks,DllImport_SetLastError_AndRead,ShortRun,Default,Default,Default,Default,Default,Default,Default,Default,Default,Default,Default,Default,Default,Default,Default,Default,Default,Default,Default,Default,Default,Default,Default,Default,Default,Default,Default,Default,Default,Default,Default,3,Default,1,Default,Default,Default,Default,Default,Default,Default,3,"ShortRun(IterationCount=3, LaunchCount=1, WarmupCount=3)",,1,Workload,Pilot,17,15003700,1048576,14.31,0,0,0,0
LastErrorBenchmarks.DllImport_SetLastError_AndRead,PInvokeBench,LastErrorBenchmarks,DllImport_SetLastError_AndRead,ShortRun,Default,Default,Default,Default,Default,Default,Default,Default,Default,Default,Default,Default,Default,Default,Default,Default,Default,Default,Default,Default,Default,Default,Default,Default,Default,Default,Default,Default,Default,Default,Default,3,Default,1,Default,Default,Default,Default,Default,Default,Default,3,"ShortRun(IterationCount=3, LaunchCount=1, WarmupCount=3)",,1,Workload,Pilot,18,30183000,2097152,14.39,0,0,0,0
LastErrorBenchmarks.DllImport_SetLastError_AndRead,PInvokeBench,LastErrorBenchmarks,DllImport_SetLastError_AndRead,ShortRun,Default,Default,Default,Default,Default,Default,Default,Default,Default,Default,Default,Default,Default,Default,Default,Default,Default,Default,Default,Default,Default,Default,Default,Default,Default,Default,Default,Default,Default,Default,Default,3,Default,1,Default,Default,Default,Default,Default,Default,Default,3,"ShortRun(IterationCount=3, LaunchCount=1, WarmupCount=3)",,1,Workload,Pilot,19,61438000,4194304,14.65,0,0,0,0
LastErrorBenchmarks.DllImport_SetLastError_AndRead,PInvokeBench,LastErrorBenchmarks,DllImport_SetLastError_AndRead,ShortRun,Default,Default,Default,Default,Default,Default,Default,Default,Default,Default,Default,Default,Default,Default,Default,Default,Default,Default,Default,Default,Default,Default,Default,Default,Default,Default,Default,Default,Default,Default,Default,3,Default,1,Default,Default,Default,Default,Default,Default,Default,3,"ShortRun(IterationCount=3, LaunchCount=1, WarmupCount=3)",,1,Workload,Pilot,20,101050500,8388608,12.05,0,0,0,0
LastErrorBenchmarks.DllImport_SetLastError_AndRead,PInvokeBench,LastErrorBenchmarks,DllImport_SetLastError_AndRead,ShortRun,Default,Default,Default,Default,Default,Default,Default,Default,Default,Default,Default,Default,Default,Default,Default,Default,Default,Default,Default,Default,Default,Default,Default,Default,Default,Default,Default,Default,Default,Default,Default,3,Default,1,Default,Default,Default,Default,Default,Default,Default,3,"ShortRun(IterationCount=3, LaunchCount=1, WarmupCount=3)",,1,Workload,Pilot,21,199814300,16777216,11.91,0,0,0,0
LastErrorBenchmarks.DllImport_SetLastError_AndRead,PInvokeBench,LastErrorBenchmarks,DllImport_SetLastError_AndRead,ShortRun,Default,Default,Default,Default,Default,Default,Default,Default,Default,Default,Default,Default,Default,Default,Default,Default,Default,Default,Default,Default,Default,Default,Default,Default,Default,Default,Default,Default,Default,Default,Default,3,Default,1,Default,Default,Default,Default,Default,Default,Default,3,"ShortRun(IterationCount=3, LaunchCount=1, WarmupCount=3)",,1,Workload,Pilot,22,400393200,33554432,11.93,0,0,0,0
LastErrorBenchmarks.DllImport_SetLastError_AndRead,PInvokeBench,LastErrorBenchmarks,DllImport_SetLastError_AndRead,ShortRun,Default,Default,Default,Default,Default,Default,Default,Default,Default,Default,Default,Default,Default,Default,Default,Default,Default,Default,Default,Default,Default,Default,Default,Default,Default,Default,Default,Default,Default,Default,Default,3,Default,1,Default,Default,Default,Default,Default,Default,Default,3,"ShortRun(IterationCount=3, LaunchCount=1, WarmupCount=3)",,1,Workload,Pilot,23,811683500,67108864,12.1,0,0,0,0
LastErrorBenchmarks.DllImport_SetLastError_AndRead,PInvokeBench,LastErrorBenchmarks,DllImport_SetLastError_AndRead,ShortRun,Default,Default,Default,Default,Default,Default,Default,Default,Default,Default,Default,Default,Default,Default,Default,Default,Default,Default,Default,Default,Default,Default,Default,Default,Default,Default,Default,Default,Default,Default,Default,3,Default,1,Default,Default,Default,Default,Default,Default,Default,3,"ShortRun(IterationCount=3, LaunchCount=1, WarmupCount=3)",,1,Overhead,Warmup,1,168088200,67108864,2.5,0,0,0,0
LastErrorBenchmarks.DllImport_SetLastError_AndRead,PInvokeBench,LastErrorBenchmarks,DllImport_SetLastError_AndRead,ShortRun,Default,Default,Default,Default,Default,Default,Default,Default,Default,Default,Default,Default,Default,Default,Default,Default,Default,Default,Default,Default,Default,Default,Default,Default,Default,Default,Default,Default,Default,Default,Default,3,Default,1,Default,Default,Default,Default,Default,Default,Default,3,"ShortRun(IterationCount=3, LaunchCount=1, WarmupCount=3)",,1,Overhead,Warmup,2,140508000,67108864,2.09,0,0,0,0
LastErrorBenchmarks.DllImport_SetLastError_AndRead,PInvokeBench,LastErrorBenchmarks,DllImport_SetLastError_AndRead,ShortRun,Default,Default,Default,Default,Default,Default,Default,Default,Default,Default,Default,Default,Default,Default,Default,Default,Default,Default,Default,Default,Default,Default,Default,Default,Default,Default,Default,Default,Default,Default,Default,3,Default,1,Default,Default,Default,Default,Default,Default,Default,3,"ShortRun(IterationCount=3, LaunchCount=1, WarmupCount=3)",,1,Overhead,Warmup,3,127700500,67108864,1.9,0,0,0,0
LastErrorBenchmarks.DllImport_SetLastError_AndRead,PInvokeBench,LastErrorBenchmarks,DllImport_SetLastError_AndRead,ShortRun,Default,Default,Default,Default,Default,Default,Default,Default,Default,Default,Default,Default,Default,Default,Default,Default,Default,Default,Default,Default,Default,Default,Default,Default,Default,Default,Default,Default,Default,Default,Default,3,Default,1,Default,Default,Default,Default,Default,Default,Default,3,"ShortRun(IterationCount=3, LaunchCount=1, WarmupCount=3)",,1,Overhead,Warmup,4,126484600,67108864,1.88,0,0,0,0
LastErrorBenchmarks.DllImport_SetLastError_AndRead,PInvokeBench,LastErrorBenchmarks,DllImport_SetLastError_AndRead,ShortRun,Default,Default,Default,Default,Default,Default,Default,Default,Default,Default,Default,Default,Default,Default,Default,Default,Default,Default,Default,Default,Default,Default,Default,Default,Default,Default,Default,Default,Default,Default,Default,3,Default,1,Default,Default,Default,Default,Default,Default,Default,3,"ShortRun(IterationCount=3, LaunchCount=1, WarmupCount=3)",,1,Overhead,Warmup,5,126314400,67108864,1.88,0,0,0,0
LastErrorBenchmarks.DllImport_SetLastError_AndRead,PInvokeBench,LastErrorBenchmarks,DllImport_SetLastError_AndRead,ShortRun,Default,Default,Default,Default,Default,Default,Default,Default,Default,Default,Default,Default,Default,Default,Default,Default,Default,Default,Default,Default,Default,Default,Default,Default,Default,Default,Default,Default,Default,Default,Default,3,Default,1,Default,Default,Default,Default,Default,Default,Default,3,"ShortRun(IterationCount=3, LaunchCount=1, WarmupCount=3)",,1,Overhead,Warmup,6,127121400,67108864,1.89,0,0,0,0
LastErrorBenchmarks.DllImport_SetLastError_AndRead,PInvokeBench,LastErrorBenchmarks,DllImport_SetLastError_AndRead,ShortRun,Default,Default,Default,Default,Default,Default,Default,Default,Default,Default,Default,Default,Default,Default,Default,Default,Default,Default,Default,Default,Default,Default,Default,Default,Default,Default,Default,Default,Default,Default,Default,3,Default,1,Default,Default,Default,Default,Default,Default,Default,3,"ShortRun(IterationCount=3, LaunchCount=1, WarmupCount=3)",,1,Overhead,Warmup,7,126432100,67108864,1.88,0,0,0,0
LastErrorBenchmarks.DllImport_SetLastError_AndRead,PInvokeBench,LastErrorBenchmarks,DllImport_SetLastError_AndRead,ShortRun,Default,Default,Default,Default,Default,Default,Default,Default,Default,Default,Default,Default,Default,Default,Default,Default,Default,Default,Default,Default,Default,Default,Default,Default,Default,Default,Default,Default,Default,Default,Default,3,Default,1,Default,Default,Default,Default,Default,Default,Default,3,"ShortRun(IterationCount=3, LaunchCount=1, WarmupCount=3)",,1,Overhead,Warmup,8,125127600,67108864,1.86,0,0,0,0
LastErrorBenchmarks.DllImport_SetLastError_AndRead,PInvokeBench,LastErrorBenchmarks,DllImport_SetLastError_AndRead,ShortRun,Default,Default,Default,Default,Default,Default,Default,Default,Default,Default,Default,Default,Default,Default,Default,Default,Default,Default,Default,Default,Default,Default,Default,Default,Default,Default,Default,Default,Default,Default,Default,3,Default,1,Default,Default,Default,Default,Default,Default,Default,3,"ShortRun(IterationCount=3, LaunchCount=1, WarmupCount=3)",,1,Overhead,Warmup,9,129400100,67108864,1.93,0,0,0,0
LastErrorBenchmarks.DllImport_SetLastError_AndRead,PInvokeBench,LastErrorBenchmarks,DllImport_SetLastError_AndRead,ShortRun,Default,Default,Default,Default,Default,Default,Default,Default,Default,Default,Default,Default,Default,Default,Default,Default,Default,Default,Default,Default,Default,Default,Default,Default,Default,Default,Default,Default,Default,Default,Default,3,Default,1,Default,Default,Default,Default,Default,Default,Default,3,"ShortRun(IterationCount=3, LaunchCount=1, WarmupCount=3)",,1,Overhead,Warmup,10,132013700,67108864,1.97,0,0,0,0
LastErrorBenchmarks.DllImport_SetLastError_AndRead,PInvokeBench,LastErrorBenchmarks,DllImport_SetLastError_AndRead,ShortRun,Default,Default,Default,Default,Default,Default,Default,Default,Default,Default,Default,Default,Default,Default,Default,Default,Default,Default,Default,Default,Default,Default,Default,Default,Default,Default,Default,Default,Default,Default,Default,3,Default,1,Default,Default,Default,Default,Default,Default,Default,3,"ShortRun(IterationCount=3, LaunchCount=1, WarmupCount=3)",,1,Overhead,Actual,1,139061800,67108864,2.07,0,0,0,0
LastErrorBenchmarks.DllImport_SetLastError_AndRead,PInvokeBench,LastErrorBenchmarks,DllImport_SetLastError_AndRead,ShortRun,Default,Default,Default,Default,Default,Default,Default,Default,Default,Default,Default,Default,Default,Default,Default,Default,Default,Default,Default,Default,Default,Default,Default,Default,Default,Default,Default,Default,Default,Default,Default,3,Default,1,Default,Default,Default,Default,Default,Default,Default,3,"ShortRun(IterationCount=3, LaunchCount=1, WarmupCount=3)",,1,Overhead,Actual,2,134956600,67108864,2.01,0,0,0,0
LastErrorBenchmarks.DllImport_SetLastError_AndRead,PInvokeBench,LastErrorBenchmarks,DllImport_SetLastError_AndRead,ShortRun,Default,Default,Default,Default,Default,Default,Default,Default,Default,Default,Default,Default,Default,Default,Default,Default,Default,Default,Default,Default,Default,Default,Default,Default,Default,Default,Default,Default,Default,Default,Default,3,Default,1,Default,Default,Default,Default,Default,Default,Default,3,"ShortRun(IterationCount=3, LaunchCount=1, WarmupCount=3)",,1,Overhead,Actual,3,123331300,67108864,1.84,0,0,0,0
LastErrorBenchmarks.DllImport_SetLastError_AndRead,PInvokeBench,LastErrorBenchmarks,DllImport_SetLastError_AndRead,ShortRun,Default,Default,Default,Default,Default,Default,Default,Default,Default,Default,Default,Default,Default,Default,Default,Default,Default,Default,Default,Default,Default,Default,Default,Default,Default,Default,Default,Default,Default,Default,Default,3,Default,1,Default,Default,Default,Default,Default,Default,Default,3,"ShortRun(IterationCount=3, LaunchCount=1, WarmupCount=3)",,1,Overhead,Actual,4,126118300,67108864,1.88,0,0,0,0
LastErrorBenchmarks.DllImport_SetLastError_AndRead,PInvokeBench,LastErrorBenchmarks,DllImport_SetLastError_AndRead,ShortRun,Default,Default,Default,Default,Default,Default,Default,Default,Default,Default,Default,Default,Default,Default,Default,Default,Default,Default,Default,Default,Default,Default,Default,Default,Default,Default,Default,Default,Default,Default,Default,3,Default,1,Default,Default,Default,Default,Default,Default,Default,3,"ShortRun(IterationCount=3, LaunchCount=1, WarmupCount=3)",,1,Overhead,Actual,5,126352700,67108864,1.88,0,0,0,0
LastErrorBenchmarks.DllImport_SetLastError_AndRead,PInvokeBench,LastErrorBenchmarks,DllImport_SetLastError_AndRead,ShortRun,Default,Default,Default,Default,Default,Default,Default,Default,Default,Default,Default,Default,Default,Default,Default,Default,Default,Default,Default,Default,Default,Default,Default,Default,Default,Default,Default,Default,Default,Default,Default,3,Default,1,Default,Default,Default,Default,Default,Default,Default,3,"ShortRun(IterationCount=3, LaunchCount=1, WarmupCount=3)",,1,Overhead,Actual,6,126412400,67108864,1.88,0,0,0,0
LastErrorBenchmarks.DllImport_SetLastError_AndRead,PInvokeBench,LastErrorBenchmarks,DllImport_SetLastError_AndRead,ShortRun,Default,Default,Default,Default,Default,Default,Default,Default,Default,Default,Default,Default,Default,Default,Default,Default,Default,Default,Default,Default,Default,Default,Default,Default,Default,Default,Default,Default,Default,Default,Default,3,Default,1,Default,Default,Default,Default,Default,Default,Default,3,"ShortRun(IterationCount=3, LaunchCount=1, WarmupCount=3)",,1,Overhead,Actual,7,124613400,67108864,1.86,0,0,0,0
LastErrorBenchmarks.DllImport_SetLastError_AndRead,PInvokeBench,LastErrorBenchmarks,DllImport_SetLastError_AndRead,ShortRun,Default,Default,Default,Default,Default,Default,Default,Default,Default,Default,Default,Default,Default,Default,Default,Default,Default,Default,Default,Default,Default,Default,Default,Default,Default,Default,Default,Default,Default,Default,Default,3,Default,1,Default,Default,Default,Default,Default,Default,Default,3,"ShortRun(IterationCount=3, LaunchCount=1, WarmupCount=3)",,1,Overhead,Actual,8,126392200,67108864,1.88,0,0,0,0
LastErrorBenchmarks.DllImport_SetLastError_AndRead,PInvokeBench,LastErrorBenchmarks,DllImport_SetLastError_AndRead,ShortRun,Default,Default,Default,Default,Default,Default,Default,Default,Default,Default,Default,Default,Default,Default,Default,Default,Default,Default,Default,Default,Default,Default,Default,Default,Default,Default,Default,Default,Default,Default,Default,3,Default,1,Default,Default,Default,Default,Default,Default,Default,3,"ShortRun(IterationCount=3, LaunchCount=1, WarmupCount=3)",,1,Overhead,Actual,9,124375800,67108864,1.85,0,0,0,0
LastErrorBenchmarks.DllImport_SetLastError_AndRead,PInvokeBench,LastErrorBenchmarks,DllImport_SetLastError_AndRead,ShortRun,Default,Default,Default,Default,Default,Default,Default,Default,Default,Default,Default,Default,Default,Default,Default,Default,Default,Default,Default,Default,Default,Default,Default,Default,Default,Default,Default,Default,Default,Default,Default,3,Default,1,Default,Default,Default,Default,Default,Default,Default,3,"ShortRun(IterationCount=3, LaunchCount=1, WarmupCount=3)",,1,Overhead,Actual,10,124364100,67108864,1.85,0,0,0,0
LastErrorBenchmarks.DllImport_SetLastError_AndRead,PInvokeBench,LastErrorBenchmarks,DllImport_SetLastError_AndRead,ShortRun,Default,Default,Default,Default,Default,Default,Default,Default,Default,Default,Default,Default,Default,Default,Default,Default,Default,Default,Default,Default,Default,Default,Default,Default,Default,Default,Default,Default,Default,Default,Default,3,Default,1,Default,Default,Default,Default,Default,Default,Default,3,"ShortRun(IterationCount=3, LaunchCount=1, WarmupCount=3)",,1,Overhead,Actual,11,124257100,67108864,1.85,0,0,0,0
LastErrorBenchmarks.DllImport_SetLastError_AndRead,PInvokeBench,LastErrorBenchmarks,DllImport_SetLastError_AndRead,ShortRun,Default,Default,Default,Default,Default,Default,Default,Default,Default,Default,Default,Default,Default,Default,Default,Default,Default,Default,Default,Default,Default,Default,Default,Default,Default,Default,Default,Default,Default,Default,Default,3,Default,1,Default,Default,Default,Default,Default,Default,Default,3,"ShortRun(IterationCount=3, LaunchCount=1, WarmupCount=3)",,1,Overhead,Actual,12,125370600,67108864,1.87,0,0,0,0
LastErrorBenchmarks.DllImport_SetLastError_AndRead,PInvokeBench,LastErrorBenchmarks,DllImport_SetLastError_AndRead,ShortRun,Default,Default,Default,Default,Default,Default,Default,Default,Default,Default,Default,Default,Default,Default,Default,Default,Default,Default,Default,Default,Default,Default,Default,Default,Default,Default,Default,Default,Default,Default,Default,3,Default,1,Default,Default,Default,Default,Default,Default,Default,3,"ShortRun(IterationCount=3, LaunchCount=1, WarmupCount=3)",,1,Overhead,Actual,13,123525800,67108864,1.84,0,0,0,0
LastErrorBenchmarks.DllImport_SetLastError_AndRead,PInvokeBench,LastErrorBenchmarks,DllImport_SetLastError_AndRead,ShortRun,Default,Default,Default,Default,Default,Default,Default,Default,Default,Default,Default,Default,Default,Default,Default,Default,Default,Default,Default,Default,Default,Default,Default,Default,Default,Default,Default,Default,Default,Default,Default,3,Default,1,Default,Default,Default,Default,Default,Default,Default,3,"ShortRun(IterationCount=3, LaunchCount=1, WarmupCount=3)",,1,Overhead,Actual,14,134104000,67108864,2,0,0,0,0
LastErrorBenchmarks.DllImport_SetLastError_AndRead,PInvokeBench,LastErrorBenchmarks,DllImport_SetLastError_AndRead,ShortRun,Default,Default,Default,Default,Default,Default,Default,Default,Default,Default,Default,Default,Default,Default,Default,Default,Default,Default,Default,Default,Default,Default,Default,Default,Default,Default,Default,Default,Default,Default,Default,3,Default,1,Default,Default,Default,Default,Default,Default,Default,3,"ShortRun(IterationCount=3, LaunchCount=1, WarmupCount=3)",,1,Overhead,Actual,15,131765900,67108864,1.96,0,0,0,0
LastErrorBenchmarks.DllImport_SetLastError_AndRead,PInvokeBench,LastErrorBenchmarks,DllImport_SetLastError_AndRead,ShortRun,Default,Default,Default,Default,Default,Default,Default,Default,Default,Default,Default,Default,Default,Default,Default,Default,Default,Default,Default,Default,Default,Default,Default,Default,Default,Default,Default,Default,Default,Default,Default,3,Default,1,Default,Default,Default,Default,Default,Default,Default,3,"ShortRun(IterationCount=3, LaunchCount=1, WarmupCount=3)",,1,Workload,Warmup,1,813598900,67108864,12.12,0,0,0,0
LastErrorBenchmarks.DllImport_SetLastError_AndRead,PInvokeBench,LastErrorBenchmarks,DllImport_SetLastError_AndRead,ShortRun,Default,Default,Default,Default,Default,Default,Default,Default,Default,Default,Default,Default,Default,Default,Default,Default,Default,Default,Default,Default,Default,Default,Default,Default,Default,Default,Default,Default,Default,Default,Default,3,Default,1,Default,Default,Default,Default,Default,Default,Default,3,"ShortRun(IterationCount=3, LaunchCount=1, WarmupCount=3)",,1,Workload,Warmup,2,851486500,67108864,12.69,0,0,0,0
LastErrorBenchmarks.DllImport_SetLastError_AndRead,PInvokeBench,LastErrorBenchmarks,DllImport_SetLastError_AndRead,ShortRun,Default,Default,Default,Default,Default,Default,Default,Default,Default,Default,Default,Default,Default,Default,Default,Default,Default,Default,Default,Default,Default,Default,Default,Default,Default,Default,Default,Default,Default,Default,Default,3,Default,1,Default,Default,Default,Default,Default,Default,Default,3,"ShortRun(IterationCount=3, LaunchCount=1, WarmupCount=3)",,1,Workload,Warmup,3,827038700,67108864,12.32,0,0,0,0
LastErrorBenchmarks.DllImport_SetLastError_AndRead,PInvokeBench,LastErrorBenchmarks,DllImport_SetLastError_AndRead,ShortRun,Default,Default,Default,Default,Default,Default,Default,Default,Default,Default,Default,Default,Default,Default,Default,Default,Default,Default,Default,Default,Default,Default,Default,Default,Default,Default,Default,Default,Default,Default,Default,3,Default,1,Default,Default,Default,Default,Default,Default,Default,3,"ShortRun(IterationCount=3, LaunchCount=1, WarmupCount=3)",,1,Workload,Actual,1,809709000,67108864,12.07,0,0,0,0
LastErrorBenchmarks.DllImport_SetLastError_AndRead,PInvokeBench,LastErrorBenchmarks,DllImport_SetLastError_AndRead,ShortRun,Default,Default,Default,Default,Default,Default,Default,Default,Default,Default,Default,Default,Default,Default,Default,Default,Default,Default,Default,Default,Default,Default,Default,Default,Default,Default,Default,Default,Default,Default,Default,3,Default,1,Default,Default,Default,Default,Default,Default,Default,3,"ShortRun(IterationCount=3, LaunchCount=1, WarmupCount=3)",,1,Workload,Actual,2,859147500,67108864,12.8,0,0,0,0
LastErrorBenchmarks.DllImport_SetLastError_AndRead,PInvokeBench,LastErrorBenchmarks,DllImport_SetLastError_AndRead,ShortRun,Default,Default,Default,Default,Default,Default,Default,Default,Default,Default,Default,Default,Default,Default,Default,Default,Default,Default,Default,Default,Default,Default,Default,Default,Default,Default,Default,Default,Default,Default,Default,3,Default,1,Default,Default,Default,Default,Default,Default,Default,3,"ShortRun(IterationCount=3, LaunchCount=1, WarmupCount=3)",,1,Workload,Actual,3,827768700,67108864,12.33,0,0,0,0
LastErrorBenchmarks.DllImport_SetLastError_AndRead,PInvokeBench,LastErrorBenchmarks,DllImport_SetLastError_AndRead,ShortRun,Default,Default,Default,Default,Default,Default,Default,Default,Default,Default,Default,Default,Default,Default,Default,Default,Default,Default,Default,Default,Default,Default,Default,Default,Default,Default,Default,Default,Default,Default,Default,3,Default,1,Default,Default,Default,Default,Default,Default,Default,3,"ShortRun(IterationCount=3, LaunchCount=1, WarmupCount=3)",,1,Workload,Result,1,683590700,67108864,10.19,0,0,0,0
LastErrorBenchmarks.DllImport_SetLastError_AndRead,PInvokeBench,LastErrorBenchmarks,DllImport_SetLastError_AndRead,ShortRun,Default,Default,Default,Default,Default,Default,Default,Default,Default,Default,Default,Default,Default,Default,Default,Default,Default,Default,Default,Default,Default,Default,Default,Default,Default,Default,Default,Default,Default,Default,Default,3,Default,1,Default,Default,Default,Default,Default,Default,Default,3,"ShortRun(IterationCount=3, LaunchCount=1, WarmupCount=3)",,1,Workload,Result,2,733029200,67108864,10.92,0,0,0,0
LastErrorBenchmarks.DllImport_SetLastError_AndRead,PInvokeBench,LastErrorBenchmarks,DllImport_SetLastError_AndRead,ShortRun,Default,Default,Default,Default,Default,Default,Default,Default,Default,Default,Default,Default,Default,Default,Default,Default,Default,Default,Default,Default,Default,Default,Default,Default,Default,Default,Default,Default,Default,Default,Default,3,Default,1,Default,Default,Default,Default,Default,Default,Default,3,"ShortRun(IterationCount=3, LaunchCount=1, WarmupCount=3)",,1,Workload,Result,3,701650400,67108864,10.46,0,0,0,0
LastErrorBenchmarks.LibraryImport_NoSetLastError,PInvokeBench,LastErrorBenchmarks,LibraryImport_NoSetLastError,ShortRun,Default,Default,Default,Default,Default,Default,Default,Default,Default,Default,Default,Default,Default,Default,Default,Default,Default,Default,Default,Default,Default,Default,Default,Default,Default,Default,Default,Default,Default,Default,Default,3,Default,1,Default,Default,Default,Default,Default,Default,Default,3,"ShortRun(IterationCount=3, LaunchCount=1, WarmupCount=3)",,1,Overhead,Jitting,1,194700,1,194700,0,0,0,0
LastErrorBenchmarks.LibraryImport_NoSetLastError,PInvokeBench,LastErrorBenchmarks,LibraryImport_NoSetLastError,ShortRun,Default,Default,Default,Default,Default,Default,Default,Default,Default,Default,Default,Default,Default,Default,Default,Default,Default,Default,Default,Default,Default,Default,Default,Default,Default,Default,Default,Default,Default,Default,Default,3,Default,1,Default,Default,Default,Default,Default,Default,Default,3,"ShortRun(IterationCount=3, LaunchCount=1, WarmupCount=3)",,1,Workload,Jitting,1,738700,1,738700,0,0,0,0
LastErrorBenchmarks.LibraryImport_NoSetLastError,PInvokeBench,LastErrorBenchmarks,LibraryImport_NoSetLastError,ShortRun,Default,Default,Default,Default,Default,Default,Default,Default,Default,Default,Default,Default,Default,Default,Default,Default,Default,Default,Default,Default,Default,Default,Default,Default,Default,Default,Default,Default,Default,Default,Default,3,Default,1,Default,Default,Default,Default,Default,Default,Default,3,"ShortRun(IterationCount=3, LaunchCount=1, WarmupCount=3)",,1,Overhead,Jitting,2,322600,16,20162.5,0,0,0,0
LastErrorBenchmarks.LibraryImport_NoSetLastError,PInvokeBench,LastErrorBenchmarks,LibraryImport_NoSetLastError,ShortRun,Default,Default,Default,Default,Default,Default,Default,Default,Default,Default,Default,Default,Default,Default,Default,Default,Default,Default,Default,Default,Default,Default,Default,Default,Default,Default,Default,Default,Default,Default,Default,3,Default,1,Default,Default,Default,Default,Default,Default,Default,3,"ShortRun(IterationCount=3, LaunchCount=1, WarmupCount=3)",,1,Workload,Jitting,2,285500,16,17843.75,0,0,0,0
LastErrorBenchmarks.LibraryImport_NoSetLastError,PInvokeBench,LastErrorBenchmarks,LibraryImport_NoSetLastError,ShortRun,Default,Default,Default,Default,Default,Default,Default,Default,Default,Default,Default,Default,Default,Default,Default,Default,Default,Default,Default,Default,Default,Default,Default,Default,Default,Default,Default,Default,Default,Default,Default,3,Default,1,Default,Default,Default,Default,Default,Default,Default,3,"ShortRun(IterationCount=3, LaunchCount=1, WarmupCount=3)",,1,Workload,Pilot,1,1400,16,87.5,0,0,0,0
LastErrorBenchmarks.LibraryImport_NoSetLastError,PInvokeBench,LastErrorBenchmarks,LibraryImport_NoSetLastError,ShortRun,Default,Default,Default,Default,Default,Default,Default,Default,Default,Default,Default,Default,Default,Default,Default,Default,Default,Default,Default,Default,Default,Default,Default,Default,Default,Default,Default,Default,Default,Default,Default,3,Default,1,Default,Default,Default,Default,Default,Default,Default,3,"ShortRun(IterationCount=3, LaunchCount=1, WarmupCount=3)",,1,Workload,Pilot,2,1500,32,46.88,0,0,0,0
LastErrorBenchmarks.LibraryImport_NoSetLastError,PInvokeBench,LastErrorBenchmarks,LibraryImport_NoSetLastError,ShortRun,Default,Default,Default,Default,Default,Default,Default,Default,Default,Default,Default,Default,Default,Default,Default,Default,Default,Default,Default,Default,Default,Default,Default,Default,Default,Default,Default,Default,Default,Default,Default,3,Default,1,Default,Default,Default,Default,Default,Default,Default,3,"ShortRun(IterationCount=3, LaunchCount=1, WarmupCount=3)",,1,Workload,Pilot,3,1400,64,21.88,0,0,0,0
LastErrorBenchmarks.LibraryImport_NoSetLastError,PInvokeBench,LastErrorBenchmarks,LibraryImport_NoSetLastError,ShortRun,Default,Default,Default,Default,Default,Default,Default,Default,Default,Default,Default,Default,Default,Default,Default,Default,Default,Default,Default,Default,Default,Default,Default,Default,Default,Default,Default,Default,Default,Default,Default,3,Default,1,Default,Default,Default,Default,Default,Default,Default,3,"ShortRun(IterationCount=3, LaunchCount=1, WarmupCount=3)",,1,Workload,Pilot,4,2600,128,20.31,0,0,0,0
LastErrorBenchmarks.LibraryImport_NoSetLastError,PInvokeBench,LastErrorBenchmarks,LibraryImport_NoSetLastError,ShortRun,Default,Default,Default,Default,Default,Default,Default,Default,Default,Default,Default,Default,Default,Default,Default,Default,Default,Default,Default,Default,Default,Default,Default,Default,Default,Default,Default,Default,Default,Default,Default,3,Default,1,Default,Default,Default,Default,Default,Default,Default,3,"ShortRun(IterationCount=3, LaunchCount=1, WarmupCount=3)",,1,Workload,Pilot,5,4200,256,16.41,0,0,0,0
LastErrorBenchmarks.LibraryImport_NoSetLastError,PInvokeBench,LastErrorBenchmarks,LibraryImport_NoSetLastError,ShortRun,Default,Default,Default,Default,Default,Default,Default,Default,Default,Default,Default,Default,Default,Default,Default,Default,Default,Default,Default,Default,Default,Default,Default,Default,Default,Default,Default,Default,Default,Default,Default,3,Default,1,Default,Default,Default,Default,Default,Default,Default,3,"ShortRun(IterationCount=3, LaunchCount=1, WarmupCount=3)",,1,Workload,Pilot,6,7200,512,14.06,0,0,0,0
LastErrorBenchmarks.LibraryImport_NoSetLastError,PInvokeBench,LastErrorBenchmarks,LibraryImport_NoSetLastError,ShortRun,Default,Default,Default,Default,Default,Default,Default,Default,Default,Default,Default,Default,Default,Default,Default,Default,Default,Default,Default,Default,Default,Default,Default,Default,Default,Default,Default,Default,Default,Default,Default,3,Default,1,Default,Default,Default,Default,Default,Default,Default,3,"ShortRun(IterationCount=3, LaunchCount=1, WarmupCount=3)",,1,Workload,Pilot,7,14600,1024,14.26,0,0,0,0
LastErrorBenchmarks.LibraryImport_NoSetLastError,PInvokeBench,LastErrorBenchmarks,LibraryImport_NoSetLastError,ShortRun,Default,Default,Default,Default,Default,Default,Default,Default,Default,Default,Default,Default,Default,Default,Default,Default,Default,Default,Default,Default,Default,Default,Default,Default,Default,Default,Default,Default,Default,Default,Default,3,Default,1,Default,Default,Default,Default,Default,Default,Default,3,"ShortRun(IterationCount=3, LaunchCount=1, WarmupCount=3)",,1,Workload,Pilot,8,28100,2048,13.72,0,0,0,0
LastErrorBenchmarks.LibraryImport_NoSetLastError,PInvokeBench,LastErrorBenchmarks,LibraryImport_NoSetLastError,ShortRun,Default,Default,Default,Default,Default,Default,Default,Default,Default,Default,Default,Default,Default,Default,Default,Default,Default,Default,Default,Default,Default,Default,Default,Default,Default,Default,Default,Default,Default,Default,Default,3,Default,1,Default,Default,Default,Default,Default,Default,Default,3,"ShortRun(IterationCount=3, LaunchCount=1, WarmupCount=3)",,1,Workload,Pilot,9,56600,4096,13.82,0,0,0,0
LastErrorBenchmarks.LibraryImport_NoSetLastError,PInvokeBench,LastErrorBenchmarks,LibraryImport_NoSetLastError,ShortRun,Default,Default,Default,Default,Default,Default,Default,Default,Default,Default,Default,Default,Default,Default,Default,Default,Default,Default,Default,Default,Default,Default,Default,Default,Default,Default,Default,Default,Default,Default,Default,3,Default,1,Default,Default,Default,Default,Default,Default,Default,3,"ShortRun(IterationCount=3, LaunchCount=1, WarmupCount=3)",,1,Workload,Pilot,10,110600,8192,13.5,0,0,0,0
LastErrorBenchmarks.LibraryImport_NoSetLastError,PInvokeBench,LastErrorBenchmarks,LibraryImport_NoSetLastError,ShortRun,Default,Default,Default,Default,Default,Default,Default,Default,Default,Default,Default,Default,Default,Default,Default,Default,Default,Default,Default,Default,Default,Default,Default,Default,Default,Default,Default,Default,Default,Default,Default,3,Default,1,Default,Default,Default,Default,Default,Default,Default,3,"ShortRun(IterationCount=3, LaunchCount=1, WarmupCount=3)",,1,Workload,Pilot,11,220800,16384,13.48,0,0,0,0
LastErrorBenchmarks.LibraryImport_NoSetLastError,PInvokeBench,LastErrorBenchmarks,LibraryImport_NoSetLastError,ShortRun,Default,Default,Default,Default,Default,Default,Default,Default,Default,Default,Default,Default,Default,Default,Default,Default,Default,Default,Default,Default,Default,Default,Default,Default,Default,Default,Default,Default,Default,Default,Default,3,Default,1,Default,Default,Default,Default,Default,Default,Default,3,"ShortRun(IterationCount=3, LaunchCount=1, WarmupCount=3)",,1,Workload,Pilot,12,453700,32768,13.85,0,0,0,0
LastErrorBenchmarks.LibraryImport_NoSetLastError,PInvokeBench,LastErrorBenchmarks,LibraryImport_NoSetLastError,ShortRun,Default,Default,Default,Default,Default,Default,Default,Default,Default,Default,Default,Default,Default,Default,Default,Default,Default,Default,Default,Default,Default,Default,Default,Default,Default,Default,Default,Default,Default,Default,Default,3,Default,1,Default,Default,Default,Default,Default,Default,Default,3,"ShortRun(IterationCount=3, LaunchCount=1, WarmupCount=3)",,1,Workload,Pilot,13,905600,65536,13.82,0,0,0,0
LastErrorBenchmarks.LibraryImport_NoSetLastError,PInvokeBench,LastErrorBenchmarks,LibraryImport_NoSetLastError,ShortRun,Default,Default,Default,Default,Default,Default,Default,Default,Default,Default,Default,Default,Default,Default,Default,Default,Default,Default,Default,Default,Default,Default,Default,Default,Default,Default,Default,Default,Default,Default,Default,3,Default,1,Default,Default,Default,Default,Default,Default,Default,3,"ShortRun(IterationCount=3, LaunchCount=1, WarmupCount=3)",,1,Workload,Pilot,14,1893200,131072,14.44,0,0,0,0
LastErrorBenchmarks.LibraryImport_NoSetLastError,PInvokeBench,LastErrorBenchmarks,LibraryImport_NoSetLastError,ShortRun,Default,Default,Default,Default,Default,Default,Default,Default,Default,Default,Default,Default,Default,Default,Default,Default,Default,Default,Default,Default,Default,Default,Default,Default,Default,Default,Default,Default,Default,Default,Default,3,Default,1,Default,Default,Default,Default,Default,Default,Default,3,"ShortRun(IterationCount=3, LaunchCount=1, WarmupCount=3)",,1,Workload,Pilot,15,3846500,262144,14.67,0,0,0,0
LastErrorBenchmarks.LibraryImport_NoSetLastError,PInvokeBench,LastErrorBenchmarks,LibraryImport_NoSetLastError,ShortRun,Default,Default,Default,Default,Default,Default,Default,Default,Default,Default,Default,Default,Default,Default,Default,Default,Default,Default,Default,Default,Default,Default,Default,Default,Default,Default,Default,Default,Default,Default,Default,3,Default,1,Default,Default,Default,Default,Default,Default,Default,3,"ShortRun(IterationCount=3, LaunchCount=1, WarmupCount=3)",,1,Workload,Pilot,16,7737200,524288,14.76,0,0,0,0
LastErrorBenchmarks.LibraryImport_NoSetLastError,PInvokeBench,LastErrorBenchmarks,LibraryImport_NoSetLastError,ShortRun,Default,Default,Default,Default,Default,Default,Default,Default,Default,Default,Default,Default,Default,Default,Default,Default,Default,Default,Default,Default,Default,Default,Default,Default,Default,Default,Default,Default,Default,Default,Default,3,Default,1,Default,Default,Default,Default,Default,Default,Default,3,"ShortRun(IterationCount=3, LaunchCount=1, WarmupCount=3)",,1,Workload,Pilot,17,15582400,1048576,14.86,0,0,0,0
LastErrorBenchmarks.LibraryImport_NoSetLastError,PInvokeBench,LastErrorBenchmarks,LibraryImport_NoSetLastError,ShortRun,Default,Default,Default,Default,Default,Default,Default,Default,Default,Default,Default,Default,Default,Default,Default,Default,Default,Default,Default,Default,Default,Default,Default,Default,Default,Default,Default,Default,Default,Default,Default,3,Default,1,Default,Default,Default,Default,Default,Default,Default,3,"ShortRun(IterationCount=3, LaunchCount=1, WarmupCount=3)",,1,Workload,Pilot,18,31306700,2097152,14.93,0,0,0,0
LastErrorBenchmarks.LibraryImport_NoSetLastError,PInvokeBench,LastErrorBenchmarks,LibraryImport_NoSetLastError,ShortRun,Default,Default,Default,Default,Default,Default,Default,Default,Default,Default,Default,Default,Default,Default,Default,Default,Default,Default,Default,Default,Default,Default,Default,Default,Default,Default,Default,Default,Default,Default,Default,3,Default,1,Default,Default,Default,Default,Default,Default,Default,3,"ShortRun(IterationCount=3, LaunchCount=1, WarmupCount=3)",,1,Workload,Pilot,19,62670200,4194304,14.94,0,0,0,0
LastErrorBenchmarks.LibraryImport_NoSetLastError,PInvokeBench,LastErrorBenchmarks,LibraryImport_NoSetLastError,ShortRun,Default,Default,Default,Default,Default,Default,Default,Default,Default,Default,Default,Default,Default,Default,Default,Default,Default,Default,Default,Default,Default,Default,Default,Default,Default,Default,Default,Default,Default,Default,Default,3,Default,1,Default,Default,Default,Default,Default,Default,Default,3,"ShortRun(IterationCount=3, LaunchCount=1, WarmupCount=3)",,1,Workload,Pilot,20,61363300,8388608,7.32,0,0,0,0
LastErrorBenchmarks.LibraryImport_NoSetLastError,PInvokeBench,LastErrorBenchmarks,LibraryImport_NoSetLastError,ShortRun,Default,Default,Default,Default,Default,Default,Default,Default,Default,Default,Default,Default,Default,Default,Default,Default,Default,Default,Default,Default,Default,Default,Default,Default,Default,Default,Default,Default,Default,Default,Default,3,Default,1,Default,Default,Default,Default,Default,Default,Default,3,"ShortRun(IterationCount=3, LaunchCount=1, WarmupCount=3)",,1,Workload,Pilot,21,112662700,16777216,6.72,0,0,0,0
LastErrorBenchmarks.LibraryImport_NoSetLastError,PInvokeBench,LastErrorBenchmarks,LibraryImport_NoSetLastError,ShortRun,Default,Default,Default,Default,Default,Default,Default,Default,Default,Default,Default,Default,Default,Default,Default,Default,Default,Default,Default,Default,Default,Default,Default,Default,Default,Default,Default,Default,Default,Default,Default,3,Default,1,Default,Default,Default,Default,Default,Default,Default,3,"ShortRun(IterationCount=3, LaunchCount=1, WarmupCount=3)",,1,Workload,Pilot,22,224337600,33554432,6.69,0,0,0,0
LastErrorBenchmarks.LibraryImport_NoSetLastError,PInvokeBench,LastErrorBenchmarks,LibraryImport_NoSetLastError,ShortRun,Default,Default,Default,Default,Default,Default,Default,Default,Default,Default,Default,Default,Default,Default,Default,Default,Default,Default,Default,Default,Default,Default,Default,Default,Default,Default,Default,Default,Default,Default,Default,3,Default,1,Default,Default,Default,Default,Default,Default,Default,3,"ShortRun(IterationCount=3, LaunchCount=1, WarmupCount=3)",,1,Workload,Pilot,23,448951700,67108864,6.69,0,0,0,0
LastErrorBenchmarks.LibraryImport_NoSetLastError,PInvokeBench,LastErrorBenchmarks,LibraryImport_NoSetLastError,ShortRun,Default,Default,Default,Default,Default,Default,Default,Default,Default,Default,Default,Default,Default,Default,Default,Default,Default,Default,Default,Default,Default,Default,Default,Default,Default,Default,Default,Default,Default,Default,Default,3,Default,1,Default,Default,Default,Default,Default,Default,Default,3,"ShortRun(IterationCount=3, LaunchCount=1, WarmupCount=3)",,1,Workload,Pilot,24,895214600,134217728,6.67,0,0,0,0
LastErrorBenchmarks.LibraryImport_NoSetLastError,PInvokeBench,LastErrorBenchmarks,LibraryImport_NoSetLastError,ShortRun,Default,Default,Default,Default,Default,Default,Default,Default,Default,Default,Default,Default,Default,Default,Default,Default,Default,Default,Default,Default,Default,Default,Default,Default,Default,Default,Default,Default,Default,Default,Default,3,Default,1,Default,Default,Default,Default,Default,Default,Default,3,"ShortRun(IterationCount=3, LaunchCount=1, WarmupCount=3)",,1,Overhead,Warmup,1,314578600,134217728,2.34,0,0,0,0
LastErrorBenchmarks.LibraryImport_NoSetLastError,PInvokeBench,LastErrorBenchmarks,LibraryImport_NoSetLastError,ShortRun,Default,Default,Default,Default,Default,Default,Default,Default,Default,Default,Default,Default,Default,Default,Default,Default,Default,Default,Default,Default,Default,Default,Default,Default,Default,Default,Default,Default,Default,Default,Default,3,Default,1,Default,Default,Default,Default,Default,Default,Default,3,"ShortRun(IterationCount=3, LaunchCount=1, WarmupCount=3)",,1,Overhead,Warmup,2,252368000,134217728,1.88,0,0,0,0
LastErrorBenchmarks.LibraryImport_NoSetLastError,PInvokeBench,LastErrorBenchmarks,LibraryImport_NoSetLastError,ShortRun,Default,Default,Default,Default,Default,Default,Default,Default,Default,Default,Default,Default,Default,Default,Default,Default,Default,Default,Default,Default,Default,Default,Default,Default,Default,Default,Default,Default,Default,Default,Default,3,Default,1,Default,Default,Default,Default,Default,Default,Default,3,"ShortRun(IterationCount=3, LaunchCount=1, WarmupCount=3)",,1,Overhead,Warmup,3,247412200,134217728,1.84,0,0,0,0
LastErrorBenchmarks.LibraryImport_NoSetLastError,PInvokeBench,LastErrorBenchmarks,LibraryImport_NoSetLastError,ShortRun,Default,Default,Default,Default,Default,Default,Default,Default,Default,Default,Default,Default,Default,Default,Default,Default,Default,Default,Default,Default,Default,Default,Default,Default,Default,Default,Default,Default,Default,Default,Default,3,Default,1,Default,Default,Default,Default,Default,Default,Default,3,"ShortRun(IterationCount=3, LaunchCount=1, WarmupCount=3)",,1,Overhead,Warmup,4,243759000,134217728,1.82,0,0,0,0
LastErrorBenchmarks.LibraryImport_NoSetLastError,PInvokeBench,LastErrorBenchmarks,LibraryImport_NoSetLastError,ShortRun,Default,Default,Default,Default,Default,Default,Default,Default,Default,Default,Default,Default,Default,Default,Default,Default,Default,Default,Default,Default,Default,Default,Default,Default,Default,Default,Default,Default,Default,Default,Default,3,Default,1,Default,Default,Default,Default,Default,Default,Default,3,"ShortRun(IterationCount=3, LaunchCount=1, WarmupCount=3)",,1,Overhead,Warmup,5,242439900,134217728,1.81,0,0,0,0
LastErrorBenchmarks.LibraryImport_NoSetLastError,PInvokeBench,LastErrorBenchmarks,LibraryImport_NoSetLastError,ShortRun,Default,Default,Default,Default,Default,Default,Default,Default,Default,Default,Default,Default,Default,Default,Default,Default,Default,Default,Default,Default,Default,Default,Default,Default,Default,Default,Default,Default,Default,Default,Default,3,Default,1,Default,Default,Default,Default,Default,Default,Default,3,"ShortRun(IterationCount=3, LaunchCount=1, WarmupCount=3)",,1,Overhead,Warmup,6,243668200,134217728,1.82,0,0,0,0
LastErrorBenchmarks.LibraryImport_NoSetLastError,PInvokeBench,LastErrorBenchmarks,LibraryImport_NoSetLastError,ShortRun,Default,Default,Default,Default,Default,Default,Default,Default,Default,Default,Default,Default,Default,Default,Default,Default,Default,Default,Default,Default,Default,Default,Default,Default,Default,Default,Default,Default,Default,Default,Default,3,Default,1,Default,Default,Default,Default,Default,Default,Default,3,"ShortRun(IterationCount=3, LaunchCount=1, WarmupCount=3)",,1,Overhead,Warmup,7,262609500,134217728,1.96,0,0,0,0
LastErrorBenchmarks.LibraryImport_NoSetLastError,PInvokeBench,LastErrorBenchmarks,LibraryImport_NoSetLastError,ShortRun,Default,Default,Default,Default,Default,Default,Default,Default,Default,Default,Default,Default,Default,Default,Default,Default,Default,Default,Default,Default,Default,Default,Default,Default,Default,Default,Default,Default,Default,Default,Default,3,Default,1,Default,Default,Default,Default,Default,Default,Default,3,"ShortRun(IterationCount=3, LaunchCount=1, WarmupCount=3)",,1,Overhead,Warmup,8,251008800,134217728,1.87,0,0,0,0
LastErrorBenchmarks.LibraryImport_NoSetLastError,PInvokeBench,LastErrorBenchmarks,LibraryImport_NoSetLastError,ShortRun,Default,Default,Default,Default,Default,Default,Default,Default,Default,Default,Default,Default,Default,Default,Default,Default,Default,Default,Default,Default,Default,Default,Default,Default,Default,Default,Default,Default,Default,Default,Default,3,Default,1,Default,Default,Default,Default,Default,Default,Default,3,"ShortRun(IterationCount=3, LaunchCount=1, WarmupCount=3)",,1,Overhead,Warmup,9,248132800,134217728,1.85,0,0,0,0
LastErrorBenchmarks.LibraryImport_NoSetLastError,PInvokeBench,LastErrorBenchmarks,LibraryImport_NoSetLastError,ShortRun,Default,Default,Default,Default,Default,Default,Default,Default,Default,Default,Default,Default,Default,Default,Default,Default,Default,Default,Default,Default,Default,Default,Default,Default,Default,Default,Default,Default,Default,Default,Default,3,Default,1,Default,Default,Default,Default,Default,Default,Default,3,"ShortRun(IterationCount=3, LaunchCount=1, WarmupCount=3)",,1,Overhead,Warmup,10,254586300,134217728,1.9,0,0,0,0
LastErrorBenchmarks.LibraryImport_NoSetLastError,PInvokeBench,LastErrorBenchmarks,LibraryImport_NoSetLastError,ShortRun,Default,Default,Default,Default,Default,Default,Default,Default,Default,Default,Default,Default,Default,Default,Default,Default,Default,Default,Default,Default,Default,Default,Default,Default,Default,Default,Default,Default,Default,Default,Default,3,Default,1,Default,Default,Default,Default,Default,Default,Default,3,"ShortRun(IterationCount=3, LaunchCount=1, WarmupCount=3)",,1,Overhead,Actual,1,242040800,134217728,1.8,0,0,0,0
LastErrorBenchmarks.LibraryImport_NoSetLastError,PInvokeBench,LastErrorBenchmarks,LibraryImport_NoSetLastError,ShortRun,Default,Default,Default,Default,Default,Default,Default,Default,Default,Default,Default,Default,Default,Default,Default,Default,Default,Default,Default,Default,Default,Default,Default,Default,Default,Default,Default,Default,Default,Default,Default,3,Default,1,Default,Default,Default,Default,Default,Default,Default,3,"ShortRun(IterationCount=3, LaunchCount=1, WarmupCount=3)",,1,Overhead,Actual,2,243372600,134217728,1.81,0,0,0,0
LastErrorBenchmarks.LibraryImport_NoSetLastError,PInvokeBench,LastErrorBenchmarks,LibraryImport_NoSetLastError,ShortRun,Default,Default,Default,Default,Default,Default,Default,Default,Default,Default,Default,Default,Default,Default,Default,Default,Default,Default,Default,Default,Default,Default,Default,Default,Default,Default,Default,Default,Default,Default,Default,3,Default,1,Default,Default,Default,Default,Default,Default,Default,3,"ShortRun(IterationCount=3, LaunchCount=1, WarmupCount=3)",,1,Overhead,Actual,3,243477000,134217728,1.81,0,0,0,0
LastErrorBenchmarks.LibraryImport_NoSetLastError,PInvokeBench,LastErrorBenchmarks,LibraryImport_NoSetLastError,ShortRun,Default,Default,Default,Default,Default,Default,Default,Default,Default,Default,Default,Default,Default,Default,Default,Default,Default,Default,Default,Default,Default,Default,Default,Default,Default,Default,Default,Default,Default,Default,Default,3,Default,1,Default,Default,Default,Default,Default,Default,Default,3,"ShortRun(IterationCount=3, LaunchCount=1, WarmupCount=3)",,1,Overhead,Actual,4,242777500,134217728,1.81,0,0,0,0
LastErrorBenchmarks.LibraryImport_NoSetLastError,PInvokeBench,LastErrorBenchmarks,LibraryImport_NoSetLastError,ShortRun,Default,Default,Default,Default,Default,Default,Default,Default,Default,Default,Default,Default,Default,Default,Default,Default,Default,Default,Default,Default,Default,Default,Default,Default,Default,Default,Default,Default,Default,Default,Default,3,Default,1,Default,Default,Default,Default,Default,Default,Default,3,"ShortRun(IterationCount=3, LaunchCount=1, WarmupCount=3)",,1,Overhead,Actual,5,242770400,134217728,1.81,0,0,0,0
LastErrorBenchmarks.LibraryImport_NoSetLastError,PInvokeBench,LastErrorBenchmarks,LibraryImport_NoSetLastError,ShortRun,Default,Default,Default,Default,Default,Default,Default,Default,Default,Default,Default,Default,Default,Default,Default,Default,Default,Default,Default,Default,Default,Default,Default,Default,Default,Default,Default,Default,Default,Default,Default,3,Default,1,Default,Default,Default,Default,Default,Default,Default,3,"ShortRun(IterationCount=3, LaunchCount=1, WarmupCount=3)",,1,Overhead,Actual,6,257421200,134217728,1.92,0,0,0,0
LastErrorBenchmarks.LibraryImport_NoSetLastError,PInvokeBench,LastErrorBenchmarks,LibraryImport_NoSetLastError,ShortRun,Default,Default,Default,Default,Default,Default,Default,Default,Default,Default,Default,Default,Default,Default,Default,Default,Default,Default,Default,Default,Default,Default,Default,Default,Default,Default,Default,Default,Default,Default,Default,3,Default,1,Default,Default,Default,Default,Default,Default,Default,3,"ShortRun(IterationCount=3, LaunchCount=1, WarmupCount=3)",,1,Overhead,Actual,7,258386700,134217728,1.93,0,0,0,0
LastErrorBenchmarks.LibraryImport_NoSetLastError,PInvokeBench,LastErrorBenchmarks,LibraryImport_NoSetLastError,ShortRun,Default,Default,Default,Default,Default,Default,Default,Default,Default,Default,Default,Default,Default,Default,Default,Default,Default,Default,Default,Default,Default,Default,Default,Default,Default,Default,Default,Default,Default,Default,Default,3,Default,1,Default,Default,Default,Default,Default,Default,Default,3,"ShortRun(IterationCount=3, LaunchCount=1, WarmupCount=3)",,1,Overhead,Actual,8,257512300,134217728,1.92,0,0,0,0
LastErrorBenchmarks.LibraryImport_NoSetLastError,PInvokeBench,LastErrorBenchmarks,LibraryImport_NoSetLastError,ShortRun,Default,Default,Default,Default,Default,Default,Default,Default,Default,Default,Default,Default,Default,Default,Default,Default,Default,Default,Default,Default,Default,Default,Default,Default,Default,Default,Default,Default,Default,Default,Default,3,Default,1,Default,Default,Default,Default,Default,Default,Default,3,"ShortRun(IterationCount=3, LaunchCount=1, WarmupCount=3)",,1,Overhead,Actual,9,241174700,134217728,1.8,0,0,0,0
LastErrorBenchmarks.LibraryImport_NoSetLastError,PInvokeBench,LastErrorBenchmarks,LibraryImport_NoSetLastError,ShortRun,Default,Default,Default,Default,Default,Default,Default,Default,Default,Default,Default,Default,Default,Default,Default,Default,Default,Default,Default,Default,Default,Default,Default,Default,Default,Default,Default,Default,Default,Default,Default,3,Default,1,Default,Default,Default,Default,Default,Default,Default,3,"ShortRun(IterationCount=3, LaunchCount=1, WarmupCount=3)",,1,Overhead,Actual,10,240481800,134217728,1.79,0,0,0,0
LastErrorBenchmarks.LibraryImport_NoSetLastError,PInvokeBench,LastErrorBenchmarks,LibraryImport_NoSetLastError,ShortRun,Default,Default,Default,Default,Default,Default,Default,Default,Default,Default,Default,Default,Default,Default,Default,Default,Default,Default,Default,Default,Default,Default,Default,Default,Default,Default,Default,Default,Default,Default,Default,3,Default,1,Default,Default,Default,Default,Default,Default,Default,3,"ShortRun(IterationCount=3, LaunchCount=1, WarmupCount=3)",,1,Overhead,Actual,11,243066200,134217728,1.81,0,0,0,0
LastErrorBenchmarks.LibraryImport_NoSetLastError,PInvokeBench,LastErrorBenchmarks,LibraryImport_NoSetLastError,ShortRun,Default,Default,Default,Default,Default,Default,Default,Default,Default,Default,Default,Default,Default,Default,Default,Default,Default,Default,Default,Default,Default,Default,Default,Default,Default,Default,Default,Default,Default,Default,Default,3,Default,1,Default,Default,Default,Default,Default,Default,Default,3,"ShortRun(IterationCount=3, LaunchCount=1, WarmupCount=3)",,1,Overhead,Actual,12,244790500,134217728,1.82,0,0,0,0
LastErrorBenchmarks.LibraryImport_NoSetLastError,PInvokeBench,LastErrorBenchmarks,LibraryImport_NoSetLastError,ShortRun,Default,Default,Default,Default,Default,Default,Default,Default,Default,Default,Default,Default,Default,Default,Default,Default,Default,Default,Default,Default,Default,Default,Default,Default,Default,Default,Default,Default,Default,Default,Default,3,Default,1,Default,Default,Default,Default,Default,Default,Default,3,"ShortRun(IterationCount=3, LaunchCount=1, WarmupCount=3)",,1,Overhead,Actual,13,259899900,134217728,1.94,0,0,0,0
LastErrorBenchmarks.LibraryImport_NoSetLastError,PInvokeBench,LastErrorBenchmarks,LibraryImport_NoSetLastError,ShortRun,Default,Default,Default,Default,Default,Default,Default,Default,Default,Default,Default,Default,Default,Default,Default,Default,Default,Default,Default,Default,Default,Default,Default,Default,Default,Default,Default,Default,Default,Default,Default,3,Default,1,Default,Default,Default,Default,Default,Default,Default,3,"ShortRun(IterationCount=3, LaunchCount=1, WarmupCount=3)",,1,Overhead,Actual,14,257837000,134217728,1.92,0,0,0,0
LastErrorBenchmarks.LibraryImport_NoSetLastError,PInvokeBench,LastErrorBenchmarks,LibraryImport_NoSetLastError,ShortRun,Default,Default,Default,Default,Default,Default,Default,Default,Default,Default,Default,Default,Default,Default,Default,Default,Default,Default,Default,Default,Default,Default,Default,Default,Default,Default,Default,Default,Default,Default,Default,3,Default,1,Default,Default,Default,Default,Default,Default,Default,3,"ShortRun(IterationCount=3, LaunchCount=1, WarmupCount=3)",,1,Overhead,Actual,15,254326600,134217728,1.89,0,0,0,0
LastErrorBenchmarks.LibraryImport_NoSetLastError,PInvokeBench,LastErrorBenchmarks,LibraryImport_NoSetLastError,ShortRun,Default,Default,Default,Default,Default,Default,Default,Default,Default,Default,Default,Default,Default,Default,Default,Default,Default,Default,Default,Default,Default,Default,Default,Default,Default,Default,Default,Default,Default,Default,Default,3,Default,1,Default,Default,Default,Default,Default,Default,Default,3,"ShortRun(IterationCount=3, LaunchCount=1, WarmupCount=3)",,1,Workload,Warmup,1,1038143400,134217728,7.73,0,0,0,0
LastErrorBenchmarks.LibraryImport_NoSetLastError,PInvokeBench,LastErrorBenchmarks,LibraryImport_NoSetLastError,ShortRun,Default,Default,Default,Default,Default,Default,Default,Default,Default,Default,Default,Default,Default,Default,Default,Default,Default,Default,Default,Default,Default,Default,Default,Default,Default,Default,Default,Default,Default,Default,Default,3,Default,1,Default,Default,Default,Default,Default,Default,Default,3,"ShortRun(IterationCount=3, LaunchCount=1, WarmupCount=3)",,1,Workload,Warmup,2,940972600,134217728,7.01,0,0,0,0
LastErrorBenchmarks.LibraryImport_NoSetLastError,PInvokeBench,LastErrorBenchmarks,LibraryImport_NoSetLastError,ShortRun,Default,Default,Default,Default,Default,Default,Default,Default,Default,Default,Default,Default,Default,Default,Default,Default,Default,Default,Default,Default,Default,Default,Default,Default,Default,Default,Default,Default,Default,Default,Default,3,Default,1,Default,Default,Default,Default,Default,Default,Default,3,"ShortRun(IterationCount=3, LaunchCount=1, WarmupCount=3)",,1,Workload,Warmup,3,935733500,134217728,6.97,0,0,0,0
LastErrorBenchmarks.LibraryImport_NoSetLastError,PInvokeBench,LastErrorBenchmarks,LibraryImport_NoSetLastError,ShortRun,Default,Default,Default,Default,Default,Default,Default,Default,Default,Default,Default,Default,Default,Default,Default,Default,Default,Default,Default,Default,Default,Default,Default,Default,Default,Default,Default,Default,Default,Default,Default,3,Default,1,Default,Default,Default,Default,Default,Default,Default,3,"ShortRun(IterationCount=3, LaunchCount=1, WarmupCount=3)",,1,Workload,Actual,1,916778400,134217728,6.83,0,0,0,0
LastErrorBenchmarks.LibraryImport_NoSetLastError,PInvokeBench,LastErrorBenchmarks,LibraryImport_NoSetLastError,ShortRun,Default,Default,Default,Default,Default,Default,Default,Default,Default,Default,Default,Default,Default,Default,Default,Default,Default,Default,Default,Default,Default,Default,Default,Default,Default,Default,Default,Default,Default,Default,Default,3,Default,1,Default,Default,Default,Default,Default,Default,Default,3,"ShortRun(IterationCount=3, LaunchCount=1, WarmupCount=3)",,1,Workload,Actual,2,915714800,134217728,6.82,0,0,0,0
LastErrorBenchmarks.LibraryImport_NoSetLastError,PInvokeBench,LastErrorBenchmarks,LibraryImport_NoSetLastError,ShortRun,Default,Default,Default,Default,Default,Default,Default,Default,Default,Default,Default,Default,Default,Default,Default,Default,Default,Default,Default,Default,Default,Default,Default,Default,Default,Default,Default,Default,Default,Default,Default,3,Default,1,Default,Default,Default,Default,Default,Default,Default,3,"ShortRun(IterationCount=3, LaunchCount=1, WarmupCount=3)",,1,Workload,Actual,3,906763000,134217728,6.76,0,0,0,0
LastErrorBenchmarks.LibraryImport_NoSetLastError,PInvokeBench,LastErrorBenchmarks,LibraryImport_NoSetLastError,ShortRun,Default,Default,Default,Default,Default,Default,Default,Default,Default,Default,Default,Default,Default,Default,Default,Default,Default,Default,Default,Default,Default,Default,Default,Default,Default,Default,Default,Default,Default,Default,Default,3,Default,1,Default,Default,Default,Default,Default,Default,Default,3,"ShortRun(IterationCount=3, LaunchCount=1, WarmupCount=3)",,1,Workload,Result,1,673301400,134217728,5.02,0,0,0,0
LastErrorBenchmarks.LibraryImport_NoSetLastError,PInvokeBench,LastErrorBenchmarks,LibraryImport_NoSetLastError,ShortRun,Default,Default,Default,Default,Default,Default,Default,Default,Default,Default,Default,Default,Default,Default,Default,Default,Default,Default,Default,Default,Default,Default,Default,Default,Default,Default,Default,Default,Default,Default,Default,3,Default,1,Default,Default,Default,Default,Default,Default,Default,3,"ShortRun(IterationCount=3, LaunchCount=1, WarmupCount=3)",,1,Workload,Result,2,672237800,134217728,5.01,0,0,0,0
LastErrorBenchmarks.LibraryImport_NoSetLastError,PInvokeBench,LastErrorBenchmarks,LibraryImport_NoSetLastError,ShortRun,Default,Default,Default,Default,Default,Default,Default,Default,Default,Default,Default,Default,Default,Default,Default,Default,Default,Default,Default,Default,Default,Default,Default,Default,Default,Default,Default,Default,Default,Default,Default,3,Default,1,Default,Default,Default,Default,Default,Default,Default,3,"ShortRun(IterationCount=3, LaunchCount=1, WarmupCount=3)",,1,Workload,Result,3,663286000,134217728,4.94,0,0,0,0
LastErrorBenchmarks.LibraryImport_SetLastError,PInvokeBench,LastErrorBenchmarks,LibraryImport_SetLastError,ShortRun,Default,Default,Default,Default,Default,Default,Default,Default,Default,Default,Default,Default,Default,Default,Default,Default,Default,Default,Default,Default,Default,Default,Default,Default,Default,Default,Default,Default,Default,Default,Default,3,Default,1,Default,Default,Default,Default,Default,Default,Default,3,"ShortRun(IterationCount=3, LaunchCount=1, WarmupCount=3)",,1,Overhead,Jitting,1,217500,1,217500,0,0,0,0
LastErrorBenchmarks.LibraryImport_SetLastError,PInvokeBench,LastErrorBenchmarks,LibraryImport_SetLastError,ShortRun,Default,Default,Default,Default,Default,Default,Default,Default,Default,Default,Default,Default,Default,Default,Default,Default,Default,Default,Default,Default,Default,Default,Default,Default,Default,Default,Default,Default,Default,Default,Default,3,Default,1,Default,Default,Default,Default,Default,Default,Default,3,"ShortRun(IterationCount=3, LaunchCount=1, WarmupCount=3)",,1,Workload,Jitting,1,832100,1,832100,0,0,0,0
LastErrorBenchmarks.LibraryImport_SetLastError,PInvokeBench,LastErrorBenchmarks,LibraryImport_SetLastError,ShortRun,Default,Default,Default,Default,Default,Default,Default,Default,Default,Default,Default,Default,Default,Default,Default,Default,Default,Default,Default,Default,Default,Default,Default,Default,Default,Default,Default,Default,Default,Default,Default,3,Default,1,Default,Default,Default,Default,Default,Default,Default,3,"ShortRun(IterationCount=3, LaunchCount=1, WarmupCount=3)",,1,Overhead,Jitting,2,318400,16,19900,0,0,0,0
LastErrorBenchmarks.LibraryImport_SetLastError,PInvokeBench,LastErrorBenchmarks,LibraryImport_SetLastError,ShortRun,Default,Default,Default,Default,Default,Default,Default,Default,Default,Default,Default,Default,Default,Default,Default,Default,Default,Default,Default,Default,Default,Default,Default,Default,Default,Default,Default,Default,Default,Default,Default,3,Default,1,Default,Default,Default,Default,Default,Default,Default,3,"ShortRun(IterationCount=3, LaunchCount=1, WarmupCount=3)",,1,Workload,Jitting,2,302300,16,18893.75,0,0,0,0
LastErrorBenchmarks.LibraryImport_SetLastError,PInvokeBench,LastErrorBenchmarks,LibraryImport_SetLastError,ShortRun,Default,Default,Default,Default,Default,Default,Default,Default,Default,Default,Default,Default,Default,Default,Default,Default,Default,Default,Default,Default,Default,Default,Default,Default,Default,Default,Default,Default,Default,Default,Default,3,Default,1,Default,Default,Default,Default,Default,Default,Default,3,"ShortRun(IterationCount=3, LaunchCount=1, WarmupCount=3)",,1,Workload,Pilot,1,2100,16,131.25,0,0,0,0
LastErrorBenchmarks.LibraryImport_SetLastError,PInvokeBench,LastErrorBenchmarks,LibraryImport_SetLastError,ShortRun,Default,Default,Default,Default,Default,Default,Default,Default,Default,Default,Default,Default,Default,Default,Default,Default,Default,Default,Default,Default,Default,Default,Default,Default,Default,Default,Default,Default,Default,Default,Default,3,Default,1,Default,Default,Default,Default,Default,Default,Default,3,"ShortRun(IterationCount=3, LaunchCount=1, WarmupCount=3)",,1,Workload,Pilot,2,1300,32,40.63,0,0,0,0
LastErrorBenchmarks.LibraryImport_SetLastError,PInvokeBench,LastErrorBenchmarks,LibraryImport_SetLastError,ShortRun,Default,Default,Default,Default,Default,Default,Default,Default,Default,Default,Default,Default,Default,Default,Default,Default,Default,Default,Default,Default,Default,Default,Default,Default,Default,Default,Default,Default,Default,Default,Default,3,Default,1,Default,Default,Default,Default,Default,Default,Default,3,"ShortRun(IterationCount=3, LaunchCount=1, WarmupCount=3)",,1,Workload,Pilot,3,3000,64,46.88,0,0,0,0
LastErrorBenchmarks.LibraryImport_SetLastError,PInvokeBench,LastErrorBenchmarks,LibraryImport_SetLastError,ShortRun,Default,Default,Default,Default,Default,Default,Default,Default,Default,Default,Default,Default,Default,Default,Default,Default,Default,Default,Default,Default,Default,Default,Default,Default,Default,Default,Default,Default,Default,Default,Default,3,Default,1,Default,Default,Default,Default,Default,Default,Default,3,"ShortRun(IterationCount=3, LaunchCount=1, WarmupCount=3)",,1,Workload,Pilot,4,2800,128,21.88,0,0,0,0
LastErrorBenchmarks.LibraryImport_SetLastError,PInvokeBench,LastErrorBenchmarks,LibraryImport_SetLastError,ShortRun,Default,Default,Default,Default,Default,Default,Default,Default,Default,Default,Default,Default,Default,Default,Default,Default,Default,Default,Default,Default,Default,Default,Default,Default,Default,Default,Default,Default,Default,Default,Default,3,Default,1,Default,Default,Default,Default,Default,Default,Default,3,"ShortRun(IterationCount=3, LaunchCount=1, WarmupCount=3)",,1,Workload,Pilot,5,5600,256,21.88,0,0,0,0
LastErrorBenchmarks.LibraryImport_SetLastError,PInvokeBench,LastErrorBenchmarks,LibraryImport_SetLastError,ShortRun,Default,Default,Default,Default,Default,Default,Default,Default,Default,Default,Default,Default,Default,Default,Default,Default,Default,Default,Default,Default,Default,Default,Default,Default,Default,Default,Default,Default,Default,Default,Default,3,Default,1,Default,Default,Default,Default,Default,Default,Default,3,"ShortRun(IterationCount=3, LaunchCount=1, WarmupCount=3)",,1,Workload,Pilot,6,9700,512,18.95,0,0,0,0
LastErrorBenchmarks.LibraryImport_SetLastError,PInvokeBench,LastErrorBenchmarks,LibraryImport_SetLastError,ShortRun,Default,Default,Default,Default,Default,Default,Default,Default,Default,Default,Default,Default,Default,Default,Default,Default,Default,Default,Default,Default,Default,Default,Default,Default,Default,Default,Default,Default,Default,Default,Default,3,Default,1,Default,Default,Default,Default,Default,Default,Default,3,"ShortRun(IterationCount=3, LaunchCount=1, WarmupCount=3)",,1,Workload,Pilot,7,18800,1024,18.36,0,0,0,0
LastErrorBenchmarks.LibraryImport_SetLastError,PInvokeBench,LastErrorBenchmarks,LibraryImport_SetLastError,ShortRun,Default,Default,Default,Default,Default,Default,Default,Default,Default,Default,Default,Default,Default,Default,Default,Default,Default,Default,Default,Default,Default,Default,Default,Default,Default,Default,Default,Default,Default,Default,Default,3,Default,1,Default,Default,Default,Default,Default,Default,Default,3,"ShortRun(IterationCount=3, LaunchCount=1, WarmupCount=3)",,1,Workload,Pilot,8,35800,2048,17.48,0,0,0,0
LastErrorBenchmarks.LibraryImport_SetLastError,PInvokeBench,LastErrorBenchmarks,LibraryImport_SetLastError,ShortRun,Default,Default,Default,Default,Default,Default,Default,Default,Default,Default,Default,Default,Default,Default,Default,Default,Default,Default,Default,Default,Default,Default,Default,Default,Default,Default,Default,Default,Default,Default,Default,3,Default,1,Default,Default,Default,Default,Default,Default,Default,3,"ShortRun(IterationCount=3, LaunchCount=1, WarmupCount=3)",,1,Workload,Pilot,9,71000,4096,17.33,0,0,0,0
LastErrorBenchmarks.LibraryImport_SetLastError,PInvokeBench,LastErrorBenchmarks,LibraryImport_SetLastError,ShortRun,Default,Default,Default,Default,Default,Default,Default,Default,Default,Default,Default,Default,Default,Default,Default,Default,Default,Default,Default,Default,Default,Default,Default,Default,Default,Default,Default,Default,Default,Default,Default,3,Default,1,Default,Default,Default,Default,Default,Default,Default,3,"ShortRun(IterationCount=3, LaunchCount=1, WarmupCount=3)",,1,Workload,Pilot,10,141900,8192,17.32,0,0,0,0
LastErrorBenchmarks.LibraryImport_SetLastError,PInvokeBench,LastErrorBenchmarks,LibraryImport_SetLastError,ShortRun,Default,Default,Default,Default,Default,Default,Default,Default,Default,Default,Default,Default,Default,Default,Default,Default,Default,Default,Default,Default,Default,Default,Default,Default,Default,Default,Default,Default,Default,Default,Default,3,Default,1,Default,Default,Default,Default,Default,Default,Default,3,"ShortRun(IterationCount=3, LaunchCount=1, WarmupCount=3)",,1,Workload,Pilot,11,295700,16384,18.05,0,0,0,0
LastErrorBenchmarks.LibraryImport_SetLastError,PInvokeBench,LastErrorBenchmarks,LibraryImport_SetLastError,ShortRun,Default,Default,Default,Default,Default,Default,Default,Default,Default,Default,Default,Default,Default,Default,Default,Default,Default,Default,Default,Default,Default,Default,Default,Default,Default,Default,Default,Default,Default,Default,Default,3,Default,1,Default,Default,Default,Default,Default,Default,Default,3,"ShortRun(IterationCount=3, LaunchCount=1, WarmupCount=3)",,1,Workload,Pilot,12,573500,32768,17.5,0,0,0,0
LastErrorBenchmarks.LibraryImport_SetLastError,PInvokeBench,LastErrorBenchmarks,LibraryImport_SetLastError,ShortRun,Default,Default,Default,Default,Default,Default,Default,Default,Default,Default,Default,Default,Default,Default,Default,Default,Default,Default,Default,Default,Default,Default,Default,Default,Default,Default,Default,Default,Default,Default,Default,3,Default,1,Default,Default,Default,Default,Default,Default,Default,3,"ShortRun(IterationCount=3, LaunchCount=1, WarmupCount=3)",,1,Workload,Pilot,13,1166600,65536,17.8,0,0,0,0
LastErrorBenchmarks.LibraryImport_SetLastError,PInvokeBench,LastErrorBenchmarks,LibraryImport_SetLastError,ShortRun,Default,Default,Default,Default,Default,Default,Default,Default,Default,Default,Default,Default,Default,Default,Default,Default,Default,Default,Default,Default,Default,Default,Default,Default,Default,Default,Default,Default,Default,Default,Default,3,Default,1,Default,Default,Default,Default,Default,Default,Default,3,"ShortRun(IterationCount=3, LaunchCount=1, WarmupCount=3)",,1,Workload,Pilot,14,2401500,131072,18.32,0,0,0,0
LastErrorBenchmarks.LibraryImport_SetLastError,PInvokeBench,LastErrorBenchmarks,LibraryImport_SetLastError,ShortRun,Default,Default,Default,Default,Default,Default,Default,Default,Default,Default,Default,Default,Default,Default,Default,Default,Default,Default,Default,Default,Default,Default,Default,Default,Default,Default,Default,Default,Default,Default,Default,3,Default,1,Default,Default,Default,Default,Default,Default,Default,3,"ShortRun(IterationCount=3, LaunchCount=1, WarmupCount=3)",,1,Workload,Pilot,15,4823100,262144,18.4,0,0,0,0
LastErrorBenchmarks.LibraryImport_SetLastError,PInvokeBench,LastErrorBenchmarks,LibraryImport_SetLastError,ShortRun,Default,Default,Default,Default,Default,Default,Default,Default,Default,Default,Default,Default,Default,Default,Default,Default,Default,Default,Default,Default,Default,Default,Default,Default,Default,Default,Default,Default,Default,Default,Default,3,Default,1,Default,Default,Default,Default,Default,Default,Default,3,"ShortRun(IterationCount=3, LaunchCount=1, WarmupCount=3)",,1,Workload,Pilot,16,10635200,524288,20.29,0,0,0,0
LastErrorBenchmarks.LibraryImport_SetLastError,PInvokeBench,LastErrorBenchmarks,LibraryImport_SetLastError,ShortRun,Default,Default,Default,Default,Default,Default,Default,Default,Default,Default,Default,Default,Default,Default,Default,Default,Default,Default,Default,Default,Default,Default,Default,Default,Default,Default,Default,Default,Default,Default,Default,3,Default,1,Default,Default,Default,Default,Default,Default,Default,3,"ShortRun(IterationCount=3, LaunchCount=1, WarmupCount=3)",,1,Workload,Pilot,17,21147200,1048576,20.17,0,0,0,0
LastErrorBenchmarks.LibraryImport_SetLastError,PInvokeBench,LastErrorBenchmarks,LibraryImport_SetLastError,ShortRun,Default,Default,Default,Default,Default,Default,Default,Default,Default,Default,Default,Default,Default,Default,Default,Default,Default,Default,Default,Default,Default,Default,Default,Default,Default,Default,Default,Default,Default,Default,Default,3,Default,1,Default,Default,Default,Default,Default,Default,Default,3,"ShortRun(IterationCount=3, LaunchCount=1, WarmupCount=3)",,1,Workload,Pilot,18,43859800,2097152,20.91,0,0,0,0
LastErrorBenchmarks.LibraryImport_SetLastError,PInvokeBench,LastErrorBenchmarks,LibraryImport_SetLastError,ShortRun,Default,Default,Default,Default,Default,Default,Default,Default,Default,Default,Default,Default,Default,Default,Default,Default,Default,Default,Default,Default,Default,Default,Default,Default,Default,Default,Default,Default,Default,Default,Default,3,Default,1,Default,Default,Default,Default,Default,Default,Default,3,"ShortRun(IterationCount=3, LaunchCount=1, WarmupCount=3)",,1,Workload,Pilot,19,62302600,4194304,14.85,0,0,0,0
LastErrorBenchmarks.LibraryImport_SetLastError,PInvokeBench,LastErrorBenchmarks,LibraryImport_SetLastError,ShortRun,Default,Default,Default,Default,Default,Default,Default,Default,Default,Default,Default,Default,Default,Default,Default,Default,Default,Default,Default,Default,Default,Default,Default,Default,Default,Default,Default,Default,Default,Default,Default,3,Default,1,Default,Default,Default,Default,Default,Default,Default,3,"ShortRun(IterationCount=3, LaunchCount=1, WarmupCount=3)",,1,Workload,Pilot,20,92641000,8388608,11.04,0,0,0,0
LastErrorBenchmarks.LibraryImport_SetLastError,PInvokeBench,LastErrorBenchmarks,LibraryImport_SetLastError,ShortRun,Default,Default,Default,Default,Default,Default,Default,Default,Default,Default,Default,Default,Default,Default,Default,Default,Default,Default,Default,Default,Default,Default,Default,Default,Default,Default,Default,Default,Default,Default,Default,3,Default,1,Default,Default,Default,Default,Default,Default,Default,3,"ShortRun(IterationCount=3, LaunchCount=1, WarmupCount=3)",,1,Workload,Pilot,21,195305600,16777216,11.64,0,0,0,0
LastErrorBenchmarks.LibraryImport_SetLastError,PInvokeBench,LastErrorBenchmarks,LibraryImport_SetLastError,ShortRun,Default,Default,Default,Default,Default,Default,Default,Default,Default,Default,Default,Default,Default,Default,Default,Default,Default,Default,Default,Default,Default,Default,Default,Default,Default,Default,Default,Default,Default,Default,Default,3,Default,1,Default,Default,Default,Default,Default,Default,Default,3,"ShortRun(IterationCount=3, LaunchCount=1, WarmupCount=3)",,1,Workload,Pilot,22,323716600,33554432,9.65,0,0,0,0
LastErrorBenchmarks.LibraryImport_SetLastError,PInvokeBench,LastErrorBenchmarks,LibraryImport_SetLastError,ShortRun,Default,Default,Default,Default,Default,Default,Default,Default,Default,Default,Default,Default,Default,Default,Default,Default,Default,Default,Default,Default,Default,Default,Default,Default,Default,Default,Default,Default,Default,Default,Default,3,Default,1,Default,Default,Default,Default,Default,Default,Default,3,"ShortRun(IterationCount=3, LaunchCount=1, WarmupCount=3)",,1,Workload,Pilot,23,614569000,67108864,9.16,0,0,0,0
LastErrorBenchmarks.LibraryImport_SetLastError,PInvokeBench,LastErrorBenchmarks,LibraryImport_SetLastError,ShortRun,Default,Default,Default,Default,Default,Default,Default,Default,Default,Default,Default,Default,Default,Default,Default,Default,Default,Default,Default,Default,Default,Default,Default,Default,Default,Default,Default,Default,Default,Default,Default,3,Default,1,Default,Default,Default,Default,Default,Default,Default,3,"ShortRun(IterationCount=3, LaunchCount=1, WarmupCount=3)",,1,Overhead,Warmup,1,175298800,67108864,2.61,0,0,0,0
LastErrorBenchmarks.LibraryImport_SetLastError,PInvokeBench,LastErrorBenchmarks,LibraryImport_SetLastError,ShortRun,Default,Default,Default,Default,Default,Default,Default,Default,Default,Default,Default,Default,Default,Default,Default,Default,Default,Default,Default,Default,Default,Default,Default,Default,Default,Default,Default,Default,Default,Default,Default,3,Default,1,Default,Default,Default,Default,Default,Default,Default,3,"ShortRun(IterationCount=3, LaunchCount=1, WarmupCount=3)",,1,Overhead,Warmup,2,139691700,67108864,2.08,0,0,0,0
LastErrorBenchmarks.LibraryImport_SetLastError,PInvokeBench,LastErrorBenchmarks,LibraryImport_SetLastError,ShortRun,Default,Default,Default,Default,Default,Default,Default,Default,Default,Default,Default,Default,Default,Default,Default,Default,Default,Default,Default,Default,Default,Default,Default,Default,Default,Default,Default,Default,Default,Default,Default,3,Default,1,Default,Default,Default,Default,Default,Default,Default,3,"ShortRun(IterationCount=3, LaunchCount=1, WarmupCount=3)",,1,Overhead,Warmup,3,137230700,67108864,2.04,0,0,0,0
LastErrorBenchmarks.LibraryImport_SetLastError,PInvokeBench,LastErrorBenchmarks,LibraryImport_SetLastError,ShortRun,Default,Default,Default,Default,Default,Default,Default,Default,Default,Default,Default,Default,Default,Default,Default,Default,Default,Default,Default,Default,Default,Default,Default,Default,Default,Default,Default,Default,Default,Default,Default,3,Default,1,Default,Default,Default,Default,Default,Default,Default,3,"ShortRun(IterationCount=3, LaunchCount=1, WarmupCount=3)",,1,Overhead,Warmup,4,134962600,67108864,2.01,0,0,0,0
LastErrorBenchmarks.LibraryImport_SetLastError,PInvokeBench,LastErrorBenchmarks,LibraryImport_SetLastError,ShortRun,Default,Default,Default,Default,Default,Default,Default,Default,Default,Default,Default,Default,Default,Default,Default,Default,Default,Default,Default,Default,Default,Default,Default,Default,Default,Default,Default,Default,Default,Default,Default,3,Default,1,Default,Default,Default,Default,Default,Default,Default,3,"ShortRun(IterationCount=3, LaunchCount=1, WarmupCount=3)",,1,Overhead,Warmup,5,132079700,67108864,1.97,0,0,0,0
LastErrorBenchmarks.LibraryImport_SetLastError,PInvokeBench,LastErrorBenchmarks,LibraryImport_SetLastError,ShortRun,Default,Default,Default,Default,Default,Default,Default,Default,Default,Default,Default,Default,Default,Default,Default,Default,Default,Default,Default,Default,Default,Default,Default,Default,Default,Default,Default,Default,Default,Default,Default,3,Default,1,Default,Default,Default,Default,Default,Default,Default,3,"ShortRun(IterationCount=3, LaunchCount=1, WarmupCount=3)",,1,Overhead,Warmup,6,132121800,67108864,1.97,0,0,0,0
LastErrorBenchmarks.LibraryImport_SetLastError,PInvokeBench,LastErrorBenchmarks,LibraryImport_SetLastError,ShortRun,Default,Default,Default,Default,Default,Default,Default,Default,Default,Default,Default,Default,Default,Default,Default,Default,Default,Default,Default,Default,Default,Default,Default,Default,Default,Default,Default,Default,Default,Default,Default,3,Default,1,Default,Default,Default,Default,Default,Default,Default,3,"ShortRun(IterationCount=3, LaunchCount=1, WarmupCount=3)",,1,Overhead,Warmup,7,123823400,67108864,1.85,0,0,0,0
LastErrorBenchmarks.LibraryImport_SetLastError,PInvokeBench,LastErrorBenchmarks,LibraryImport_SetLastError,ShortRun,Default,Default,Default,Default,Default,Default,Default,Default,Default,Default,Default,Default,Default,Default,Default,Default,Default,Default,Default,Default,Default,Default,Default,Default,Default,Default,Default,Default,Default,Default,Default,3,Default,1,Default,Default,Default,Default,Default,Default,Default,3,"ShortRun(IterationCount=3, LaunchCount=1, WarmupCount=3)",,1,Overhead,Warmup,8,125591500,67108864,1.87,0,0,0,0
LastErrorBenchmarks.LibraryImport_SetLastError,PInvokeBench,LastErrorBenchmarks,LibraryImport_SetLastError,ShortRun,Default,Default,Default,Default,Default,Default,Default,Default,Default,Default,Default,Default,Default,Default,Default,Default,Default,Default,Default,Default,Default,Default,Default,Default,Default,Default,Default,Default,Default,Default,Default,3,Default,1,Default,Default,Default,Default,Default,Default,Default,3,"ShortRun(IterationCount=3, LaunchCount=1, WarmupCount=3)",,1,Overhead,Warmup,9,124513100,67108864,1.86,0,0,0,0
LastErrorBenchmarks.LibraryImport_SetLastError,PInvokeBench,LastErrorBenchmarks,LibraryImport_SetLastError,ShortRun,Default,Default,Default,Default,Default,Default,Default,Default,Default,Default,Default,Default,Default,Default,Default,Default,Default,Default,Default,Default,Default,Default,Default,Default,Default,Default,Default,Default,Default,Default,Default,3,Default,1,Default,Default,Default,Default,Default,Default,Default,3,"ShortRun(IterationCount=3, LaunchCount=1, WarmupCount=3)",,1,Overhead,Actual,1,125584400,67108864,1.87,0,0,0,0
LastErrorBenchmarks.LibraryImport_SetLastError,PInvokeBench,LastErrorBenchmarks,LibraryImport_SetLastError,ShortRun,Default,Default,Default,Default,Default,Default,Default,Default,Default,Default,Default,Default,Default,Default,Default,Default,Default,Default,Default,Default,Default,Default,Default,Default,Default,Default,Default,Default,Default,Default,Default,3,Default,1,Default,Default,Default,Default,Default,Default,Default,3,"ShortRun(IterationCount=3, LaunchCount=1, WarmupCount=3)",,1,Overhead,Actual,2,124887300,67108864,1.86,0,0,0,0
LastErrorBenchmarks.LibraryImport_SetLastError,PInvokeBench,LastErrorBenchmarks,LibraryImport_SetLastError,ShortRun,Default,Default,Default,Default,Default,Default,Default,Default,Default,Default,Default,Default,Default,Default,Default,Default,Default,Default,Default,Default,Default,Default,Default,Default,Default,Default,Default,Default,Default,Default,Default,3,Default,1,Default,Default,Default,Default,Default,Default,Default,3,"ShortRun(IterationCount=3, LaunchCount=1, WarmupCount=3)",,1,Overhead,Actual,3,123485700,67108864,1.84,0,0,0,0
LastErrorBenchmarks.LibraryImport_SetLastError,PInvokeBench,LastErrorBenchmarks,LibraryImport_SetLastError,ShortRun,Default,Default,Default,Default,Default,Default,Default,Default,Default,Default,Default,Default,Default,Default,Default,Default,Default,Default,Default,Default,Default,Default,Default,Default,Default,Default,Default,Default,Default,Default,Default,3,Default,1,Default,Default,Default,Default,Default,Default,Default,3,"ShortRun(IterationCount=3, LaunchCount=1, WarmupCount=3)",,1,Overhead,Actual,4,125075600,67108864,1.86,0,0,0,0
LastErrorBenchmarks.LibraryImport_SetLastError,PInvokeBench,LastErrorBenchmarks,LibraryImport_SetLastError,ShortRun,Default,Default,Default,Default,Default,Default,Default,Default,Default,Default,Default,Default,Default,Default,Default,Default,Default,Default,Default,Default,Default,Default,Default,Default,Default,Default,Default,Default,Default,Default,Default,3,Default,1,Default,Default,Default,Default,Default,Default,Default,3,"ShortRun(IterationCount=3, LaunchCount=1, WarmupCount=3)",,1,Overhead,Actual,5,126618700,67108864,1.89,0,0,0,0
LastErrorBenchmarks.LibraryImport_SetLastError,PInvokeBench,LastErrorBenchmarks,LibraryImport_SetLastError,ShortRun,Default,Default,Default,Default,Default,Default,Default,Default,Default,Default,Default,Default,Default,Default,Default,Default,Default,Default,Default,Default,Default,Default,Default,Default,Default,Default,Default,Default,Default,Default,Default,3,Default,1,Default,Default,Default,Default,Default,Default,Default,3,"ShortRun(IterationCount=3, LaunchCount=1, WarmupCount=3)",,1,Overhead,Actual,6,126391400,67108864,1.88,0,0,0,0
LastErrorBenchmarks.LibraryImport_SetLastError,PInvokeBench,LastErrorBenchmarks,LibraryImport_SetLastError,ShortRun,Default,Default,Default,Default,Default,Default,Default,Default,Default,Default,Default,Default,Default,Default,Default,Default,Default,Default,Default,Default,Default,Default,Default,Default,Default,Default,Default,Default,Default,Default,Default,3,Default,1,Default,Default,Default,Default,Default,Default,Default,3,"ShortRun(IterationCount=3, LaunchCount=1, WarmupCount=3)",,1,Overhead,Actual,7,135308900,67108864,2.02,0,0,0,0
LastErrorBenchmarks.LibraryImport_SetLastError,PInvokeBench,LastErrorBenchmarks,LibraryImport_SetLastError,ShortRun,Default,Default,Default,Default,Default,Default,Default,Default,Default,Default,Default,Default,Default,Default,Default,Default,Default,Default,Default,Default,Default,Default,Default,Default,Default,Default,Default,Default,Default,Default,Default,3,Default,1,Default,Default,Default,Default,Default,Default,Default,3,"ShortRun(IterationCount=3, LaunchCount=1, WarmupCount=3)",,1,Overhead,Actual,8,126054500,67108864,1.88,0,0,0,0
LastErrorBenchmarks.LibraryImport_SetLastError,PInvokeBench,LastErrorBenchmarks,LibraryImport_SetLastError,ShortRun,Default,Default,Default,Default,Default,Default,Default,Default,Default,Default,Default,Default,Default,Default,Default,Default,Default,Default,Default,Default,Default,Default,Default,Default,Default,Default,Default,Default,Default,Default,Default,3,Default,1,Default,Default,Default,Default,Default,Default,Default,3,"ShortRun(IterationCount=3, LaunchCount=1, WarmupCount=3)",,1,Overhead,Actual,9,123334000,67108864,1.84,0,0,0,0
LastErrorBenchmarks.LibraryImport_SetLastError,PInvokeBench,LastErrorBenchmarks,LibraryImport_SetLastError,ShortRun,Default,Default,Default,Default,Default,Default,Default,Default,Default,Default,Default,Default,Default,Default,Default,Default,Default,Default,Default,Default,Default,Default,Default,Default,Default,Default,Default,Default,Default,Default,Default,3,Default,1,Default,Default,Default,Default,Default,Default,Default,3,"ShortRun(IterationCount=3, LaunchCount=1, WarmupCount=3)",,1,Overhead,Actual,10,124082400,67108864,1.85,0,0,0,0
LastErrorBenchmarks.LibraryImport_SetLastError,PInvokeBench,LastErrorBenchmarks,LibraryImport_SetLastError,ShortRun,Default,Default,Default,Default,Default,Default,Default,Default,Default,Default,Default,Default,Default,Default,Default,Default,Default,Default,Default,Default,Default,Default,Default,Default,Default,Default,Default,Default,Default,Default,Default,3,Default,1,Default,Default,Default,Default,Default,Default,Default,3,"ShortRun(IterationCount=3, LaunchCount=1, WarmupCount=3)",,1,Overhead,Actual,11,126455500,67108864,1.88,0,0,0,0
LastErrorBenchmarks.LibraryImport_SetLastError,PInvokeBench,LastErrorBenchmarks,LibraryImport_SetLastError,ShortRun,Default,Default,Default,Default,Default,Default,Default,Default,Default,Default,Default,Default,Default,Default,Default,Default,Default,Default,Default,Default,Default,Default,Default,Default,Default,Default,Default,Default,Default,Default,Default,3,Default,1,Default,Default,Default,Default,Default,Default,Default,3,"ShortRun(IterationCount=3, LaunchCount=1, WarmupCount=3)",,1,Overhead,Actual,12,123913900,67108864,1.85,0,0,0,0
LastErrorBenchmarks.LibraryImport_SetLastError,PInvokeBench,LastErrorBenchmarks,LibraryImport_SetLastError,ShortRun,Default,Default,Default,Default,Default,Default,Default,Default,Default,Default,Default,Default,Default,Default,Default,Default,Default,Default,Default,Default,Default,Default,Default,Default,Default,Default,Default,Default,Default,Default,Default,3,Default,1,Default,Default,Default,Default,Default,Default,Default,3,"ShortRun(IterationCount=3, LaunchCount=1, WarmupCount=3)",,1,Overhead,Actual,13,124624800,67108864,1.86,0,0,0,0
LastErrorBenchmarks.LibraryImport_SetLastError,PInvokeBench,LastErrorBenchmarks,LibraryImport_SetLastError,ShortRun,Default,Default,Default,Default,Default,Default,Default,Default,Default,Default,Default,Default,Default,Default,Default,Default,Default,Default,Default,Default,Default,Default,Default,Default,Default,Default,Default,Default,Default,Default,Default,3,Default,1,Default,Default,Default,Default,Default,Default,Default,3,"ShortRun(IterationCount=3, LaunchCount=1, WarmupCount=3)",,1,Overhead,Actual,14,124944800,67108864,1.86,0,0,0,0
LastErrorBenchmarks.LibraryImport_SetLastError,PInvokeBench,LastErrorBenchmarks,LibraryImport_SetLastError,ShortRun,Default,Default,Default,Default,Default,Default,Default,Default,Default,Default,Default,Default,Default,Default,Default,Default,Default,Default,Default,Default,Default,Default,Default,Default,Default,Default,Default,Default,Default,Default,Default,3,Default,1,Default,Default,Default,Default,Default,Default,Default,3,"ShortRun(IterationCount=3, LaunchCount=1, WarmupCount=3)",,1,Overhead,Actual,15,126638100,67108864,1.89,0,0,0,0
LastErrorBenchmarks.LibraryImport_SetLastError,PInvokeBench,LastErrorBenchmarks,LibraryImport_SetLastError,ShortRun,Default,Default,Default,Default,Default,Default,Default,Default,Default,Default,Default,Default,Default,Default,Default,Default,Default,Default,Default,Default,Default,Default,Default,Default,Default,Default,Default,Default,Default,Default,Default,3,Default,1,Default,Default,Default,Default,Default,Default,Default,3,"ShortRun(IterationCount=3, LaunchCount=1, WarmupCount=3)",,1,Workload,Warmup,1,592922500,67108864,8.84,0,0,0,0
LastErrorBenchmarks.LibraryImport_SetLastError,PInvokeBench,LastErrorBenchmarks,LibraryImport_SetLastError,ShortRun,Default,Default,Default,Default,Default,Default,Default,Default,Default,Default,Default,Default,Default,Default,Default,Default,Default,Default,Default,Default,Default,Default,Default,Default,Default,Default,Default,Default,Default,Default,Default,3,Default,1,Default,Default,Default,Default,Default,Default,Default,3,"ShortRun(IterationCount=3, LaunchCount=1, WarmupCount=3)",,1,Workload,Warmup,2,568122400,67108864,8.47,0,0,0,0
LastErrorBenchmarks.LibraryImport_SetLastError,PInvokeBench,LastErrorBenchmarks,LibraryImport_SetLastError,ShortRun,Default,Default,Default,Default,Default,Default,Default,Default,Default,Default,Default,Default,Default,Default,Default,Default,Default,Default,Default,Default,Default,Default,Default,Default,Default,Default,Default,Default,Default,Default,Default,3,Default,1,Default,Default,Default,Default,Default,Default,Default,3,"ShortRun(IterationCount=3, LaunchCount=1, WarmupCount=3)",,1,Workload,Warmup,3,567646100,67108864,8.46,0,0,0,0
LastErrorBenchmarks.LibraryImport_SetLastError,PInvokeBench,LastErrorBenchmarks,LibraryImport_SetLastError,ShortRun,Default,Default,Default,Default,Default,Default,Default,Default,Default,Default,Default,Default,Default,Default,Default,Default,Default,Default,Default,Default,Default,Default,Default,Default,Default,Default,Default,Default,Default,Default,Default,3,Default,1,Default,Default,Default,Default,Default,Default,Default,3,"ShortRun(IterationCount=3, LaunchCount=1, WarmupCount=3)",,1,Workload,Actual,1,615906800,67108864,9.18,0,0,0,0
LastErrorBenchmarks.LibraryImport_SetLastError,PInvokeBench,LastErrorBenchmarks,LibraryImport_SetLastError,ShortRun,Default,Default,Default,Default,Default,Default,Default,Default,Default,Default,Default,Default,Default,Default,Default,Default,Default,Default,Default,Default,Default,Default,Default,Default,Default,Default,Default,Default,Default,Default,Default,3,Default,1,Default,Default,Default,Default,Default,Default,Default,3,"ShortRun(IterationCount=3, LaunchCount=1, WarmupCount=3)",,1,Workload,Actual,2,613524400,67108864,9.14,0,0,0,0
LastErrorBenchmarks.LibraryImport_SetLastError,PInvokeBench,LastErrorBenchmarks,LibraryImport_SetLastError,ShortRun,Default,Default,Default,Default,Default,Default,Default,Default,Default,Default,Default,Default,Default,Default,Default,Default,Default,Default,Default,Default,Default,Default,Default,Default,Default,Default,Default,Default,Default,Default,Default,3,Default,1,Default,Default,Default,Default,Default,Default,Default,3,"ShortRun(IterationCount=3, LaunchCount=1, WarmupCount=3)",,1,Workload,Actual,3,601364900,67108864,8.96,0,0,0,0
LastErrorBenchmarks.LibraryImport_SetLastError,PInvokeBench,LastErrorBenchmarks,LibraryImport_SetLastError,ShortRun,Default,Default,Default,Default,Default,Default,Default,Default,Default,Default,Default,Default,Default,Default,Default,Default,Default,Default,Default,Default,Default,Default,Default,Default,Default,Default,Default,Default,Default,Default,Default,3,Default,1,Default,Default,Default,Default,Default,Default,Default,3,"ShortRun(IterationCount=3, LaunchCount=1, WarmupCount=3)",,1,Workload,Result,1,490831200,67108864,7.31,0,0,0,0
LastErrorBenchmarks.LibraryImport_SetLastError,PInvokeBench,LastErrorBenchmarks,LibraryImport_SetLastError,ShortRun,Default,Default,Default,Default,Default,Default,Default,Default,Default,Default,Default,Default,Default,Default,Default,Default,Default,Default,Default,Default,Default,Default,Default,Default,Default,Default,Default,Default,Default,Default,Default,3,Default,1,Default,Default,Default,Default,Default,Default,Default,3,"ShortRun(IterationCount=3, LaunchCount=1, WarmupCount=3)",,1,Workload,Result,2,488448800,67108864,7.28,0,0,0,0
LastErrorBenchmarks.LibraryImport_SetLastError,PInvokeBench,LastErrorBenchmarks,LibraryImport_SetLastError,ShortRun,Default,Default,Default,Default,Default,Default,Default,Default,Default,Default,Default,Default,Default,Default,Default,Default,Default,Default,Default,Default,Default,Default,Default,Default,Default,Default,Default,Default,Default,Default,Default,3,Default,1,Default,Default,Default,Default,Default,Default,Default,3,"ShortRun(IterationCount=3, LaunchCount=1, WarmupCount=3)",,1,Workload,Result,3,476289300,67108864,7.1,0,0,0,0
LastErrorBenchmarks.LibraryImport_SetLastError_AndRead,PInvokeBench,LastErrorBenchmarks,LibraryImport_SetLastError_AndRead,ShortRun,Default,Default,Default,Default,Default,Default,Default,Default,Default,Default,Default,Default,Default,Default,Default,Default,Default,Default,Default,Default,Default,Default,Default,Default,Default,Default,Default,Default,Default,Default,Default,3,Default,1,Default,Default,Default,Default,Default,Default,Default,3,"ShortRun(IterationCount=3, LaunchCount=1, WarmupCount=3)",,1,Overhead,Jitting,1,846100,1,846100,0,0,0,0
LastErrorBenchmarks.LibraryImport_SetLastError_AndRead,PInvokeBench,LastErrorBenchmarks,LibraryImport_SetLastError_AndRead,ShortRun,Default,Default,Default,Default,Default,Default,Default,Default,Default,Default,Default,Default,Default,Default,Default,Default,Default,Default,Default,Default,Default,Default,Default,Default,Default,Default,Default,Default,Default,Default,Default,3,Default,1,Default,Default,Default,Default,Default,Default,Default,3,"ShortRun(IterationCount=3, LaunchCount=1, WarmupCount=3)",,1,Workload,Jitting,1,843000,1,843000,0,0,0,0
LastErrorBenchmarks.LibraryImport_SetLastError_AndRead,PInvokeBench,LastErrorBenchmarks,LibraryImport_SetLastError_AndRead,ShortRun,Default,Default,Default,Default,Default,Default,Default,Default,Default,Default,Default,Default,Default,Default,Default,Default,Default,Default,Default,Default,Default,Default,Default,Default,Default,Default,Default,Default,Default,Default,Default,3,Default,1,Default,Default,Default,Default,Default,Default,Default,3,"ShortRun(IterationCount=3, LaunchCount=1, WarmupCount=3)",,1,Overhead,Jitting,2,302600,16,18912.5,0,0,0,0
LastErrorBenchmarks.LibraryImport_SetLastError_AndRead,PInvokeBench,LastErrorBenchmarks,LibraryImport_SetLastError_AndRead,ShortRun,Default,Default,Default,Default,Default,Default,Default,Default,Default,Default,Default,Default,Default,Default,Default,Default,Default,Default,Default,Default,Default,Default,Default,Default,Default,Default,Default,Default,Default,Default,Default,3,Default,1,Default,Default,Default,Default,Default,Default,Default,3,"ShortRun(IterationCount=3, LaunchCount=1, WarmupCount=3)",,1,Workload,Jitting,2,281600,16,17600,0,0,0,0
LastErrorBenchmarks.LibraryImport_SetLastError_AndRead,PInvokeBench,LastErrorBenchmarks,LibraryImport_SetLastError_AndRead,ShortRun,Default,Default,Default,Default,Default,Default,Default,Default,Default,Default,Default,Default,Default,Default,Default,Default,Default,Default,Default,Default,Default,Default,Default,Default,Default,Default,Default,Default,Default,Default,Default,3,Default,1,Default,Default,Default,Default,Default,Default,Default,3,"ShortRun(IterationCount=3, LaunchCount=1, WarmupCount=3)",,1,Workload,Pilot,1,1300,16,81.25,0,0,0,0
LastErrorBenchmarks.LibraryImport_SetLastError_AndRead,PInvokeBench,LastErrorBenchmarks,LibraryImport_SetLastError_AndRead,ShortRun,Default,Default,Default,Default,Default,Default,Default,Default,Default,Default,Default,Default,Default,Default,Default,Default,Default,Default,Default,Default,Default,Default,Default,Default,Default,Default,Default,Default,Default,Default,Default,3,Default,1,Default,Default,Default,Default,Default,Default,Default,3,"ShortRun(IterationCount=3, LaunchCount=1, WarmupCount=3)",,1,Workload,Pilot,2,1300,32,40.63,0,0,0,0
LastErrorBenchmarks.LibraryImport_SetLastError_AndRead,PInvokeBench,LastErrorBenchmarks,LibraryImport_SetLastError_AndRead,ShortRun,Default,Default,Default,Default,Default,Default,Default,Default,Default,Default,Default,Default,Default,Default,Default,Default,Default,Default,Default,Default,Default,Default,Default,Default,Default,Default,Default,Default,Default,Default,Default,3,Default,1,Default,Default,Default,Default,Default,Default,Default,3,"ShortRun(IterationCount=3, LaunchCount=1, WarmupCount=3)",,1,Workload,Pilot,3,1800,64,28.13,0,0,0,0
LastErrorBenchmarks.LibraryImport_SetLastError_AndRead,PInvokeBench,LastErrorBenchmarks,LibraryImport_SetLastError_AndRead,ShortRun,Default,Default,Default,Default,Default,Default,Default,Default,Default,Default,Default,Default,Default,Default,Default,Default,Default,Default,Default,Default,Default,Default,Default,Default,Default,Default,Default,Default,Default,Default,Default,3,Default,1,Default,Default,Default,Default,Default,Default,Default,3,"ShortRun(IterationCount=3, LaunchCount=1, WarmupCount=3)",,1,Workload,Pilot,4,2700,128,21.09,0,0,0,0
LastErrorBenchmarks.LibraryImport_SetLastError_AndRead,PInvokeBench,LastErrorBenchmarks,LibraryImport_SetLastError_AndRead,ShortRun,Default,Default,Default,Default,Default,Default,Default,Default,Default,Default,Default,Default,Default,Default,Default,Default,Default,Default,Default,Default,Default,Default,Default,Default,Default,Default,Default,Default,Default,Default,Default,3,Default,1,Default,Default,Default,Default,Default,Default,Default,3,"ShortRun(IterationCount=3, LaunchCount=1, WarmupCount=3)",,1,Workload,Pilot,5,4800,256,18.75,0,0,0,0
LastErrorBenchmarks.LibraryImport_SetLastError_AndRead,PInvokeBench,LastErrorBenchmarks,LibraryImport_SetLastError_AndRead,ShortRun,Default,Default,Default,Default,Default,Default,Default,Default,Default,Default,Default,Default,Default,Default,Default,Default,Default,Default,Default,Default,Default,Default,Default,Default,Default,Default,Default,Default,Default,Default,Default,3,Default,1,Default,Default,Default,Default,Default,Default,Default,3,"ShortRun(IterationCount=3, LaunchCount=1, WarmupCount=3)",,1,Workload,Pilot,6,9000,512,17.58,0,0,0,0
LastErrorBenchmarks.LibraryImport_SetLastError_AndRead,PInvokeBench,LastErrorBenchmarks,LibraryImport_SetLastError_AndRead,ShortRun,Default,Default,Default,Default,Default,Default,Default,Default,Default,Default,Default,Default,Default,Default,Default,Default,Default,Default,Default,Default,Default,Default,Default,Default,Default,Default,Default,Default,Default,Default,Default,3,Default,1,Default,Default,Default,Default,Default,Default,Default,3,"ShortRun(IterationCount=3, LaunchCount=1, WarmupCount=3)",,1,Workload,Pilot,7,18400,1024,17.97,0,0,0,0
LastErrorBenchmarks.LibraryImport_SetLastError_AndRead,PInvokeBench,LastErrorBenchmarks,LibraryImport_SetLastError_AndRead,ShortRun,Default,Default,Default,Default,Default,Default,Default,Default,Default,Default,Default,Default,Default,Default,Default,Default,Default,Default,Default,Default,Default,Default,Default,Default,Default,Default,Default,Default,Default,Default,Default,3,Default,1,Default,Default,Default,Default,Default,Default,Default,3,"ShortRun(IterationCount=3, LaunchCount=1, WarmupCount=3)",,1,Workload,Pilot,8,35200,2048,17.19,0,0,0,0
LastErrorBenchmarks.LibraryImport_SetLastError_AndRead,PInvokeBench,LastErrorBenchmarks,LibraryImport_SetLastError_AndRead,ShortRun,Default,Default,Default,Default,Default,Default,Default,Default,Default,Default,Default,Default,Default,Default,Default,Default,Default,Default,Default,Default,Default,Default,Default,Default,Default,Default,Default,Default,Default,Default,Default,3,Default,1,Default,Default,Default,Default,Default,Default,Default,3,"ShortRun(IterationCount=3, LaunchCount=1, WarmupCount=3)",,1,Workload,Pilot,9,70200,4096,17.14,0,0,0,0
LastErrorBenchmarks.LibraryImport_SetLastError_AndRead,PInvokeBench,LastErrorBenchmarks,LibraryImport_SetLastError_AndRead,ShortRun,Default,Default,Default,Default,Default,Default,Default,Default,Default,Default,Default,Default,Default,Default,Default,Default,Default,Default,Default,Default,Default,Default,Default,Default,Default,Default,Default,Default,Default,Default,Default,3,Default,1,Default,Default,Default,Default,Default,Default,Default,3,"ShortRun(IterationCount=3, LaunchCount=1, WarmupCount=3)",,1,Workload,Pilot,10,144600,8192,17.65,0,0,0,0
LastErrorBenchmarks.LibraryImport_SetLastError_AndRead,PInvokeBench,LastErrorBenchmarks,LibraryImport_SetLastError_AndRead,ShortRun,Default,Default,Default,Default,Default,Default,Default,Default,Default,Default,Default,Default,Default,Default,Default,Default,Default,Default,Default,Default,Default,Default,Default,Default,Default,Default,Default,Default,Default,Default,Default,3,Default,1,Default,Default,Default,Default,Default,Default,Default,3,"ShortRun(IterationCount=3, LaunchCount=1, WarmupCount=3)",,1,Workload,Pilot,11,277200,16384,16.92,0,0,0,0
LastErrorBenchmarks.LibraryImport_SetLastError_AndRead,PInvokeBench,LastErrorBenchmarks,LibraryImport_SetLastError_AndRead,ShortRun,Default,Default,Default,Default,Default,Default,Default,Default,Default,Default,Default,Default,Default,Default,Default,Default,Default,Default,Default,Default,Default,Default,Default,Default,Default,Default,Default,Default,Default,Default,Default,3,Default,1,Default,Default,Default,Default,Default,Default,Default,3,"ShortRun(IterationCount=3, LaunchCount=1, WarmupCount=3)",,1,Workload,Pilot,12,559700,32768,17.08,0,0,0,0
LastErrorBenchmarks.LibraryImport_SetLastError_AndRead,PInvokeBench,LastErrorBenchmarks,LibraryImport_SetLastError_AndRead,ShortRun,Default,Default,Default,Default,Default,Default,Default,Default,Default,Default,Default,Default,Default,Default,Default,Default,Default,Default,Default,Default,Default,Default,Default,Default,Default,Default,Default,Default,Default,Default,Default,3,Default,1,Default,Default,Default,Default,Default,Default,Default,3,"ShortRun(IterationCount=3, LaunchCount=1, WarmupCount=3)",,1,Workload,Pilot,13,1140100,65536,17.4,0,0,0,0
LastErrorBenchmarks.LibraryImport_SetLastError_AndRead,PInvokeBench,LastErrorBenchmarks,LibraryImport_SetLastError_AndRead,ShortRun,Default,Default,Default,Default,Default,Default,Default,Default,Default,Default,Default,Default,Default,Default,Default,Default,Default,Default,Default,Default,Default,Default,Default,Default,Default,Default,Default,Default,Default,Default,Default,3,Default,1,Default,Default,Default,Default,Default,Default,Default,3,"ShortRun(IterationCount=3, LaunchCount=1, WarmupCount=3)",,1,Workload,Pilot,14,2378100,131072,18.14,0,0,0,0
LastErrorBenchmarks.LibraryImport_SetLastError_AndRead,PInvokeBench,LastErrorBenchmarks,LibraryImport_SetLastError_AndRead,ShortRun,Default,Default,Default,Default,Default,Default,Default,Default,Default,Default,Default,Default,Default,Default,Default,Default,Default,Default,Default,Default,Default,Default,Default,Default,Default,Default,Default,Default,Default,Default,Default,3,Default,1,Default,Default,Default,Default,Default,Default,Default,3,"ShortRun(IterationCount=3, LaunchCount=1, WarmupCount=3)",,1,Workload,Pilot,15,4732100,262144,18.05,0,0,0,0
LastErrorBenchmarks.LibraryImport_SetLastError_AndRead,PInvokeBench,LastErrorBenchmarks,LibraryImport_SetLastError_AndRead,ShortRun,Default,Default,Default,Default,Default,Default,Default,Default,Default,Default,Default,Default,Default,Default,Default,Default,Default,Default,Default,Default,Default,Default,Default,Default,Default,Default,Default,Default,Default,Default,Default,3,Default,1,Default,Default,Default,Default,Default,Default,Default,3,"ShortRun(IterationCount=3, LaunchCount=1, WarmupCount=3)",,1,Workload,Pilot,16,9537900,524288,18.19,0,0,0,0
LastErrorBenchmarks.LibraryImport_SetLastError_AndRead,PInvokeBench,LastErrorBenchmarks,LibraryImport_SetLastError_AndRead,ShortRun,Default,Default,Default,Default,Default,Default,Default,Default,Default,Default,Default,Default,Default,Default,Default,Default,Default,Default,Default,Default,Default,Default,Default,Default,Default,Default,Default,Default,Default,Default,Default,3,Default,1,Default,Default,Default,Default,Default,Default,Default,3,"ShortRun(IterationCount=3, LaunchCount=1, WarmupCount=3)",,1,Workload,Pilot,17,19801000,1048576,18.88,0,0,0,0
LastErrorBenchmarks.LibraryImport_SetLastError_AndRead,PInvokeBench,LastErrorBenchmarks,LibraryImport_SetLastError_AndRead,ShortRun,Default,Default,Default,Default,Default,Default,Default,Default,Default,Default,Default,Default,Default,Default,Default,Default,Default,Default,Default,Default,Default,Default,Default,Default,Default,Default,Default,Default,Default,Default,Default,3,Default,1,Default,Default,Default,Default,Default,Default,Default,3,"ShortRun(IterationCount=3, LaunchCount=1, WarmupCount=3)",,1,Workload,Pilot,18,37913600,2097152,18.08,0,0,0,0
LastErrorBenchmarks.LibraryImport_SetLastError_AndRead,PInvokeBench,LastErrorBenchmarks,LibraryImport_SetLastError_AndRead,ShortRun,Default,Default,Default,Default,Default,Default,Default,Default,Default,Default,Default,Default,Default,Default,Default,Default,Default,Default,Default,Default,Default,Default,Default,Default,Default,Default,Default,Default,Default,Default,Default,3,Default,1,Default,Default,Default,Default,Default,Default,Default,3,"ShortRun(IterationCount=3, LaunchCount=1, WarmupCount=3)",,1,Workload,Pilot,19,67361500,4194304,16.06,0,0,0,0
LastErrorBenchmarks.LibraryImport_SetLastError_AndRead,PInvokeBench,LastErrorBenchmarks,LibraryImport_SetLastError_AndRead,ShortRun,Default,Default,Default,Default,Default,Default,Default,Default,Default,Default,Default,Default,Default,Default,Default,Default,Default,Default,Default,Default,Default,Default,Default,Default,Default,Default,Default,Default,Default,Default,Default,3,Default,1,Default,Default,Default,Default,Default,Default,Default,3,"ShortRun(IterationCount=3, LaunchCount=1, WarmupCount=3)",,1,Workload,Pilot,20,81689000,8388608,9.74,0,0,0,0
LastErrorBenchmarks.LibraryImport_SetLastError_AndRead,PInvokeBench,LastErrorBenchmarks,LibraryImport_SetLastError_AndRead,ShortRun,Default,Default,Default,Default,Default,Default,Default,Default,Default,Default,Default,Default,Default,Default,Default,Default,Default,Default,Default,Default,Default,Default,Default,Default,Default,Default,Default,Default,Default,Default,Default,3,Default,1,Default,Default,Default,Default,Default,Default,Default,3,"ShortRun(IterationCount=3, LaunchCount=1, WarmupCount=3)",,1,Workload,Pilot,21,152809500,16777216,9.11,0,0,0,0
LastErrorBenchmarks.LibraryImport_SetLastError_AndRead,PInvokeBench,LastErrorBenchmarks,LibraryImport_SetLastError_AndRead,ShortRun,Default,Default,Default,Default,Default,Default,Default,Default,Default,Default,Default,Default,Default,Default,Default,Default,Default,Default,Default,Default,Default,Default,Default,Default,Default,Default,Default,Default,Default,Default,Default,3,Default,1,Default,Default,Default,Default,Default,Default,Default,3,"ShortRun(IterationCount=3, LaunchCount=1, WarmupCount=3)",,1,Workload,Pilot,22,305429600,33554432,9.1,0,0,0,0
LastErrorBenchmarks.LibraryImport_SetLastError_AndRead,PInvokeBench,LastErrorBenchmarks,LibraryImport_SetLastError_AndRead,ShortRun,Default,Default,Default,Default,Default,Default,Default,Default,Default,Default,Default,Default,Default,Default,Default,Default,Default,Default,Default,Default,Default,Default,Default,Default,Default,Default,Default,Default,Default,Default,Default,3,Default,1,Default,Default,Default,Default,Default,Default,Default,3,"ShortRun(IterationCount=3, LaunchCount=1, WarmupCount=3)",,1,Workload,Pilot,23,612445000,67108864,9.13,0,0,0,0
LastErrorBenchmarks.LibraryImport_SetLastError_AndRead,PInvokeBench,LastErrorBenchmarks,LibraryImport_SetLastError_AndRead,ShortRun,Default,Default,Default,Default,Default,Default,Default,Default,Default,Default,Default,Default,Default,Default,Default,Default,Default,Default,Default,Default,Default,Default,Default,Default,Default,Default,Default,Default,Default,Default,Default,3,Default,1,Default,Default,Default,Default,Default,Default,Default,3,"ShortRun(IterationCount=3, LaunchCount=1, WarmupCount=3)",,1,Overhead,Warmup,1,180522000,67108864,2.69,0,0,0,0
LastErrorBenchmarks.LibraryImport_SetLastError_AndRead,PInvokeBench,LastErrorBenchmarks,LibraryImport_SetLastError_AndRead,ShortRun,Default,Default,Default,Default,Default,Default,Default,Default,Default,Default,Default,Default,Default,Default,Default,Default,Default,Default,Default,Default,Default,Default,Default,Default,Default,Default,Default,Default,Default,Default,Default,3,Default,1,Default,Default,Default,Default,Default,Default,Default,3,"ShortRun(IterationCount=3, LaunchCount=1, WarmupCount=3)",,1,Overhead,Warmup,2,140655200,67108864,2.1,0,0,0,0
LastErrorBenchmarks.LibraryImport_SetLastError_AndRead,PInvokeBench,LastErrorBenchmarks,LibraryImport_SetLastError_AndRead,ShortRun,Default,Default,Default,Default,Default,Default,Default,Default,Default,Default,Default,Default,Default,Default,Default,Default,Default,Default,Default,Default,Default,Default,Default,Default,Default,Default,Default,Default,Default,Default,Default,3,Default,1,Default,Default,Default,Default,Default,Default,Default,3,"ShortRun(IterationCount=3, LaunchCount=1, WarmupCount=3)",,1,Overhead,Warmup,3,123359500,67108864,1.84,0,0,0,0
LastErrorBenchmarks.LibraryImport_SetLastError_AndRead,PInvokeBench,LastErrorBenchmarks,LibraryImport_SetLastError_AndRead,ShortRun,Default,Default,Default,Default,Default,Default,Default,Default,Default,Default,Default,Default,Default,Default,Default,Default,Default,Default,Default,Default,Default,Default,Default,Default,Default,Default,Default,Default,Default,Default,Default,3,Default,1,Default,Default,Default,Default,Default,Default,Default,3,"ShortRun(IterationCount=3, LaunchCount=1, WarmupCount=3)",,1,Overhead,Warmup,4,134220700,67108864,2,0,0,0,0
LastErrorBenchmarks.LibraryImport_SetLastError_AndRead,PInvokeBench,LastErrorBenchmarks,LibraryImport_SetLastError_AndRead,ShortRun,Default,Default,Default,Default,Default,Default,Default,Default,Default,Default,Default,Default,Default,Default,Default,Default,Default,Default,Default,Default,Default,Default,Default,Default,Default,Default,Default,Default,Default,Default,Default,3,Default,1,Default,Default,Default,Default,Default,Default,Default,3,"ShortRun(IterationCount=3, LaunchCount=1, WarmupCount=3)",,1,Overhead,Warmup,5,129051500,67108864,1.92,0,0,0,0
LastErrorBenchmarks.LibraryImport_SetLastError_AndRead,PInvokeBench,LastErrorBenchmarks,LibraryImport_SetLastError_AndRead,ShortRun,Default,Default,Default,Default,Default,Default,Default,Default,Default,Default,Default,Default,Default,Default,Default,Default,Default,Default,Default,Default,Default,Default,Default,Default,Default,Default,Default,Default,Default,Default,Default,3,Default,1,Default,Default,Default,Default,Default,Default,Default,3,"ShortRun(IterationCount=3, LaunchCount=1, WarmupCount=3)",,1,Overhead,Warmup,6,128550400,67108864,1.92,0,0,0,0
LastErrorBenchmarks.LibraryImport_SetLastError_AndRead,PInvokeBench,LastErrorBenchmarks,LibraryImport_SetLastError_AndRead,ShortRun,Default,Default,Default,Default,Default,Default,Default,Default,Default,Default,Default,Default,Default,Default,Default,Default,Default,Default,Default,Default,Default,Default,Default,Default,Default,Default,Default,Default,Default,Default,Default,3,Default,1,Default,Default,Default,Default,Default,Default,Default,3,"ShortRun(IterationCount=3, LaunchCount=1, WarmupCount=3)",,1,Overhead,Warmup,7,120492900,67108864,1.8,0,0,0,0
LastErrorBenchmarks.LibraryImport_SetLastError_AndRead,PInvokeBench,LastErrorBenchmarks,LibraryImport_SetLastError_AndRead,ShortRun,Default,Default,Default,Default,Default,Default,Default,Default,Default,Default,Default,Default,Default,Default,Default,Default,Default,Default,Default,Default,Default,Default,Default,Default,Default,Default,Default,Default,Default,Default,Default,3,Default,1,Default,Default,Default,Default,Default,Default,Default,3,"ShortRun(IterationCount=3, LaunchCount=1, WarmupCount=3)",,1,Overhead,Warmup,8,120405500,67108864,1.79,0,0,0,0
LastErrorBenchmarks.LibraryImport_SetLastError_AndRead,PInvokeBench,LastErrorBenchmarks,LibraryImport_SetLastError_AndRead,ShortRun,Default,Default,Default,Default,Default,Default,Default,Default,Default,Default,Default,Default,Default,Default,Default,Default,Default,Default,Default,Default,Default,Default,Default,Default,Default,Default,Default,Default,Default,Default,Default,3,Default,1,Default,Default,Default,Default,Default,Default,Default,3,"ShortRun(IterationCount=3, LaunchCount=1, WarmupCount=3)",,1,Overhead,Warmup,9,121281100,67108864,1.81,0,0,0,0
LastErrorBenchmarks.LibraryImport_SetLastError_AndRead,PInvokeBench,LastErrorBenchmarks,LibraryImport_SetLastError_AndRead,ShortRun,Default,Default,Default,Default,Default,Default,Default,Default,Default,Default,Default,Default,Default,Default,Default,Default,Default,Default,Default,Default,Default,Default,Default,Default,Default,Default,Default,Default,Default,Default,Default,3,Default,1,Default,Default,Default,Default,Default,Default,Default,3,"ShortRun(IterationCount=3, LaunchCount=1, WarmupCount=3)",,1,Overhead,Warmup,10,120262600,67108864,1.79,0,0,0,0
LastErrorBenchmarks.LibraryImport_SetLastError_AndRead,PInvokeBench,LastErrorBenchmarks,LibraryImport_SetLastError_AndRead,ShortRun,Default,Default,Default,Default,Default,Default,Default,Default,Default,Default,Default,Default,Default,Default,Default,Default,Default,Default,Default,Default,Default,Default,Default,Default,Default,Default,Default,Default,Default,Default,Default,3,Default,1,Default,Default,Default,Default,Default,Default,Default,3,"ShortRun(IterationCount=3, LaunchCount=1, WarmupCount=3)",,1,Overhead,Actual,1,124295000,67108864,1.85,0,0,0,0
LastErrorBenchmarks.LibraryImport_SetLastError_AndRead,PInvokeBench,LastErrorBenchmarks,LibraryImport_SetLastError_AndRead,ShortRun,Default,Default,Default,Default,Default,Default,Default,Default,Default,Default,Default,Default,Default,Default,Default,Default,Default,Default,Default,Default,Default,Default,Default,Default,Default,Default,Default,Default,Default,Default,Default,3,Default,1,Default,Default,Default,Default,Default,Default,Default,3,"ShortRun(IterationCount=3, LaunchCount=1, WarmupCount=3)",,1,Overhead,Actual,2,120975400,67108864,1.8,0,0,0,0
LastErrorBenchmarks.LibraryImport_SetLastError_AndRead,PInvokeBench,LastErrorBenchmarks,LibraryImport_SetLastError_AndRead,ShortRun,Default,Default,Default,Default,Default,Default,Default,Default,Default,Default,Default,Default,Default,Default,Default,Default,Default,Default,Default,Default,Default,Default,Default,Default,Default,Default,Default,Default,Default,Default,Default,3,Default,1,Default,Default,Default,Default,Default,Default,Default,3,"ShortRun(IterationCount=3, LaunchCount=1, WarmupCount=3)",,1,Overhead,Actual,3,122038100,67108864,1.82,0,0,0,0
LastErrorBenchmarks.LibraryImport_SetLastError_AndRead,PInvokeBench,LastErrorBenchmarks,LibraryImport_SetLastError_AndRead,ShortRun,Default,Default,Default,Default,Default,Default,Default,Default,Default,Default,Default,Default,Default,Default,Default,Default,Default,Default,Default,Default,Default,Default,Default,Default,Default,Default,Default,Default,Default,Default,Default,3,Default,1,Default,Default,Default,Default,Default,Default,Default,3,"ShortRun(IterationCount=3, LaunchCount=1, WarmupCount=3)",,1,Overhead,Actual,4,122647900,67108864,1.83,0,0,0,0
LastErrorBenchmarks.LibraryImport_SetLastError_AndRead,PInvokeBench,LastErrorBenchmarks,LibraryImport_SetLastError_AndRead,ShortRun,Default,Default,Default,Default,Default,Default,Default,Default,Default,Default,Default,Default,Default,Default,Default,Default,Default,Default,Default,Default,Default,Default,Default,Default,Default,Default,Default,Default,Default,Default,Default,3,Default,1,Default,Default,Default,Default,Default,Default,Default,3,"ShortRun(IterationCount=3, LaunchCount=1, WarmupCount=3)",,1,Overhead,Actual,5,123259500,67108864,1.84,0,0,0,0
LastErrorBenchmarks.LibraryImport_SetLastError_AndRead,PInvokeBench,LastErrorBenchmarks,LibraryImport_SetLastError_AndRead,ShortRun,Default,Default,Default,Default,Default,Default,Default,Default,Default,Default,Default,Default,Default,Default,Default,Default,Default,Default,Default,Default,Default,Default,Default,Default,Default,Default,Default,Default,Default,Default,Default,3,Default,1,Default,Default,Default,Default,Default,Default,Default,3,"ShortRun(IterationCount=3, LaunchCount=1, WarmupCount=3)",,1,Overhead,Actual,6,123257600,67108864,1.84,0,0,0,0
LastErrorBenchmarks.LibraryImport_SetLastError_AndRead,PInvokeBench,LastErrorBenchmarks,LibraryImport_SetLastError_AndRead,ShortRun,Default,Default,Default,Default,Default,Default,Default,Default,Default,Default,Default,Default,Default,Default,Default,Default,Default,Default,Default,Default,Default,Default,Default,Default,Default,Default,Default,Default,Default,Default,Default,3,Default,1,Default,Default,Default,Default,Default,Default,Default,3,"ShortRun(IterationCount=3, LaunchCount=1, WarmupCount=3)",,1,Overhead,Actual,7,122529900,67108864,1.83,0,0,0,0
LastErrorBenchmarks.LibraryImport_SetLastError_AndRead,PInvokeBench,LastErrorBenchmarks,LibraryImport_SetLastError_AndRead,ShortRun,Default,Default,Default,Default,Default,Default,Default,Default,Default,Default,Default,Default,Default,Default,Default,Default,Default,Default,Default,Default,Default,Default,Default,Default,Default,Default,Default,Default,Default,Default,Default,3,Default,1,Default,Default,Default,Default,Default,Default,Default,3,"ShortRun(IterationCount=3, LaunchCount=1, WarmupCount=3)",,1,Overhead,Actual,8,121669200,67108864,1.81,0,0,0,0
LastErrorBenchmarks.LibraryImport_SetLastError_AndRead,PInvokeBench,LastErrorBenchmarks,LibraryImport_SetLastError_AndRead,ShortRun,Default,Default,Default,Default,Default,Default,Default,Default,Default,Default,Default,Default,Default,Default,Default,Default,Default,Default,Default,Default,Default,Default,Default,Default,Default,Default,Default,Default,Default,Default,Default,3,Default,1,Default,Default,Default,Default,Default,Default,Default,3,"ShortRun(IterationCount=3, LaunchCount=1, WarmupCount=3)",,1,Overhead,Actual,9,121968400,67108864,1.82,0,0,0,0
LastErrorBenchmarks.LibraryImport_SetLastError_AndRead,PInvokeBench,LastErrorBenchmarks,LibraryImport_SetLastError_AndRead,ShortRun,Default,Default,Default,Default,Default,Default,Default,Default,Default,Default,Default,Default,Default,Default,Default,Default,Default,Default,Default,Default,Default,Default,Default,Default,Default,Default,Default,Default,Default,Default,Default,3,Default,1,Default,Default,Default,Default,Default,Default,Default,3,"ShortRun(IterationCount=3, LaunchCount=1, WarmupCount=3)",,1,Overhead,Actual,10,123721700,67108864,1.84,0,0,0,0
LastErrorBenchmarks.LibraryImport_SetLastError_AndRead,PInvokeBench,LastErrorBenchmarks,LibraryImport_SetLastError_AndRead,ShortRun,Default,Default,Default,Default,Default,Default,Default,Default,Default,Default,Default,Default,Default,Default,Default,Default,Default,Default,Default,Default,Default,Default,Default,Default,Default,Default,Default,Default,Default,Default,Default,3,Default,1,Default,Default,Default,Default,Default,Default,Default,3,"ShortRun(IterationCount=3, LaunchCount=1, WarmupCount=3)",,1,Overhead,Actual,11,120217000,67108864,1.79,0,0,0,0
LastErrorBenchmarks.LibraryImport_SetLastError_AndRead,PInvokeBench,LastErrorBenchmarks,LibraryImport_SetLastError_AndRead,ShortRun,Default,Default,Default,Default,Default,Default,Default,Default,Default,Default,Default,Default,Default,Default,Default,Default,Default,Default,Default,Default,Default,Default,Default,Default,Default,Default,Default,Default,Default,Default,Default,3,Default,1,Default,Default,Default,Default,Default,Default,Default,3,"ShortRun(IterationCount=3, LaunchCount=1, WarmupCount=3)",,1,Overhead,Actual,12,124424100,67108864,1.85,0,0,0,0
LastErrorBenchmarks.LibraryImport_SetLastError_AndRead,PInvokeBench,LastErrorBenchmarks,LibraryImport_SetLastError_AndRead,ShortRun,Default,Default,Default,Default,Default,Default,Default,Default,Default,Default,Default,Default,Default,Default,Default,Default,Default,Default,Default,Default,Default,Default,Default,Default,Default,Default,Default,Default,Default,Default,Default,3,Default,1,Default,Default,Default,Default,Default,Default,Default,3,"ShortRun(IterationCount=3, LaunchCount=1, WarmupCount=3)",,1,Overhead,Actual,13,133584000,67108864,1.99,0,0,0,0
LastErrorBenchmarks.LibraryImport_SetLastError_AndRead,PInvokeBench,LastErrorBenchmarks,LibraryImport_SetLastError_AndRead,ShortRun,Default,Default,Default,Default,Default,Default,Default,Default,Default,Default,Default,Default,Default,Default,Default,Default,Default,Default,Default,Default,Default,Default,Default,Default,Default,Default,Default,Default,Default,Default,Default,3,Default,1,Default,Default,Default,Default,Default,Default,Default,3,"ShortRun(IterationCount=3, LaunchCount=1, WarmupCount=3)",,1,Overhead,Actual,14,130682600,67108864,1.95,0,0,0,0
LastErrorBenchmarks.LibraryImport_SetLastError_AndRead,PInvokeBench,LastErrorBenchmarks,LibraryImport_SetLastError_AndRead,ShortRun,Default,Default,Default,Default,Default,Default,Default,Default,Default,Default,Default,Default,Default,Default,Default,Default,Default,Default,Default,Default,Default,Default,Default,Default,Default,Default,Default,Default,Default,Default,Default,3,Default,1,Default,Default,Default,Default,Default,Default,Default,3,"ShortRun(IterationCount=3, LaunchCount=1, WarmupCount=3)",,1,Overhead,Actual,15,131647000,67108864,1.96,0,0,0,0
LastErrorBenchmarks.LibraryImport_SetLastError_AndRead,PInvokeBench,LastErrorBenchmarks,LibraryImport_SetLastError_AndRead,ShortRun,Default,Default,Default,Default,Default,Default,Default,Default,Default,Default,Default,Default,Default,Default,Default,Default,Default,Default,Default,Default,Default,Default,Default,Default,Default,Default,Default,Default,Default,Default,Default,3,Default,1,Default,Default,Default,Default,Default,Default,Default,3,"ShortRun(IterationCount=3, LaunchCount=1, WarmupCount=3)",,1,Workload,Warmup,1,632055500,67108864,9.42,0,0,0,0
LastErrorBenchmarks.LibraryImport_SetLastError_AndRead,PInvokeBench,LastErrorBenchmarks,LibraryImport_SetLastError_AndRead,ShortRun,Default,Default,Default,Default,Default,Default,Default,Default,Default,Default,Default,Default,Default,Default,Default,Default,Default,Default,Default,Default,Default,Default,Default,Default,Default,Default,Default,Default,Default,Default,Default,3,Default,1,Default,Default,Default,Default,Default,Default,Default,3,"ShortRun(IterationCount=3, LaunchCount=1, WarmupCount=3)",,1,Workload,Warmup,2,638731700,67108864,9.52,0,0,0,0
LastErrorBenchmarks.LibraryImport_SetLastError_AndRead,PInvokeBench,LastErrorBenchmarks,LibraryImport_SetLastError_AndRead,ShortRun,Default,Default,Default,Default,Default,Default,Default,Default,Default,Default,Default,Default,Default,Default,Default,Default,Default,Default,Default,Default,Default,Default,Default,Default,Default,Default,Default,Default,Default,Default,Default,3,Default,1,Default,Default,Default,Default,Default,Default,Default,3,"ShortRun(IterationCount=3, LaunchCount=1, WarmupCount=3)",,1,Workload,Warmup,3,607732600,67108864,9.06,0,0,0,0
LastErrorBenchmarks.LibraryImport_SetLastError_AndRead,PInvokeBench,LastErrorBenchmarks,LibraryImport_SetLastError_AndRead,ShortRun,Default,Default,Default,Default,Default,Default,Default,Default,Default,Default,Default,Default,Default,Default,Default,Default,Default,Default,Default,Default,Default,Default,Default,Default,Default,Default,Default,Default,Default,Default,Default,3,Default,1,Default,Default,Default,Default,Default,Default,Default,3,"ShortRun(IterationCount=3, LaunchCount=1, WarmupCount=3)",,1,Workload,Actual,1,655823100,67108864,9.77,0,0,0,0
LastErrorBenchmarks.LibraryImport_SetLastError_AndRead,PInvokeBench,LastErrorBenchmarks,LibraryImport_SetLastError_AndRead,ShortRun,Default,Default,Default,Default,Default,Default,Default,Default,Default,Default,Default,Default,Default,Default,Default,Default,Default,Default,Default,Default,Default,Default,Default,Default,Default,Default,Default,Default,Default,Default,Default,3,Default,1,Default,Default,Default,Default,Default,Default,Default,3,"ShortRun(IterationCount=3, LaunchCount=1, WarmupCount=3)",,1,Workload,Actual,2,644828600,67108864,9.61,0,0,0,0
LastErrorBenchmarks.LibraryImport_SetLastError_AndRead,PInvokeBench,LastErrorBenchmarks,LibraryImport_SetLastError_AndRead,ShortRun,Default,Default,Default,Default,Default,Default,Default,Default,Default,Default,Default,Default,Default,Default,Default,Default,Default,Default,Default,Default,Default,Default,Default,Default,Default,Default,Default,Default,Default,Default,Default,3,Default,1,Default,Default,Default,Default,Default,Default,Default,3,"ShortRun(IterationCount=3, LaunchCount=1, WarmupCount=3)",,1,Workload,Actual,3,658940200,67108864,9.82,0,0,0,0
LastErrorBenchmarks.LibraryImport_SetLastError_AndRead,PInvokeBench,LastErrorBenchmarks,LibraryImport_SetLastError_AndRead,ShortRun,Default,Default,Default,Default,Default,Default,Default,Default,Default,Default,Default,Default,Default,Default,Default,Default,Default,Default,Default,Default,Default,Default,Default,Default,Default,Default,Default,Default,Default,Default,Default,3,Default,1,Default,Default,Default,Default,Default,Default,Default,3,"ShortRun(IterationCount=3, LaunchCount=1, WarmupCount=3)",,1,Workload,Result,1,532565500,67108864,7.94,0,0,0,0
LastErrorBenchmarks.LibraryImport_SetLastError_AndRead,PInvokeBench,LastErrorBenchmarks,LibraryImport_SetLastError_AndRead,ShortRun,Default,Default,Default,Default,Default,Default,Default,Default,Default,Default,Default,Default,Default,Default,Default,Default,Default,Default,Default,Default,Default,Default,Default,Default,Default,Default,Default,Default,Default,Default,Default,3,Default,1,Default,Default,Default,Default,Default,Default,Default,3,"ShortRun(IterationCount=3, LaunchCount=1, WarmupCount=3)",,1,Workload,Result,2,521571000,67108864,7.77,0,0,0,0
LastErrorBenchmarks.LibraryImport_SetLastError_AndRead,PInvokeBench,LastErrorBenchmarks,LibraryImport_SetLastError_AndRead,ShortRun,Default,Default,Default,Default,Default,Default,Default,Default,Default,Default,Default,Default,Default,Default,Default,Default,Default,Default,Default,Default,Default,Default,Default,Default,Default,Default,Default,Default,Default,Default,Default,3,Default,1,Default,Default,Default,Default,Default,Default,Default,3,"ShortRun(IterationCount=3, LaunchCount=1, WarmupCount=3)",,1,Workload,Result,3,535682600,67108864,7.98,0,0,0,0
