Target,Target_Namespace,Target_Type,Target_Method,Job_Id,Job_AnalyzeLaunchVariance,Job_EvaluateOverhead,Job_MaxAbsoluteError,Job_MaxRelativeError,Job_MinInvokeCount,Job_MinIterationTime,Job_OutlierMode,Job_Affinity,Job_EnvironmentVariables,Job_Jit,Job_LargeAddressAware,Job_Platform,Job_PowerPlanMode,Job_Runtime,Job_AllowVeryLargeObjects,Job_Concurrent,Job_CpuGroups,Job_Force,Job_HeapAffinitizeMask,Job_HeapCount,Job_NoAffinitize,Job_RetainVm,Job_Server,Job_Arguments,Job_BuildConfiguration,Job_Clock,Job_EngineFactory,Job_NuGetReferences,Job_Toolchain,Job_IsMutator,Job_InvocationCount,Job_IterationCount,Job_IterationTime,Job_LaunchCount,Job_MaxIterationCount,Job_MaxWarmupIterationCount,Job_MemoryRandomization,Job_MinIterationCount,Job_MinWarmupIterationCount,Job_RunStrategy,Job_UnrollFactor,Job_WarmupCount,Job_Display,Params,Measurement_LaunchIndex,Measurement_IterationMode,Measurement_IterationStage,Measurement_IterationIndex,Measurement_Nanoseconds,Measurement_Operations,Measurement_Value,Gen_0,Gen_1,Gen_2,Allocated_Bytes
CallbackBenchmarks.DllImport_Delegate,PInvokeBench,CallbackBenchmarks,DllImport_Delegate,ShortRun,Default,Default,Default,Default,Default,Default,Default,Default,Default,Default,Default,Default,Default,Default,Default,Default,Default,Default,Default,Default,Default,Default,Default,Default,Default,Default,Default,Default,Default,Default,Default,3,Default,1,Default,Default,Default,Default,Default,Default,Default,3,"ShortRun(IterationCount=3, LaunchCount=1, WarmupCount=3)",,1,Overhead,Jitting,1,204800,1,204800,0,0,0,0
CallbackBenchmarks.DllImport_Delegate,PInvokeBench,CallbackBenchmarks,DllImport_Delegate,ShortRun,Default,Default,Default,Default,Default,Default,Default,Default,Default,Default,Default,Default,Default,Default,Default,Default,Default,Default,Default,Default,Default,Default,Default,Default,Default,Default,Default,Default,Default,Default,Default,3,Default,1,Default,Default,Default,Default,Default,Default,Default,3,"ShortRun(IterationCount=3, LaunchCount=1, WarmupCount=3)",,1,Workload,Jitting,1,2464200,1,2464200,0,0,0,0
CallbackBenchmarks.DllImport_Delegate,PInvokeBench,CallbackBenchmarks,DllImport_Delegate,ShortRun,Default,Default,Default,Default,Default,Default,Default,Default,Default,Default,Default,Default,Default,Default,Default,Default,Default,Default,Default,Default,Default,Default,Default,Default,Default,Default,Default,Default,Default,Default,Default,3,Default,1,Default,Default,Default,Default,Default,Default,Default,3,"ShortRun(IterationCount=3, LaunchCount=1, WarmupCount=3)",,1,Overhead,Jitting,2,296400,16,18525,0,0,0,0
CallbackBenchmarks.DllImport_Delegate,PInvokeBench,CallbackBenchmarks,DllImport_Delegate,ShortRun,Default,Default,Default,Default,Default,Default,Default,Default,Default,Default,Default,Default,Default,Default,Default,Default,Default,Default,Default,Default,Default,Default,Default,Default,Default,Default,Default,Default,Default,Default,Default,3,Default,1,Default,Default,Default,Default,Default,Default,Default,3,"ShortRun(IterationCount=3, LaunchCount=1, WarmupCount=3)",,1,Workload,Jitting,2,334000,16,20875,0,0,0,0
CallbackBenchmarks.DllImport_Delegate,PInvokeBench,CallbackBenchmarks,DllImport_Delegate,ShortRun,Default,Default,Default,Default,Default,Default,Default,Default,Default,Default,Default,Default,Default,Default,Default,Default,Default,Default,Default,Default,Default,Default,Default,Default,Default,Default,Default,Default,Default,Default,Default,3,Default,1,Default,Default,Default,Default,Default,Default,Default,3,"ShortRun(IterationCount=3, LaunchCount=1, WarmupCount=3)",,1,Workload,Pilot,1,2300,16,143.75,0,0,0,0
CallbackBenchmarks.DllImport_Delegate,PInvokeBench,CallbackBenchmarks,DllImport_Delegate,ShortRun,Default,Default,Default,Default,Default,Default,Default,Default,Default,Default,Default,Default,Default,Default,Default,Default,Default,Default,Default,Default,Default,Default,Default,Default,Default,Default,Default,Default,Default,Default,Default,3,Default,1,Default,Default,Default,Default,Default,Default,Default,3,"ShortRun(IterationCount=3, LaunchCount=1, WarmupCount=3)",,1,Workload,Pilot,2,2600,32,81.25,0,0,0,0
CallbackBenchmarks.DllImport_Delegate,PInvokeBench,CallbackBenchmarks,DllImport_Delegate,ShortRun,Default,Default,Default,Default,Default,Default,Default,Default,Default,Default,Default,Default,Default,Default,Default,Default,Default,Default,Default,Default,Default,Default,Default,Default,Default,Default,Default,Default,Default,Default,Default,3,Default,1,Default,Default,Default,Default,Default,Default,Default,3,"ShortRun(IterationCount=3, LaunchCount=1, WarmupCount=3)",,1,Workload,Pilot,3,2700,64,42.19,0,0,0,0
CallbackBenchmarks.DllImport_Delegate,PInvokeBench,CallbackBenchmarks,DllImport_Delegate,ShortRun,Default,Default,Default,Default,Default,Default,Default,Default,Default,Default,Default,Default,Default,Default,Default,Default,Default,Default,Default,Default,Default,Default,Default,Default,Default,Default,Default,Default,Default,Default,Default,3,Default,1,Default,Default,Default,Default,Default,Default,Default,3,"ShortRun(IterationCount=3, LaunchCount=1, WarmupCount=3)",,1,Workload,Pilot,4,4900,128,38.28,0,0,0,0
CallbackBenchmarks.DllImport_Delegate,PInvokeBench,CallbackBenchmarks,DllImport_Delegate,ShortRun,Default,Default,Default,Default,Default,Default,Default,Default,Default,Default,Default,Default,Default,Default,Default,Default,Default,Default,Default,Default,Default,Default,Default,Default,Default,Default,Default,Default,Default,Default,Default,3,Default,1,Default,Default,Default,Default,Default,Default,Default,3,"ShortRun(IterationCount=3, LaunchCount=1, WarmupCount=3)",,1,Workload,Pilot,5,13200,256,51.56,0,0,0,0
CallbackBenchmarks.DllImport_Delegate,PInvokeBench,CallbackBenchmarks,DllImport_Delegate,ShortRun,Default,Default,Default,Default,Default,Default,Default,Default,Default,Default,Default,Default,Default,Default,Default,Default,Default,Default,Default,Default,Default,Default,Default,Default,Default,Default,Default,Default,Default,Default,Default,3,Default,1,Default,Default,Default,Default,Default,Default,Default,3,"ShortRun(IterationCount=3, LaunchCount=1, WarmupCount=3)",,1,Workload,Pilot,6,16700,512,32.62,0,0,0,0
CallbackBenchmarks.DllImport_Delegate,PInvokeBench,CallbackBenchmarks,DllImport_Delegate,ShortRun,Default,Default,Default,Default,Default,Default,Default,Default,Default,Default,Default,Default,Default,Default,Default,Default,Default,Default,Default,Default,Default,Default,Default,Default,Default,Default,Default,Default,Default,Default,Default,3,Default,1,Default,Default,Default,Default,Default,Default,Default,3,"ShortRun(IterationCount=3, LaunchCount=1, WarmupCount=3)",,1,Workload,Pilot,7,31700,1024,30.96,0,0,0,0
CallbackBenchmarks.DllImport_Delegate,PInvokeBench,CallbackBenchmarks,DllImport_Delegate,ShortRun,Default,Default,Default,Default,Default,Default,Default,Default,Default,Default,Default,Default,Default,Default,Default,Default,Default,Default,Default,Default,Default,Default,Default,Default,Default,Default,Default,Default,Default,Default,Default,3,Default,1,Default,Default,Default,Default,Default,Default,Default,3,"ShortRun(IterationCount=3, LaunchCount=1, WarmupCount=3)",,1,Workload,Pilot,8,59800,2048,29.2,0,0,0,0
CallbackBenchmarks.DllImport_Delegate,PInvokeBench,CallbackBenchmarks,DllImport_Delegate,ShortRun,Default,Default,Default,Default,Default,Default,Default,Default,Default,Default,Default,Default,Default,Default,Default,Default,Default,Default,Default,Default,Default,Default,Default,Default,Default,Default,Default,Default,Default,Default,Default,3,Default,1,Default,Default,Default,Default,Default,Default,Default,3,"ShortRun(IterationCount=3, LaunchCount=1, WarmupCount=3)",,1,Workload,Pilot,9,122100,4096,29.81,0,0,0,0
CallbackBenchmarks.DllImport_Delegate,PInvokeBench,CallbackBenchmarks,DllImport_Delegate,ShortRun,Default,Default,Default,Default,Default,Default,Default,Default,Default,Default,Default,Default,Default,Default,Default,Default,Default,Default,Default,Default,Default,Default,Default,Default,Default,Default,Default,Default,Default,Default,Default,3,Default,1,Default,Default,Default,Default,Default,Default,Default,3,"ShortRun(IterationCount=3, LaunchCount=1, WarmupCount=3)",,1,Workload,Pilot,10,231700,8192,28.28,0,0,0,0
CallbackBenchmarks.DllImport_Delegate,PInvokeBench,CallbackBenchmarks,DllImport_Delegate,ShortRun,Default,Default,Default,Default,Default,Default,Default,Default,Default,Default,Default,Default,Default,Default,Default,Default,Default,Default,Default,Default,Default,Default,Default,Default,Default,Default,Default,Default,Default,Default,Default,3,Default,1,Default,Default,Default,Default,Default,Default,Default,3,"ShortRun(IterationCount=3, LaunchCount=1, WarmupCount=3)",,1,Workload,Pilot,11,529200,16384,32.3,0,0,0,0
CallbackBenchmarks.DllImport_Delegate,PInvokeBench,CallbackBenchmarks,DllImport_Delegate,ShortRun,Default,Default,Default,Default,Default,Default,Default,Default,Default,Default,Default,Default,Default,Default,Default,Default,Default,Default,Default,Default,Default,Default,Default,Default,Default,Default,Default,Default,Default,Default,Default,3,Default,1,Default,Default,Default,Default,Default,Default,Default,3,"ShortRun(IterationCount=3, LaunchCount=1, WarmupCount=3)",,1,Workload,Pilot,12,955600,32768,29.16,0,0,0,0
CallbackBenchmarks.DllImport_Delegate,PInvokeBench,CallbackBenchmarks,DllImport_Delegate,ShortRun,Default,Default,Default,Default,Default,Default,Default,Default,Default,Default,Default,Default,Default,Default,Default,Default,Default,Default,Default,Default,Default,Default,Default,Default,Default,Default,Default,Default,Default,Default,Default,3,Default,1,Default,Default,Default,Default,Default,Default,Default,3,"ShortRun(IterationCount=3, LaunchCount=1, WarmupCount=3)",,1,Workload,Pilot,13,2003000,65536,30.56,0,0,0,0
CallbackBenchmarks.DllImport_Delegate,PInvokeBench,CallbackBenchmarks,DllImport_Delegate,ShortRun,Default,Default,Default,Default,Default,Default,Default,Default,Default,Default,Default,Default,Default,Default,Default,Default,Default,Default,Default,Default,Default,Default,Default,Default,Default,Default,Default,Default,Default,Default,Default,3,Default,1,Default,Default,Default,Default,Default,Default,Default,3,"ShortRun(IterationCount=3, LaunchCount=1, WarmupCount=3)",,1,Workload,Pilot,14,4175100,131072,31.85,0,0,0,0
CallbackBenchmarks.DllImport_Delegate,PInvokeBench,CallbackBenchmarks,DllImport_Delegate,ShortRun,Default,Default,Default,Default,Default,Default,Default,Default,Default,Default,Default,Default,Default,Default,Default,Default,Default,Default,Default,Default,Default,Default,Default,Default,Default,Default,Default,Default,Default,Default,Default,3,Default,1,Default,Default,Default,Default,Default,Default,Default,3,"ShortRun(IterationCount=3, LaunchCount=1, WarmupCount=3)",,1,Workload,Pilot,15,8766600,262144,33.44,0,0,0,0
CallbackBenchmarks.DllImport_Delegate,PInvokeBench,CallbackBenchmarks,DllImport_Delegate,ShortRun,Default,Default,Default,Default,Default,Default,Default,Default,Default,Default,Default,Default,Default,Default,Default,Default,Default,Default,Default,Default,Default,Default,Default,Default,Default,Default,Default,Default,Default,Default,Default,3,Default,1,Default,Default,Default,Default,Default,Default,Default,3,"ShortRun(IterationCount=3, LaunchCount=1, WarmupCount=3)",,1,Workload,Pilot,16,18278500,524288,34.86,0,0,0,0
CallbackBenchmarks.DllImport_Delegate,PInvokeBench,CallbackBenchmarks,DllImport_Delegate,ShortRun,Default,Default,Default,Default,Default,Default,Default,Default,Default,Default,Default,Default,Default,Default,Default,Default,Default,Default,Default,Default,Default,Default,Default,Default,Default,Default,Default,Default,Default,Default,Default,3,Default,1,Default,Default,Default,Default,Default,Default,Default,3,"ShortRun(IterationCount=3, LaunchCount=1, WarmupCount=3)",,1,Workload,Pilot,17,34781900,1048576,33.17,0,0,0,0
CallbackBenchmarks.DllImport_Delegate,PInvokeBench,CallbackBenchmarks,DllImport_Delegate,ShortRun,Default,Default,Default,Default,Default,Default,Default,Default,Default,Default,Default,Default,Default,Default,Default,Default,Default,Default,Default,Default,Default,Default,Default,Default,Default,Default,Default,Default,Default,Default,Default,3,Default,1,Default,Default,Default,Default,Default,Default,Default,3,"ShortRun(IterationCount=3, LaunchCount=1, WarmupCount=3)",,1,Workload,Pilot,18,70347500,2097152,33.54,0,0,0,0
CallbackBenchmarks.DllImport_Delegate,PInvokeBench,CallbackBenchmarks,DllImport_Delegate,ShortRun,Default,Default,Default,Default,Default,Default,Default,Default,Default,Default,Default,Default,Default,Default,Default,Default,Default,Default,Default,Default,Default,Default,Default,Default,Default,Default,Default,Default,Default,Default,Default,3,Default,1,Default,Default,Default,Default,Default,Default,Default,3,"ShortRun(IterationCount=3, LaunchCount=1, WarmupCount=3)",,1,Workload,Pilot,19,139918300,4194304,33.36,0,0,0,0
CallbackBenchmarks.DllImport_Delegate,PInvokeBench,CallbackBenchmarks,DllImport_Delegate,ShortRun,Default,Default,Default,Default,Default,Default,Default,Default,Default,Default,Default,Default,Default,Default,Default,Default,Default,Default,Default,Default,Default,Default,Default,Default,Default,Default,Default,Default,Default,Default,Default,3,Default,1,Default,Default,Default,Default,Default,Default,Default,3,"ShortRun(IterationCount=3, LaunchCount=1, WarmupCount=3)",,1,Workload,Pilot,20,245638500,8388608,29.28,0,0,0,0
CallbackBenchmarks.DllImport_Delegate,PInvokeBench,CallbackBenchmarks,DllImport_Delegate,ShortRun,Default,Default,Default,Default,Default,Default,Default,Default,Default,Default,Default,Default,Default,Default,Default,Default,Default,Default,Default,Default,Default,Default,Default,Default,Default,Default,Default,Default,Default,Default,Default,3,Default,1,Default,Default,Default,Default,Default,Default,Default,3,"ShortRun(IterationCount=3, LaunchCount=1, WarmupCount=3)",,1,Workload,Pilot,21,529692500,16777216,31.57,0,0,0,0
CallbackBenchmarks.DllImport_Delegate,PInvokeBench,CallbackBenchmarks,DllImport_Delegate,ShortRun,Default,Default,Default,Default,Default,Default,Default,Default,Default,Default,Default,Default,Default,Default,Default,Default,Default,Default,Default,Default,Default,Default,Default,Default,Default,Default,Default,Default,Default,Default,Default,3,Default,1,Default,Default,Default,Default,Default,Default,Default,3,"ShortRun(IterationCount=3, LaunchCount=1, WarmupCount=3)",,1,Overhead,Warmup,1,40291100,16777216,2.4,0,0,0,0
CallbackBenchmarks.DllImport_Delegate,PInvokeBench,CallbackBenchmarks,DllImport_Delegate,ShortRun,Default,Default,Default,Default,Default,Default,Default,Default,Default,Default,Default,Default,Default,Default,Default,Default,Default,Default,Default,Default,Default,Default,Default,Default,Default,Default,Default,Default,Default,Default,Default,3,Default,1,Default,Default,Default,Default,Default,Default,Default,3,"ShortRun(IterationCount=3, LaunchCount=1, WarmupCount=3)",,1,Overhead,Warmup,2,36255900,16777216,2.16,0,0,0,0
CallbackBenchmarks.DllImport_Delegate,PInvokeBench,CallbackBenchmarks,DllImport_Delegate,ShortRun,Default,Default,Default,Default,Default,Default,Default,Default,Default,Default,Default,Default,Default,Default,Default,Default,Default,Default,Default,Default,Default,Default,Default,Default,Default,Default,Default,Default,Default,Default,Default,3,Default,1,Default,Default,Default,Default,Default,Default,Default,3,"ShortRun(IterationCount=3, LaunchCount=1, WarmupCount=3)",,1,Overhead,Warmup,3,37689500,16777216,2.25,0,0,0,0
CallbackBenchmarks.DllImport_Delegate,PInvokeBench,CallbackBenchmarks,DllImport_Delegate,ShortRun,Default,Default,Default,Default,Default,Default,Default,Default,Default,Default,Default,Default,Default,Default,Default,Default,Default,Default,Default,Default,Default,Default,Default,Default,Default,Default,Default,Default,Default,Default,Default,3,Default,1,Default,Default,Default,Default,Default,Default,Default,3,"ShortRun(IterationCount=3, LaunchCount=1, WarmupCount=3)",,1,Overhead,Warmup,4,35997800,16777216,2.15,0,0,0,0
CallbackBenchmarks.DllImport_Delegate,PInvokeBench,CallbackBenchmarks,DllImport_Delegate,ShortRun,Default,Default,Default,Default,Default,Default,Default,Default,Default,Default,Default,Default,Default,Default,Default,Default,Default,Default,Default,Default,Default,Default,Default,Default,Default,Default,Default,Default,Default,Default,Default,3,Default,1,Default,Default,Default,Default,Default,Default,Default,3,"ShortRun(IterationCount=3, LaunchCount=1, WarmupCount=3)",,1,Overhead,Warmup,5,37200800,16777216,2.22,0,0,0,0
CallbackBenchmarks.DllImport_Delegate,PInvokeBench,CallbackBenchmarks,DllImport_Delegate,ShortRun,Default,Default,Default,Default,Default,Default,Default,Default,Default,Default,Default,Default,Default,Default,Default,Default,Default,Default,Default,Default,Default,Default,Default,Default,Default,Default,Default,Default,Default,Default,Default,3,Default,1,Default,Default,Default,Default,Default,Default,Default,3,"ShortRun(IterationCount=3, LaunchCount=1, WarmupCount=3)",,1,Overhead,Warmup,6,36739400,16777216,2.19,0,0,0,0
CallbackBenchmarks.DllImport_Delegate,PInvokeBench,CallbackBenchmarks,DllImport_Delegate,ShortRun,Default,Default,Default,Default,Default,Default,Default,Default,Default,Default,Default,Default,Default,Default,Default,Default,Default,Default,Default,Default,Default,Default,Default,Default,Default,Default,Default,Default,Default,Default,Default,3,Default,1,Default,Default,Default,Default,Default,Default,Default,3,"ShortRun(IterationCount=3, LaunchCount=1, WarmupCount=3)",,1,Overhead,Actual,1,37649900,16777216,2.24,0,0,0,0
CallbackBenchmarks.DllImport_Delegate,PInvokeBench,CallbackBenchmarks,DllImport_Delegate,ShortRun,Default,Default,Default,Default,Default,Default,Default,Default,Default,Default,Default,Default,Default,Default,Default,Default,Default,Default,Default,Default,Default,Default,Default,Default,Default,Default,Default,Default,Default,Default,Default,3,Default,1,Default,Default,Default,Default,Default,Default,Default,3,"ShortRun(IterationCount=3, LaunchCount=1, WarmupCount=3)",,1,Overhead,Actual,2,37384700,16777216,2.23,0,0,0,0
CallbackBenchmarks.DllImport_Delegate,PInvokeBench,CallbackBenchmarks,DllImport_Delegate,ShortRun,Default,Default,Default,Default,Default,Default,Default,Default,Default,Default,Default,Default,Default,Default,Default,Default,Default,Default,Default,Default,Default,Default,Default,Default,Default,Default,Default,Default,Default,Default,Default,3,Default,1,Default,Default,Default,Default,Default,Default,Default,3,"ShortRun(IterationCount=3, LaunchCount=1, WarmupCount=3)",,1,Overhead,Actual,3,38979300,16777216,2.32,0,0,0,0
CallbackBenchmarks.DllImport_Delegate,PInvokeBench,CallbackBenchmarks,DllImport_Delegate,ShortRun,Default,Default,Default,Default,Default,Default,Default,Default,Default,Default,Default,Default,Default,Default,Default,Default,Default,Default,Default,Default,Default,Default,Default,Default,Default,Default,Default,Default,Default,Default,Default,3,Default,1,Default,Default,Default,Default,Default,Default,Default,3,"ShortRun(IterationCount=3, LaunchCount=1, WarmupCount=3)",,1,Overhead,Actual,4,37498700,16777216,2.24,0,0,0,0
CallbackBenchmarks.DllImport_Delegate,PInvokeBench,CallbackBenchmarks,DllImport_Delegate,ShortRun,Default,Default,Default,Default,Default,Default,Default,Default,Default,Default,Default,Default,Default,Default,Default,Default,Default,Default,Default,Default,Default,Default,Default,Default,Default,Default,Default,Default,Default,Default,Default,3,Default,1,Default,Default,Default,Default,Default,Default,Default,3,"ShortRun(IterationCount=3, LaunchCount=1, WarmupCount=3)",,1,Overhead,Actual,5,36091200,16777216,2.15,0,0,0,0
CallbackBenchmarks.DllImport_Delegate,PInvokeBench,CallbackBenchmarks,DllImport_Delegate,ShortRun,Default,Default,Default,Default,Default,Default,Default,Default,Default,Default,Default,Default,Default,Default,Default,Default,Default,Default,Default,Default,Default,Default,Default,Default,Default,Default,Default,Default,Default,Default,Default,3,Default,1,Default,Default,Default,Default,Default,Default,Default,3,"ShortRun(IterationCount=3, LaunchCount=1, WarmupCount=3)",,1,Overhead,Actual,6,38148700,16777216,2.27,0,0,0,0
CallbackBenchmarks.DllImport_Delegate,PInvokeBench,CallbackBenchmarks,DllImport_Delegate,ShortRun,Default,Default,Default,Default,Default,Default,Default,Default,Default,Default,Default,Default,Default,Default,Default,Default,Default,Default,Default,Default,Default,Default,Default,Default,Default,Default,Default,Default,Default,Default,Default,3,Default,1,Default,Default,Default,Default,Default,Default,Default,3,"ShortRun(IterationCount=3, LaunchCount=1, WarmupCount=3)",,1,Overhead,Actual,7,37633200,16777216,2.24,0,0,0,0
CallbackBenchmarks.DllImport_Delegate,PInvokeBench,CallbackBenchmarks,DllImport_Delegate,ShortRun,Default,Default,Default,Default,Default,Default,Default,Default,Default,Default,Default,Default,Default,Default,Default,Default,Default,Default,Default,Default,Default,Default,Default,Default,Default,Default,Default,Default,Default,Default,Default,3,Default,1,Default,Default,Default,Default,Default,Default,Default,3,"ShortRun(IterationCount=3, LaunchCount=1, WarmupCount=3)",,1,Overhead,Actual,8,35933000,16777216,2.14,0,0,0,0
CallbackBenchmarks.DllImport_Delegate,PInvokeBench,CallbackBenchmarks,DllImport_Delegate,ShortRun,Default,Default,Default,Default,Default,Default,Default,Default,Default,Default,Default,Default,Default,Default,Default,Default,Default,Default,Default,Default,Default,Default,Default,Default,Default,Default,Default,Default,Default,Default,Default,3,Default,1,Default,Default,Default,Default,Default,Default,Default,3,"ShortRun(IterationCount=3, LaunchCount=1, WarmupCount=3)",,1,Overhead,Actual,9,34192300,16777216,2.04,0,0,0,0
CallbackBenchmarks.DllImport_Delegate,PInvokeBench,CallbackBenchmarks,DllImport_Delegate,ShortRun,Default,Default,Default,Default,Default,Default,Default,Default,Default,Default,Default,Default,Default,Default,Default,Default,Default,Default,Default,Default,Default,Default,Default,Default,Default,Default,Default,Default,Default,Default,Default,3,Default,1,Default,Default,Default,Default,Default,Default,Default,3,"ShortRun(IterationCount=3, LaunchCount=1, WarmupCount=3)",,1,Overhead,Actual,10,29248200,16777216,1.74,0,0,0,0
CallbackBenchmarks.DllImport_Delegate,PInvokeBench,CallbackBenchmarks,DllImport_Delegate,ShortRun,Default,Default,Default,Default,Default,Default,Default,Default,Default,Default,Default,Default,Default,Default,Default,Default,Default,Default,Default,Default,Default,Default,Default,Default,Default,Default,Default,Default,Default,Default,Default,3,Default,1,Default,Default,Default,Default,Default,Default,Default,3,"ShortRun(IterationCount=3, LaunchCount=1, WarmupCount=3)",,1,Overhead,Actual,11,28279600,16777216,1.69,0,0,0,0
CallbackBenchmarks.DllImport_Delegate,PInvokeBench,CallbackBenchmarks,DllImport_Delegate,ShortRun,Default,Default,Default,Default,Default,Default,Default,Default,Default,Default,Default,Default,Default,Default,Default,Default,Default,Default,Default,Default,Default,Default,Default,Default,Default,Default,Default,Default,Default,Default,Default,3,Default,1,Default,Default,Default,Default,Default,Default,Default,3,"ShortRun(IterationCount=3, LaunchCount=1, WarmupCount=3)",,1,Overhead,Actual,12,28359700,16777216,1.69,0,0,0,0
CallbackBenchmarks.DllImport_Delegate,PInvokeBench,CallbackBenchmarks,DllImport_Delegate,ShortRun,Default,Default,Default,Default,Default,Default,Default,Default,Default,Default,Default,Default,Default,Default,Default,Default,Default,Default,Default,Default,Default,Default,Default,Default,Default,Default,Default,Default,Default,Default,Default,3,Default,1,Default,Default,Default,Default,Default,Default,Default,3,"ShortRun(IterationCount=3, LaunchCount=1, WarmupCount=3)",,1,Overhead,Actual,13,29351700,16777216,1.75,0,0,0,0
CallbackBenchmarks.DllImport_Delegate,PInvokeBench,CallbackBenchmarks,DllImport_Delegate,ShortRun,Default,Default,Default,Default,Default,Default,Default,Default,Default,Default,Default,Default,Default,Default,Default,Default,Default,Default,Default,Default,Default,Default,Default,Default,Default,Default,Default,Default,Default,Default,Default,3,Default,1,Default,Default,Default,Default,Default,Default,Default,3,"ShortRun(IterationCount=3, LaunchCount=1, WarmupCount=3)",,1,Overhead,Actual,14,29013200,16777216,1.73,0,0,0,0
CallbackBenchmarks.DllImport_Delegate,PInvokeBench,CallbackBenchmarks,DllImport_Delegate,ShortRun,Default,Default,Default,Default,Default,Default,Default,Default,Default,Default,Default,Default,Default,Default,Default,Default,Default,Default,Default,Default,Default,Default,Default,Default,Default,Default,Default,Default,Default,Default,Default,3,Default,1,Default,Default,Default,Default,Default,Default,Default,3,"ShortRun(IterationCount=3, LaunchCount=1, WarmupCount=3)",,1,Overhead,Actual,15,29728400,16777216,1.77,0,0,0,0
CallbackBenchmarks.DllImport_Delegate,PInvokeBench,CallbackBenchmarks,DllImport_Delegate,ShortRun,Default,Default,Default,Default,Default,Default,Default,Default,Default,Default,Default,Default,Default,Default,Default,Default,Default,Default,Default,Default,Default,Default,Default,Default,Default,Default,Default,Default,Default,Default,Default,3,Default,1,Default,Default,Default,Default,Default,Default,Default,3,"ShortRun(IterationCount=3, LaunchCount=1, WarmupCount=3)",,1,Overhead,Actual,16,31949600,16777216,1.9,0,0,0,0
CallbackBenchmarks.DllImport_Delegate,PInvokeBench,CallbackBenchmarks,DllImport_Delegate,ShortRun,Default,Default,Default,Default,Default,Default,Default,Default,Default,Default,Default,Default,Default,Default,Default,Default,Default,Default,Default,Default,Default,Default,Default,Default,Default,Default,Default,Default,Default,Default,Default,3,Default,1,Default,Default,Default,Default,Default,Default,Default,3,"ShortRun(IterationCount=3, LaunchCount=1, WarmupCount=3)",,1,Overhead,Actual,17,32704400,16777216,1.95,0,0,0,0
CallbackBenchmarks.DllImport_Delegate,PInvokeBench,CallbackBenchmarks,DllImport_Delegate,ShortRun,Default,Default,Default,Default,Default,Default,Default,Default,Default,Default,Default,Default,Default,Default,Default,Default,Default,Default,Default,Default,Default,Default,Default,Default,Default,Default,Default,Default,Default,Default,Default,3,Default,1,Default,Default,Default,Default,Default,Default,Default,3,"ShortRun(IterationCount=3, LaunchCount=1, WarmupCount=3)",,1,Overhead,Actual,18,32327500,16777216,1.93,0,0,0,0
CallbackBenchmarks.DllImport_Delegate,PInvokeBench,CallbackBenchmarks,DllImport_Delegate,ShortRun,Default,Default,Default,Default,Default,Default,Default,Default,Default,Default,Default,Default,Default,Default,Default,Default,Default,Default,Default,Default,Default,Default,Default,Default,Default,Default,Default,Default,Default,Default,Default,3,Default,1,Default,Default,Default,Default,Default,Default,Default,3,"ShortRun(IterationCount=3, LaunchCount=1, WarmupCount=3)",,1,Overhead,Actual,19,34538900,16777216,2.06,0,0,0,0
CallbackBenchmarks.DllImport_Delegate,PInvokeBench,CallbackBenchmarks,DllImport_Delegate,ShortRun,Default,Default,Default,Default,Default,Default,Default,Default,Default,Default,Default,Default,Default,Default,Default,Default,Default,Default,Default,Default,Default,Default,Default,Default,Default,Default,Default,Default,Default,Default,Default,3,Default,1,Default,Default,Default,Default,Default,Default,Default,3,"ShortRun(IterationCount=3, LaunchCount=1, WarmupCount=3)",,1,Overhead,Actual,20,32136300,16777216,1.92,0,0,0,0
CallbackBenchmarks.DllImport_Delegate,PInvokeBench,CallbackBenchmarks,DllImport_Delegate,ShortRun,Default,Default,Default,Default,Default,Default,Default,Default,Default,Default,Default,Default,Default,Default,Default,Default,Default,Default,Default,Default,Default,Default,Default,Default,Default,Default,Default,Default,Default,Default,Default,3,Default,1,Default,Default,Default,Default,Default,Default,Default,3,"ShortRun(IterationCount=3, LaunchCount=1, WarmupCount=3)",,1,Workload,Warmup,1,573246600,16777216,34.17,0,0,0,0
CallbackBenchmarks.DllImport_Delegate,PInvokeBench,CallbackBenchmarks,DllImport_Delegate,ShortRun,Default,Default,Default,Default,Default,Default,Default,Default,Default,Default,Default,Default,Default,Default,Default,Default,Default,Default,Default,Default,Default,Default,Default,Default,Default,Default,Default,Default,Default,Default,Default,3,Default,1,Default,Default,Default,Default,Default,Default,Default,3,"ShortRun(IterationCount=3, LaunchCount=1, WarmupCount=3)",,1,Workload,Warmup,2,510130400,16777216,30.41,0,0,0,0
CallbackBenchmarks.DllImport_Delegate,PInvokeBench,CallbackBenchmarks,DllImport_Delegate,ShortRun,Default,Default,Default,Default,Default,Default,Default,Default,Default,Default,Default,Default,Default,Default,Default,Default,Default,Default,Default,Default,Default,Default,Default,Default,Default,Default,Default,Default,Default,Default,Default,3,Default,1,Default,Default,Default,Default,Default,Default,Default,3,"ShortRun(IterationCount=3, LaunchCount=1, WarmupCount=3)",,1,Workload,Warmup,3,536649900,16777216,31.99,0,0,0,0
CallbackBenchmarks.DllImport_Delegate,PInvokeBench,CallbackBenchmarks,DllImport_Delegate,ShortRun,Default,Default,Default,Default,Default,Default,Default,Default,Default,Default,Default,Default,Default,Default,Default,Default,Default,Default,Default,Default,Default,Default,Default,Default,Default,Default,Default,Default,Default,Default,Default,3,Default,1,Default,Default,Default,Default,Default,Default,Default,3,"ShortRun(IterationCount=3, LaunchCount=1, WarmupCount=3)",,1,Workload,Actual,1,519768400,16777216,30.98,0,0,0,0
CallbackBenchmarks.DllImport_Delegate,PInvokeBench,CallbackBenchmarks,DllImport_Delegate,ShortRun,Default,Default,Default,Default,Default,Default,Default,Default,Default,Default,Default,Default,Default,Default,Default,Default,Default,Default,Default,Default,Default,Default,Default,Default,Default,Default,Default,Default,Default,Default,Default,3,Default,1,Default,Default,Default,Default,Default,Default,Default,3,"ShortRun(IterationCount=3, LaunchCount=1, WarmupCount=3)",,1,Workload,Actual,2,499316600,16777216,29.76,0,0,0,0
CallbackBenchmarks.DllImport_Delegate,PInvokeBench,CallbackBenchmarks,DllImport_Delegate,ShortRun,Default,Default,Default,Default,Default,Default,Default,Default,Default,Default,Default,Default,Default,Default,Default,Default,Default,Default,Default,Default,Default,Default,Default,Default,Default,Default,Default,Default,Default,Default,Default,3,Default,1,Default,Default,Default,Default,Default,Default,Default,3,"ShortRun(IterationCount=3, LaunchCount=1, WarmupCount=3)",,1,Workload,Actual,3,516164900,16777216,30.77,0,0,0,0
CallbackBenchmarks.DllImport_Delegate,PInvokeBench,CallbackBenchmarks,DllImport_Delegate,ShortRun,Default,Default,Default,Default,Default,Default,Default,Default,Default,Default,Default,Default,Default,Default,Default,Default,Default,Default,Default,Default,Default,Default,Default,Default,Default,Default,Default,Default,Default,Default,Default,3,Default,1,Default,Default,Default,Default,Default,Default,Default,3,"ShortRun(IterationCount=3, LaunchCount=1, WarmupCount=3)",,1,Workload,Result,1,486320050,16777216,28.99,0,0,0,0
CallbackBenchmarks.DllImport_Delegate,PInvokeBench,CallbackBenchmarks,DllImport_Delegate,ShortRun,Default,Default,Default,Default,Default,Default,Default,Default,Default,Default,Default,Default,Default,Default,Default,Default,Default,Default,Default,Default,Default,Default,Default,Default,Default,Default,Default,Default,Default,Default,Default,3,Default,1,Default,Default,Default,Default,Default,Default,Default,3,"ShortRun(IterationCount=3, LaunchCount=1, WarmupCount=3)",,1,Workload,Result,2,465868250,16777216,27.77,0,0,0,0
CallbackBenchmarks.DllImport_Delegate,PInvokeBench,CallbackBenchmarks,DllImport_Delegate,ShortRun,Default,Default,Default,Default,Default,Default,Default,Default,Default,Default,Default,Default,Default,Default,Default,Default,Default,Default,Default,Default,Default,Default,Default,Default,Default,Default,Default,Default,Default,Default,Default,3,Default,1,Default,Default,Default,Default,Default,Default,Default,3,"ShortRun(IterationCount=3, LaunchCount=1, WarmupCount=3)",,1,Workload,Result,3,482716550,16777216,28.77,0,0,0,0
CallbackBenchmarks.DllImport_FunctionPointer_Cached,PInvokeBench,CallbackBenchmarks,DllImport_FunctionPointer_Cached,ShortRun,Default,Default,Default,Default,Default,Default,Default,Default,Default,Default,Default,Default,Default,Default,Default,Default,Default,Default,Default,Default,Default,Default,Default,Default,Default,Default,Default,Default,Default,Default,Default,3,Default,1,Default,Default,Default,Default,Default,Default,Default,3,"ShortRun(IterationCount=3, LaunchCount=1, WarmupCount=3)",,1,Overhead,Jitting,1,229700,1,229700,0,0,0,0
CallbackBenchmarks.DllImport_FunctionPointer_Cached,PInvokeBench,CallbackBenchmarks,DllImport_FunctionPointer_Cached,ShortRun,Default,Default,Default,Default,Default,Default,Default,Default,Default,Default,Default,Default,Default,Default,Default,Default,Default,Default,Default,Default,Default,Default,Default,Default,Default,Default,Default,Default,Default,Default,Default,3,Default,1,Default,Default,Default,Default,Default,Default,Default,3,"ShortRun(IterationCount=3, LaunchCount=1, WarmupCount=3)",,1,Workload,Jitting,1,867200,1,867200,0,0,0,0
CallbackBenchmarks.DllImport_FunctionPointer_Cached,PInvokeBench,CallbackBenchmarks,DllImport_FunctionPointer_Cached,ShortRun,Default,Default,Default,Default,Default,Default,Default,Default,Default,Default,Default,Default,Default,Default,Default,Default,Default,Default,Default,Default,Default,Default,Default,Default,Default,Default,Default,Default,Default,Default,Default,3,Default,1,Default,Default,Default,Default,Default,Default,Default,3,"ShortRun(IterationCount=3, LaunchCount=1, WarmupCount=3)",,1,Overhead,Jitting,2,293200,16,18325,0,0,0,0
CallbackBenchmarks.DllImport_FunctionPointer_Cached,PInvokeBench,CallbackBenchmarks,DllImport_FunctionPointer_Cached,ShortRun,Default,Default,Default,Default,Default,Default,Default,Default,Default,Default,Default,Default,Default,Default,Default,Default,Default,Default,Default,Default,Default,Default,Default,Default,Default,Default,Default,Default,Default,Default,Default,3,Default,1,Default,Default,Default,Default,Default,Default,Default,3,"ShortRun(IterationCount=3, LaunchCount=1, WarmupCount=3)",,1,Workload,Jitting,2,278500,16,17406.25,0,0,0,0
CallbackBenchmarks.DllImport_FunctionPointer_Cached,PInvokeBench,CallbackBenchmarks,DllImport_FunctionPointer_Cached,ShortRun,Default,Default,Default,Default,Default,Default,Default,Default,Default,Default,Default,Default,Default,Default,Default,Default,Default,Default,Default,Default,Default,Default,Default,Default,Default,Default,Default,Default,Default,Default,Default,3,Default,1,Default,Default,Default,Default,Default,Default,Default,3,"ShortRun(IterationCount=3, LaunchCount=1, WarmupCount=3)",,1,Workload,Pilot,1,1400,16,87.5,0,0,0,0
CallbackBenchmarks.DllImport_FunctionPointer_Cached,PInvokeBench,CallbackBenchmarks,DllImport_FunctionPointer_Cached,ShortRun,Default,Default,Default,Default,Default,Default,Default,Default,Default,Default,Default,Default,Default,Default,Default,Default,Default,Default,Default,Default,Default,Default,Default,Default,Default,Default,Default,Default,Default,Default,Default,3,Default,1,Default,Default,Default,Default,Default,Default,Default,3,"ShortRun(IterationCount=3, LaunchCount=1, WarmupCount=3)",,1,Workload,Pilot,2,900,32,28.13,0,0,0,0
CallbackBenchmarks.DllImport_FunctionPointer_Cached,PInvokeBench,CallbackBenchmarks,DllImport_FunctionPointer_Cached,ShortRun,Default,Default,Default,Default,Default,Default,Default,Default,Default,Default,Default,Default,Default,Default,Default,Default,Default,Default,Default,Default,Default,Default,Default,Default,Default,Default,Default,Default,Default,Default,Default,3,Default,1,Default,Default,Default,Default,Default,Default,Default,3,"ShortRun(IterationCount=3, LaunchCount=1, WarmupCount=3)",,1,Workload,Pilot,3,1400,64,21.88,0,0,0,0
CallbackBenchmarks.DllImport_FunctionPointer_Cached,PInvokeBench,CallbackBenchmarks,DllImport_FunctionPointer_Cached,ShortRun,Default,Default,Default,Default,Default,Default,Default,Default,Default,Default,Default,Default,Default,Default,Default,Default,Default,Default,Default,Default,Default,Default,Default,Default,Default,Default,Default,Default,Default,Default,Default,3,Default,1,Default,Default,Default,Default,Default,Default,Default,3,"ShortRun(IterationCount=3, LaunchCount=1, WarmupCount=3)",,1,Workload,Pilot,4,2700,128,21.09,0,0,0,0
CallbackBenchmarks.DllImport_FunctionPointer_Cached,PInvokeBench,CallbackBenchmarks,DllImport_FunctionPointer_Cached,ShortRun,Default,Default,Default,Default,Default,Default,Default,Default,Default,Default,Default,Default,Default,Default,Default,Default,Default,Default,Default,Default,Default,Default,Default,Default,Default,Default,Default,Default,Default,Default,Default,3,Default,1,Default,Default,Default,Default,Default,Default,Default,3,"ShortRun(IterationCount=3, LaunchCount=1, WarmupCount=3)",,1,Workload,Pilot,5,3400,256,13.28,0,0,0,0
CallbackBenchmarks.DllImport_FunctionPointer_Cached,PInvokeBench,CallbackBenchmarks,DllImport_FunctionPointer_Cached,ShortRun,Default,Default,Default,Default,Default,Default,Default,Default,Default,Default,Default,Default,Default,Default,Default,Default,Default,Default,Default,Default,Default,Default,Default,Default,Default,Default,Default,Default,Default,Default,Default,3,Default,1,Default,Default,Default,Default,Default,Default,Default,3,"ShortRun(IterationCount=3, LaunchCount=1, WarmupCount=3)",,1,Workload,Pilot,6,7100,512,13.87,0,0,0,0
CallbackBenchmarks.DllImport_FunctionPointer_Cached,PInvokeBench,CallbackBenchmarks,DllImport_FunctionPointer_Cached,ShortRun,Default,Default,Default,Default,Default,Default,Default,Default,Default,Default,Default,Default,Default,Default,Default,Default,Default,Default,Default,Default,Default,Default,Default,Default,Default,Default,Default,Default,Default,Default,Default,3,Default,1,Default,Default,Default,Default,Default,Default,Default,3,"ShortRun(IterationCount=3, LaunchCount=1, WarmupCount=3)",,1,Workload,Pilot,7,12800,1024,12.5,0,0,0,0
CallbackBenchmarks.DllImport_FunctionPointer_Cached,PInvokeBench,CallbackBenchmarks,DllImport_FunctionPointer_Cached,ShortRun,Default,Default,Default,Default,Default,Default,Default,Default,Default,Default,Default,Default,Default,Default,Default,Default,Default,Default,Default,Default,Default,Default,Default,Default,Default,Default,Default,Default,Default,Default,Default,3,Default,1,Default,Default,Default,Default,Default,Default,Default,3,"ShortRun(IterationCount=3, LaunchCount=1, WarmupCount=3)",,1,Workload,Pilot,8,28100,2048,13.72,0,0,0,0
CallbackBenchmarks.DllImport_FunctionPointer_Cached,PInvokeBench,CallbackBenchmarks,DllImport_FunctionPointer_Cached,ShortRun,Default,Default,Default,Default,Default,Default,Default,Default,Default,Default,Default,Default,Default,Default,Default,Default,Default,Default,Default,Default,Default,Default,Default,Default,Default,Default,Default,Default,Default,Default,Default,3,Default,1,Default,Default,Default,Default,Default,Default,Default,3,"ShortRun(IterationCount=3, LaunchCount=1, WarmupCount=3)",,1,Workload,Pilot,9,47800,4096,11.67,0,0,0,0
CallbackBenchmarks.DllImport_FunctionPointer_Cached,PInvokeBench,CallbackBenchmarks,DllImport_FunctionPointer_Cached,ShortRun,Default,Default,Default,Default,Default,Default,Default,Default,Default,Default,Default,Default,Default,Default,Default,Default,Default,Default,Default,Default,Default,Default,Default,Default,Default,Default,Default,Default,Default,Default,Default,3,Default,1,Default,Default,Default,Default,Default,Default,Default,3,"ShortRun(IterationCount=3, LaunchCount=1, WarmupCount=3)",,1,Workload,Pilot,10,98300,8192,12,0,0,0,0
CallbackBenchmarks.DllImport_FunctionPointer_Cached,PInvokeBench,CallbackBenchmarks,DllImport_FunctionPointer_Cached,ShortRun,Default,Default,Default,Default,Default,Default,Default,Default,Default,Default,Default,Default,Default,Default,Default,Default,Default,Default,Default,Default,Default,Default,Default,Default,Default,Default,Default,Default,Default,Default,Default,3,Default,1,Default,Default,Default,Default,Default,Default,Default,3,"ShortRun(IterationCount=3, LaunchCount=1, WarmupCount=3)",,1,Workload,Pilot,11,170600,16384,10.41,0,0,0,0
CallbackBenchmarks.DllImport_FunctionPointer_Cached,PInvokeBench,CallbackBenchmarks,DllImport_FunctionPointer_Cached,ShortRun,Default,Default,Default,Default,Default,Default,Default,Default,Default,Default,Default,Default,Default,Default,Default,Default,Default,Default,Default,Default,Default,Default,Default,Default,Default,Default,Default,Default,Default,Default,Default,3,Default,1,Default,Default,Default,Default,Default,Default,Default,3,"ShortRun(IterationCount=3, LaunchCount=1, WarmupCount=3)",,1,Workload,Pilot,12,361000,32768,11.02,0,0,0,0
CallbackBenchmarks.DllImport_FunctionPointer_Cached,PInvokeBench,CallbackBenchmarks,DllImport_FunctionPointer_Cached,ShortRun,Default,Default,Default,Default,Default,Default,Default,Default,Default,Default,Default,Default,Default,Default,Default,Default,Default,Default,Default,Default,Default,Default,Default,Default,Default,Default,Default,Default,Default,Default,Default,3,Default,1,Default,Default,Default,Default,Default,Default,Default,3,"ShortRun(IterationCount=3, LaunchCount=1, WarmupCount=3)",,1,Workload,Pilot,13,781600,65536,11.93,0,0,0,0
CallbackBenchmarks.DllImport_FunctionPointer_Cached,PInvokeBench,CallbackBenchmarks,DllImport_FunctionPointer_Cached,ShortRun,Default,Default,Default,Default,Default,Default,Default,Default,Default,Default,Default,Default,Default,Default,Default,Default,Default,Default,Default,Default,Default,Default,Default,Default,Default,Default,Default,Default,Default,Default,Default,3,Default,1,Default,Default,Default,Default,Default,Default,Default,3,"ShortRun(IterationCount=3, LaunchCount=1, WarmupCount=3)",,1,Workload,Pilot,14,1609600,131072,12.28,0,0,0,0
CallbackBenchmarks.DllImport_FunctionPointer_Cached,PInvokeBench,CallbackBenchmarks,DllImport_FunctionPointer_Cached,ShortRun,Default,Default,Default,Default,Default,Default,Default,Default,Default,Default,Default,Default,Default,Default,Default,Default,Default,Default,Default,Default,Default,Default,Default,Default,Default,Default,Default,Default,Default,Default,Default,3,Default,1,Default,Default,Default,Default,Default,Default,Default,3,"ShortRun(IterationCount=3, LaunchCount=1, WarmupCount=3)",,1,Workload,Pilot,15,3056300,262144,11.66,0,0,0,0
CallbackBenchmarks.DllImport_FunctionPointer_Cached,PInvokeBench,CallbackBenchmarks,DllImport_FunctionPointer_Cached,ShortRun,Default,Default,Default,Default,Default,Default,Default,Default,Default,Default,Default,Default,Default,Default,Default,Default,Default,Default,Default,Default,Default,Default,Default,Default,Default,Default,Default,Default,Default,Default,Default,3,Default,1,Default,Default,Default,Default,Default,Default,Default,3,"ShortRun(IterationCount=3, LaunchCount=1, WarmupCount=3)",,1,Workload,Pilot,16,6437000,524288,12.28,0,0,0,0
CallbackBenchmarks.DllImport_FunctionPointer_Cached,PInvokeBench,CallbackBenchmarks,DllImport_FunctionPointer_Cached,ShortRun,Default,Default,Default,Default,Default,Default,Default,Default,Default,Default,Default,Default,Default,Default,Default,Default,Default,Default,Default,Default,Default,Default,Default,Default,Default,Default,Default,Default,Default,Default,Default,3,Default,1,Default,Default,Default,Default,Default,Default,Default,3,"ShortRun(IterationCount=3, LaunchCount=1, WarmupCount=3)",,1,Workload,Pilot,17,14606700,1048576,13.93,0,0,0,0
CallbackBenchmarks.DllImport_FunctionPointer_Cached,PInvokeBench,CallbackBenchmarks,DllImport_FunctionPointer_Cached,ShortRun,Default,Default,Default,Default,Default,Default,Default,Default,Default,Default,Default,Default,Default,Default,Default,Default,Default,Default,Default,Default,Default,Default,Default,Default,Default,Default,Default,Default,Default,Default,Default,3,Default,1,Default,Default,Default,Default,Default,Default,Default,3,"ShortRun(IterationCount=3, LaunchCount=1, WarmupCount=3)",,1,Workload,Pilot,18,25631900,2097152,12.22,0,0,0,0
CallbackBenchmarks.DllImport_FunctionPointer_Cached,PInvokeBench,CallbackBenchmarks,DllImport_FunctionPointer_Cached,ShortRun,Default,Default,Default,Default,Default,Default,Default,Default,Default,Default,Default,Default,Default,Default,Default,Default,Default,Default,Default,Default,Default,Default,Default,Default,Default,Default,Default,Default,Default,Default,Default,3,Default,1,Default,Default,Default,Default,Default,Default,Default,3,"ShortRun(IterationCount=3, LaunchCount=1, WarmupCount=3)",,1,Workload,Pilot,19,52958700,4194304,12.63,0,0,0,0
CallbackBenchmarks.DllImport_FunctionPointer_Cached,PInvokeBench,CallbackBenchmarks,DllImport_FunctionPointer_Cached,ShortRun,Default,Default,Default,Default,Default,Default,Default,Default,Default,Default,Default,Default,Default,Default,Default,Default,Default,Default,Default,Default,Default,Default,Default,Default,Default,Default,Default,Default,Default,Default,Default,3,Default,1,Default,Default,Default,Default,Default,Default,Default,3,"ShortRun(IterationCount=3, LaunchCount=1, WarmupCount=3)",,1,Workload,Pilot,20,96851200,8388608,11.55,0,0,0,0
CallbackBenchmarks.DllImport_FunctionPointer_Cached,PInvokeBench,CallbackBenchmarks,DllImport_FunctionPointer_Cached,ShortRun,Default,Default,Default,Default,Default,Default,Default,Default,Default,Default,Default,Default,Default,Default,Default,Default,Default,Default,Default,Default,Default,Default,Default,Default,Default,Default,Default,Default,Default,Default,Default,3,Default,1,Default,Default,Default,Default,Default,Default,Default,3,"ShortRun(IterationCount=3, LaunchCount=1, WarmupCount=3)",,1,Workload,Pilot,21,184074500,16777216,10.97,0,0,0,0
CallbackBenchmarks.DllImport_FunctionPointer_Cached,PInvokeBench,CallbackBenchmarks,DllImport_FunctionPointer_Cached,ShortRun,Default,Default,Default,Default,Default,Default,Default,Default,Default,Default,Default,Default,Default,Default,Default,Default,Default,Default,Default,Default,Default,Default,Default,Default,Default,Default,Default,Default,Default,Default,Default,3,Default,1,Default,Default,Default,Default,Default,Default,Default,3,"ShortRun(IterationCount=3, LaunchCount=1, WarmupCount=3)",,1,Workload,Pilot,22,396201500,33554432,11.81,0,0,0,0
CallbackBenchmarks.DllImport_FunctionPointer_Cached,PInvokeBench,CallbackBenchmarks,DllImport_FunctionPointer_Cached,ShortRun,Default,Default,Default,Default,Default,Default,Default,Default,Default,Default,Default,Default,Default,Default,Default,Default,Default,Default,Default,Default,Default,Default,Default,Default,Default,Default,Default,Default,Default,Default,Default,3,Default,1,Default,Default,Default,Default,Default,Default,Default,3,"ShortRun(IterationCount=3, LaunchCount=1, WarmupCount=3)",,1,Workload,Pilot,23,779880500,67108864,11.62,0,0,0,0
CallbackBenchmarks.DllImport_FunctionPointer_Cached,PInvokeBench,CallbackBenchmarks,DllImport_FunctionPointer_Cached,ShortRun,Default,Default,Default,Default,Default,Default,Default,Default,Default,Default,Default,Default,Default,Default,Default,Default,Default,Default,Default,Default,Default,Default,Default,Default,Default,Default,Default,Default,Default,Default,Default,3,Default,1,Default,Default,Default,Default,Default,Default,Default,3,"ShortRun(IterationCount=3, LaunchCount=1, WarmupCount=3)",,1,Overhead,Warmup,1,147806800,67108864,2.2,0,0,0,0
CallbackBenchmarks.DllImport_FunctionPointer_Cached,PInvokeBench,CallbackBenchmarks,DllImport_FunctionPointer_Cached,ShortRun,Default,Default,Default,Default,Default,Default,Default,Default,Default,Default,Default,Default,Default,Default,Default,Default,Default,Default,Default,Default,Default,Default,Default,Default,Default,Default,Default,Default,Default,Default,Default,3,Default,1,Default,Default,Default,Default,Default,Default,Default,3,"ShortRun(IterationCount=3, LaunchCount=1, WarmupCount=3)",,1,Overhead,Warmup,2,136249200,67108864,2.03,0,0,0,0
CallbackBenchmarks.DllImport_FunctionPointer_Cached,PInvokeBench,CallbackBenchmarks,DllImport_FunctionPointer_Cached,ShortRun,Default,Default,Default,Default,Default,Default,Default,Default,Default,Default,Default,Default,Default,Default,Default,Default,Default,Default,Default,Default,Default,Default,Default,Default,Default,Default,Default,Default,Default,Default,Default,3,Default,1,Default,Default,Default,Default,Default,Default,Default,3,"ShortRun(IterationCount=3, LaunchCount=1, WarmupCount=3)",,1,Overhead,Warmup,3,106977800,67108864,1.59,0,0,0,0
CallbackBenchmarks.DllImport_FunctionPointer_Cached,PInvokeBench,CallbackBenchmarks,DllImport_FunctionPointer_Cached,ShortRun,Default,Default,Default,Default,Default,Default,Default,Default,Default,Default,Default,Default,Default,Default,Default,Default,Default,Default,Default,Default,Default,Default,Default,Default,Default,Default,Default,Default,Default,Default,Default,3,Default,1,Default,Default,Default,Default,Default,Default,Default,3,"ShortRun(IterationCount=3, LaunchCount=1, WarmupCount=3)",,1,Overhead,Warmup,4,118557300,67108864,1.77,0,0,0,0
CallbackBenchmarks.DllImport_FunctionPointer_Cached,PInvokeBench,CallbackBenchmarks,DllImport_FunctionPointer_Cached,ShortRun,Default,Default,Default,Default,Default,Default,Default,Default,Default,Default,Default,Default,Default,Default,Default,Default,Default,Default,Default,Default,Default,Default,Default,Default,Default,Default,Default,Default,Default,Default,Default,3,Default,1,Default,Default,Default,Default,Default,Default,Default,3,"ShortRun(IterationCount=3, LaunchCount=1, WarmupCount=3)",,1,Overhead,Warmup,5,117046900,67108864,1.74,0,0,0,0
CallbackBenchmarks.DllImport_FunctionPointer_Cached,PInvokeBench,CallbackBenchmarks,DllImport_FunctionPointer_Cached,ShortRun,Default,Default,Default,Default,Default,Default,Default,Default,Default,Default,Default,Default,Default,Default,Default,Default,Default,Default,Default,Default,Default,Default,Default,Default,Default,Default,Default,Default,Default,Default,Default,3,Default,1,Default,Default,Default,Default,Default,Default,Default,3,"ShortRun(IterationCount=3, LaunchCount=1, WarmupCount=3)",,1,Overhead,Warmup,6,124033300,67108864,1.85,0,0,0,0
CallbackBenchmarks.DllImport_FunctionPointer_Cached,PInvokeBench,CallbackBenchmarks,DllImport_FunctionPointer_Cached,ShortRun,Default,Default,Default,Default,Default,Default,Default,Default,Default,Default,Default,Default,Default,Default,Default,Default,Default,Default,Default,Default,Default,Default,Default,Default,Default,Default,Default,Default,Default,Default,Default,3,Default,1,Default,Default,Default,Default,Default,Default,Default,3,"ShortRun(IterationCount=3, LaunchCount=1, WarmupCount=3)",,1,Overhead,Warmup,7,107328700,67108864,1.6,0,0,0,0
CallbackBenchmarks.DllImport_FunctionPointer_Cached,PInvokeBench,CallbackBenchmarks,DllImport_FunctionPointer_Cached,ShortRun,Default,Default,Default,Default,Default,Default,Default,Default,Default,Default,Default,Default,Default,Default,Default,Default,Default,Default,Default,Default,Default,Default,Default,Default,Default,Default,Default,Default,Default,Default,Default,3,Default,1,Default,Default,Default,Default,Default,Default,Default,3,"ShortRun(IterationCount=3, LaunchCount=1, WarmupCount=3)",,1,Overhead,Actual,1,116768700,67108864,1.74,0,0,0,0
CallbackBenchmarks.DllImport_FunctionPointer_Cached,PInvokeBench,CallbackBenchmarks,DllImport_FunctionPointer_Cached,ShortRun,Default,Default,Default,Default,Default,Default,Default,Default,Default,Default,Default,Default,Default,Default,Default,Default,Default,Default,Default,Default,Default,Default,Default,Default,Default,Default,Default,Default,Default,Default,Default,3,Default,1,Default,Default,Default,Default,Default,Default,Default,3,"ShortRun(IterationCount=3, LaunchCount=1, WarmupCount=3)",,1,Overhead,Actual,2,111022400,67108864,1.65,0,0,0,0
CallbackBenchmarks.DllImport_FunctionPointer_Cached,PInvokeBench,CallbackBenchmarks,DllImport_FunctionPointer_Cached,ShortRun,Default,Default,Default,Default,Default,Default,Default,Default,Default,Default,Default,Default,Default,Default,Default,Default,Default,Default,Default,Default,Default,Default,Default,Default,Default,Default,Default,Default,Default,Default,Default,3,Default,1,Default,Default,Default,Default,Default,Default,Default,3,"ShortRun(IterationCount=3, LaunchCount=1, WarmupCount=3)",,1,Overhead,Actual,3,108647700,67108864,1.62,0,0,0,0
CallbackBenchmarks.DllImport_FunctionPointer_Cached,PInvokeBench,CallbackBenchmarks,DllImport_FunctionPointer_Cached,ShortRun,Default,Default,Default,Default,Default,Default,Default,Default,Default,Default,Default,Default,Default,Default,Default,Default,Default,Default,Default,Default,Default,Default,Default,Default,Default,Default,Default,Default,Default,Default,Default,3,Default,1,Default,Default,Default,Default,Default,Default,Default,3,"ShortRun(IterationCount=3, LaunchCount=1, WarmupCount=3)",,1,Overhead,Actual,4,109379700,67108864,1.63,0,0,0,0
CallbackBenchmarks.DllImport_FunctionPointer_Cached,PInvokeBench,CallbackBenchmarks,DllImport_FunctionPointer_Cached,ShortRun,Default,Default,Default,Default,Default,Default,Default,Default,Default,Default,Default,Default,Default,Default,Default,Default,Default,Default,Default,Default,Default,Default,Default,Default,Default,Default,Default,Default,Default,Default,Default,3,Default,1,Default,Default,Default,Default,Default,Default,Default,3,"ShortRun(IterationCount=3, LaunchCount=1, WarmupCount=3)",,1,Overhead,Actual,5,110772200,67108864,1.65,0,0,0,0
CallbackBenchmarks.DllImport_FunctionPointer_Cached,PInvokeBench,CallbackBenchmarks,DllImport_FunctionPointer_Cached,ShortRun,Default,Default,Default,Default,Default,Default,Default,Default,Default,Default,Default,Default,Default,Default,Default,Default,Default,Default,Default,Default,Default,Default,Default,Default,Default,Default,Default,Default,Default,Default,Default,3,Default,1,Default,Default,Default,Default,Default,Default,Default,3,"ShortRun(IterationCount=3, LaunchCount=1, WarmupCount=3)",,1,Overhead,Actual,6,117523400,67108864,1.75,0,0,0,0
CallbackBenchmarks.DllImport_FunctionPointer_Cached,PInvokeBench,CallbackBenchmarks,DllImport_FunctionPointer_Cached,ShortRun,Default,Default,Default,Default,Default,Default,Default,Default,Default,Default,Default,Default,Default,Default,Default,Default,Default,Default,Default,Default,Default,Default,Default,Default,Default,Default,Default,Default,Default,Default,Default,3,Default,1,Default,Default,Default,Default,Default,Default,Default,3,"ShortRun(IterationCount=3, LaunchCount=1, WarmupCount=3)",,1,Overhead,Actual,7,111013800,67108864,1.65,0,0,0,0
CallbackBenchmarks.DllImport_FunctionPointer_Cached,PInvokeBench,CallbackBenchmarks,DllImport_FunctionPointer_Cached,ShortRun,Default,Default,Default,Default,Default,Default,Default,Default,Default,Default,Default,Default,Default,Default,Default,Default,Default,Default,Default,Default,Default,Default,Default,Default,Default,Default,Default,Default,Default,Default,Default,3,Default,1,Default,Default,Default,Default,Default,Default,Default,3,"ShortRun(IterationCount=3, LaunchCount=1, WarmupCount=3)",,1,Overhead,Actual,8,114705100,67108864,1.71,0,0,0,0
CallbackBenchmarks.DllImport_FunctionPointer_Cached,PInvokeBench,CallbackBenchmarks,DllImport_FunctionPointer_Cached,ShortRun,Default,Default,Default,Default,Default,Default,Default,Default,Default,Default,Default,Default,Default,Default,Default,Default,Default,Default,Default,Default,Default,Default,Default,Default,Default,Default,Default,Default,Default,Default,Default,3,Default,1,Default,Default,Default,Default,Default,Default,Default,3,"ShortRun(IterationCount=3, LaunchCount=1, WarmupCount=3)",,1,Overhead,Actual,9,113693300,67108864,1.69,0,0,0,0
CallbackBenchmarks.DllImport_FunctionPointer_Cached,PInvokeBench,CallbackBenchmarks,DllImport_FunctionPointer_Cached,ShortRun,Default,Default,Default,Default,Default,Default,Default,Default,Default,Default,Default,Default,Default,Default,Default,Default,Default,Default,Default,Default,Default,Default,Default,Default,Default,Default,Default,Default,Default,Default,Default,3,Default,1,Default,Default,Default,Default,Default,Default,Default,3,"ShortRun(IterationCount=3, LaunchCount=1, WarmupCount=3)",,1,Overhead,Actual,10,114966900,67108864,1.71,0,0,0,0
CallbackBenchmarks.DllImport_FunctionPointer_Cached,PInvokeBench,CallbackBenchmarks,DllImport_FunctionPointer_Cached,ShortRun,Default,Default,Default,Default,Default,Default,Default,Default,Default,Default,Default,Default,Default,Default,Default,Default,Default,Default,Default,Default,Default,Default,Default,Default,Default,Default,Default,Default,Default,Default,Default,3,Default,1,Default,Default,Default,Default,Default,Default,Default,3,"ShortRun(IterationCount=3, LaunchCount=1, WarmupCount=3)",,1,Overhead,Actual,11,116550200,67108864,1.74,0,0,0,0
CallbackBenchmarks.DllImport_FunctionPointer_Cached,PInvokeBench,CallbackBenchmarks,DllImport_FunctionPointer_Cached,ShortRun,Default,Default,Default,Default,Default,Default,Default,Default,Default,Default,Default,Default,Default,Default,Default,Default,Default,Default,Default,Default,Default,Default,Default,Default,Default,Default,Default,Default,Default,Default,Default,3,Default,1,Default,Default,Default,Default,Default,Default,Default,3,"ShortRun(IterationCount=3, LaunchCount=1, WarmupCount=3)",,1,Overhead,Actual,12,115750600,67108864,1.72,0,0,0,0
CallbackBenchmarks.DllImport_FunctionPointer_Cached,PInvokeBench,CallbackBenchmarks,DllImport_FunctionPointer_Cached,ShortRun,Default,Default,Default,Default,Default,Default,Default,Default,Default,Default,Default,Default,Default,Default,Default,Default,Default,Default,Default,Default,Default,Default,Default,Default,Default,Default,Default,Default,Default,Default,Default,3,Default,1,Default,Default,Default,Default,Default,Default,Default,3,"ShortRun(IterationCount=3, LaunchCount=1, WarmupCount=3)",,1,Overhead,Actual,13,112183900,67108864,1.67,0,0,0,0
CallbackBenchmarks.DllImport_FunctionPointer_Cached,PInvokeBench,CallbackBenchmarks,DllImport_FunctionPointer_Cached,ShortRun,Default,Default,Default,Default,Default,Default,Default,Default,Default,Default,Default,Default,Default,Default,Default,Default,Default,Default,Default,Default,Default,Default,Default,Default,Default,Default,Default,Default,Default,Default,Default,3,Default,1,Default,Default,Default,Default,Default,Default,Default,3,"ShortRun(IterationCount=3, LaunchCount=1, WarmupCount=3)",,1,Overhead,Actual,14,110511200,67108864,1.65,0,0,0,0
CallbackBenchmarks.DllImport_FunctionPointer_Cached,PInvokeBench,CallbackBenchmarks,DllImport_FunctionPointer_Cached,ShortRun,Default,Default,Default,Default,Default,Default,Default,Default,Default,Default,Default,Default,Default,Default,Default,Default,Default,Default,Default,Default,Default,Default,Default,Default,Default,Default,Default,Default,Default,Default,Default,3,Default,1,Default,Default,Default,Default,Default,Default,Default,3,"ShortRun(IterationCount=3, LaunchCount=1, WarmupCount=3)",,1,Overhead,Actual,15,114315700,67108864,1.7,0,0,0,0
CallbackBenchmarks.DllImport_FunctionPointer_Cached,PInvokeBench,CallbackBenchmarks,DllImport_FunctionPointer_Cached,ShortRun,Default,Default,Default,Default,Default,Default,Default,Default,Default,Default,Default,Default,Default,Default,Default,Default,Default,Default,Default,Default,Default,Default,Default,Default,Default,Default,Default,Default,Default,Default,Default,3,Default,1,Default,Default,Default,Default,Default,Default,Default,3,"ShortRun(IterationCount=3, LaunchCount=1, WarmupCount=3)",,1,Workload,Warmup,1,829377800,67108864,12.36,0,0,0,0
CallbackBenchmarks.DllImport_FunctionPointer_Cached,PInvokeBench,CallbackBenchmarks,DllImport_FunctionPointer_Cached,ShortRun,Default,Default,Default,Default,Default,Default,Default,Default,Default,Default,Default,Default,Default,Default,Default,Default,Default,Default,Default,Default,Default,Default,Default,Default,Default,Default,Default,Default,Default,Default,Default,3,Default,1,Default,Default,Default,Default,Default,Default,Default,3,"ShortRun(IterationCount=3, LaunchCount=1, WarmupCount=3)",,1,Workload,Warmup,2,801028600,67108864,11.94,0,0,0,0
CallbackBenchmarks.DllImport_FunctionPointer_Cached,PInvokeBench,CallbackBenchmarks,DllImport_FunctionPointer_Cached,ShortRun,Default,Default,Default,Default,Default,Default,Default,Default,Default,Default,Default,Default,Default,Default,Default,Default,Default,Default,Default,Default,Default,Default,Default,Default,Default,Default,Default,Default,Default,Default,Default,3,Default,1,Default,Default,Default,Default,Default,Default,Default,3,"ShortRun(IterationCount=3, LaunchCount=1, WarmupCount=3)",,1,Workload,Warmup,3,793812700,67108864,11.83,0,0,0,0
CallbackBenchmarks.DllImport_FunctionPointer_Cached,PInvokeBench,CallbackBenchmarks,DllImport_FunctionPointer_Cached,ShortRun,Default,Default,Default,Default,Default,Default,Default,Default,Default,Default,Default,Default,Default,Default,Default,Default,Default,Default,Default,Default,Default,Default,Default,Default,Default,Default,Default,Default,Default,Default,Default,3,Default,1,Default,Default,Default,Default,Default,Default,Default,3,"ShortRun(IterationCount=3, LaunchCount=1, WarmupCount=3)",,1,Workload,Actual,1,802442400,67108864,11.96,0,0,0,0
CallbackBenchmarks.DllImport_FunctionPointer_Cached,PInvokeBench,CallbackBenchmarks,DllImport_FunctionPointer_Cached,ShortRun,Default,Default,Default,Default,Default,Default,Default,Default,Default,Default,Default,Default,Default,Default,Default,Default,Default,Default,Default,Default,Default,Default,Default,Default,Default,Default,Default,Default,Default,Default,Default,3,Default,1,Default,Default,Default,Default,Default,Default,Default,3,"ShortRun(IterationCount=3, LaunchCount=1, WarmupCount=3)",,1,Workload,Actual,2,788128100,67108864,11.74,0,0,0,0
CallbackBenchmarks.DllImport_FunctionPointer_Cached,PInvokeBench,CallbackBenchmarks,DllImport_FunctionPointer_Cached,ShortRun,Default,Default,Default,Default,Default,Default,Default,Default,Default,Default,Default,Default,Default,Default,Default,Default,Default,Default,Default,Default,Default,Default,Default,Default,Default,Default,Default,Default,Default,Default,Default,3,Default,1,Default,Default,Default,Default,Default,Default,Default,3,"ShortRun(IterationCount=3, LaunchCount=1, WarmupCount=3)",,1,Workload,Actual,3,800133600,67108864,11.92,0,0,0,0
CallbackBenchmarks.DllImport_FunctionPointer_Cached,PInvokeBench,CallbackBenchmarks,DllImport_FunctionPointer_Cached,ShortRun,Default,Default,Default,Default,Default,Default,Default,Default,Default,Default,Default,Default,Default,Default,Default,Default,Default,Default,Default,Default,Default,Default,Default,Default,Default,Default,Default,Default,Default,Default,Default,3,Default,1,Default,Default,Default,Default,Default,Default,Default,3,"ShortRun(IterationCount=3, LaunchCount=1, WarmupCount=3)",,1,Workload,Result,1,688749100,67108864,10.26,0,0,0,0
CallbackBenchmarks.DllImport_FunctionPointer_Cached,PInvokeBench,CallbackBenchmarks,DllImport_FunctionPointer_Cached,ShortRun,Default,Default,Default,Default,Default,Default,Default,Default,Default,Default,Default,Default,Default,Default,Default,Default,Default,Default,Default,Default,Default,Default,Default,Default,Default,Default,Default,Default,Default,Default,Default,3,Default,1,Default,Default,Default,Default,Default,Default,Default,3,"ShortRun(IterationCount=3, LaunchCount=1, WarmupCount=3)",,1,Workload,Result,2,674434800,67108864,10.05,0,0,0,0
CallbackBenchmarks.DllImport_FunctionPointer_Cached,PInvokeBench,CallbackBenchmarks,DllImport_FunctionPointer_Cached,ShortRun,Default,Default,Default,Default,Default,Default,Default,Default,Default,Default,Default,Default,Default,Default,Default,Default,Default,Default,Default,Default,Default,Default,Default,Default,Default,Default,Default,Default,Default,Default,Default,3,Default,1,Default,Default,Default,Default,Default,Default,Default,3,"ShortRun(IterationCount=3, LaunchCount=1, WarmupCount=3)",,1,Workload,Result,3,686440300,67108864,10.23,0,0,0,0
CallbackBenchmarks.DllImport_FunctionPointer_PerCall,PInvokeBench,CallbackBenchmarks,DllImport_FunctionPointer_PerCall,ShortRun,Default,Default,Default,Default,Default,Default,Default,Default,Default,Default,Default,Default,Default,Default,Default,Default,Default,Default,Default,Default,Default,Default,Default,Default,Default,Default,Default,Default,Default,Default,Default,3,Default,1,Default,Default,Default,Default,Default,Default,Default,3,"ShortRun(IterationCount=3, LaunchCount=1, WarmupCount=3)",,1,Overhead,Jitting,1,164500,1,164500,0,0,0,0
CallbackBenchmarks.DllImport_FunctionPointer_PerCall,PInvokeBench,CallbackBenchmarks,DllImport_FunctionPointer_PerCall,ShortRun,Default,Default,Default,Default,Default,Default,Default,Default,Default,Default,Default,Default,Default,Default,Default,Default,Default,Default,Default,Default,Default,Default,Default,Default,Default,Default,Default,Default,Default,Default,Default,3,Default,1,Default,Default,Default,Default,Default,Default,Default,3,"ShortRun(IterationCount=3, LaunchCount=1, WarmupCount=3)",,1,Workload,Jitting,1,924400,1,924400,0,0,0,0
CallbackBenchmarks.DllImport_FunctionPointer_PerCall,PInvokeBench,CallbackBenchmarks,DllImport_FunctionPointer_PerCall,ShortRun,Default,Default,Default,Default,Default,Default,Default,Default,Default,Default,Default,Default,Default,Default,Default,Default,Default,Default,Default,Default,Default,Default,Default,Default,Default,Default,Default,Default,Default,Default,Default,3,Default,1,Default,Default,Default,Default,Default,Default,Default,3,"ShortRun(IterationCount=3, LaunchCount=1, WarmupCount=3)",,1,Overhead,Jitting,2,426200,16,26637.5,0,0,0,0
CallbackBenchmarks.DllImport_FunctionPointer_PerCall,PInvokeBench,CallbackBenchmarks,DllImport_FunctionPointer_PerCall,ShortRun,Default,Default,Default,Default,Default,Default,Default,Default,Default,Default,Default,Default,Default,Default,Default,Default,Default,Default,Default,Default,Default,Default,Default,Default,Default,Default,Default,Default,Default,Default,Default,3,Default,1,Default,Default,Default,Default,Default,Default,Default,3,"ShortRun(IterationCount=3, LaunchCount=1, WarmupCount=3)",,1,Workload,Jitting,2,283600,16,17725,0,0,0,0
CallbackBenchmarks.DllImport_FunctionPointer_PerCall,PInvokeBench,CallbackBenchmarks,DllImport_FunctionPointer_PerCall,ShortRun,Default,Default,Default,Default,Default,Default,Default,Default,Default,Default,Default,Default,Default,Default,Default,Default,Default,Default,Default,Default,Default,Default,Default,Default,Default,Default,Default,Default,Default,Default,Default,3,Default,1,Default,Default,Default,Default,Default,Default,Default,3,"ShortRun(IterationCount=3, LaunchCount=1, WarmupCount=3)",,1,Workload,Pilot,1,2100,16,131.25,0,0,0,0
CallbackBenchmarks.DllImport_FunctionPointer_PerCall,PInvokeBench,CallbackBenchmarks,DllImport_FunctionPointer_PerCall,ShortRun,Default,Default,Default,Default,Default,Default,Default,Default,Default,Default,Default,Default,Default,Default,Default,Default,Default,Default,Default,Default,Default,Default,Default,Default,Default,Default,Default,Default,Default,Default,Default,3,Default,1,Default,Default,Default,Default,Default,Default,Default,3,"ShortRun(IterationCount=3, LaunchCount=1, WarmupCount=3)",,1,Workload,Pilot,2,2200,32,68.75,0,0,0,0
CallbackBenchmarks.DllImport_FunctionPointer_PerCall,PInvokeBench,CallbackBenchmarks,DllImport_FunctionPointer_PerCall,ShortRun,Default,Default,Default,Default,Default,Default,Default,Default,Default,Default,Default,Default,Default,Default,Default,Default,Default,Default,Default,Default,Default,Default,Default,Default,Default,Default,Default,Default,Default,Default,Default,3,Default,1,Default,Default,Default,Default,Default,Default,Default,3,"ShortRun(IterationCount=3, LaunchCount=1, WarmupCount=3)",,1,Workload,Pilot,3,2600,64,40.63,0,0,0,0
CallbackBenchmarks.DllImport_FunctionPointer_PerCall,PInvokeBench,CallbackBenchmarks,DllImport_FunctionPointer_PerCall,ShortRun,Default,Default,Default,Default,Default,Default,Default,Default,Default,Default,Default,Default,Default,Default,Default,Default,Default,Default,Default,Default,Default,Default,Default,Default,Default,Default,Default,Default,Default,Default,Default,3,Default,1,Default,Default,Default,Default,Default,Default,Default,3,"ShortRun(IterationCount=3, LaunchCount=1, WarmupCount=3)",,1,Workload,Pilot,4,4300,128,33.59,0,0,0,0
CallbackBenchmarks.DllImport_FunctionPointer_PerCall,PInvokeBench,CallbackBenchmarks,DllImport_FunctionPointer_PerCall,ShortRun,Default,Default,Default,Default,Default,Default,Default,Default,Default,Default,Default,Default,Default,Default,Default,Default,Default,Default,Default,Default,Default,Default,Default,Default,Default,Default,Default,Default,Default,Default,Default,3,Default,1,Default,Default,Default,Default,Default,Default,Default,3,"ShortRun(IterationCount=3, LaunchCount=1, WarmupCount=3)",,1,Workload,Pilot,5,9000,256,35.16,0,0,0,0
CallbackBenchmarks.DllImport_FunctionPointer_PerCall,PInvokeBench,CallbackBenchmarks,DllImport_FunctionPointer_PerCall,ShortRun,Default,Default,Default,Default,Default,Default,Default,Default,Default,Default,Default,Default,Default,Default,Default,Default,Default,Default,Default,Default,Default,Default,Default,Default,Default,Default,Default,Default,Default,Default,Default,3,Default,1,Default,Default,Default,Default,Default,Default,Default,3,"ShortRun(IterationCount=3, LaunchCount=1, WarmupCount=3)",,1,Workload,Pilot,6,14800,512,28.91,0,0,0,0
CallbackBenchmarks.DllImport_FunctionPointer_PerCall,PInvokeBench,CallbackBenchmarks,DllImport_FunctionPointer_PerCall,ShortRun,Default,Default,Default,Default,Default,Default,Default,Default,Default,Default,Default,Default,Default,Default,Default,Default,Default,Default,Default,Default,Default,Default,Default,Default,Default,Default,Default,Default,Default,Default,Default,3,Default,1,Default,Default,Default,Default,Default,Default,Default,3,"ShortRun(IterationCount=3, LaunchCount=1, WarmupCount=3)",,1,Workload,Pilot,7,32100,1024,31.35,0,0,0,0
CallbackBenchmarks.DllImport_FunctionPointer_PerCall,PInvokeBench,CallbackBenchmarks,DllImport_FunctionPointer_PerCall,ShortRun,Default,Default,Default,Default,Default,Default,Default,Default,Default,Default,Default,Default,Default,Default,Default,Default,Default,Default,Default,Default,Default,Default,Default,Default,Default,Default,Default,Default,Default,Default,Default,3,Default,1,Default,Default,Default,Default,Default,Default,Default,3,"ShortRun(IterationCount=3, LaunchCount=1, WarmupCount=3)",,1,Workload,Pilot,8,67800,2048,33.11,0,0,0,0
CallbackBenchmarks.DllImport_FunctionPointer_PerCall,PInvokeBench,CallbackBenchmarks,DllImport_FunctionPointer_PerCall,ShortRun,Default,Default,Default,Default,Default,Default,Default,Default,Default,Default,Default,Default,Default,Default,Default,Default,Default,Default,Default,Default,Default,Default,Default,Default,Default,Default,Default,Default,Default,Default,Default,3,Default,1,Default,Default,Default,Default,Default,Default,Default,3,"ShortRun(IterationCount=3, LaunchCount=1, WarmupCount=3)",,1,Workload,Pilot,9,124700,4096,30.44,0,0,0,0
CallbackBenchmarks.DllImport_FunctionPointer_PerCall,PInvokeBench,CallbackBenchmarks,DllImport_FunctionPointer_PerCall,ShortRun,Default,Default,Default,Default,Default,Default,Default,Default,Default,Default,Default,Default,Default,Default,Default,Default,Default,Default,Default,Default,Default,Default,Default,Default,Default,Default,Default,Default,Default,Default,Default,3,Default,1,Default,Default,Default,Default,Default,Default,Default,3,"ShortRun(IterationCount=3, LaunchCount=1, WarmupCount=3)",,1,Workload,Pilot,10,249100,8192,30.41,0,0,0,0
CallbackBenchmarks.DllImport_FunctionPointer_PerCall,PInvokeBench,CallbackBenchmarks,DllImport_FunctionPointer_PerCall,ShortRun,Default,Default,Default,Default,Default,Default,Default,Default,Default,Default,Default,Default,Default,Default,Default,Default,Default,Default,Default,Default,Default,Default,Default,Default,Default,Default,Default,Default,Default,Default,Default,3,Default,1,Default,Default,Default,Default,Default,Default,Default,3,"ShortRun(IterationCount=3, LaunchCount=1, WarmupCount=3)",,1,Workload,Pilot,11,494100,16384,30.16,0,0,0,0
CallbackBenchmarks.DllImport_FunctionPointer_PerCall,PInvokeBench,CallbackBenchmarks,DllImport_FunctionPointer_PerCall,ShortRun,Default,Default,Default,Default,Default,Default,Default,Default,Default,Default,Default,Default,Default,Default,Default,Default,Default,Default,Default,Default,Default,Default,Default,Default,Default,Default,Default,Default,Default,Default,Default,3,Default,1,Default,Default,Default,Default,Default,Default,Default,3,"ShortRun(IterationCount=3, LaunchCount=1, WarmupCount=3)",,1,Workload,Pilot,12,1698800,32768,51.84,0,0,0,0
CallbackBenchmarks.DllImport_FunctionPointer_PerCall,PInvokeBench,CallbackBenchmarks,DllImport_FunctionPointer_PerCall,ShortRun,Default,Default,Default,Default,Default,Default,Default,Default,Default,Default,Default,Default,Default,Default,Default,Default,Default,Default,Default,Default,Default,Default,Default,Default,Default,Default,Default,Default,Default,Default,Default,3,Default,1,Default,Default,Default,Default,Default,Default,Default,3,"ShortRun(IterationCount=3, LaunchCount=1, WarmupCount=3)",,1,Workload,Pilot,13,2366800,65536,36.11,0,0,0,0
CallbackBenchmarks.DllImport_FunctionPointer_PerCall,PInvokeBench,CallbackBenchmarks,DllImport_FunctionPointer_PerCall,ShortRun,Default,Default,Default,Default,Default,Default,Default,Default,Default,Default,Default,Default,Default,Default,Default,Default,Default,Default,Default,Default,Default,Default,Default,Default,Default,Default,Default,Default,Default,Default,Default,3,Default,1,Default,Default,Default,Default,Default,Default,Default,3,"ShortRun(IterationCount=3, LaunchCount=1, WarmupCount=3)",,1,Workload,Pilot,14,5346700,131072,40.79,0,0,0,0
CallbackBenchmarks.DllImport_FunctionPointer_PerCall,PInvokeBench,CallbackBenchmarks,DllImport_FunctionPointer_PerCall,ShortRun,Default,Default,Default,Default,Default,Default,Default,Default,Default,Default,Default,Default,Default,Default,Default,Default,Default,Default,Default,Default,Default,Default,Default,Default,Default,Default,Default,Default,Default,Default,Default,3,Default,1,Default,Default,Default,Default,Default,Default,Default,3,"ShortRun(IterationCount=3, LaunchCount=1, WarmupCount=3)",,1,Workload,Pilot,15,7829400,262144,29.87,0,0,0,0
CallbackBenchmarks.DllImport_FunctionPointer_PerCall,PInvokeBench,CallbackBenchmarks,DllImport_FunctionPointer_PerCall,ShortRun,Default,Default,Default,Default,Default,Default,Default,Default,Default,Default,Default,Default,Default,Default,Default,Default,Default,Default,Default,Default,Default,Default,Default,Default,Default,Default,Default,Default,Default,Default,Default,3,Default,1,Default,Default,Default,Default,Default,Default,Default,3,"ShortRun(IterationCount=3, LaunchCount=1, WarmupCount=3)",,1,Workload,Pilot,16,16385800,524288,31.25,0,0,0,0
CallbackBenchmarks.DllImport_FunctionPointer_PerCall,PInvokeBench,CallbackBenchmarks,DllImport_FunctionPointer_PerCall,ShortRun,Default,Default,Default,Default,Default,Default,Default,Default,Default,Default,Default,Default,Default,Default,Default,Default,Default,Default,Default,Default,Default,Default,Default,Default,Default,Default,Default,Default,Default,Default,Default,3,Default,1,Default,Default,Default,Default,Default,Default,Default,3,"ShortRun(IterationCount=3, LaunchCount=1, WarmupCount=3)",,1,Workload,Pilot,17,30575400,1048576,29.16,0,0,0,0
CallbackBenchmarks.DllImport_FunctionPointer_PerCall,PInvokeBench,CallbackBenchmarks,DllImport_FunctionPointer_PerCall,ShortRun,Default,Default,Default,Default,Default,Default,Default,Default,Default,Default,Default,Default,Default,Default,Default,Default,Default,Default,Default,Default,Default,Default,Default,Default,Default,Default,Default,Default,Default,Default,Default,3,Default,1,Default,Default,Default,Default,Default,Default,Default,3,"ShortRun(IterationCount=3, LaunchCount=1, WarmupCount=3)",,1,Workload,Pilot,18,67523600,2097152,32.2,0,0,0,0
CallbackBenchmarks.DllImport_FunctionPointer_PerCall,PInvokeBench,CallbackBenchmarks,DllImport_FunctionPointer_PerCall,ShortRun,Default,Default,Default,Default,Default,Default,Default,Default,Default,Default,Default,Default,Default,Default,Default,Default,Default,Default,Default,Default,Default,Default,Default,Default,Default,Default,Default,Default,Default,Default,Default,3,Default,1,Default,Default,Default,Default,Default,Default,Default,3,"ShortRun(IterationCount=3, LaunchCount=1, WarmupCount=3)",,1,Workload,Pilot,19,122518300,4194304,29.21,0,0,0,0
CallbackBenchmarks.DllImport_FunctionPointer_PerCall,PInvokeBench,CallbackBenchmarks,DllImport_FunctionPointer_PerCall,ShortRun,Default,Default,Default,Default,Default,Default,Default,Default,Default,Default,Default,Default,Default,Default,Default,Default,Default,Default,Default,Default,Default,Default,Default,Default,Default,Default,Default,Default,Default,Default,Default,3,Default,1,Default,Default,Default,Default,Default,Default,Default,3,"ShortRun(IterationCount=3, LaunchCount=1, WarmupCount=3)",,1,Workload,Pilot,20,246829700,8388608,29.42,0,0,0,0
CallbackBenchmarks.DllImport_FunctionPointer_PerCall,PInvokeBench,CallbackBenchmarks,DllImport_FunctionPointer_PerCall,ShortRun,Default,Default,Default,Default,Default,Default,Default,Default,Default,Default,Default,Default,Default,Default,Default,Default,Default,Default,Default,Default,Default,Default,Default,Default,Default,Default,Default,Default,Default,Default,Default,3,Default,1,Default,Default,Default,Default,Default,Default,Default,3,"ShortRun(IterationCount=3, LaunchCount=1, WarmupCount=3)",,1,Workload,Pilot,21,441294000,16777216,26.3,0,0,0,0
CallbackBenchmarks.DllImport_FunctionPointer_PerCall,PInvokeBench,CallbackBenchmarks,DllImport_FunctionPointer_PerCall,ShortRun,Default,Default,Default,Default,Default,Default,Default,Default,Default,Default,Default,Default,Default,Default,Default,Default,Default,Default,Default,Default,Default,Default,Default,Default,Default,Default,Default,Default,Default,Default,Default,3,Default,1,Default,Default,Default,Default,Default,Default,Default,3,"ShortRun(IterationCount=3, LaunchCount=1, WarmupCount=3)",,1,Workload,Pilot,22,895303800,33554432,26.68,0,0,0,0
CallbackBenchmarks.DllImport_FunctionPointer_PerCall,PInvokeBench,CallbackBenchmarks,DllImport_FunctionPointer_PerCall,ShortRun,Default,Default,Default,Default,Default,Default,Default,Default,Default,Default,Default,Default,Default,Default,Default,Default,Default,Default,Default,Default,Default,Default,Default,Default,Default,Default,Default,Default,Default,Default,Default,3,Default,1,Default,Default,Default,Default,Default,Default,Default,3,"ShortRun(IterationCount=3, LaunchCount=1, WarmupCount=3)",,1,Overhead,Warmup,1,71988700,33554432,2.15,0,0,0,0
CallbackBenchmarks.DllImport_FunctionPointer_PerCall,PInvokeBench,CallbackBenchmarks,DllImport_FunctionPointer_PerCall,ShortRun,Default,Default,Default,Default,Default,Default,Default,Default,Default,Default,Default,Default,Default,Default,Default,Default,Default,Default,Default,Default,Default,Default,Default,Default,Default,Default,Default,Default,Default,Default,Default,3,Default,1,Default,Default,Default,Default,Default,Default,Default,3,"ShortRun(IterationCount=3, LaunchCount=1, WarmupCount=3)",,1,Overhead,Warmup,2,72700100,33554432,2.17,0,0,0,0
CallbackBenchmarks.DllImport_FunctionPointer_PerCall,PInvokeBench,CallbackBenchmarks,DllImport_FunctionPointer_PerCall,ShortRun,Default,Default,Default,Default,Default,Default,Default,Default,Default,Default,Default,Default,Default,Default,Default,Default,Default,Default,Default,Default,Default,Default,Default,Default,Default,Default,Default,Default,Default,Default,Default,3,Default,1,Default,Default,Default,Default,Default,Default,Default,3,"ShortRun(IterationCount=3, LaunchCount=1, WarmupCount=3)",,1,Overhead,Warmup,3,71255500,33554432,2.12,0,0,0,0
CallbackBenchmarks.DllImport_FunctionPointer_PerCall,PInvokeBench,CallbackBenchmarks,DllImport_FunctionPointer_PerCall,ShortRun,Default,Default,Default,Default,Default,Default,Default,Default,Default,Default,Default,Default,Default,Default,Default,Default,Default,Default,Default,Default,Default,Default,Default,Default,Default,Default,Default,Default,Default,Default,Default,3,Default,1,Default,Default,Default,Default,Default,Default,Default,3,"ShortRun(IterationCount=3, LaunchCount=1, WarmupCount=3)",,1,Overhead,Warmup,4,56680900,33554432,1.69,0,0,0,0
CallbackBenchmarks.DllImport_FunctionPointer_PerCall,PInvokeBench,CallbackBenchmarks,DllImport_FunctionPointer_PerCall,ShortRun,Default,Default,Default,Default,Default,Default,Default,Default,Default,Default,Default,Default,Default,Default,Default,Default,Default,Default,Default,Default,Default,Default,Default,Default,Default,Default,Default,Default,Default,Default,Default,3,Default,1,Default,Default,Default,Default,Default,Default,Default,3,"ShortRun(IterationCount=3, LaunchCount=1, WarmupCount=3)",,1,Overhead,Warmup,5,55263600,33554432,1.65,0,0,0,0
CallbackBenchmarks.DllImport_FunctionPointer_PerCall,PInvokeBench,CallbackBenchmarks,DllImport_FunctionPointer_PerCall,ShortRun,Default,Default,Default,Default,Default,Default,Default,Default,Default,Default,Default,Default,Default,Default,Default,Default,Default,Default,Default,Default,Default,Default,Default,Default,Default,Default,Default,Default,Default,Default,Default,3,Default,1,Default,Default,Default,Default,Default,Default,Default,3,"ShortRun(IterationCount=3, LaunchCount=1, WarmupCount=3)",,1,Overhead,Warmup,6,56253400,33554432,1.68,0,0,0,0
CallbackBenchmarks.DllImport_FunctionPointer_PerCall,PInvokeBench,CallbackBenchmarks,DllImport_FunctionPointer_PerCall,ShortRun,Default,Default,Default,Default,Default,Default,Default,Default,Default,Default,Default,Default,Default,Default,Default,Default,Default,Default,Default,Default,Default,Default,Default,Default,Default,Default,Default,Default,Default,Default,Default,3,Default,1,Default,Default,Default,Default,Default,Default,Default,3,"ShortRun(IterationCount=3, LaunchCount=1, WarmupCount=3)",,1,Overhead,Warmup,7,56155600,33554432,1.67,0,0,0,0
CallbackBenchmarks.DllImport_FunctionPointer_PerCall,PInvokeBench,CallbackBenchmarks,DllImport_FunctionPointer_PerCall,ShortRun,Default,Default,Default,Default,Default,Default,Default,Default,Default,Default,Default,Default,Default,Default,Default,Default,Default,Default,Default,Default,Default,Default,Default,Default,Default,Default,Default,Default,Default,Default,Default,3,Default,1,Default,Default,Default,Default,Default,Default,Default,3,"ShortRun(IterationCount=3, LaunchCount=1, WarmupCount=3)",,1,Overhead,Actual,1,55213500,33554432,1.65,0,0,0,0
CallbackBenchmarks.DllImport_FunctionPointer_PerCall,PInvokeBench,CallbackBenchmarks,DllImport_FunctionPointer_PerCall,ShortRun,Default,Default,Default,Default,Default,Default,Default,Default,Default,Default,Default,Default,Default,Default,Default,Default,Default,Default,Default,Default,Default,Default,Default,Default,Default,Default,Default,Default,Default,Default,Default,3,Default,1,Default,Default,Default,Default,Default,Default,Default,3,"ShortRun(IterationCount=3, LaunchCount=1, WarmupCount=3)",,1,Overhead,Actual,2,56396000,33554432,1.68,0,0,0,0
CallbackBenchmarks.DllImport_FunctionPointer_PerCall,PInvokeBench,CallbackBenchmarks,DllImport_FunctionPointer_PerCall,ShortRun,Default,Default,Default,Default,Default,Default,Default,Default,Default,Default,Default,Default,Default,Default,Default,Default,Default,Default,Default,Default,Default,Default,Default,Default,Default,Default,Default,Default,Default,Default,Default,3,Default,1,Default,Default,Default,Default,Default,Default,Default,3,"ShortRun(IterationCount=3, LaunchCount=1, WarmupCount=3)",,1,Overhead,Actual,3,55371300,33554432,1.65,0,0,0,0
CallbackBenchmarks.DllImport_FunctionPointer_PerCall,PInvokeBench,CallbackBenchmarks,DllImport_FunctionPointer_PerCall,ShortRun,Default,Default,Default,Default,Default,Default,Default,Default,Default,Default,Default,Default,Default,Default,Default,Default,Default,Default,Default,Default,Default,Default,Default,Default,Default,Default,Default,Default,Default,Default,Default,3,Default,1,Default,Default,Default,Default,Default,Default,Default,3,"ShortRun(IterationCount=3, LaunchCount=1, WarmupCount=3)",,1,Overhead,Actual,4,58185800,33554432,1.73,0,0,0,0
CallbackBenchmarks.DllImport_FunctionPointer_PerCall,PInvokeBench,CallbackBenchmarks,DllImport_FunctionPointer_PerCall,ShortRun,Default,Default,Default,Default,Default,Default,Default,Default,Default,Default,Default,Default,Default,Default,Default,Default,Default,Default,Default,Default,Default,Default,Default,Default,Default,Default,Default,Default,Default,Default,Default,3,Default,1,Default,Default,Default,Default,Default,Default,Default,3,"ShortRun(IterationCount=3, LaunchCount=1, WarmupCount=3)",,1,Overhead,Actual,5,64725700,33554432,1.93,0,0,0,0
CallbackBenchmarks.DllImport_FunctionPointer_PerCall,PInvokeBench,CallbackBenchmarks,DllImport_FunctionPointer_PerCall,ShortRun,Default,Default,Default,Default,Default,Default,Default,Default,Default,Default,Default,Default,Default,Default,Default,Default,Default,Default,Default,Default,Default,Default,Default,Default,Default,Default,Default,Default,Default,Default,Default,3,Default,1,Default,Default,Default,Default,Default,Default,Default,3,"ShortRun(IterationCount=3, LaunchCount=1, WarmupCount=3)",,1,Overhead,Actual,6,62395600,33554432,1.86,0,0,0,0
CallbackBenchmarks.DllImport_FunctionPointer_PerCall,PInvokeBench,CallbackBenchmarks,DllImport_FunctionPointer_PerCall,ShortRun,Default,Default,Default,Default,Default,Default,Default,Default,Default,Default,Default,Default,Default,Default,Default,Default,Default,Default,Default,Default,Default,Default,Default,Default,Default,Default,Default,Default,Default,Default,Default,3,Default,1,Default,Default,Default,Default,Default,Default,Default,3,"ShortRun(IterationCount=3, LaunchCount=1, WarmupCount=3)",,1,Overhead,Actual,7,61423900,33554432,1.83,0,0,0,0
CallbackBenchmarks.DllImport_FunctionPointer_PerCall,PInvokeBench,CallbackBenchmarks,DllImport_FunctionPointer_PerCall,ShortRun,Default,Default,Default,Default,Default,Default,Default,Default,Default,Default,Default,Default,Default,Default,Default,Default,Default,Default,Default,Default,Default,Default,Default,Default,Default,Default,Default,Default,Default,Default,Default,3,Default,1,Default,Default,Default,Default,Default,Default,Default,3,"ShortRun(IterationCount=3, LaunchCount=1, WarmupCount=3)",,1,Overhead,Actual,8,60730000,33554432,1.81,0,0,0,0
CallbackBenchmarks.DllImport_FunctionPointer_PerCall,PInvokeBench,CallbackBenchmarks,DllImport_FunctionPointer_PerCall,ShortRun,Default,Default,Default,Default,Default,Default,Default,Default,Default,Default,Default,Default,Default,Default,Default,Default,Default,Default,Default,Default,Default,Default,Default,Default,Default,Default,Default,Default,Default,Default,Default,3,Default,1,Default,Default,Default,Default,Default,Default,Default,3,"ShortRun(IterationCount=3, LaunchCount=1, WarmupCount=3)",,1,Overhead,Actual,9,60438300,33554432,1.8,0,0,0,0
CallbackBenchmarks.DllImport_FunctionPointer_PerCall,PInvokeBench,CallbackBenchmarks,DllImport_FunctionPointer_PerCall,ShortRun,Default,Default,Default,Default,Default,Default,Default,Default,Default,Default,Default,Default,Default,Default,Default,Default,Default,Default,Default,Default,Default,Default,Default,Default,Default,Default,Default,Default,Default,Default,Default,3,Default,1,Default,Default,Default,Default,Default,Default,Default,3,"ShortRun(IterationCount=3, LaunchCount=1, WarmupCount=3)",,1,Overhead,Actual,10,60406300,33554432,1.8,0,0,0,0
CallbackBenchmarks.DllImport_FunctionPointer_PerCall,PInvokeBench,CallbackBenchmarks,DllImport_FunctionPointer_PerCall,ShortRun,Default,Default,Default,Default,Default,Default,Default,Default,Default,Default,Default,Default,Default,Default,Default,Default,Default,Default,Default,Default,Default,Default,Default,Default,Default,Default,Default,Default,Default,Default,Default,3,Default,1,Default,Default,Default,Default,Default,Default,Default,3,"ShortRun(IterationCount=3, LaunchCount=1, WarmupCount=3)",,1,Overhead,Actual,11,57657700,33554432,1.72,0,0,0,0
CallbackBenchmarks.DllImport_FunctionPointer_PerCall,PInvokeBench,CallbackBenchmarks,DllImport_FunctionPointer_PerCall,ShortRun,Default,Default,Default,Default,Default,Default,Default,Default,Default,Default,Default,Default,Default,Default,Default,Default,Default,Default,Default,Default,Default,Default,Default,Default,Default,Default,Default,Default,Default,Default,Default,3,Default,1,Default,Default,Default,Default,Default,Default,Default,3,"ShortRun(IterationCount=3, LaunchCount=1, WarmupCount=3)",,1,Overhead,Actual,12,57726600,33554432,1.72,0,0,0,0
CallbackBenchmarks.DllImport_FunctionPointer_PerCall,PInvokeBench,CallbackBenchmarks,DllImport_FunctionPointer_PerCall,ShortRun,Default,Default,Default,Default,Default,Default,Default,Default,Default,Default,Default,Default,Default,Default,Default,Default,Default,Default,Default,Default,Default,Default,Default,Default,Default,Default,Default,Default,Default,Default,Default,3,Default,1,Default,Default,Default,Default,Default,Default,Default,3,"ShortRun(IterationCount=3, LaunchCount=1, WarmupCount=3)",,1,Overhead,Actual,13,57582800,33554432,1.72,0,0,0,0
CallbackBenchmarks.DllImport_FunctionPointer_PerCall,PInvokeBench,CallbackBenchmarks,DllImport_FunctionPointer_PerCall,ShortRun,Default,Default,Default,Default,Default,Default,Default,Default,Default,Default,Default,Default,Default,Default,Default,Default,Default,Default,Default,Default,Default,Default,Default,Default,Default,Default,Default,Default,Default,Default,Default,3,Default,1,Default,Default,Default,Default,Default,Default,Default,3,"ShortRun(IterationCount=3, LaunchCount=1, WarmupCount=3)",,1,Overhead,Actual,14,55394800,33554432,1.65,0,0,0,0
CallbackBenchmarks.DllImport_FunctionPointer_PerCall,PInvokeBench,CallbackBenchmarks,DllImport_FunctionPointer_PerCall,ShortRun,Default,Default,Default,Default,Default,Default,Default,Default,Default,Default,Default,Default,Default,Default,Default,Default,Default,Default,Default,Default,Default,Default,Default,Default,Default,Default,Default,Default,Default,Default,Default,3,Default,1,Default,Default,Default,Default,Default,Default,Default,3,"ShortRun(IterationCount=3, LaunchCount=1, WarmupCount=3)",,1,Overhead,Actual,15,57519700,33554432,1.71,0,0,0,0
CallbackBenchmarks.DllImport_FunctionPointer_PerCall,PInvokeBench,CallbackBenchmarks,DllImport_FunctionPointer_PerCall,ShortRun,Default,Default,Default,Default,Default,Default,Default,Default,Default,Default,Default,Default,Default,Default,Default,Default,Default,Default,Default,Default,Default,Default,Default,Default,Default,Default,Default,Default,Default,Default,Default,3,Default,1,Default,Default,Default,Default,Default,Default,Default,3,"ShortRun(IterationCount=3, LaunchCount=1, WarmupCount=3)",,1,Overhead,Actual,16,57413500,33554432,1.71,0,0,0,0
CallbackBenchmarks.DllImport_FunctionPointer_PerCall,PInvokeBench,CallbackBenchmarks,DllImport_FunctionPointer_PerCall,ShortRun,Default,Default,Default,Default,Default,Default,Default,Default,Default,Default,Default,Default,Default,Default,Default,Default,Default,Default,Default,Default,Default,Default,Default,Default,Default,Default,Default,Default,Default,Default,Default,3,Default,1,Default,Default,Default,Default,Default,Default,Default,3,"ShortRun(IterationCount=3, LaunchCount=1, WarmupCount=3)",,1,Workload,Warmup,1,975187500,33554432,29.06,0,0,0,0
CallbackBenchmarks.DllImport_FunctionPointer_PerCall,PInvokeBench,CallbackBenchmarks,DllImport_FunctionPointer_PerCall,ShortRun,Default,Default,Default,Default,Default,Default,Default,Default,Default,Default,Default,Default,Default,Default,Default,Default,Default,Default,Default,Default,Default,Default,Default,Default,Default,Default,Default,Default,Default,Default,Default,3,Default,1,Default,Default,Default,Default,Default,Default,Default,3,"ShortRun(IterationCount=3, LaunchCount=1, WarmupCount=3)",,1,Workload,Warmup,2,991164800,33554432,29.54,0,0,0,0
CallbackBenchmarks.DllImport_FunctionPointer_PerCall,PInvokeBench,CallbackBenchmarks,DllImport_FunctionPointer_PerCall,ShortRun,Default,Default,Default,Default,Default,Default,Default,Default,Default,Default,Default,Default,Default,Default,Default,Default,Default,Default,Default,Default,Default,Default,Default,Default,Default,Default,Default,Default,Default,Default,Default,3,Default,1,Default,Default,Default,Default,Default,Default,Default,3,"ShortRun(IterationCount=3, LaunchCount=1, WarmupCount=3)",,1,Workload,Warmup,3,963007100,33554432,28.7,0,0,0,0
CallbackBenchmarks.DllImport_FunctionPointer_PerCall,PInvokeBench,CallbackBenchmarks,DllImport_FunctionPointer_PerCall,ShortRun,Default,Default,Default,Default,Default,Default,Default,Default,Default,Default,Default,Default,Default,Default,Default,Default,Default,Default,Default,Default,Default,Default,Default,Default,Default,Default,Default,Default,Default,Default,Default,3,Default,1,Default,Default,Default,Default,Default,Default,Default,3,"ShortRun(IterationCount=3, LaunchCount=1, WarmupCount=3)",,1,Workload,Actual,1,986181200,33554432,29.39,0,0,0,0
CallbackBenchmarks.DllImport_FunctionPointer_PerCall,PInvokeBench,CallbackBenchmarks,DllImport_FunctionPointer_PerCall,ShortRun,Default,Default,Default,Default,Default,Default,Default,Default,Default,Default,Default,Default,Default,Default,Default,Default,Default,Default,Default,Default,Default,Default,Default,Default,Default,Default,Default,Default,Default,Default,Default,3,Default,1,Default,Default,Default,Default,Default,Default,Default,3,"ShortRun(IterationCount=3, LaunchCount=1, WarmupCount=3)",,1,Workload,Actual,2,964920100,33554432,28.76,0,0,0,0
CallbackBenchmarks.DllImport_FunctionPointer_PerCall,PInvokeBench,CallbackBenchmarks,DllImport_FunctionPointer_PerCall,ShortRun,Default,Default,Default,Default,Default,Default,Default,Default,Default,Default,Default,Default,Default,Default,Default,Default,Default,Default,Default,Default,Default,Default,Default,Default,Default,Default,Default,Default,Default,Default,Default,3,Default,1,Default,Default,Default,Default,Default,Default,Default,3,"ShortRun(IterationCount=3, LaunchCount=1, WarmupCount=3)",,1,Workload,Actual,3,991581800,33554432,29.55,0,0,0,0
CallbackBenchmarks.DllImport_FunctionPointer_PerCall,PInvokeBench,CallbackBenchmarks,DllImport_FunctionPointer_PerCall,ShortRun,Default,Default,Default,Default,Default,Default,Default,Default,Default,Default,Default,Default,Default,Default,Default,Default,Default,Default,Default,Default,Default,Default,Default,Default,Default,Default,Default,Default,Default,Default,Default,3,Default,1,Default,Default,Default,Default,Default,Default,Default,3,"ShortRun(IterationCount=3, LaunchCount=1, WarmupCount=3)",,1,Workload,Result,1,928489050,33554432,27.67,0,0,0,0
CallbackBenchmarks.DllImport_FunctionPointer_PerCall,PInvokeBench,CallbackBenchmarks,DllImport_FunctionPointer_PerCall,ShortRun,Default,Default,Default,Default,Default,Default,Default,Default,Default,Default,Default,Default,Default,Default,Default,Default,Default,Default,Default,Default,Default,Default,Default,Default,Default,Default,Default,Default,Default,Default,Default,3,Default,1,Default,Default,Default,Default,Default,Default,Default,3,"ShortRun(IterationCount=3, LaunchCount=1, WarmupCount=3)",,1,Workload,Result,2,907227950,33554432,27.04,0,0,0,0
CallbackBenchmarks.DllImport_FunctionPointer_PerCall,PInvokeBench,CallbackBenchmarks,DllImport_FunctionPointer_PerCall,ShortRun,Default,Default,Default,Default,Default,Default,Default,Default,Default,Default,Default,Default,Default,Default,Default,Default,Default,Default,Default,Default,Default,Default,Default,Default,Default,Default,Default,Default,Default,Default,Default,3,Default,1,Default,Default,Default,Default,Default,Default,Default,3,"ShortRun(IterationCount=3, LaunchCount=1, WarmupCount=3)",,1,Workload,Result,3,933889650,33554432,27.83,0,0,0,0
CallbackBenchmarks.DllImport_UnmanagedCallersOnly,PInvokeBench,CallbackBenchmarks,DllImport_UnmanagedCallersOnly,ShortRun,Default,Default,Default,Default,Default,Default,Default,Default,Default,Default,Default,Default,Default,Default,Default,Default,Default,Default,Default,Default,Default,Default,Default,Default,Default,Default,Default,Default,Default,Default,Default,3,Default,1,Default,Default,Default,Default,Default,Default,Default,3,"ShortRun(IterationCount=3, LaunchCount=1, WarmupCount=3)",,1,Overhead,Jitting,1,160500,1,160500,0,0,0,0
CallbackBenchmarks.DllImport_UnmanagedCallersOnly,PInvokeBench,CallbackBenchmarks,DllImport_UnmanagedCallersOnly,ShortRun,Default,Default,Default,Default,Default,Default,Default,Default,Default,Default,Default,Default,Default,Default,Default,Default,Default,Default,Default,Default,Default,Default,Default,Default,Default,Default,Default,Default,Default,Default,Default,3,Default,1,Default,Default,Default,Default,Default,Default,Default,3,"ShortRun(IterationCount=3, LaunchCount=1, WarmupCount=3)",,1,Workload,Jitting,1,558500,1,558500,0,0,0,0
CallbackBenchmarks.DllImport_UnmanagedCallersOnly,PInvokeBench,CallbackBenchmarks,DllImport_UnmanagedCallersOnly,ShortRun,Default,Default,Default,Default,Default,Default,Default,Default,Default,Default,Default,Default,Default,Default,Default,Default,Default,Default,Default,Default,Default,Default,Default,Default,Default,Default,Default,Default,Default,Default,Default,3,Default,1,Default,Default,Default,Default,Default,Default,Default,3,"ShortRun(IterationCount=3, LaunchCount=1, WarmupCount=3)",,1,Overhead,Jitting,2,298200,16,18637.5,0,0,0,0
CallbackBenchmarks.DllImport_UnmanagedCallersOnly,PInvokeBench,CallbackBenchmarks,DllImport_UnmanagedCallersOnly,ShortRun,Default,Default,Default,Default,Default,Default,Default,Default,Default,Default,Default,Default,Default,Default,Default,Default,Default,Default,Default,Default,Default,Default,Default,Default,Default,Default,Default,Default,Default,Default,Default,3,Default,1,Default,Default,Default,Default,Default,Default,Default,3,"ShortRun(IterationCount=3, LaunchCount=1, WarmupCount=3)",,1,Workload,Jitting,2,253800,16,15862.5,0,0,0,0
CallbackBenchmarks.DllImport_UnmanagedCallersOnly,PInvokeBench,CallbackBenchmarks,DllImport_UnmanagedCallersOnly,ShortRun,Default,Default,Default,Default,Default,Default,Default,Default,Default,Default,Default,Default,Default,Default,Default,Default,Default,Default,Default,Default,Default,Default,Default,Default,Default,Default,Default,Default,Default,Default,Default,3,Default,1,Default,Default,Default,Default,Default,Default,Default,3,"ShortRun(IterationCount=3, LaunchCount=1, WarmupCount=3)",,1,Workload,Pilot,1,1000,16,62.5,0,0,0,0
CallbackBenchmarks.DllImport_UnmanagedCallersOnly,PInvokeBench,CallbackBenchmarks,DllImport_UnmanagedCallersOnly,ShortRun,Default,Default,Default,Default,Default,Default,Default,Default,Default,Default,Default,Default,Default,Default,Default,Default,Default,Default,Default,Default,Default,Default,Default,Default,Default,Default,Default,Default,Default,Default,Default,3,Default,1,Default,Default,Default,Default,Default,Default,Default,3,"ShortRun(IterationCount=3, LaunchCount=1, WarmupCount=3)",,1,Workload,Pilot,2,900,32,28.13,0,0,0,0
CallbackBenchmarks.DllImport_UnmanagedCallersOnly,PInvokeBench,CallbackBenchmarks,DllImport_UnmanagedCallersOnly,ShortRun,Default,Default,Default,Default,Default,Default,Default,Default,Default,Default,Default,Default,Default,Default,Default,Default,Default,Default,Default,Default,Default,Default,Default,Default,Default,Default,Default,Default,Default,Default,Default,3,Default,1,Default,Default,Default,Default,Default,Default,Default,3,"ShortRun(IterationCount=3, LaunchCount=1, WarmupCount=3)",,1,Workload,Pilot,3,1100,64,17.19,0,0,0,0
CallbackBenchmarks.DllImport_UnmanagedCallersOnly,PInvokeBench,CallbackBenchmarks,DllImport_UnmanagedCallersOnly,ShortRun,Default,Default,Default,Default,Default,Default,Default,Default,Default,Default,Default,Default,Default,Default,Default,Default,Default,Default,Default,Default,Default,Default,Default,Default,Default,Default,Default,Default,Default,Default,Default,3,Default,1,Default,Default,Default,Default,Default,Default,Default,3,"ShortRun(IterationCount=3, LaunchCount=1, WarmupCount=3)",,1,Workload,Pilot,4,1700,128,13.28,0,0,0,0
CallbackBenchmarks.DllImport_UnmanagedCallersOnly,PInvokeBench,CallbackBenchmarks,DllImport_UnmanagedCallersOnly,ShortRun,Default,Default,Default,Default,Default,Default,Default,Default,Default,Default,Default,Default,Default,Default,Default,Default,Default,Default,Default,Default,Default,Default,Default,Default,Default,Default,Default,Default,Default,Default,Default,3,Default,1,Default,Default,Default,Default,Default,Default,Default,3,"ShortRun(IterationCount=3, LaunchCount=1, WarmupCount=3)",,1,Workload,Pilot,5,2600,256,10.16,0,0,0,0
CallbackBenchmarks.DllImport_UnmanagedCallersOnly,PInvokeBench,CallbackBenchmarks,DllImport_UnmanagedCallersOnly,ShortRun,Default,Default,Default,Default,Default,Default,Default,Default,Default,Default,Default,Default,Default,Default,Default,Default,Default,Default,Default,Default,Default,Default,Default,Default,Default,Default,Default,Default,Default,Default,Default,3,Default,1,Default,Default,Default,Default,Default,Default,Default,3,"ShortRun(IterationCount=3, LaunchCount=1, WarmupCount=3)",,1,Workload,Pilot,6,5100,512,9.96,0,0,0,0
CallbackBenchmarks.DllImport_UnmanagedCallersOnly,PInvokeBench,CallbackBenchmarks,DllImport_UnmanagedCallersOnly,ShortRun,Default,Default,Default,Default,Default,Default,Default,Default,Default,Default,Default,Default,Default,Default,Default,Default,Default,Default,Default,Default,Default,Default,Default,Default,Default,Default,Default,Default,Default,Default,Default,3,Default,1,Default,Default,Default,Default,Default,Default,Default,3,"ShortRun(IterationCount=3, LaunchCount=1, WarmupCount=3)",,1,Workload,Pilot,7,9700,1024,9.47,0,0,0,0
CallbackBenchmarks.DllImport_UnmanagedCallersOnly,PInvokeBench,CallbackBenchmarks,DllImport_UnmanagedCallersOnly,ShortRun,Default,Default,Default,Default,Default,Default,Default,Default,Default,Default,Default,Default,Default,Default,Default,Default,Default,Default,Default,Default,Default,Default,Default,Default,Default,Default,Default,Default,Default,Default,Default,3,Default,1,Default,Default,Default,Default,Default,Default,Default,3,"ShortRun(IterationCount=3, LaunchCount=1, WarmupCount=3)",,1,Workload,Pilot,8,19800,2048,9.67,0,0,0,0
CallbackBenchmarks.DllImport_UnmanagedCallersOnly,PInvokeBench,CallbackBenchmarks,DllImport_UnmanagedCallersOnly,ShortRun,Default,Default,Default,Default,Default,Default,Default,Default,Default,Default,Default,Default,Default,Default,Default,Default,Default,Default,Default,Default,Default,Default,Default,Default,Default,Default,Default,Default,Default,Default,Default,3,Default,1,Default,Default,Default,Default,Default,Default,Default,3,"ShortRun(IterationCount=3, LaunchCount=1, WarmupCount=3)",,1,Workload,Pilot,9,37900,4096,9.25,0,0,0,0
CallbackBenchmarks.DllImport_UnmanagedCallersOnly,PInvokeBench,CallbackBenchmarks,DllImport_UnmanagedCallersOnly,ShortRun,Default,Default,Default,Default,Default,Default,Default,Default,Default,Default,Default,Default,Default,Default,Default,Default,Default,Default,Default,Default,Default,Default,Default,Default,Default,Default,Default,Default,Default,Default,Default,3,Default,1,Default,Default,Default,Default,Default,Default,Default,3,"ShortRun(IterationCount=3, LaunchCount=1, WarmupCount=3)",,1,Workload,Pilot,10,75100,8192,9.17,0,0,0,0
CallbackBenchmarks.DllImport_UnmanagedCallersOnly,PInvokeBench,CallbackBenchmarks,DllImport_UnmanagedCallersOnly,ShortRun,Default,Default,Default,Default,Default,Default,Default,Default,Default,Default,Default,Default,Default,Default,Default,Default,Default,Default,Default,Default,Default,Default,Default,Default,Default,Default,Default,Default,Default,Default,Default,3,Default,1,Default,Default,Default,Default,Default,Default,Default,3,"ShortRun(IterationCount=3, LaunchCount=1, WarmupCount=3)",,1,Workload,Pilot,11,149600,16384,9.13,0,0,0,0
CallbackBenchmarks.DllImport_UnmanagedCallersOnly,PInvokeBench,CallbackBenchmarks,DllImport_UnmanagedCallersOnly,ShortRun,Default,Default,Default,Default,Default,Default,Default,Default,Default,Default,Default,Default,Default,Default,Default,Default,Default,Default,Default,Default,Default,Default,Default,Default,Default,Default,Default,Default,Default,Default,Default,3,Default,1,Default,Default,Default,Default,Default,Default,Default,3,"ShortRun(IterationCount=3, LaunchCount=1, WarmupCount=3)",,1,Workload,Pilot,12,301800,32768,9.21,0,0,0,0
CallbackBenchmarks.DllImport_UnmanagedCallersOnly,PInvokeBench,CallbackBenchmarks,DllImport_UnmanagedCallersOnly,ShortRun,Default,Default,Default,Default,Default,Default,Default,Default,Default,Default,Default,Default,Default,Default,Default,Default,Default,Default,Default,Default,Default,Default,Default,Default,Default,Default,Default,Default,Default,Default,Default,3,Default,1,Default,Default,Default,Default,Default,Default,Default,3,"ShortRun(IterationCount=3, LaunchCount=1, WarmupCount=3)",,1,Workload,Pilot,13,583900,65536,8.91,0,0,0,0
CallbackBenchmarks.DllImport_UnmanagedCallersOnly,PInvokeBench,CallbackBenchmarks,DllImport_UnmanagedCallersOnly,ShortRun,Default,Default,Default,Default,Default,Default,Default,Default,Default,Default,Default,Default,Default,Default,Default,Default,Default,Default,Default,Default,Default,Default,Default,Default,Default,Default,Default,Default,Default,Default,Default,3,Default,1,Default,Default,Default,Default,Default,Default,Default,3,"ShortRun(IterationCount=3, LaunchCount=1, WarmupCount=3)",,1,Workload,Pilot,14,1210700,131072,9.24,0,0,0,0
CallbackBenchmarks.DllImport_UnmanagedCallersOnly,PInvokeBench,CallbackBenchmarks,DllImport_UnmanagedCallersOnly,ShortRun,Default,Default,Default,Default,Default,Default,Default,Default,Default,Default,Default,Default,Default,Default,Default,Default,Default,Default,Default,Default,Default,Default,Default,Default,Default,Default,Default,Default,Default,Default,Default,3,Default,1,Default,Default,Default,Default,Default,Default,Default,3,"ShortRun(IterationCount=3, LaunchCount=1, WarmupCount=3)",,1,Workload,Pilot,15,2312600,262144,8.82,0,0,0,0
CallbackBenchmarks.DllImport_UnmanagedCallersOnly,PInvokeBench,CallbackBenchmarks,DllImport_UnmanagedCallersOnly,ShortRun,Default,Default,Default,Default,Default,Default,Default,Default,Default,Default,Default,Default,Default,Default,Default,Default,Default,Default,Default,Default,Default,Default,Default,Default,Default,Default,Default,Default,Default,Default,Default,3,Default,1,Default,Default,Default,Default,Default,Default,Default,3,"ShortRun(IterationCount=3, LaunchCount=1, WarmupCount=3)",,1,Workload,Pilot,16,4633600,524288,8.84,0,0,0,0
CallbackBenchmarks.DllImport_UnmanagedCallersOnly,PInvokeBench,CallbackBenchmarks,DllImport_UnmanagedCallersOnly,ShortRun,Default,Default,Default,Default,Default,Default,Default,Default,Default,Default,Default,Default,Default,Default,Default,Default,Default,Default,Default,Default,Default,Default,Default,Default,Default,Default,Default,Default,Default,Default,Default,3,Default,1,Default,Default,Default,Default,Default,Default,Default,3,"ShortRun(IterationCount=3, LaunchCount=1, WarmupCount=3)",,1,Workload,Pilot,17,9272100,1048576,8.84,0,0,0,0
CallbackBenchmarks.DllImport_UnmanagedCallersOnly,PInvokeBench,CallbackBenchmarks,DllImport_UnmanagedCallersOnly,ShortRun,Default,Default,Default,Default,Default,Default,Default,Default,Default,Default,Default,Default,Default,Default,Default,Default,Default,Default,Default,Default,Default,Default,Default,Default,Default,Default,Default,Default,Default,Default,Default,3,Default,1,Default,Default,Default,Default,Default,Default,Default,3,"ShortRun(IterationCount=3, LaunchCount=1, WarmupCount=3)",,1,Workload,Pilot,18,19577800,2097152,9.34,0,0,0,0
CallbackBenchmarks.DllImport_UnmanagedCallersOnly,PInvokeBench,CallbackBenchmarks,DllImport_UnmanagedCallersOnly,ShortRun,Default,Default,Default,Default,Default,Default,Default,Default,Default,Default,Default,Default,Default,Default,Default,Default,Default,Default,Default,Default,Default,Default,Default,Default,Default,Default,Default,Default,Default,Default,Default,3,Default,1,Default,Default,Default,Default,Default,Default,Default,3,"ShortRun(IterationCount=3, LaunchCount=1, WarmupCount=3)",,1,Workload,Pilot,19,43940100,4194304,10.48,0,0,0,0
CallbackBenchmarks.DllImport_UnmanagedCallersOnly,PInvokeBench,CallbackBenchmarks,DllImport_UnmanagedCallersOnly,ShortRun,Default,Default,Default,Default,Default,Default,Default,Default,Default,Default,Default,Default,Default,Default,Default,Default,Default,Default,Default,Default,Default,Default,Default,Default,Default,Default,Default,Default,Default,Default,Default,3,Default,1,Default,Default,Default,Default,Default,Default,Default,3,"ShortRun(IterationCount=3, LaunchCount=1, WarmupCount=3)",,1,Workload,Pilot,20,87805000,8388608,10.47,0,0,0,0
CallbackBenchmarks.DllImport_UnmanagedCallersOnly,PInvokeBench,CallbackBenchmarks,DllImport_UnmanagedCallersOnly,ShortRun,Default,Default,Default,Default,Default,Default,Default,Default,Default,Default,Default,Default,Default,Default,Default,Default,Default,Default,Default,Default,Default,Default,Default,Default,Default,Default,Default,Default,Default,Default,Default,3,Default,1,Default,Default,Default,Default,Default,Default,Default,3,"ShortRun(IterationCount=3, LaunchCount=1, WarmupCount=3)",,1,Workload,Pilot,21,165014800,16777216,9.84,0,0,0,0
CallbackBenchmarks.DllImport_UnmanagedCallersOnly,PInvokeBench,CallbackBenchmarks,DllImport_UnmanagedCallersOnly,ShortRun,Default,Default,Default,Default,Default,Default,Default,Default,Default,Default,Default,Default,Default,Default,Default,Default,Default,Default,Default,Default,Default,Default,Default,Default,Default,Default,Default,Default,Default,Default,Default,3,Default,1,Default,Default,Default,Default,Default,Default,Default,3,"ShortRun(IterationCount=3, LaunchCount=1, WarmupCount=3)",,1,Workload,Pilot,22,309672500,33554432,9.23,0,0,0,0
CallbackBenchmarks.DllImport_UnmanagedCallersOnly,PInvokeBench,CallbackBenchmarks,DllImport_UnmanagedCallersOnly,ShortRun,Default,Default,Default,Default,Default,Default,Default,Default,Default,Default,Default,Default,Default,Default,Default,Default,Default,Default,Default,Default,Default,Default,Default,Default,Default,Default,Default,Default,Default,Default,Default,3,Default,1,Default,Default,Default,Default,Default,Default,Default,3,"ShortRun(IterationCount=3, LaunchCount=1, WarmupCount=3)",,1,Workload,Pilot,23,613763900,67108864,9.15,0,0,0,0
CallbackBenchmarks.DllImport_UnmanagedCallersOnly,PInvokeBench,CallbackBenchmarks,DllImport_UnmanagedCallersOnly,ShortRun,Default,Default,Default,Default,Default,Default,Default,Default,Default,Default,Default,Default,Default,Default,Default,Default,Default,Default,Default,Default,Default,Default,Default,Default,Default,Default,Default,Default,Default,Default,Default,3,Default,1,Default,Default,Default,Default,Default,Default,Default,3,"ShortRun(IterationCount=3, LaunchCount=1, WarmupCount=3)",,1,Overhead,Warmup,1,151433200,67108864,2.26,0,0,0,0
CallbackBenchmarks.DllImport_UnmanagedCallersOnly,PInvokeBench,CallbackBenchmarks,DllImport_UnmanagedCallersOnly,ShortRun,Default,Default,Default,Default,Default,Default,Default,Default,Default,Default,Default,Default,Default,Default,Default,Default,Default,Default,Default,Default,Default,Default,Default,Default,Default,Default,Default,Default,Default,Default,Default,3,Default,1,Default,Default,Default,Default,Default,Default,Default,3,"ShortRun(IterationCount=3, LaunchCount=1, WarmupCount=3)",,1,Overhead,Warmup,2,130702700,67108864,1.95,0,0,0,0
CallbackBenchmarks.DllImport_UnmanagedCallersOnly,PInvokeBench,CallbackBenchmarks,DllImport_UnmanagedCallersOnly,ShortRun,Default,Default,Default,Default,Default,Default,Default,Default,Default,Default,Default,Default,Default,Default,Default,Default,Default,Default,Default,Default,Default,Default,Default,Default,Default,Default,Default,Default,Default,Default,Default,3,Default,1,Default,Default,Default,Default,Default,Default,Default,3,"ShortRun(IterationCount=3, LaunchCount=1, WarmupCount=3)",,1,Overhead,Warmup,3,113179800,67108864,1.69,0,0,0,0
CallbackBenchmarks.DllImport_UnmanagedCallersOnly,PInvokeBench,CallbackBenchmarks,DllImport_UnmanagedCallersOnly,ShortRun,Default,Default,Default,Default,Default,Default,Default,Default,Default,Default,Default,Default,Default,Default,Default,Default,Default,Default,Default,Default,Default,Default,Default,Default,Default,Default,Default,Default,Default,Default,Default,3,Default,1,Default,Default,Default,Default,Default,Default,Default,3,"ShortRun(IterationCount=3, LaunchCount=1, WarmupCount=3)",,1,Overhead,Warmup,4,123939300,67108864,1.85,0,0,0,0
CallbackBenchmarks.DllImport_UnmanagedCallersOnly,PInvokeBench,CallbackBenchmarks,DllImport_UnmanagedCallersOnly,ShortRun,Default,Default,Default,Default,Default,Default,Default,Default,Default,Default,Default,Default,Default,Default,Default,Default,Default,Default,Default,Default,Default,Default,Default,Default,Default,Default,Default,Default,Default,Default,Default,3,Default,1,Default,Default,Default,Default,Default,Default,Default,3,"ShortRun(IterationCount=3, LaunchCount=1, WarmupCount=3)",,1,Overhead,Warmup,5,122766500,67108864,1.83,0,0,0,0
CallbackBenchmarks.DllImport_UnmanagedCallersOnly,PInvokeBench,CallbackBenchmarks,DllImport_UnmanagedCallersOnly,ShortRun,Default,Default,Default,Default,Default,Default,Default,Default,Default,Default,Default,Default,Default,Default,Default,Default,Default,Default,Default,Default,Default,Default,Default,Default,Default,Default,Default,Default,Default,Default,Default,3,Default,1,Default,Default,Default,Default,Default,Default,Default,3,"ShortRun(IterationCount=3, LaunchCount=1, WarmupCount=3)",,1,Overhead,Warmup,6,113851500,67108864,1.7,0,0,0,0
CallbackBenchmarks.DllImport_UnmanagedCallersOnly,PInvokeBench,CallbackBenchmarks,DllImport_UnmanagedCallersOnly,ShortRun,Default,Default,Default,Default,Default,Default,Default,Default,Default,Default,Default,Default,Default,Default,Default,Default,Default,Default,Default,Default,Default,Default,Default,Default,Default,Default,Default,Default,Default,Default,Default,3,Default,1,Default,Default,Default,Default,Default,Default,Default,3,"ShortRun(IterationCount=3, LaunchCount=1, WarmupCount=3)",,1,Overhead,Warmup,7,124260800,67108864,1.85,0,0,0,0
CallbackBenchmarks.DllImport_UnmanagedCallersOnly,PInvokeBench,CallbackBenchmarks,DllImport_UnmanagedCallersOnly,ShortRun,Default,Default,Default,Default,Default,Default,Default,Default,Default,Default,Default,Default,Default,Default,Default,Default,Default,Default,Default,Default,Default,Default,Default,Default,Default,Default,Default,Default,Default,Default,Default,3,Default,1,Default,Default,Default,Default,Default,Default,Default,3,"ShortRun(IterationCount=3, LaunchCount=1, WarmupCount=3)",,1,Overhead,Warmup,8,125504300,67108864,1.87,0,0,0,0
CallbackBenchmarks.DllImport_UnmanagedCallersOnly,PInvokeBench,CallbackBenchmarks,DllImport_UnmanagedCallersOnly,ShortRun,Default,Default,Default,Default,Default,Default,Default,Default,Default,Default,Default,Default,Default,Default,Default,Default,Default,Default,Default,Default,Default,Default,Default,Default,Default,Default,Default,Default,Default,Default,Default,3,Default,1,Default,Default,Default,Default,Default,Default,Default,3,"ShortRun(IterationCount=3, LaunchCount=1, WarmupCount=3)",,1,Overhead,Warmup,9,129469300,67108864,1.93,0,0,0,0
CallbackBenchmarks.DllImport_UnmanagedCallersOnly,PInvokeBench,CallbackBenchmarks,DllImport_UnmanagedCallersOnly,ShortRun,Default,Default,Default,Default,Default,Default,Default,Default,Default,Default,Default,Default,Default,Default,Default,Default,Default,Default,Default,Default,Default,Default,Default,Default,Default,Default,Default,Default,Default,Default,Default,3,Default,1,Default,Default,Default,Default,Default,Default,Default,3,"ShortRun(IterationCount=3, LaunchCount=1, WarmupCount=3)",,1,Overhead,Warmup,10,110802300,67108864,1.65,0,0,0,0
CallbackBenchmarks.DllImport_UnmanagedCallersOnly,PInvokeBench,CallbackBenchmarks,DllImport_UnmanagedCallersOnly,ShortRun,Default,Default,Default,Default,Default,Default,Default,Default,Default,Default,Default,Default,Default,Default,Default,Default,Default,Default,Default,Default,Default,Default,Default,Default,Default,Default,Default,Default,Default,Default,Default,3,Default,1,Default,Default,Default,Default,Default,Default,Default,3,"ShortRun(IterationCount=3, LaunchCount=1, WarmupCount=3)",,1,Overhead,Actual,1,111737700,67108864,1.67,0,0,0,0
CallbackBenchmarks.DllImport_UnmanagedCallersOnly,PInvokeBench,CallbackBenchmarks,DllImport_UnmanagedCallersOnly,ShortRun,Default,Default,Default,Default,Default,Default,Default,Default,Default,Default,Default,Default,Default,Default,Default,Default,Default,Default,Default,Default,Default,Default,Default,Default,Default,Default,Default,Default,Default,Default,Default,3,Default,1,Default,Default,Default,Default,Default,Default,Default,3,"ShortRun(IterationCount=3, LaunchCount=1, WarmupCount=3)",,1,Overhead,Actual,2,111847700,67108864,1.67,0,0,0,0
CallbackBenchmarks.DllImport_UnmanagedCallersOnly,PInvokeBench,CallbackBenchmarks,DllImport_UnmanagedCallersOnly,ShortRun,Default,Default,Default,Default,Default,Default,Default,Default,Default,Default,Default,Default,Default,Default,Default,Default,Default,Default,Default,Default,Default,Default,Default,Default,Default,Default,Default,Default,Default,Default,Default,3,Default,1,Default,Default,Default,Default,Default,Default,Default,3,"ShortRun(IterationCount=3, LaunchCount=1, WarmupCount=3)",,1,Overhead,Actual,3,113045400,67108864,1.68,0,0,0,0
CallbackBenchmarks.DllImport_UnmanagedCallersOnly,PInvokeBench,CallbackBenchmarks,DllImport_UnmanagedCallersOnly,ShortRun,Default,Default,Default,Default,Default,Default,Default,Default,Default,Default,Default,Default,Default,Default,Default,Default,Default,Default,Default,Default,Default,Default,Default,Default,Default,Default,Default,Default,Default,Default,Default,3,Default,1,Default,Default,Default,Default,Default,Default,Default,3,"ShortRun(IterationCount=3, LaunchCount=1, WarmupCount=3)",,1,Overhead,Actual,4,117622100,67108864,1.75,0,0,0,0
CallbackBenchmarks.DllImport_UnmanagedCallersOnly,PInvokeBench,CallbackBenchmarks,DllImport_UnmanagedCallersOnly,ShortRun,Default,Default,Default,Default,Default,Default,Default,Default,Default,Default,Default,Default,Default,Default,Default,Default,Default,Default,Default,Default,Default,Default,Default,Default,Default,Default,Default,Default,Default,Default,Default,3,Default,1,Default,Default,Default,Default,Default,Default,Default,3,"ShortRun(IterationCount=3, LaunchCount=1, WarmupCount=3)",,1,Overhead,Actual,5,124375200,67108864,1.85,0,0,0,0
CallbackBenchmarks.DllImport_UnmanagedCallersOnly,PInvokeBench,CallbackBenchmarks,DllImport_UnmanagedCallersOnly,ShortRun,Default,Default,Default,Default,Default,Default,Default,Default,Default,Default,Default,Default,Default,Default,Default,Default,Default,Default,Default,Default,Default,Default,Default,Default,Default,Default,Default,Default,Default,Default,Default,3,Default,1,Default,Default,Default,Default,Default,Default,Default,3,"ShortRun(IterationCount=3, LaunchCount=1, WarmupCount=3)",,1,Overhead,Actual,6,117571400,67108864,1.75,0,0,0,0
CallbackBenchmarks.DllImport_UnmanagedCallersOnly,PInvokeBench,CallbackBenchmarks,DllImport_UnmanagedCallersOnly,ShortRun,Default,Default,Default,Default,Default,Default,Default,Default,Default,Default,Default,Default,Default,Default,Default,Default,Default,Default,Default,Default,Default,Default,Default,Default,Default,Default,Default,Default,Default,Default,Default,3,Default,1,Default,Default,Default,Default,Default,Default,Default,3,"ShortRun(IterationCount=3, LaunchCount=1, WarmupCount=3)",,1,Overhead,Actual,7,122378500,67108864,1.82,0,0,0,0
CallbackBenchmarks.DllImport_UnmanagedCallersOnly,PInvokeBench,CallbackBenchmarks,DllImport_UnmanagedCallersOnly,ShortRun,Default,Default,Default,Default,Default,Default,Default,Default,Default,Default,Default,Default,Default,Default,Default,Default,Default,Default,Default,Default,Default,Default,Default,Default,Default,Default,Default,Default,Default,Default,Default,3,Default,1,Default,Default,Default,Default,Default,Default,Default,3,"ShortRun(IterationCount=3, LaunchCount=1, WarmupCount=3)",,1,Overhead,Actual,8,115561700,67108864,1.72,0,0,0,0
CallbackBenchmarks.DllImport_UnmanagedCallersOnly,PInvokeBench,CallbackBenchmarks,DllImport_UnmanagedCallersOnly,ShortRun,Default,Default,Default,Default,Default,Default,Default,Default,Default,Default,Default,Default,Default,Default,Default,Default,Default,Default,Default,Default,Default,Default,Default,Default,Default,Default,Default,Default,Default,Default,Default,3,Default,1,Default,Default,Default,Default,Default,Default,Default,3,"ShortRun(IterationCount=3, LaunchCount=1, WarmupCount=3)",,1,Overhead,Actual,9,118037600,67108864,1.76,0,0,0,0
CallbackBenchmarks.DllImport_UnmanagedCallersOnly,PInvokeBench,CallbackBenchmarks,DllImport_UnmanagedCallersOnly,ShortRun,Default,Default,Default,Default,Default,Default,Default,Default,Default,Default,Default,Default,Default,Default,Default,Default,Default,Default,Default,Default,Default,Default,Default,Default,Default,Default,Default,Default,Default,Default,Default,3,Default,1,Default,Default,Default,Default,Default,Default,Default,3,"ShortRun(IterationCount=3, LaunchCount=1, WarmupCount=3)",,1,Overhead,Actual,10,113160500,67108864,1.69,0,0,0,0
CallbackBenchmarks.DllImport_UnmanagedCallersOnly,PInvokeBench,CallbackBenchmarks,DllImport_UnmanagedCallersOnly,ShortRun,Default,Default,Default,Default,Default,Default,Default,Default,Default,Default,Default,Default,Default,Default,Default,Default,Default,Default,Default,Default,Default,Default,Default,Default,Default,Default,Default,Default,Default,Default,Default,3,Default,1,Default,Default,Default,Default,Default,Default,Default,3,"ShortRun(IterationCount=3, LaunchCount=1, WarmupCount=3)",,1,Overhead,Actual,11,116964000,67108864,1.74,0,0,0,0
CallbackBenchmarks.DllImport_UnmanagedCallersOnly,PInvokeBench,CallbackBenchmarks,DllImport_UnmanagedCallersOnly,ShortRun,Default,Default,Default,Default,Default,Default,Default,Default,Default,Default,Default,Default,Default,Default,Default,Default,Default,Default,Default,Default,Default,Default,Default,Default,Default,Default,Default,Default,Default,Default,Default,3,Default,1,Default,Default,Default,Default,Default,Default,Default,3,"ShortRun(IterationCount=3, LaunchCount=1, WarmupCount=3)",,1,Overhead,Actual,12,117978600,67108864,1.76,0,0,0,0
CallbackBenchmarks.DllImport_UnmanagedCallersOnly,PInvokeBench,CallbackBenchmarks,DllImport_UnmanagedCallersOnly,ShortRun,Default,Default,Default,Default,Default,Default,Default,Default,Default,Default,Default,Default,Default,Default,Default,Default,Default,Default,Default,Default,Default,Default,Default,Default,Default,Default,Default,Default,Default,Default,Default,3,Default,1,Default,Default,Default,Default,Default,Default,Default,3,"ShortRun(IterationCount=3, LaunchCount=1, WarmupCount=3)",,1,Overhead,Actual,13,119044300,67108864,1.77,0,0,0,0
CallbackBenchmarks.DllImport_UnmanagedCallersOnly,PInvokeBench,CallbackBenchmarks,DllImport_UnmanagedCallersOnly,ShortRun,Default,Default,Default,Default,Default,Default,Default,Default,Default,Default,Default,Default,Default,Default,Default,Default,Default,Default,Default,Default,Default,Default,Default,Default,Default,Default,Default,Default,Default,Default,Default,3,Default,1,Default,Default,Default,Default,Default,Default,Default,3,"ShortRun(IterationCount=3, LaunchCount=1, WarmupCount=3)",,1,Overhead,Actual,14,119930200,67108864,1.79,0,0,0,0
CallbackBenchmarks.DllImport_UnmanagedCallersOnly,PInvokeBench,CallbackBenchmarks,DllImport_UnmanagedCallersOnly,ShortRun,Default,Default,Default,Default,Default,Default,Default,Default,Default,Default,Default,Default,Default,Default,Default,Default,Default,Default,Default,Default,Default,Default,Default,Default,Default,Default,Default,Default,Default,Default,Default,3,Default,1,Default,Default,Default,Default,Default,Default,Default,3,"ShortRun(IterationCount=3, LaunchCount=1, WarmupCount=3)",,1,Overhead,Actual,15,121566600,67108864,1.81,0,0,0,0
CallbackBenchmarks.DllImport_UnmanagedCallersOnly,PInvokeBench,CallbackBenchmarks,DllImport_UnmanagedCallersOnly,ShortRun,Default,Default,Default,Default,Default,Default,Default,Default,Default,Default,Default,Default,Default,Default,Default,Default,Default,Default,Default,Default,Default,Default,Default,Default,Default,Default,Default,Default,Default,Default,Default,3,Default,1,Default,Default,Default,Default,Default,Default,Default,3,"ShortRun(IterationCount=3, LaunchCount=1, WarmupCount=3)",,1,Workload,Warmup,1,653194200,67108864,9.73,0,0,0,0
CallbackBenchmarks.DllImport_UnmanagedCallersOnly,PInvokeBench,CallbackBenchmarks,DllImport_UnmanagedCallersOnly,ShortRun,Default,Default,Default,Default,Default,Default,Default,Default,Default,Default,Default,Default,Default,Default,Default,Default,Default,Default,Default,Default,Default,Default,Default,Default,Default,Default,Default,Default,Default,Default,Default,3,Default,1,Default,Default,Default,Default,Default,Default,Default,3,"ShortRun(IterationCount=3, LaunchCount=1, WarmupCount=3)",,1,Workload,Warmup,2,650980000,67108864,9.7,0,0,0,0
CallbackBenchmarks.DllImport_UnmanagedCallersOnly,PInvokeBench,CallbackBenchmarks,DllImport_UnmanagedCallersOnly,ShortRun,Default,Default,Default,Default,Default,Default,Default,Default,Default,Default,Default,Default,Default,Default,Default,Default,Default,Default,Default,Default,Default,Default,Default,Default,Default,Default,Default,Default,Default,Default,Default,3,Default,1,Default,Default,Default,Default,Default,Default,Default,3,"ShortRun(IterationCount=3, LaunchCount=1, WarmupCount=3)",,1,Workload,Warmup,3,810536800,67108864,12.08,0,0,0,0
CallbackBenchmarks.DllImport_UnmanagedCallersOnly,PInvokeBench,CallbackBenchmarks,DllImport_UnmanagedCallersOnly,ShortRun,Default,Default,Default,Default,Default,Default,Default,Default,Default,Default,Default,Default,Default,Default,Default,Default,Default,Default,Default,Default,Default,Default,Default,Default,Default,Default,Default,Default,Default,Default,Default,3,Default,1,Default,Default,Default,Default,Default,Default,Default,3,"ShortRun(IterationCount=3, LaunchCount=1, WarmupCount=3)",,1,Workload,Actual,1,654637300,67108864,9.75,0,0,0,0
CallbackBenchmarks.DllImport_UnmanagedCallersOnly,PInvokeBench,CallbackBenchmarks,DllImport_UnmanagedCallersOnly,ShortRun,Default,Default,Default,Default,Default,Default,Default,Default,Default,Default,Default,Default,Default,Default,Default,Default,Default,Default,Default,Default,Default,Default,Default,Default,Default,Default,Default,Default,Default,Default,Default,3,Default,1,Default,Default,Default,Default,Default,Default,Default,3,"ShortRun(IterationCount=3, LaunchCount=1, WarmupCount=3)",,1,Workload,Actual,2,627704700,67108864,9.35,0,0,0,0
CallbackBenchmarks.DllImport_UnmanagedCallersOnly,PInvokeBench,CallbackBenchmarks,DllImport_UnmanagedCallersOnly,ShortRun,Default,Default,Default,Default,Default,Default,Default,Default,Default,Default,Default,Default,Default,Default,Default,Default,Default,Default,Default,Default,Default,Default,Default,Default,Default,Default,Default,Default,Default,Default,Default,3,Default,1,Default,Default,Default,Default,Default,Default,Default,3,"ShortRun(IterationCount=3, LaunchCount=1, WarmupCount=3)",,1,Workload,Actual,3,671182700,67108864,10,0,0,0,0
CallbackBenchmarks.DllImport_UnmanagedCallersOnly,PInvokeBench,CallbackBenchmarks,DllImport_UnmanagedCallersOnly,ShortRun,Default,Default,Default,Default,Default,Default,Default,Default,Default,Default,Default,Default,Default,Default,Default,Default,Default,Default,Default,Default,Default,Default,Default,Default,Default,Default,Default,Default,Default,Default,Default,3,Default,1,Default,Default,Default,Default,Default,Default,Default,3,"ShortRun(IterationCount=3, LaunchCount=1, WarmupCount=3)",,1,Workload,Result,1,537015200,67108864,8,0,0,0,0
CallbackBenchmarks.DllImport_UnmanagedCallersOnly,PInvokeBench,CallbackBenchmarks,DllImport_UnmanagedCallersOnly,ShortRun,Default,Default,Default,Default,Default,Default,Default,Default,Default,Default,Default,Default,Default,Default,Default,Default,Default,Default,Default,Default,Default,Default,Default,Default,Default,Default,Default,Default,Default,Default,Default,3,Default,1,Default,Default,Default,Default,Default,Default,Default,3,"ShortRun(IterationCount=3, LaunchCount=1, WarmupCount=3)",,1,Workload,Result,2,510082600,67108864,7.6,0,0,0,0
CallbackBenchmarks.DllImport_UnmanagedCallersOnly,PInvokeBench,CallbackBenchmarks,DllImport_UnmanagedCallersOnly,ShortRun,Default,Default,Default,Default,Default,Default,Default,Default,Default,Default,Default,Default,Default,Default,Default,Default,Default,Default,Default,Default,Default,Default,Default,Default,Default,Default,Default,Default,Default,Default,Default,3,Default,1,Default,Default,Default,Default,Default,Default,Default,3,"ShortRun(IterationCount=3, LaunchCount=1, WarmupCount=3)",,1,Workload,Result,3,553560600,67108864,8.25,0,0,0,0
CallbackBenchmarks.DllImport_Delegate_Userdata,PInvokeBench,CallbackBenchmarks,DllImport_Delegate_Userdata,ShortRun,Default,Default,Default,Default,Default,Default,Default,Default,Default,Default,Default,Default,Default,Default,Default,Default,Default,Default,Default,Default,Default,Default,Default,Default,Default,Default,Default,Default,Default,Default,Default,3,Default,1,Default,Default,Default,Default,Default,Default,Default,3,"ShortRun(IterationCount=3, LaunchCount=1, WarmupCount=3)",,1,Overhead,Jitting,1,159200,1,159200,0,0,0,0
CallbackBenchmarks.DllImport_Delegate_Userdata,PInvokeBench,CallbackBenchmarks,DllImport_Delegate_Userdata,ShortRun,Default,Default,Default,Default,Default,Default,Default,Default,Default,Default,Default,Default,Default,Default,Default,Default,Default,Default,Default,Default,Default,Default,Default,Default,Default,Default,Default,Default,Default,Default,Default,3,Default,1,Default,Default,Default,Default,Default,Default,Default,3,"ShortRun(IterationCount=3, LaunchCount=1, WarmupCount=3)",,1,Workload,Jitting,1,1181700,1,1181700,0,0,0,0
CallbackBenchmarks.DllImport_Delegate_Userdata,PInvokeBench,CallbackBenchmarks,DllImport_Delegate_Userdata,ShortRun,Default,Default,Default,Default,Default,Default,Default,Default,Default,Default,Default,Default,Default,Default,Default,Default,Default,Default,Default,Default,Default,Default,Default,Default,Default,Default,Default,Default,Default,Default,Default,3,Default,1,Default,Default,Default,Default,Default,Default,Default,3,"ShortRun(IterationCount=3, LaunchCount=1, WarmupCount=3)",,1,Overhead,Jitting,2,299100,16,18693.75,0,0,0,0
CallbackBenchmarks.DllImport_Delegate_Userdata,PInvokeBench,CallbackBenchmarks,DllImport_Delegate_Userdata,ShortRun,Default,Default,Default,Default,Default,Default,Default,Default,Default,Default,Default,Default,Default,Default,Default,Default,Default,Default,Default,Default,Default,Default,Default,Default,Default,Default,Default,Default,Default,Default,Default,3,Default,1,Default,Default,Default,Default,Default,Default,Default,3,"ShortRun(IterationCount=3, LaunchCount=1, WarmupCount=3)",,1,Workload,Jitting,2,283800,16,17737.5,0,0,0,0
CallbackBenchmarks.DllImport_Delegate_Userdata,PInvokeBench,CallbackBenchmarks,DllImport_Delegate_Userdata,ShortRun,Default,Default,Default,Default,Default,Default,Default,Default,Default,Default,Default,Default,Default,Default,Default,Default,Default,Default,Default,Default,Default,Default,Default,Default,Default,Default,Default,Default,Default,Default,Default,3,Default,1,Default,Default,Default,Default,Default,Default,Default,3,"ShortRun(IterationCount=3, LaunchCount=1, WarmupCount=3)",,1,Workload,Pilot,1,1800,16,112.5,0,0,0,0
CallbackBenchmarks.DllImport_Delegate_Userdata,PInvokeBench,CallbackBenchmarks,DllImport_Delegate_Userdata,ShortRun,Default,Default,Default,Default,Default,Default,Default,Default,Default,Default,Default,Default,Default,Default,Default,Default,Default,Default,Default,Default,Default,Default,Default,Default,Default,Default,Default,Default,Default,Default,Default,3,Default,1,Default,Default,Default,Default,Default,Default,Default,3,"ShortRun(IterationCount=3, LaunchCount=1, WarmupCount=3)",,1,Workload,Pilot,2,1900,32,59.38,0,0,0,0
CallbackBenchmarks.DllImport_Delegate_Userdata,PInvokeBench,CallbackBenchmarks,DllImport_Delegate_Userdata,ShortRun,Default,Default,Default,Default,Default,Default,Default,Default,Default,Default,Default,Default,Default,Default,Default,Default,Default,Default,Default,Default,Default,Default,Default,Default,Default,Default,Default,Default,Default,Default,Default,3,Default,1,Default,Default,Default,Default,Default,Default,Default,3,"ShortRun(IterationCount=3, LaunchCount=1, WarmupCount=3)",,1,Workload,Pilot,3,4000,64,62.5,0,0,0,0
CallbackBenchmarks.DllImport_Delegate_Userdata,PInvokeBench,CallbackBenchmarks,DllImport_Delegate_Userdata,ShortRun,Default,Default,Default,Default,Default,Default,Default,Default,Default,Default,Default,Default,Default,Default,Default,Default,Default,Default,Default,Default,Default,Default,Default,Default,Default,Default,Default,Default,Default,Default,Default,3,Default,1,Default,Default,Default,Default,Default,Default,Default,3,"ShortRun(IterationCount=3, LaunchCount=1, WarmupCount=3)",,1,Workload,Pilot,4,5500,128,42.97,0,0,0,0
CallbackBenchmarks.DllImport_Delegate_Userdata,PInvokeBench,CallbackBenchmarks,DllImport_Delegate_Userdata,ShortRun,Default,Default,Default,Default,Default,Default,Default,Default,Default,Default,Default,Default,Default,Default,Default,Default,Default,Default,Default,Default,Default,Default,Default,Default,Default,Default,Default,Default,Default,Default,Default,3,Default,1,Default,Default,Default,Default,Default,Default,Default,3,"ShortRun(IterationCount=3, LaunchCount=1, WarmupCount=3)",,1,Workload,Pilot,5,11300,256,44.14,0,0,0,0
CallbackBenchmarks.DllImport_Delegate_Userdata,PInvokeBench,CallbackBenchmarks,DllImport_Delegate_Userdata,ShortRun,Default,Default,Default,Default,Default,Default,Default,Default,Default,Default,Default,Default,Default,Default,Default,Default,Default,Default,Default,Default,Default,Default,Default,Default,Default,Default,Default,Default,Default,Default,Default,3,Default,1,Default,Default,Default,Default,Default,Default,Default,3,"ShortRun(IterationCount=3, LaunchCount=1, WarmupCount=3)",,1,Workload,Pilot,6,17900,512,34.96,0,0,0,0
CallbackBenchmarks.DllImport_Delegate_Userdata,PInvokeBench,CallbackBenchmarks,DllImport_Delegate_Userdata,ShortRun,Default,Default,Default,Default,Default,Default,Default,Default,Default,Default,Default,Default,Default,Default,Default,Default,Default,Default,Default,Default,Default,Default,Default,Default,Default,Default,Default,Default,Default,Default,Default,3,Default,1,Default,Default,Default,Default,Default,Default,Default,3,"ShortRun(IterationCount=3, LaunchCount=1, WarmupCount=3)",,1,Workload,Pilot,7,35800,1024,34.96,0,0,0,0
CallbackBenchmarks.DllImport_Delegate_Userdata,PInvokeBench,CallbackBenchmarks,DllImport_Delegate_Userdata,ShortRun,Default,Default,Default,Default,Default,Default,Default,Default,Default,Default,Default,Default,Default,Default,Default,Default,Default,Default,Default,Default,Default,Default,Default,Default,Default,Default,Default,Default,Default,Default,Default,3,Default,1,Default,Default,Default,Default,Default,Default,Default,3,"ShortRun(IterationCount=3, LaunchCount=1, WarmupCount=3)",,1,Workload,Pilot,8,69400,2048,33.89,0,0,0,0
CallbackBenchmarks.DllImport_Delegate_Userdata,PInvokeBench,CallbackBenchmarks,DllImport_Delegate_Userdata,ShortRun,Default,Default,Default,Default,Default,Default,Default,Default,Default,Default,Default,Default,Default,Default,Default,Default,Default,Default,Default,Default,Default,Default,Default,Default,Default,Default,Default,Default,Default,Default,Default,3,Default,1,Default,Default,Default,Default,Default,Default,Default,3,"ShortRun(IterationCount=3, LaunchCount=1, WarmupCount=3)",,1,Workload,Pilot,9,128600,4096,31.4,0,0,0,0
CallbackBenchmarks.DllImport_Delegate_Userdata,PInvokeBench,CallbackBenchmarks,DllImport_Delegate_Userdata,ShortRun,Default,Default,Default,Default,Default,Default,Default,Default,Default,Default,Default,Default,Default,Default,Default,Default,Default,Default,Default,Default,Default,Default,Default,Default,Default,Default,Default,Default,Default,Default,Default,3,Default,1,Default,Default,Default,Default,Default,Default,Default,3,"ShortRun(IterationCount=3, LaunchCount=1, WarmupCount=3)",,1,Workload,Pilot,10,237900,8192,29.04,0,0,0,0
CallbackBenchmarks.DllImport_Delegate_Userdata,PInvokeBench,CallbackBenchmarks,DllImport_Delegate_Userdata,ShortRun,Default,Default,Default,Default,Default,Default,Default,Default,Default,Default,Default,Default,Default,Default,Default,Default,Default,Default,Default,Default,Default,Default,Default,Default,Default,Default,Default,Default,Default,Default,Default,3,Default,1,Default,Default,Default,Default,Default,Default,Default,3,"ShortRun(IterationCount=3, LaunchCount=1, WarmupCount=3)",,1,Workload,Pilot,11,498600,16384,30.43,0,0,0,0
CallbackBenchmarks.DllImport_Delegate_Userdata,PInvokeBench,CallbackBenchmarks,DllImport_Delegate_Userdata,ShortRun,Default,Default,Default,Default,Default,Default,Default,Default,Default,Default,Default,Default,Default,Default,Default,Default,Default,Default,Default,Default,Default,Default,Default,Default,Default,Default,Default,Default,Default,Default,Default,3,Default,1,Default,Default,Default,Default,Default,Default,Default,3,"ShortRun(IterationCount=3, LaunchCount=1, WarmupCount=3)",,1,Workload,Pilot,12,995200,32768,30.37,0,0,0,0
CallbackBenchmarks.DllImport_Delegate_Userdata,PInvokeBench,CallbackBenchmarks,DllImport_Delegate_Userdata,ShortRun,Default,Default,Default,Default,Default,Default,Default,Default,Default,Default,Default,Default,Default,Default,Default,Default,Default,Default,Default,Default,Default,Default,Default,Default,Default,Default,Default,Default,Default,Default,Default,3,Default,1,Default,Default,Default,Default,Default,Default,Default,3,"ShortRun(IterationCount=3, LaunchCount=1, WarmupCount=3)",,1,Workload,Pilot,13,1975900,65536,30.15,0,0,0,0
CallbackBenchmarks.DllImport_Delegate_Userdata,PInvokeBench,CallbackBenchmarks,DllImport_Delegate_Userdata,ShortRun,Default,Default,Default,Default,Default,Default,Default,Default,Default,Default,Default,Default,Default,Default,Default,Default,Default,Default,Default,Default,Default,Default,Default,Default,Default,Default,Default,Default,Default,Default,Default,3,Default,1,Default,Default,Default,Default,Default,Default,Default,3,"ShortRun(IterationCount=3, LaunchCount=1, WarmupCount=3)",,1,Workload,Pilot,14,5250300,131072,40.06,0,0,0,0
CallbackBenchmarks.DllImport_Delegate_Userdata,PInvokeBench,CallbackBenchmarks,DllImport_Delegate_Userdata,ShortRun,Default,Default,Default,Default,Default,Default,Default,Default,Default,Default,Default,Default,Default,Default,Default,Default,Default,Default,Default,Default,Default,Default,Default,Default,Default,Default,Default,Default,Default,Default,Default,3,Default,1,Default,Default,Default,Default,Default,Default,Default,3,"ShortRun(IterationCount=3, LaunchCount=1, WarmupCount=3)",,1,Workload,Pilot,15,9625000,262144,36.72,0,0,0,0
CallbackBenchmarks.DllImport_Delegate_Userdata,PInvokeBench,CallbackBenchmarks,DllImport_Delegate_Userdata,ShortRun,Default,Default,Default,Default,Default,Default,Default,Default,Default,Default,Default,Default,Default,Default,Default,Default,Default,Default,Default,Default,Default,Default,Default,Default,Default,Default,Default,Default,Default,Default,Default,3,Default,1,Default,Default,Default,Default,Default,Default,Default,3,"ShortRun(IterationCount=3, LaunchCount=1, WarmupCount=3)",,1,Workload,Pilot,16,19864200,524288,37.89,0,0,0,0
CallbackBenchmarks.DllImport_Delegate_Userdata,PInvokeBench,CallbackBenchmarks,DllImport_Delegate_Userdata,ShortRun,Default,Default,Default,Default,Default,Default,Default,Default,Default,Default,Default,Default,Default,Default,Default,Default,Default,Default,Default,Default,Default,Default,Default,Default,Default,Default,Default,Default,Default,Default,Default,3,Default,1,Default,Default,Default,Default,Default,Default,Default,3,"ShortRun(IterationCount=3, LaunchCount=1, WarmupCount=3)",,1,Workload,Pilot,17,40408000,1048576,38.54,0,0,0,0
CallbackBenchmarks.DllImport_Delegate_Userdata,PInvokeBench,CallbackBenchmarks,DllImport_Delegate_Userdata,ShortRun,Default,Default,Default,Default,Default,Default,Default,Default,Default,Default,Default,Default,Default,Default,Default,Default,Default,Default,Default,Default,Default,Default,Default,Default,Default,Default,Default,Default,Default,Default,Default,3,Default,1,Default,Default,Default,Default,Default,Default,Default,3,"ShortRun(IterationCount=3, LaunchCount=1, WarmupCount=3)",,1,Workload,Pilot,18,84921800,2097152,40.49,0,0,0,0
CallbackBenchmarks.DllImport_Delegate_Userdata,PInvokeBench,CallbackBenchmarks,DllImport_Delegate_Userdata,ShortRun,Default,Default,Default,Default,Default,Default,Default,Default,Default,Default,Default,Default,Default,Default,Default,Default,Default,Default,Default,Default,Default,Default,Default,Default,Default,Default,Default,Default,Default,Default,Default,3,Default,1,Default,Default,Default,Default,Default,Default,Default,3,"ShortRun(IterationCount=3, LaunchCount=1, WarmupCount=3)",,1,Workload,Pilot,19,135057500,4194304,32.2,0,0,0,0
CallbackBenchmarks.DllImport_Delegate_Userdata,PInvokeBench,CallbackBenchmarks,DllImport_Delegate_Userdata,ShortRun,Default,Default,Default,Default,Default,Default,Default,Default,Default,Default,Default,Default,Default,Default,Default,Default,Default,Default,Default,Default,Default,Default,Default,Default,Default,Default,Default,Default,Default,Default,Default,3,Default,1,Default,Default,Default,Default,Default,Default,Default,3,"ShortRun(IterationCount=3, LaunchCount=1, WarmupCount=3)",,1,Workload,Pilot,20,265150600,8388608,31.61,0,0,0,0
CallbackBenchmarks.DllImport_Delegate_Userdata,PInvokeBench,CallbackBenchmarks,DllImport_Delegate_Userdata,ShortRun,Default,Default,Default,Default,Default,Default,Default,Default,Default,Default,Default,Default,Default,Default,Default,Default,Default,Default,Default,Default,Default,Default,Default,Default,Default,Default,Default,Default,Default,Default,Default,3,Default,1,Default,Default,Default,Default,Default,Default,Default,3,"ShortRun(IterationCount=3, LaunchCount=1, WarmupCount=3)",,1,Workload,Pilot,21,555206000,16777216,33.09,0,0,0,0
CallbackBenchmarks.DllImport_Delegate_Userdata,PInvokeBench,CallbackBenchmarks,DllImport_Delegate_Userdata,ShortRun,Default,Default,Default,Default,Default,Default,Default,Default,Default,Default,Default,Default,Default,Default,Default,Default,Default,Default,Default,Default,Default,Default,Default,Default,Default,Default,Default,Default,Default,Default,Default,3,Default,1,Default,Default,Default,Default,Default,Default,Default,3,"ShortRun(IterationCount=3, LaunchCount=1, WarmupCount=3)",,1,Overhead,Warmup,1,42148200,16777216,2.51,0,0,0,0
CallbackBenchmarks.DllImport_Delegate_Userdata,PInvokeBench,CallbackBenchmarks,DllImport_Delegate_Userdata,ShortRun,Default,Default,Default,Default,Default,Default,Default,Default,Default,Default,Default,Default,Default,Default,Default,Default,Default,Default,Default,Default,Default,Default,Default,Default,Default,Default,Default,Default,Default,Default,Default,3,Default,1,Default,Default,Default,Default,Default,Default,Default,3,"ShortRun(IterationCount=3, LaunchCount=1, WarmupCount=3)",,1,Overhead,Warmup,2,40334600,16777216,2.4,0,0,0,0
CallbackBenchmarks.DllImport_Delegate_Userdata,PInvokeBench,CallbackBenchmarks,DllImport_Delegate_Userdata,ShortRun,Default,Default,Default,Default,Default,Default,Default,Default,Default,Default,Default,Default,Default,Default,Default,Default,Default,Default,Default,Default,Default,Default,Default,Default,Default,Default,Default,Default,Default,Default,Default,3,Default,1,Default,Default,Default,Default,Default,Default,Default,3,"ShortRun(IterationCount=3, LaunchCount=1, WarmupCount=3)",,1,Overhead,Warmup,3,46316400,16777216,2.76,0,0,0,0
CallbackBenchmarks.DllImport_Delegate_Userdata,PInvokeBench,CallbackBenchmarks,DllImport_Delegate_Userdata,ShortRun,Default,Default,Default,Default,Default,Default,Default,Default,Default,Default,Default,Default,Default,Default,Default,Default,Default,Default,Default,Default,Default,Default,Default,Default,Default,Default,Default,Default,Default,Default,Default,3,Default,1,Default,Default,Default,Default,Default,Default,Default,3,"ShortRun(IterationCount=3, LaunchCount=1, WarmupCount=3)",,1,Overhead,Warmup,4,48383600,16777216,2.88,0,0,0,0
CallbackBenchmarks.DllImport_Delegate_Userdata,PInvokeBench,CallbackBenchmarks,DllImport_Delegate_Userdata,ShortRun,Default,Default,Default,Default,Default,Default,Default,Default,Default,Default,Default,Default,Default,Default,Default,Default,Default,Default,Default,Default,Default,Default,Default,Default,Default,Default,Default,Default,Default,Default,Default,3,Default,1,Default,Default,Default,Default,Default,Default,Default,3,"ShortRun(IterationCount=3, LaunchCount=1, WarmupCount=3)",,1,Overhead,Warmup,5,43804500,16777216,2.61,0,0,0,0
CallbackBenchmarks.DllImport_Delegate_Userdata,PInvokeBench,CallbackBenchmarks,DllImport_Delegate_Userdata,ShortRun,Default,Default,Default,Default,Default,Default,Default,Default,Default,Default,Default,Default,Default,Default,Default,Default,Default,Default,Default,Default,Default,Default,Default,Default,Default,Default,Default,Default,Default,Default,Default,3,Default,1,Default,Default,Default,Default,Default,Default,Default,3,"ShortRun(IterationCount=3, LaunchCount=1, WarmupCount=3)",,1,Overhead,Warmup,6,40066200,16777216,2.39,0,0,0,0
CallbackBenchmarks.DllImport_Delegate_Userdata,PInvokeBench,CallbackBenchmarks,DllImport_Delegate_Userdata,ShortRun,Default,Default,Default,Default,Default,Default,Default,Default,Default,Default,Default,Default,Default,Default,Default,Default,Default,Default,Default,Default,Default,Default,Default,Default,Default,Default,Default,Default,Default,Default,Default,3,Default,1,Default,Default,Default,Default,Default,Default,Default,3,"ShortRun(IterationCount=3, LaunchCount=1, WarmupCount=3)",,1,Overhead,Warmup,7,40125900,16777216,2.39,0,0,0,0
CallbackBenchmarks.DllImport_Delegate_Userdata,PInvokeBench,CallbackBenchmarks,DllImport_Delegate_Userdata,ShortRun,Default,Default,Default,Default,Default,Default,Default,Default,Default,Default,Default,Default,Default,Default,Default,Default,Default,Default,Default,Default,Default,Default,Default,Default,Default,Default,Default,Default,Default,Default,Default,3,Default,1,Default,Default,Default,Default,Default,Default,Default,3,"ShortRun(IterationCount=3, LaunchCount=1, WarmupCount=3)",,1,Overhead,Warmup,8,36685800,16777216,2.19,0,0,0,0
CallbackBenchmarks.DllImport_Delegate_Userdata,PInvokeBench,CallbackBenchmarks,DllImport_Delegate_Userdata,ShortRun,Default,Default,Default,Default,Default,Default,Default,Default,Default,Default,Default,Default,Default,Default,Default,Default,Default,Default,Default,Default,Default,Default,Default,Default,Default,Default,Default,Default,Default,Default,Default,3,Default,1,Default,Default,Default,Default,Default,Default,Default,3,"ShortRun(IterationCount=3, LaunchCount=1, WarmupCount=3)",,1,Overhead,Actual,1,33580300,16777216,2,0,0,0,0
CallbackBenchmarks.DllImport_Delegate_Userdata,PInvokeBench,CallbackBenchmarks,DllImport_Delegate_Userdata,ShortRun,Default,Default,Default,Default,Default,Default,Default,Default,Default,Default,Default,Default,Default,Default,Default,Default,Default,Default,Default,Default,Default,Default,Default,Default,Default,Default,Default,Default,Default,Default,Default,3,Default,1,Default,Default,Default,Default,Default,Default,Default,3,"ShortRun(IterationCount=3, LaunchCount=1, WarmupCount=3)",,1,Overhead,Actual,2,29975500,16777216,1.79,0,0,0,0
CallbackBenchmarks.DllImport_Delegate_Userdata,PInvokeBench,CallbackBenchmarks,DllImport_Delegate_Userdata,ShortRun,Default,Default,Default,Default,Default,Default,Default,Default,Default,Default,Default,Default,Default,Default,Default,Default,Default,Default,Default,Default,Default,Default,Default,Default,Default,Default,Default,Default,Default,Default,Default,3,Default,1,Default,Default,Default,Default,Default,Default,Default,3,"ShortRun(IterationCount=3, LaunchCount=1, WarmupCount=3)",,1,Overhead,Actual,3,28502800,16777216,1.7,0,0,0,0
CallbackBenchmarks.DllImport_Delegate_Userdata,PInvokeBench,CallbackBenchmarks,DllImport_Delegate_Userdata,ShortRun,Default,Default,Default,Default,Default,Default,Default,Default,Default,Default,Default,Default,Default,Default,Default,Default,Default,Default,Default,Default,Default,Default,Default,Default,Default,Default,Default,Default,Default,Default,Default,3,Default,1,Default,Default,Default,Default,Default,Default,Default,3,"ShortRun(IterationCount=3, LaunchCount=1, WarmupCount=3)",,1,Overhead,Actual,4,28451500,16777216,1.7,0,0,0,0
CallbackBenchmarks.DllImport_Delegate_Userdata,PInvokeBench,CallbackBenchmarks,DllImport_Delegate_Userdata,ShortRun,Default,Default,Default,Default,Default,Default,Default,Default,Default,Default,Default,Default,Default,Default,Default,Default,Default,Default,Default,Default,Default,Default,Default,Default,Default,Default,Default,Default,Default,Default,Default,3,Default,1,Default,Default,Default,Default,Default,Default,Default,3,"ShortRun(IterationCount=3, LaunchCount=1, WarmupCount=3)",,1,Overhead,Actual,5,29564000,16777216,1.76,0,0,0,0
CallbackBenchmarks.DllImport_Delegate_Userdata,PInvokeBench,CallbackBenchmarks,DllImport_Delegate_Userdata,ShortRun,Default,Default,Default,Default,Default,Default,Default,Default,Default,Default,Default,Default,Default,Default,Default,Default,Default,Default,Default,Default,Default,Default,Default,Default,Default,Default,Default,Default,Default,Default,Default,3,Default,1,Default,Default,Default,Default,Default,Default,Default,3,"ShortRun(IterationCount=3, LaunchCount=1, WarmupCount=3)",,1,Overhead,Actual,6,29688100,16777216,1.77,0,0,0,0
CallbackBenchmarks.DllImport_Delegate_Userdata,PInvokeBench,CallbackBenchmarks,DllImport_Delegate_Userdata,ShortRun,Default,Default,Default,Default,Default,Default,Default,Default,Default,Default,Default,Default,Default,Default,Default,Default,Default,Default,Default,Default,Default,Default,Default,Default,Default,Default,Default,Default,Default,Default,Default,3,Default,1,Default,Default,Default,Default,Default,Default,Default,3,"ShortRun(IterationCount=3, LaunchCount=1, WarmupCount=3)",,1,Overhead,Actual,7,29251000,16777216,1.74,0,0,0,0
CallbackBenchmarks.DllImport_Delegate_Userdata,PInvokeBench,CallbackBenchmarks,DllImport_Delegate_Userdata,ShortRun,Default,Default,Default,Default,Default,Default,Default,Default,Default,Default,Default,Default,Default,Default,Default,Default,Default,Default,Default,Default,Default,Default,Default,Default,Default,Default,Default,Default,Default,Default,Default,3,Default,1,Default,Default,Default,Default,Default,Default,Default,3,"ShortRun(IterationCount=3, LaunchCount=1, WarmupCount=3)",,1,Overhead,Actual,8,29417800,16777216,1.75,0,0,0,0
CallbackBenchmarks.DllImport_Delegate_Userdata,PInvokeBench,CallbackBenchmarks,DllImport_Delegate_Userdata,ShortRun,Default,Default,Default,Default,Default,Default,Default,Default,Default,Default,Default,Default,Default,Default,Default,Default,Default,Default,Default,Default,Default,Default,Default,Default,Default,Default,Default,Default,Default,Default,Default,3,Default,1,Default,Default,Default,Default,Default,Default,Default,3,"ShortRun(IterationCount=3, LaunchCount=1, WarmupCount=3)",,1,Overhead,Actual,9,29222700,16777216,1.74,0,0,0,0
CallbackBenchmarks.DllImport_Delegate_Userdata,PInvokeBench,CallbackBenchmarks,DllImport_Delegate_Userdata,ShortRun,Default,Default,Default,Default,Default,Default,Default,Default,Default,Default,Default,Default,Default,Default,Default,Default,Default,Default,Default,Default,Default,Default,Default,Default,Default,Default,Default,Default,Default,Default,Default,3,Default,1,Default,Default,Default,Default,Default,Default,Default,3,"ShortRun(IterationCount=3, LaunchCount=1, WarmupCount=3)",,1,Overhead,Actual,10,28775300,16777216,1.72,0,0,0,0
CallbackBenchmarks.DllImport_Delegate_Userdata,PInvokeBench,CallbackBenchmarks,DllImport_Delegate_Userdata,ShortRun,Default,Default,Default,Default,Default,Default,Default,Default,Default,Default,Default,Default,Default,Default,Default,Default,Default,Default,Default,Default,Default,Default,Default,Default,Default,Default,Default,Default,Default,Default,Default,3,Default,1,Default,Default,Default,Default,Default,Default,Default,3,"ShortRun(IterationCount=3, LaunchCount=1, WarmupCount=3)",,1,Overhead,Actual,11,30396400,16777216,1.81,0,0,0,0
CallbackBenchmarks.DllImport_Delegate_Userdata,PInvokeBench,CallbackBenchmarks,DllImport_Delegate_Userdata,ShortRun,Default,Default,Default,Default,Default,Default,Default,Default,Default,Default,Default,Default,Default,Default,Default,Default,Default,Default,Default,Default,Default,Default,Default,Default,Default,Default,Default,Default,Default,Default,Default,3,Default,1,Default,Default,Default,Default,Default,Default,Default,3,"ShortRun(IterationCount=3, LaunchCount=1, WarmupCount=3)",,1,Overhead,Actual,12,31213900,16777216,1.86,0,0,0,0
CallbackBenchmarks.DllImport_Delegate_Userdata,PInvokeBench,CallbackBenchmarks,DllImport_Delegate_Userdata,ShortRun,Default,Default,Default,Default,Default,Default,Default,Default,Default,Default,Default,Default,Default,Default,Default,Default,Default,Default,Default,Default,Default,Default,Default,Default,Default,Default,Default,Default,Default,Default,Default,3,Default,1,Default,Default,Default,Default,Default,Default,Default,3,"ShortRun(IterationCount=3, LaunchCount=1, WarmupCount=3)",,1,Overhead,Actual,13,31013300,16777216,1.85,0,0,0,0
CallbackBenchmarks.DllImport_Delegate_Userdata,PInvokeBench,CallbackBenchmarks,DllImport_Delegate_Userdata,ShortRun,Default,Default,Default,Default,Default,Default,Default,Default,Default,Default,Default,Default,Default,Default,Default,Default,Default,Default,Default,Default,Default,Default,Default,Default,Default,Default,Default,Default,Default,Default,Default,3,Default,1,Default,Default,Default,Default,Default,Default,Default,3,"ShortRun(IterationCount=3, LaunchCount=1, WarmupCount=3)",,1,Overhead,Actual,14,28662200,16777216,1.71,0,0,0,0
CallbackBenchmarks.DllImport_Delegate_Userdata,PInvokeBench,CallbackBenchmarks,DllImport_Delegate_Userdata,ShortRun,Default,Default,Default,Default,Default,Default,Default,Default,Default,Default,Default,Default,Default,Default,Default,Default,Default,Default,Default,Default,Default,Default,Default,Default,Default,Default,Default,Default,Default,Default,Default,3,Default,1,Default,Default,Default,Default,Default,Default,Default,3,"ShortRun(IterationCount=3, LaunchCount=1, WarmupCount=3)",,1,Overhead,Actual,15,33253400,16777216,1.98,0,0,0,0
CallbackBenchmarks.DllImport_Delegate_Userdata,PInvokeBench,CallbackBenchmarks,DllImport_Delegate_Userdata,ShortRun,Default,Default,Default,Default,Default,Default,Default,Default,Default,Default,Default,Default,Default,Default,Default,Default,Default,Default,Default,Default,Default,Default,Default,Default,Default,Default,Default,Default,Default,Default,Default,3,Default,1,Default,Default,Default,Default,Default,Default,Default,3,"ShortRun(IterationCount=3, LaunchCount=1, WarmupCount=3)",,1,Overhead,Actual,16,32887400,16777216,1.96,0,0,0,0
CallbackBenchmarks.DllImport_Delegate_Userdata,PInvokeBench,CallbackBenchmarks,DllImport_Delegate_Userdata,ShortRun,Default,Default,Default,Default,Default,Default,Default,Default,Default,Default,Default,Default,Default,Default,Default,Default,Default,Default,Default,Default,Default,Default,Default,Default,Default,Default,Default,Default,Default,Default,Default,3,Default,1,Default,Default,Default,Default,Default,Default,Default,3,"ShortRun(IterationCount=3, LaunchCount=1, WarmupCount=3)",,1,Overhead,Actual,17,32295000,16777216,1.92,0,0,0,0
CallbackBenchmarks.DllImport_Delegate_Userdata,PInvokeBench,CallbackBenchmarks,DllImport_Delegate_Userdata,ShortRun,Default,Default,Default,Default,Default,Default,Default,Default,Default,Default,Default,Default,Default,Default,Default,Default,Default,Default,Default,Default,Default,Default,Default,Default,Default,Default,Default,Default,Default,Default,Default,3,Default,1,Default,Default,Default,Default,Default,Default,Default,3,"ShortRun(IterationCount=3, LaunchCount=1, WarmupCount=3)",,1,Overhead,Actual,18,31311300,16777216,1.87,0,0,0,0
CallbackBenchmarks.DllImport_Delegate_Userdata,PInvokeBench,CallbackBenchmarks,DllImport_Delegate_Userdata,ShortRun,Default,Default,Default,Default,Default,Default,Default,Default,Default,Default,Default,Default,Default,Default,Default,Default,Default,Default,Default,Default,Default,Default,Default,Default,Default,Default,Default,Default,Default,Default,Default,3,Default,1,Default,Default,Default,Default,Default,Default,Default,3,"ShortRun(IterationCount=3, LaunchCount=1, WarmupCount=3)",,1,Overhead,Actual,19,31390100,16777216,1.87,0,0,0,0
CallbackBenchmarks.DllImport_Delegate_Userdata,PInvokeBench,CallbackBenchmarks,DllImport_Delegate_Userdata,ShortRun,Default,Default,Default,Default,Default,Default,Default,Default,Default,Default,Default,Default,Default,Default,Default,Default,Default,Default,Default,Default,Default,Default,Default,Default,Default,Default,Default,Default,Default,Default,Default,3,Default,1,Default,Default,Default,Default,Default,Default,Default,3,"ShortRun(IterationCount=3, LaunchCount=1, WarmupCount=3)",,1,Workload,Warmup,1,553003200,16777216,32.96,0,0,0,0
CallbackBenchmarks.DllImport_Delegate_Userdata,PInvokeBench,CallbackBenchmarks,DllImport_Delegate_Userdata,ShortRun,Default,Default,Default,Default,Default,Default,Default,Default,Default,Default,Default,Default,Default,Default,Default,Default,Default,Default,Default,Default,Default,Default,Default,Default,Default,Default,Default,Default,Default,Default,Default,3,Default,1,Default,Default,Default,Default,Default,Default,Default,3,"ShortRun(IterationCount=3, LaunchCount=1, WarmupCount=3)",,1,Workload,Warmup,2,596771400,16777216,35.57,0,0,0,0
CallbackBenchmarks.DllImport_Delegate_Userdata,PInvokeBench,CallbackBenchmarks,DllImport_Delegate_Userdata,ShortRun,Default,Default,Default,Default,Default,Default,Default,Default,Default,Default,Default,Default,Default,Default,Default,Default,Default,Default,Default,Default,Default,Default,Default,Default,Default,Default,Default,Default,Default,Default,Default,3,Default,1,Default,Default,Default,Default,Default,Default,Default,3,"ShortRun(IterationCount=3, LaunchCount=1, WarmupCount=3)",,1,Workload,Warmup,3,553693500,16777216,33,0,0,0,0
CallbackBenchmarks.DllImport_Delegate_Userdata,PInvokeBench,CallbackBenchmarks,DllImport_Delegate_Userdata,ShortRun,Default,Default,Default,Default,Default,Default,Default,Default,Default,Default,Default,Default,Default,Default,Default,Default,Default,Default,Default,Default,Default,Default,Default,Default,Default,Default,Default,Default,Default,Default,Default,3,Default,1,Default,Default,Default,Default,Default,Default,Default,3,"ShortRun(IterationCount=3, LaunchCount=1, WarmupCount=3)",,1,Workload,Actual,1,596374700,16777216,35.55,0,0,0,0
CallbackBenchmarks.DllImport_Delegate_Userdata,PInvokeBench,CallbackBenchmarks,DllImport_Delegate_Userdata,ShortRun,Default,Default,Default,Default,Default,Default,Default,Default,Default,Default,Default,Default,Default,Default,Default,Default,Default,Default,Default,Default,Default,Default,Default,Default,Default,Default,Default,Default,Default,Default,Default,3,Default,1,Default,Default,Default,Default,Default,Default,Default,3,"ShortRun(IterationCount=3, LaunchCount=1, WarmupCount=3)",,1,Workload,Actual,2,516735900,16777216,30.8,0,0,0,0
CallbackBenchmarks.DllImport_Delegate_Userdata,PInvokeBench,CallbackBenchmarks,DllImport_Delegate_Userdata,ShortRun,Default,Default,Default,Default,Default,Default,Default,Default,Default,Default,Default,Default,Default,Default,Default,Default,Default,Default,Default,Default,Default,Default,Default,Default,Default,Default,Default,Default,Default,Default,Default,3,Default,1,Default,Default,Default,Default,Default,Default,Default,3,"ShortRun(IterationCount=3, LaunchCount=1, WarmupCount=3)",,1,Workload,Actual,3,520370100,16777216,31.02,0,0,0,0
CallbackBenchmarks.DllImport_Delegate_Userdata,PInvokeBench,CallbackBenchmarks,DllImport_Delegate_Userdata,ShortRun,Default,Default,Default,Default,Default,Default,Default,Default,Default,Default,Default,Default,Default,Default,Default,Default,Default,Default,Default,Default,Default,Default,Default,Default,Default,Default,Default,Default,Default,Default,Default,3,Default,1,Default,Default,Default,Default,Default,Default,Default,3,"ShortRun(IterationCount=3, LaunchCount=1, WarmupCount=3)",,1,Workload,Result,1,566399200,16777216,33.76,0,0,0,0
CallbackBenchmarks.DllImport_Delegate_Userdata,PInvokeBench,CallbackBenchmarks,DllImport_Delegate_Userdata,ShortRun,Default,Default,Default,Default,Default,Default,Default,Default,Default,Default,Default,Default,Default,Default,Default,Default,Default,Default,Default,Default,Default,Default,Default,Default,Default,Default,Default,Default,Default,Default,Default,3,Default,1,Default,Default,Default,Default,Default,Default,Default,3,"ShortRun(IterationCount=3, LaunchCount=1, WarmupCount=3)",,1,Workload,Result,2,486760400,16777216,29.01,0,0,0,0
CallbackBenchmarks.DllImport_Delegate_Userdata,PInvokeBench,CallbackBenchmarks,DllImport_Delegate_Userdata,ShortRun,Default,Default,Default,Default,Default,Default,Default,Default,Default,Default,Default,Default,Default,Default,Default,Default,Default,Default,Default,Default,Default,Default,Default,Default,Default,Default,Default,Default,Default,Default,Default,3,Default,1,Default,Default,Default,Default,Default,Default,Default,3,"ShortRun(IterationCount=3, LaunchCount=1, WarmupCount=3)",,1,Workload,Result,3,490394600,16777216,29.23,0,0,0,0
CallbackBenchmarks.DllImport_FunctionPointer_Userdata,PInvokeBench,CallbackBenchmarks,DllImport_FunctionPointer_Userdata,ShortRun,Default,Default,Default,Default,Default,Default,Default,Default,Default,Default,Default,Default,Default,Default,Default,Default,Default,Default,Default,Default,Default,Default,Default,Default,Default,Default,Default,Default,Default,Default,Default,3,Default,1,Default,Default,Default,Default,Default,Default,Default,3,"ShortRun(IterationCount=3, LaunchCount=1, WarmupCount=3)",,1,Overhead,Jitting,1,201900,1,201900,0,0,0,0
CallbackBenchmarks.DllImport_FunctionPointer_Userdata,PInvokeBench,CallbackBenchmarks,DllImport_FunctionPointer_Userdata,ShortRun,Default,Default,Default,Default,Default,Default,Default,Default,Default,Default,Default,Default,Default,Default,Default,Default,Default,Default,Default,Default,Default,Default,Default,Default,Default,Default,Default,Default,Default,Default,Default,3,Default,1,Default,Default,Default,Default,Default,Default,Default,3,"ShortRun(IterationCount=3, LaunchCount=1, WarmupCount=3)",,1,Workload,Jitting,1,875100,1,875100,0,0,0,0
CallbackBenchmarks.DllImport_FunctionPointer_Userdata,PInvokeBench,CallbackBenchmarks,DllImport_FunctionPointer_Userdata,ShortRun,Default,Default,Default,Default,Default,Default,Default,Default,Default,Default,Default,Default,Default,Default,Default,Default,Default,Default,Default,Default,Default,Default,Default,Default,Default,Default,Default,Default,Default,Default,Default,3,Default,1,Default,Default,Default,Default,Default,Default,Default,3,"ShortRun(IterationCount=3, LaunchCount=1, WarmupCount=3)",,1,Overhead,Jitting,2,257400,16,16087.5,0,0,0,0
CallbackBenchmarks.DllImport_FunctionPointer_Userdata,PInvokeBench,CallbackBenchmarks,DllImport_FunctionPointer_Userdata,ShortRun,Default,Default,Default,Default,Default,Default,Default,Default,Default,Default,Default,Default,Default,Default,Default,Default,Default,Default,Default,Default,Default,Default,Default,Default,Default,Default,Default,Default,Default,Default,Default,3,Default,1,Default,Default,Default,Default,Default,Default,Default,3,"ShortRun(IterationCount=3, LaunchCount=1, WarmupCount=3)",,1,Workload,Jitting,2,273900,16,17118.75,0,0,0,0
CallbackBenchmarks.DllImport_FunctionPointer_Userdata,PInvokeBench,CallbackBenchmarks,DllImport_FunctionPointer_Userdata,ShortRun,Default,Default,Default,Default,Default,Default,Default,Default,Default,Default,Default,Default,Default,Default,Default,Default,Default,Default,Default,Default,Default,Default,Default,Default,Default,Default,Default,Default,Default,Default,Default,3,Default,1,Default,Default,Default,Default,Default,Default,Default,3,"ShortRun(IterationCount=3, LaunchCount=1, WarmupCount=3)",,1,Workload,Pilot,1,900,16,56.25,0,0,0,0
CallbackBenchmarks.DllImport_FunctionPointer_Userdata,PInvokeBench,CallbackBenchmarks,DllImport_FunctionPointer_Userdata,ShortRun,Default,Default,Default,Default,Default,Default,Default,Default,Default,Default,Default,Default,Default,Default,Default,Default,Default,Default,Default,Default,Default,Default,Default,Default,Default,Default,Default,Default,Default,Default,Default,3,Default,1,Default,Default,Default,Default,Default,Default,Default,3,"ShortRun(IterationCount=3, LaunchCount=1, WarmupCount=3)",,1,Workload,Pilot,2,900,32,28.13,0,0,0,0
CallbackBenchmarks.DllImport_FunctionPointer_Userdata,PInvokeBench,CallbackBenchmarks,DllImport_FunctionPointer_Userdata,ShortRun,Default,Default,Default,Default,Default,Default,Default,Default,Default,Default,Default,Default,Default,Default,Default,Default,Default,Default,Default,Default,Default,Default,Default,Default,Default,Default,Default,Default,Default,Default,Default,3,Default,1,Default,Default,Default,Default,Default,Default,Default,3,"ShortRun(IterationCount=3, LaunchCount=1, WarmupCount=3)",,1,Workload,Pilot,3,1100,64,17.19,0,0,0,0
CallbackBenchmarks.DllImport_FunctionPointer_Userdata,PInvokeBench,CallbackBenchmarks,DllImport_FunctionPointer_Userdata,ShortRun,Default,Default,Default,Default,Default,Default,Default,Default,Default,Default,Default,Default,Default,Default,Default,Default,Default,Default,Default,Default,Default,Default,Default,Default,Default,Default,Default,Default,Default,Default,Default,3,Default,1,Default,Default,Default,Default,Default,Default,Default,3,"ShortRun(IterationCount=3, LaunchCount=1, WarmupCount=3)",,1,Workload,Pilot,4,2400,128,18.75,0,0,0,0
CallbackBenchmarks.DllImport_FunctionPointer_Userdata,PInvokeBench,CallbackBenchmarks,DllImport_FunctionPointer_Userdata,ShortRun,Default,Default,Default,Default,Default,Default,Default,Default,Default,Default,Default,Default,Default,Default,Default,Default,Default,Default,Default,Default,Default,Default,Default,Default,Default,Default,Default,Default,Default,Default,Default,3,Default,1,Default,Default,Default,Default,Default,Default,Default,3,"ShortRun(IterationCount=3, LaunchCount=1, WarmupCount=3)",,1,Workload,Pilot,5,3800,256,14.84,0,0,0,0
CallbackBenchmarks.DllImport_FunctionPointer_Userdata,PInvokeBench,CallbackBenchmarks,DllImport_FunctionPointer_Userdata,ShortRun,Default,Default,Default,Default,Default,Default,Default,Default,Default,Default,Default,Default,Default,Default,Default,Default,Default,Default,Default,Default,Default,Default,Default,Default,Default,Default,Default,Default,Default,Default,Default,3,Default,1,Default,Default,Default,Default,Default,Default,Default,3,"ShortRun(IterationCount=3, LaunchCount=1, WarmupCount=3)",,1,Workload,Pilot,6,6500,512,12.7,0,0,0,0
CallbackBenchmarks.DllImport_FunctionPointer_Userdata,PInvokeBench,CallbackBenchmarks,DllImport_FunctionPointer_Userdata,ShortRun,Default,Default,Default,Default,Default,Default,Default,Default,Default,Default,Default,Default,Default,Default,Default,Default,Default,Default,Default,Default,Default,Default,Default,Default,Default,Default,Default,Default,Default,Default,Default,3,Default,1,Default,Default,Default,Default,Default,Default,Default,3,"ShortRun(IterationCount=3, LaunchCount=1, WarmupCount=3)",,1,Workload,Pilot,7,14800,1024,14.45,0,0,0,0
CallbackBenchmarks.DllImport_FunctionPointer_Userdata,PInvokeBench,CallbackBenchmarks,DllImport_FunctionPointer_Userdata,ShortRun,Default,Default,Default,Default,Default,Default,Default,Default,Default,Default,Default,Default,Default,Default,Default,Default,Default,Default,Default,Default,Default,Default,Default,Default,Default,Default,Default,Default,Default,Default,Default,3,Default,1,Default,Default,Default,Default,Default,Default,Default,3,"ShortRun(IterationCount=3, LaunchCount=1, WarmupCount=3)",,1,Workload,Pilot,8,24500,2048,11.96,0,0,0,0
CallbackBenchmarks.DllImport_FunctionPointer_Userdata,PInvokeBench,CallbackBenchmarks,DllImport_FunctionPointer_Userdata,ShortRun,Default,Default,Default,Default,Default,Default,Default,Default,Default,Default,Default,Default,Default,Default,Default,Default,Default,Default,Default,Default,Default,Default,Default,Default,Default,Default,Default,Default,Default,Default,Default,3,Default,1,Default,Default,Default,Default,Default,Default,Default,3,"ShortRun(IterationCount=3, LaunchCount=1, WarmupCount=3)",,1,Workload,Pilot,9,49600,4096,12.11,0,0,0,0
CallbackBenchmarks.DllImport_FunctionPointer_Userdata,PInvokeBench,CallbackBenchmarks,DllImport_FunctionPointer_Userdata,ShortRun,Default,Default,Default,Default,Default,Default,Default,Default,Default,Default,Default,Default,Default,Default,Default,Default,Default,Default,Default,Default,Default,Default,Default,Default,Default,Default,Default,Default,Default,Default,Default,3,Default,1,Default,Default,Default,Default,Default,Default,Default,3,"ShortRun(IterationCount=3, LaunchCount=1, WarmupCount=3)",,1,Workload,Pilot,10,114400,8192,13.96,0,0,0,0
CallbackBenchmarks.DllImport_FunctionPointer_Userdata,PInvokeBench,CallbackBenchmarks,DllImport_FunctionPointer_Userdata,ShortRun,Default,Default,Default,Default,Default,Default,Default,Default,Default,Default,Default,Default,Default,Default,Default,Default,Default,Default,Default,Default,Default,Default,Default,Default,Default,Default,Default,Default,Default,Default,Default,3,Default,1,Default,Default,Default,Default,Default,Default,Default,3,"ShortRun(IterationCount=3, LaunchCount=1, WarmupCount=3)",,1,Workload,Pilot,11,205500,16384,12.54,0,0,0,0
CallbackBenchmarks.DllImport_FunctionPointer_Userdata,PInvokeBench,CallbackBenchmarks,DllImport_FunctionPointer_Userdata,ShortRun,Default,Default,Default,Default,Default,Default,Default,Default,Default,Default,Default,Default,Default,Default,Default,Default,Default,Default,Default,Default,Default,Default,Default,Default,Default,Default,Default,Default,Default,Default,Default,3,Default,1,Default,Default,Default,Default,Default,Default,Default,3,"ShortRun(IterationCount=3, LaunchCount=1, WarmupCount=3)",,1,Workload,Pilot,12,375000,32768,11.44,0,0,0,0
CallbackBenchmarks.DllImport_FunctionPointer_Userdata,PInvokeBench,CallbackBenchmarks,DllImport_FunctionPointer_Userdata,ShortRun,Default,Default,Default,Default,Default,Default,Default,Default,Default,Default,Default,Default,Default,Default,Default,Default,Default,Default,Default,Default,Default,Default,Default,Default,Default,Default,Default,Default,Default,Default,Default,3,Default,1,Default,Default,Default,Default,Default,Default,Default,3,"ShortRun(IterationCount=3, LaunchCount=1, WarmupCount=3)",,1,Workload,Pilot,13,942100,65536,14.38,0,0,0,0
CallbackBenchmarks.DllImport_FunctionPointer_Userdata,PInvokeBench,CallbackBenchmarks,DllImport_FunctionPointer_Userdata,ShortRun,Default,Default,Default,Default,Default,Default,Default,Default,Default,Default,Default,Default,Default,Default,Default,Default,Default,Default,Default,Default,Default,Default,Default,Default,Default,Default,Default,Default,Default,Default,Default,3,Default,1,Default,Default,Default,Default,Default,Default,Default,3,"ShortRun(IterationCount=3, LaunchCount=1, WarmupCount=3)",,1,Workload,Pilot,14,1476500,131072,11.26,0,0,0,0
CallbackBenchmarks.DllImport_FunctionPointer_Userdata,PInvokeBench,CallbackBenchmarks,DllImport_FunctionPointer_Userdata,ShortRun,Default,Default,Default,Default,Default,Default,Default,Default,Default,Default,Default,Default,Default,Default,Default,Default,Default,Default,Default,Default,Default,Default,Default,Default,Default,Default,Default,Default,Default,Default,Default,3,Default,1,Default,Default,Default,Default,Default,Default,Default,3,"ShortRun(IterationCount=3, LaunchCount=1, WarmupCount=3)",,1,Workload,Pilot,15,3023600,262144,11.53,0,0,0,0
CallbackBenchmarks.DllImport_FunctionPointer_Userdata,PInvokeBench,CallbackBenchmarks,DllImport_FunctionPointer_Userdata,ShortRun,Default,Default,Default,Default,Default,Default,Default,Default,Default,Default,Default,Default,Default,Default,Default,Default,Default,Default,Default,Default,Default,Default,Default,Default,Default,Default,Default,Default,Default,Default,Default,3,Default,1,Default,Default,Default,Default,Default,Default,Default,3,"ShortRun(IterationCount=3, LaunchCount=1, WarmupCount=3)",,1,Workload,Pilot,16,6367200,524288,12.14,0,0,0,0
CallbackBenchmarks.DllImport_FunctionPointer_Userdata,PInvokeBench,CallbackBenchmarks,DllImport_FunctionPointer_Userdata,ShortRun,Default,Default,Default,Default,Default,Default,Default,Default,Default,Default,Default,Default,Default,Default,Default,Default,Default,Default,Default,Default,Default,Default,Default,Default,Default,Default,Default,Default,Default,Default,Default,3,Default,1,Default,Default,Default,Default,Default,Default,Default,3,"ShortRun(IterationCount=3, LaunchCount=1, WarmupCount=3)",,1,Workload,Pilot,17,13265500,1048576,12.65,0,0,0,0
CallbackBenchmarks.DllImport_FunctionPointer_Userdata,PInvokeBench,CallbackBenchmarks,DllImport_FunctionPointer_Userdata,ShortRun,Default,Default,Default,Default,Default,Default,Default,Default,Default,Default,Default,Default,Default,Default,Default,Default,Default,Default,Default,Default,Default,Default,Default,Default,Default,Default,Default,Default,Default,Default,Default,3,Default,1,Default,Default,Default,Default,Default,Default,Default,3,"ShortRun(IterationCount=3, LaunchCount=1, WarmupCount=3)",,1,Workload,Pilot,18,33445300,2097152,15.95,0,0,0,0
CallbackBenchmarks.DllImport_FunctionPointer_Userdata,PInvokeBench,CallbackBenchmarks,DllImport_FunctionPointer_Userdata,ShortRun,Default,Default,Default,Default,Default,Default,Default,Default,Default,Default,Default,Default,Default,Default,Default,Default,Default,Default,Default,Default,Default,Default,Default,Default,Default,Default,Default,Default,Default,Default,Default,3,Default,1,Default,Default,Default,Default,Default,Default,Default,3,"ShortRun(IterationCount=3, LaunchCount=1, WarmupCount=3)",,1,Workload,Pilot,19,60063200,4194304,14.32,0,0,0,0
CallbackBenchmarks.DllImport_FunctionPointer_Userdata,PInvokeBench,CallbackBenchmarks,DllImport_FunctionPointer_Userdata,ShortRun,Default,Default,Default,Default,Default,Default,Default,Default,Default,Default,Default,Default,Default,Default,Default,Default,Default,Default,Default,Default,Default,Default,Default,Default,Default,Default,Default,Default,Default,Default,Default,3,Default,1,Default,Default,Default,Default,Default,Default,Default,3,"ShortRun(IterationCount=3, LaunchCount=1, WarmupCount=3)",,1,Workload,Pilot,20,100133000,8388608,11.94,0,0,0,0
CallbackBenchmarks.DllImport_FunctionPointer_Userdata,PInvokeBench,CallbackBenchmarks,DllImport_FunctionPointer_Userdata,ShortRun,Default,Default,Default,Default,Default,Default,Default,Default,Default,Default,Default,Default,Default,Default,Default,Default,Default,Default,Default,Default,Default,Default,Default,Default,Default,Default,Default,Default,Default,Default,Default,3,Default,1,Default,Default,Default,Default,Default,Default,Default,3,"ShortRun(IterationCount=3, LaunchCount=1, WarmupCount=3)",,1,Workload,Pilot,21,201922500,16777216,12.04,0,0,0,0
CallbackBenchmarks.DllImport_FunctionPointer_Userdata,PInvokeBench,CallbackBenchmarks,DllImport_FunctionPointer_Userdata,ShortRun,Default,Default,Default,Default,Default,Default,Default,Default,Default,Default,Default,Default,Default,Default,Default,Default,Default,Default,Default,Default,Default,Default,Default,Default,Default,Default,Default,Default,Default,Default,Default,3,Default,1,Default,Default,Default,Default,Default,Default,Default,3,"ShortRun(IterationCount=3, LaunchCount=1, WarmupCount=3)",,1,Workload,Pilot,22,427636300,33554432,12.74,0,0,0,0
CallbackBenchmarks.DllImport_FunctionPointer_Userdata,PInvokeBench,CallbackBenchmarks,DllImport_FunctionPointer_Userdata,ShortRun,Default,Default,Default,Default,Default,Default,Default,Default,Default,Default,Default,Default,Default,Default,Default,Default,Default,Default,Default,Default,Default,Default,Default,Default,Default,Default,Default,Default,Default,Default,Default,3,Default,1,Default,Default,Default,Default,Default,Default,Default,3,"ShortRun(IterationCount=3, LaunchCount=1, WarmupCount=3)",,1,Workload,Pilot,23,859868600,67108864,12.81,0,0,0,0
CallbackBenchmarks.DllImport_FunctionPointer_Userdata,PInvokeBench,CallbackBenchmarks,DllImport_FunctionPointer_Userdata,ShortRun,Default,Default,Default,Default,Default,Default,Default,Default,Default,Default,Default,Default,Default,Default,Default,Default,Default,Default,Default,Default,Default,Default,Default,Default,Default,Default,Default,Default,Default,Default,Default,3,Default,1,Default,Default,Default,Default,Default,Default,Default,3,"ShortRun(IterationCount=3, LaunchCount=1, WarmupCount=3)",,1,Overhead,Warmup,1,162775900,67108864,2.43,0,0,0,0
CallbackBenchmarks.DllImport_FunctionPointer_Userdata,PInvokeBench,CallbackBenchmarks,DllImport_FunctionPointer_Userdata,ShortRun,Default,Default,Default,Default,Default,Default,Default,Default,Default,Default,Default,Default,Default,Default,Default,Default,Default,Default,Default,Default,Default,Default,Default,Default,Default,Default,Default,Default,Default,Default,Default,3,Default,1,Default,Default,Default,Default,Default,Default,Default,3,"ShortRun(IterationCount=3, LaunchCount=1, WarmupCount=3)",,1,Overhead,Warmup,2,137423400,67108864,2.05,0,0,0,0
CallbackBenchmarks.DllImport_FunctionPointer_Userdata,PInvokeBench,CallbackBenchmarks,DllImport_FunctionPointer_Userdata,ShortRun,Default,Default,Default,Default,Default,Default,Default,Default,Default,Default,Default,Default,Default,Default,Default,Default,Default,Default,Default,Default,Default,Default,Default,Default,Default,Default,Default,Default,Default,Default,Default,3,Default,1,Default,Default,Default,Default,Default,Default,Default,3,"ShortRun(IterationCount=3, LaunchCount=1, WarmupCount=3)",,1,Overhead,Warmup,3,111325300,67108864,1.66,0,0,0,0
CallbackBenchmarks.DllImport_FunctionPointer_Userdata,PInvokeBench,CallbackBenchmarks,DllImport_FunctionPointer_Userdata,ShortRun,Default,Default,Default,Default,Default,Default,Default,Default,Default,Default,Default,Default,Default,Default,Default,Default,Default,Default,Default,Default,Default,Default,Default,Default,Default,Default,Default,Default,Default,Default,Default,3,Default,1,Default,Default,Default,Default,Default,Default,Default,3,"ShortRun(IterationCount=3, LaunchCount=1, WarmupCount=3)",,1,Overhead,Warmup,4,109999800,67108864,1.64,0,0,0,0
CallbackBenchmarks.DllImport_FunctionPointer_Userdata,PInvokeBench,CallbackBenchmarks,DllImport_FunctionPointer_Userdata,ShortRun,Default,Default,Default,Default,Default,Default,Default,Default,Default,Default,Default,Default,Default,Default,Default,Default,Default,Default,Default,Default,Default,Default,Default,Default,Default,Default,Default,Default,Default,Default,Default,3,Default,1,Default,Default,Default,Default,Default,Default,Default,3,"ShortRun(IterationCount=3, LaunchCount=1, WarmupCount=3)",,1,Overhead,Warmup,5,111227900,67108864,1.66,0,0,0,0
CallbackBenchmarks.DllImport_FunctionPointer_Userdata,PInvokeBench,CallbackBenchmarks,DllImport_FunctionPointer_Userdata,ShortRun,Default,Default,Default,Default,Default,Default,Default,Default,Default,Default,Default,Default,Default,Default,Default,Default,Default,Default,Default,Default,Default,Default,Default,Default,Default,Default,Default,Default,Default,Default,Default,3,Default,1,Default,Default,Default,Default,Default,Default,Default,3,"ShortRun(IterationCount=3, LaunchCount=1, WarmupCount=3)",,1,Overhead,Warmup,6,110581600,67108864,1.65,0,0,0,0
CallbackBenchmarks.DllImport_FunctionPointer_Userdata,PInvokeBench,CallbackBenchmarks,DllImport_FunctionPointer_Userdata,ShortRun,Default,Default,Default,Default,Default,Default,Default,Default,Default,Default,Default,Default,Default,Default,Default,Default,Default,Default,Default,Default,Default,Default,Default,Default,Default,Default,Default,Default,Default,Default,Default,3,Default,1,Default,Default,Default,Default,Default,Default,Default,3,"ShortRun(IterationCount=3, LaunchCount=1, WarmupCount=3)",,1,Overhead,Warmup,7,110907500,67108864,1.65,0,0,0,0
CallbackBenchmarks.DllImport_FunctionPointer_Userdata,PInvokeBench,CallbackBenchmarks,DllImport_FunctionPointer_Userdata,ShortRun,Default,Default,Default,Default,Default,Default,Default,Default,Default,Default,Default,Default,Default,Default,Default,Default,Default,Default,Default,Default,Default,Default,Default,Default,Default,Default,Default,Default,Default,Default,Default,3,Default,1,Default,Default,Default,Default,Default,Default,Default,3,"ShortRun(IterationCount=3, LaunchCount=1, WarmupCount=3)",,1,Overhead,Warmup,8,110427200,67108864,1.65,0,0,0,0
CallbackBenchmarks.DllImport_FunctionPointer_Userdata,PInvokeBench,CallbackBenchmarks,DllImport_FunctionPointer_Userdata,ShortRun,Default,Default,Default,Default,Default,Default,Default,Default,Default,Default,Default,Default,Default,Default,Default,Default,Default,Default,Default,Default,Default,Default,Default,Default,Default,Default,Default,Default,Default,Default,Default,3,Default,1,Default,Default,Default,Default,Default,Default,Default,3,"ShortRun(IterationCount=3, LaunchCount=1, WarmupCount=3)",,1,Overhead,Actual,1,121925700,67108864,1.82,0,0,0,0
CallbackBenchmarks.DllImport_FunctionPointer_Userdata,PInvokeBench,CallbackBenchmarks,DllImport_FunctionPointer_Userdata,ShortRun,Default,Default,Default,Default,Default,Default,Default,Default,Default,Default,Default,Default,Default,Default,Default,Default,Default,Default,Default,Default,Default,Default,Default,Default,Default,Default,Default,Default,Default,Default,Default,3,Default,1,Default,Default,Default,Default,Default,Default,Default,3,"ShortRun(IterationCount=3, LaunchCount=1, WarmupCount=3)",,1,Overhead,Actual,2,111385300,67108864,1.66,0,0,0,0
CallbackBenchmarks.DllImport_FunctionPointer_Userdata,PInvokeBench,CallbackBenchmarks,DllImport_FunctionPointer_Userdata,ShortRun,Default,Default,Default,Default,Default,Default,Default,Default,Default,Default,Default,Default,Default,Default,Default,Default,Default,Default,Default,Default,Default,Default,Default,Default,Default,Default,Default,Default,Default,Default,Default,3,Default,1,Default,Default,Default,Default,Default,Default,Default,3,"ShortRun(IterationCount=3, LaunchCount=1, WarmupCount=3)",,1,Overhead,Actual,3,110704700,67108864,1.65,0,0,0,0
CallbackBenchmarks.DllImport_FunctionPointer_Userdata,PInvokeBench,CallbackBenchmarks,DllImport_FunctionPointer_Userdata,ShortRun,Default,Default,Default,Default,Default,Default,Default,Default,Default,Default,Default,Default,Default,Default,Default,Default,Default,Default,Default,Default,Default,Default,Default,Default,Default,Default,Default,Default,Default,Default,Default,3,Default,1,Default,Default,Default,Default,Default,Default,Default,3,"ShortRun(IterationCount=3, LaunchCount=1, WarmupCount=3)",,1,Overhead,Actual,4,113797500,67108864,1.7,0,0,0,0
CallbackBenchmarks.DllImport_FunctionPointer_Userdata,PInvokeBench,CallbackBenchmarks,DllImport_FunctionPointer_Userdata,ShortRun,Default,Default,Default,Default,Default,Default,Default,Default,Default,Default,Default,Default,Default,Default,Default,Default,Default,Default,Default,Default,Default,Default,Default,Default,Default,Default,Default,Default,Default,Default,Default,3,Default,1,Default,Default,Default,Default,Default,Default,Default,3,"ShortRun(IterationCount=3, LaunchCount=1, WarmupCount=3)",,1,Overhead,Actual,5,122477200,67108864,1.83,0,0,0,0
CallbackBenchmarks.DllImport_FunctionPointer_Userdata,PInvokeBench,CallbackBenchmarks,DllImport_FunctionPointer_Userdata,ShortRun,Default,Default,Default,Default,Default,Default,Default,Default,Default,Default,Default,Default,Default,Default,Default,Default,Default,Default,Default,Default,Default,Default,Default,Default,Default,Default,Default,Default,Default,Default,Default,3,Default,1,Default,Default,Default,Default,Default,Default,Default,3,"ShortRun(IterationCount=3, LaunchCount=1, WarmupCount=3)",,1,Overhead,Actual,6,122025300,67108864,1.82,0,0,0,0
CallbackBenchmarks.DllImport_FunctionPointer_Userdata,PInvokeBench,CallbackBenchmarks,DllImport_FunctionPointer_Userdata,ShortRun,Default,Default,Default,Default,Default,Default,Default,Default,Default,Default,Default,Default,Default,Default,Default,Default,Default,Default,Default,Default,Default,Default,Default,Default,Default,Default,Default,Default,Default,Default,Default,3,Default,1,Default,Default,Default,Default,Default,Default,Default,3,"ShortRun(IterationCount=3, LaunchCount=1, WarmupCount=3)",,1,Overhead,Actual,7,114017600,67108864,1.7,0,0,0,0
CallbackBenchmarks.DllImport_FunctionPointer_Userdata,PInvokeBench,CallbackBenchmarks,DllImport_FunctionPointer_Userdata,ShortRun,Default,Default,Default,Default,Default,Default,Default,Default,Default,Default,Default,Default,Default,Default,Default,Default,Default,Default,Default,Default,Default,Default,Default,Default,Default,Default,Default,Default,Default,Default,Default,3,Default,1,Default,Default,Default,Default,Default,Default,Default,3,"ShortRun(IterationCount=3, LaunchCount=1, WarmupCount=3)",,1,Overhead,Actual,8,110940500,67108864,1.65,0,0,0,0
CallbackBenchmarks.DllImport_FunctionPointer_Userdata,PInvokeBench,CallbackBenchmarks,DllImport_FunctionPointer_Userdata,ShortRun,Default,Default,Default,Default,Default,Default,Default,Default,Default,Default,Default,Default,Default,Default,Default,Default,Default,Default,Default,Default,Default,Default,Default,Default,Default,Default,Default,Default,Default,Default,Default,3,Default,1,Default,Default,Default,Default,Default,Default,Default,3,"ShortRun(IterationCount=3, LaunchCount=1, WarmupCount=3)",,1,Overhead,Actual,9,117233600,67108864,1.75,0,0,0,0
CallbackBenchmarks.DllImport_FunctionPointer_Userdata,PInvokeBench,CallbackBenchmarks,DllImport_FunctionPointer_Userdata,ShortRun,Default,Default,Default,Default,Default,Default,Default,Default,Default,Default,Default,Default,Default,Default,Default,Default,Default,Default,Default,Default,Default,Default,Default,Default,Default,Default,Default,Default,Default,Default,Default,3,Default,1,Default,Default,Default,Default,Default,Default,Default,3,"ShortRun(IterationCount=3, LaunchCount=1, WarmupCount=3)",,1,Overhead,Actual,10,127809300,67108864,1.9,0,0,0,0
CallbackBenchmarks.DllImport_FunctionPointer_Userdata,PInvokeBench,CallbackBenchmarks,DllImport_FunctionPointer_Userdata,ShortRun,Default,Default,Default,Default,Default,Default,Default,Default,Default,Default,Default,Default,Default,Default,Default,Default,Default,Default,Default,Default,Default,Default,Default,Default,Default,Default,Default,Default,Default,Default,Default,3,Default,1,Default,Default,Default,Default,Default,Default,Default,3,"ShortRun(IterationCount=3, LaunchCount=1, WarmupCount=3)",,1,Overhead,Actual,11,127408600,67108864,1.9,0,0,0,0
CallbackBenchmarks.DllImport_FunctionPointer_Userdata,PInvokeBench,CallbackBenchmarks,DllImport_FunctionPointer_Userdata,ShortRun,Default,Default,Default,Default,Default,Default,Default,Default,Default,Default,Default,Default,Default,Default,Default,Default,Default,Default,Default,Default,Default,Default,Default,Default,Default,Default,Default,Default,Default,Default,Default,3,Default,1,Default,Default,Default,Default,Default,Default,Default,3,"ShortRun(IterationCount=3, LaunchCount=1, WarmupCount=3)",,1,Overhead,Actual,12,121684000,67108864,1.81,0,0,0,0
CallbackBenchmarks.DllImport_FunctionPointer_Userdata,PInvokeBench,CallbackBenchmarks,DllImport_FunctionPointer_Userdata,ShortRun,Default,Default,Default,Default,Default,Default,Default,Default,Default,Default,Default,Default,Default,Default,Default,Default,Default,Default,Default,Default,Default,Default,Default,Default,Default,Default,Default,Default,Default,Default,Default,3,Default,1,Default,Default,Default,Default,Default,Default,Default,3,"ShortRun(IterationCount=3, LaunchCount=1, WarmupCount=3)",,1,Overhead,Actual,13,110754200,67108864,1.65,0,0,0,0
CallbackBenchmarks.DllImport_FunctionPointer_Userdata,PInvokeBench,CallbackBenchmarks,DllImport_FunctionPointer_Userdata,ShortRun,Default,Default,Default,Default,Default,Default,Default,Default,Default,Default,Default,Default,Default,Default,Default,Default,Default,Default,Default,Default,Default,Default,Default,Default,Default,Default,Default,Default,Default,Default,Default,3,Default,1,Default,Default,Default,Default,Default,Default,Default,3,"ShortRun(IterationCount=3, LaunchCount=1, WarmupCount=3)",,1,Overhead,Actual,14,122859200,67108864,1.83,0,0,0,0
CallbackBenchmarks.DllImport_FunctionPointer_Userdata,PInvokeBench,CallbackBenchmarks,DllImport_FunctionPointer_Userdata,ShortRun,Default,Default,Default,Default,Default,Default,Default,Default,Default,Default,Default,Default,Default,Default,Default,Default,Default,Default,Default,Default,Default,Default,Default,Default,Default,Default,Default,Default,Default,Default,Default,3,Default,1,Default,Default,Default,Default,Default,Default,Default,3,"ShortRun(IterationCount=3, LaunchCount=1, WarmupCount=3)",,1,Overhead,Actual,15,123879200,67108864,1.85,0,0,0,0
CallbackBenchmarks.DllImport_FunctionPointer_Userdata,PInvokeBench,CallbackBenchmarks,DllImport_FunctionPointer_Userdata,ShortRun,Default,Default,Default,Default,Default,Default,Default,Default,Default,Default,Default,Default,Default,Default,Default,Default,Default,Default,Default,Default,Default,Default,Default,Default,Default,Default,Default,Default,Default,Default,Default,3,Default,1,Default,Default,Default,Default,Default,Default,Default,3,"ShortRun(IterationCount=3, LaunchCount=1, WarmupCount=3)",,1,Overhead,Actual,16,122584300,67108864,1.83,0,0,0,0
CallbackBenchmarks.DllImport_FunctionPointer_Userdata,PInvokeBench,CallbackBenchmarks,DllImport_FunctionPointer_Userdata,ShortRun,Default,Default,Default,Default,Default,Default,Default,Default,Default,Default,Default,Default,Default,Default,Default,Default,Default,Default,Default,Default,Default,Default,Default,Default,Default,Default,Default,Default,Default,Default,Default,3,Default,1,Default,Default,Default,Default,Default,Default,Default,3,"ShortRun(IterationCount=3, LaunchCount=1, WarmupCount=3)",,1,Overhead,Actual,17,114670600,67108864,1.71,0,0,0,0
CallbackBenchmarks.DllImport_FunctionPointer_Userdata,PInvokeBench,CallbackBenchmarks,DllImport_FunctionPointer_Userdata,ShortRun,Default,Default,Default,Default,Default,Default,Default,Default,Default,Default,Default,Default,Default,Default,Default,Default,Default,Default,Default,Default,Default,Default,Default,Default,Default,Default,Default,Default,Default,Default,Default,3,Default,1,Default,Default,Default,Default,Default,Default,Default,3,"ShortRun(IterationCount=3, LaunchCount=1, WarmupCount=3)",,1,Workload,Warmup,1,814198400,67108864,12.13,0,0,0,0
CallbackBenchmarks.DllImport_FunctionPointer_Userdata,PInvokeBench,CallbackBenchmarks,DllImport_FunctionPointer_Userdata,ShortRun,Default,Default,Default,Default,Default,Default,Default,Default,Default,Default,Default,Default,Default,Default,Default,Default,Default,Default,Default,Default,Default,Default,Default,Default,Default,Default,Default,Default,Default,Default,Default,3,Default,1,Default,Default,Default,Default,Default,Default,Default,3,"ShortRun(IterationCount=3, LaunchCount=1, WarmupCount=3)",,1,Workload,Warmup,2,835474600,67108864,12.45,0,0,0,0
CallbackBenchmarks.DllImport_FunctionPointer_Userdata,PInvokeBench,CallbackBenchmarks,DllImport_FunctionPointer_Userdata,ShortRun,Default,Default,Default,Default,Default,Default,Default,Default,Default,Default,Default,Default,Default,Default,Default,Default,Default,Default,Default,Default,Default,Default,Default,Default,Default,Default,Default,Default,Default,Default,Default,3,Default,1,Default,Default,Default,Default,Default,Default,Default,3,"ShortRun(IterationCount=3, LaunchCount=1, WarmupCount=3)",,1,Workload,Warmup,3,850601500,67108864,12.67,0,0,0,0
CallbackBenchmarks.DllImport_FunctionPointer_Userdata,PInvokeBench,CallbackBenchmarks,DllImport_FunctionPointer_Userdata,ShortRun,Default,Default,Default,Default,Default,Default,Default,Default,Default,Default,Default,Default,Default,Default,Default,Default,Default,Default,Default,Default,Default,Default,Default,Default,Default,Default,Default,Default,Default,Default,Default,3,Default,1,Default,Default,Default,Default,Default,Default,Default,3,"ShortRun(IterationCount=3, LaunchCount=1, WarmupCount=3)",,1,Workload,Actual,1,842855900,67108864,12.56,0,0,0,0
CallbackBenchmarks.DllImport_FunctionPointer_Userdata,PInvokeBench,CallbackBenchmarks,DllImport_FunctionPointer_Userdata,ShortRun,Default,Default,Default,Default,Default,Default,Default,Default,Default,Default,Default,Default,Default,Default,Default,Default,Default,Default,Default,Default,Default,Default,Default,Default,Default,Default,Default,Default,Default,Default,Default,3,Default,1,Default,Default,Default,Default,Default,Default,Default,3,"ShortRun(IterationCount=3, LaunchCount=1, WarmupCount=3)",,1,Workload,Actual,2,894555700,67108864,13.33,0,0,0,0
CallbackBenchmarks.DllImport_FunctionPointer_Userdata,PInvokeBench,CallbackBenchmarks,DllImport_FunctionPointer_Userdata,ShortRun,Default,Default,Default,Default,Default,Default,Default,Default,Default,Default,Default,Default,Default,Default,Default,Default,Default,Default,Default,Default,Default,Default,Default,Default,Default,Default,Default,Default,Default,Default,Default,3,Default,1,Default,Default,Default,Default,Default,Default,Default,3,"ShortRun(IterationCount=3, LaunchCount=1, WarmupCount=3)",,1,Workload,Actual,3,849761800,67108864,12.66,0,0,0,0
CallbackBenchmarks.DllImport_FunctionPointer_Userdata,PInvokeBench,CallbackBenchmarks,DllImport_FunctionPointer_Userdata,ShortRun,Default,Default,Default,Default,Default,Default,Default,Default,Default,Default,Default,Default,Default,Default,Default,Default,Default,Default,Default,Default,Default,Default,Default,Default,Default,Default,Default,Default,Default,Default,Default,3,Default,1,Default,Default,Default,Default,Default,Default,Default,3,"ShortRun(IterationCount=3, LaunchCount=1, WarmupCount=3)",,1,Workload,Result,1,721171900,67108864,10.75,0,0,0,0
CallbackBenchmarks.DllImport_FunctionPointer_Userdata,PInvokeBench,CallbackBenchmarks,DllImport_FunctionPointer_Userdata,ShortRun,Default,Default,Default,Default,Default,Default,Default,Default,Default,Default,Default,Default,Default,Default,Default,Default,Default,Default,Default,Default,Default,Default,Default,Default,Default,Default,Default,Default,Default,Default,Default,3,Default,1,Default,Default,Default,Default,Default,Default,Default,3,"ShortRun(IterationCount=3, LaunchCount=1, WarmupCount=3)",,1,Workload,Result,2,772871700,67108864,11.52,0,0,0,0
CallbackBenchmarks.DllImport_FunctionPointer_Userdata,PInvokeBench,CallbackBenchmarks,DllImport_FunctionPointer_Userdata,ShortRun,Default,Default,Default,Default,Default,Default,Default,Default,Default,Default,Default,Default,Default,Default,Default,Default,Default,Default,Default,Default,Default,Default,Default,Default,Default,Default,Default,Default,Default,Default,Default,3,Default,1,Default,Default,Default,Default,Default,Default,Default,3,"ShortRun(IterationCount=3, LaunchCount=1, WarmupCount=3)",,1,Workload,Result,3,728077800,67108864,10.85,0,0,0,0
CallbackBenchmarks.DllImport_UnmanagedCallersOnly_Userdata,PInvokeBench,CallbackBenchmarks,DllImport_UnmanagedCallersOnly_Userdata,ShortRun,Default,Default,Default,Default,Default,Default,Default,Default,Default,Default,Default,Default,Default,Default,Default,Default,Default,Default,Default,Default,Default,Default,Default,Default,Default,Default,Default,Default,Default,Default,Default,3,Default,1,Default,Default,Default,Default,Default,Default,Default,3,"ShortRun(IterationCount=3, LaunchCount=1, WarmupCount=3)",,1,Overhead,Jitting,1,189100,1,189100,0,0,0,0
CallbackBenchmarks.DllImport_UnmanagedCallersOnly_Userdata,PInvokeBench,CallbackBenchmarks,DllImport_UnmanagedCallersOnly_Userdata,ShortRun,Default,Default,Default,Default,Default,Default,Default,Default,Default,Default,Default,Default,Default,Default,Default,Default,Default,Default,Default,Default,Default,Default,Default,Default,Default,Default,Default,Default,Default,Default,Default,3,Default,1,Default,Default,Default,Default,Default,Default,Default,3,"ShortRun(IterationCount=3, LaunchCount=1, WarmupCount=3)",,1,Workload,Jitting,1,557100,1,557100,0,0,0,0
CallbackBenchmarks.DllImport_UnmanagedCallersOnly_Userdata,PInvokeBench,CallbackBenchmarks,DllImport_UnmanagedCallersOnly_Userdata,ShortRun,Default,Default,Default,Default,Default,Default,Default,Default,Default,Default,Default,Default,Default,Default,Default,Default,Default,Default,Default,Default,Default,Default,Default,Default,Default,Default,Default,Default,Default,Default,Default,3,Default,1,Default,Default,Default,Default,Default,Default,Default,3,"ShortRun(IterationCount=3, LaunchCount=1, WarmupCount=3)",,1,Overhead,Jitting,2,257700,16,16106.25,0,0,0,0
CallbackBenchmarks.DllImport_UnmanagedCallersOnly_Userdata,PInvokeBench,CallbackBenchmarks,DllImport_UnmanagedCallersOnly_Userdata,ShortRun,Default,Default,Default,Default,Default,Default,Default,Default,Default,Default,Default,Default,Default,Default,Default,Default,Default,Default,Default,Default,Default,Default,Default,Default,Default,Default,Default,Default,Default,Default,Default,3,Default,1,Default,Default,Default,Default,Default,Default,Default,3,"ShortRun(IterationCount=3, LaunchCount=1, WarmupCount=3)",,1,Workload,Jitting,2,268400,16,16775,0,0,0,0
CallbackBenchmarks.DllImport_UnmanagedCallersOnly_Userdata,PInvokeBench,CallbackBenchmarks,DllImport_UnmanagedCallersOnly_Userdata,ShortRun,Default,Default,Default,Default,Default,Default,Default,Default,Default,Default,Default,Default,Default,Default,Default,Default,Default,Default,Default,Default,Default,Default,Default,Default,Default,Default,Default,Default,Default,Default,Default,3,Default,1,Default,Default,Default,Default,Default,Default,Default,3,"ShortRun(IterationCount=3, LaunchCount=1, WarmupCount=3)",,1,Workload,Pilot,1,1200,16,75,0,0,0,0
CallbackBenchmarks.DllImport_UnmanagedCallersOnly_Userdata,PInvokeBench,CallbackBenchmarks,DllImport_UnmanagedCallersOnly_Userdata,ShortRun,Default,Default,Default,Default,Default,Default,Default,Default,Default,Default,Default,Default,Default,Default,Default,Default,Default,Default,Default,Default,Default,Default,Default,Default,Default,Default,Default,Default,Default,Default,Default,3,Default,1,Default,Default,Default,Default,Default,Default,Default,3,"ShortRun(IterationCount=3, LaunchCount=1, WarmupCount=3)",,1,Workload,Pilot,2,700,32,21.88,0,0,0,0
CallbackBenchmarks.DllImport_UnmanagedCallersOnly_Userdata,PInvokeBench,CallbackBenchmarks,DllImport_UnmanagedCallersOnly_Userdata,ShortRun,Default,Default,Default,Default,Default,Default,Default,Default,Default,Default,Default,Default,Default,Default,Default,Default,Default,Default,Default,Default,Default,Default,Default,Default,Default,Default,Default,Default,Default,Default,Default,3,Default,1,Default,Default,Default,Default,Default,Default,Default,3,"ShortRun(IterationCount=3, LaunchCount=1, WarmupCount=3)",,1,Workload,Pilot,3,1000,64,15.63,0,0,0,0
CallbackBenchmarks.DllImport_UnmanagedCallersOnly_Userdata,PInvokeBench,CallbackBenchmarks,DllImport_UnmanagedCallersOnly_Userdata,ShortRun,Default,Default,Default,Default,Default,Default,Default,Default,Default,Default,Default,Default,Default,Default,Default,Default,Default,Default,Default,Default,Default,Default,Default,Default,Default,Default,Default,Default,Default,Default,Default,3,Default,1,Default,Default,Default,Default,Default,Default,Default,3,"ShortRun(IterationCount=3, LaunchCount=1, WarmupCount=3)",,1,Workload,Pilot,4,2400,128,18.75,0,0,0,0
CallbackBenchmarks.DllImport_UnmanagedCallersOnly_Userdata,PInvokeBench,CallbackBenchmarks,DllImport_UnmanagedCallersOnly_Userdata,ShortRun,Default,Default,Default,Default,Default,Default,Default,Default,Default,Default,Default,Default,Default,Default,Default,Default,Default,Default,Default,Default,Default,Default,Default,Default,Default,Default,Default,Default,Default,Default,Default,3,Default,1,Default,Default,Default,Default,Default,Default,Default,3,"ShortRun(IterationCount=3, LaunchCount=1, WarmupCount=3)",,1,Workload,Pilot,5,5000,256,19.53,0,0,0,0
CallbackBenchmarks.DllImport_UnmanagedCallersOnly_Userdata,PInvokeBench,CallbackBenchmarks,DllImport_UnmanagedCallersOnly_Userdata,ShortRun,Default,Default,Default,Default,Default,Default,Default,Default,Default,Default,Default,Default,Default,Default,Default,Default,Default,Default,Default,Default,Default,Default,Default,Default,Default,Default,Default,Default,Default,Default,Default,3,Default,1,Default,Default,Default,Default,Default,Default,Default,3,"ShortRun(IterationCount=3, LaunchCount=1, WarmupCount=3)",,1,Workload,Pilot,6,7200,512,14.06,0,0,0,0
CallbackBenchmarks.DllImport_UnmanagedCallersOnly_Userdata,PInvokeBench,CallbackBenchmarks,DllImport_UnmanagedCallersOnly_Userdata,ShortRun,Default,Default,Default,Default,Default,Default,Default,Default,Default,Default,Default,Default,Default,Default,Default,Default,Default,Default,Default,Default,Default,Default,Default,Default,Default,Default,Default,Default,Default,Default,Default,3,Default,1,Default,Default,Default,Default,Default,Default,Default,3,"ShortRun(IterationCount=3, LaunchCount=1, WarmupCount=3)",,1,Workload,Pilot,7,9700,1024,9.47,0,0,0,0
CallbackBenchmarks.DllImport_UnmanagedCallersOnly_Userdata,PInvokeBench,CallbackBenchmarks,DllImport_UnmanagedCallersOnly_Userdata,ShortRun,Default,Default,Default,Default,Default,Default,Default,Default,Default,Default,Default,Default,Default,Default,Default,Default,Default,Default,Default,Default,Default,Default,Default,Default,Default,Default,Default,Default,Default,Default,Default,3,Default,1,Default,Default,Default,Default,Default,Default,Default,3,"ShortRun(IterationCount=3, LaunchCount=1, WarmupCount=3)",,1,Workload,Pilot,8,20200,2048,9.86,0,0,0,0
CallbackBenchmarks.DllImport_UnmanagedCallersOnly_Userdata,PInvokeBench,CallbackBenchmarks,DllImport_UnmanagedCallersOnly_Userdata,ShortRun,Default,Default,Default,Default,Default,Default,Default,Default,Default,Default,Default,Default,Default,Default,Default,Default,Default,Default,Default,Default,Default,Default,Default,Default,Default,Default,Default,Default,Default,Default,Default,3,Default,1,Default,Default,Default,Default,Default,Default,Default,3,"ShortRun(IterationCount=3, LaunchCount=1, WarmupCount=3)",,1,Workload,Pilot,9,37700,4096,9.2,0,0,0,0
CallbackBenchmarks.DllImport_UnmanagedCallersOnly_Userdata,PInvokeBench,CallbackBenchmarks,DllImport_UnmanagedCallersOnly_Userdata,ShortRun,Default,Default,Default,Default,Default,Default,Default,Default,Default,Default,Default,Default,Default,Default,Default,Default,Default,Default,Default,Default,Default,Default,Default,Default,Default,Default,Default,Default,Default,Default,Default,3,Default,1,Default,Default,Default,Default,Default,Default,Default,3,"ShortRun(IterationCount=3, LaunchCount=1, WarmupCount=3)",,1,Workload,Pilot,10,75100,8192,9.17,0,0,0,0
CallbackBenchmarks.DllImport_UnmanagedCallersOnly_Userdata,PInvokeBench,CallbackBenchmarks,DllImport_UnmanagedCallersOnly_Userdata,ShortRun,Default,Default,Default,Default,Default,Default,Default,Default,Default,Default,Default,Default,Default,Default,Default,Default,Default,Default,Default,Default,Default,Default,Default,Default,Default,Default,Default,Default,Default,Default,Default,3,Default,1,Default,Default,Default,Default,Default,Default,Default,3,"ShortRun(IterationCount=3, LaunchCount=1, WarmupCount=3)",,1,Workload,Pilot,11,138100,16384,8.43,0,0,0,0
CallbackBenchmarks.DllImport_UnmanagedCallersOnly_Userdata,PInvokeBench,CallbackBenchmarks,DllImport_UnmanagedCallersOnly_Userdata,ShortRun,Default,Default,Default,Default,Default,Default,Default,Default,Default,Default,Default,Default,Default,Default,Default,Default,Default,Default,Default,Default,Default,Default,Default,Default,Default,Default,Default,Default,Default,Default,Default,3,Default,1,Default,Default,Default,Default,Default,Default,Default,3,"ShortRun(IterationCount=3, LaunchCount=1, WarmupCount=3)",,1,Workload,Pilot,12,267700,32768,8.17,0,0,0,0
CallbackBenchmarks.DllImport_UnmanagedCallersOnly_Userdata,PInvokeBench,CallbackBenchmarks,DllImport_UnmanagedCallersOnly_Userdata,ShortRun,Default,Default,Default,Default,Default,Default,Default,Default,Default,Default,Default,Default,Default,Default,Default,Default,Default,Default,Default,Default,Default,Default,Default,Default,Default,Default,Default,Default,Default,Default,Default,3,Default,1,Default,Default,Default,Default,Default,Default,Default,3,"ShortRun(IterationCount=3, LaunchCount=1, WarmupCount=3)",,1,Workload,Pilot,13,552100,65536,8.42,0,0,0,0
CallbackBenchmarks.DllImport_UnmanagedCallersOnly_Userdata,PInvokeBench,CallbackBenchmarks,DllImport_UnmanagedCallersOnly_Userdata,ShortRun,Default,Default,Default,Default,Default,Default,Default,Default,Default,Default,Default,Default,Default,Default,Default,Default,Default,Default,Default,Default,Default,Default,Default,Default,Default,Default,Default,Default,Default,Default,Default,3,Default,1,Default,Default,Default,Default,Default,Default,Default,3,"ShortRun(IterationCount=3, LaunchCount=1, WarmupCount=3)",,1,Workload,Pilot,14,1165300,131072,8.89,0,0,0,0
CallbackBenchmarks.DllImport_UnmanagedCallersOnly_Userdata,PInvokeBench,CallbackBenchmarks,DllImport_UnmanagedCallersOnly_Userdata,ShortRun,Default,Default,Default,Default,Default,Default,Default,Default,Default,Default,Default,Default,Default,Default,Default,Default,Default,Default,Default,Default,Default,Default,Default,Default,Default,Default,Default,Default,Default,Default,Default,3,Default,1,Default,Default,Default,Default,Default,Default,Default,3,"ShortRun(IterationCount=3, LaunchCount=1, WarmupCount=3)",,1,Workload,Pilot,15,2280700,262144,8.7,0,0,0,0
CallbackBenchmarks.DllImport_UnmanagedCallersOnly_Userdata,PInvokeBench,CallbackBenchmarks,DllImport_UnmanagedCallersOnly_Userdata,ShortRun,Default,Default,Default,Default,Default,Default,Default,Default,Default,Default,Default,Default,Default,Default,Default,Default,Default,Default,Default,Default,Default,Default,Default,Default,Default,Default,Default,Default,Default,Default,Default,3,Default,1,Default,Default,Default,Default,Default,Default,Default,3,"ShortRun(IterationCount=3, LaunchCount=1, WarmupCount=3)",,1,Workload,Pilot,16,4786900,524288,9.13,0,0,0,0
CallbackBenchmarks.DllImport_UnmanagedCallersOnly_Userdata,PInvokeBench,CallbackBenchmarks,DllImport_UnmanagedCallersOnly_Userdata,ShortRun,Default,Default,Default,Default,Default,Default,Default,Default,Default,Default,Default,Default,Default,Default,Default,Default,Default,Default,Default,Default,Default,Default,Default,Default,Default,Default,Default,Default,Default,Default,Default,3,Default,1,Default,Default,Default,Default,Default,Default,Default,3,"ShortRun(IterationCount=3, LaunchCount=1, WarmupCount=3)",,1,Workload,Pilot,17,10634600,1048576,10.14,0,0,0,0
CallbackBenchmarks.DllImport_UnmanagedCallersOnly_Userdata,PInvokeBench,CallbackBenchmarks,DllImport_UnmanagedCallersOnly_Userdata,ShortRun,Default,Default,Default,Default,Default,Default,Default,Default,Default,Default,Default,Default,Default,Default,Default,Default,Default,Default,Default,Default,Default,Default,Default,Default,Default,Default,Default,Default,Default,Default,Default,3,Default,1,Default,Default,Default,Default,Default,Default,Default,3,"ShortRun(IterationCount=3, LaunchCount=1, WarmupCount=3)",,1,Workload,Pilot,18,20458300,2097152,9.76,0,0,0,0
CallbackBenchmarks.DllImport_UnmanagedCallersOnly_Userdata,PInvokeBench,CallbackBenchmarks,DllImport_UnmanagedCallersOnly_Userdata,ShortRun,Default,Default,Default,Default,Default,Default,Default,Default,Default,Default,Default,Default,Default,Default,Default,Default,Default,Default,Default,Default,Default,Default,Default,Default,Default,Default,Default,Default,Default,Default,Default,3,Default,1,Default,Default,Default,Default,Default,Default,Default,3,"ShortRun(IterationCount=3, LaunchCount=1, WarmupCount=3)",,1,Workload,Pilot,19,42743600,4194304,10.19,0,0,0,0
CallbackBenchmarks.DllImport_UnmanagedCallersOnly_Userdata,PInvokeBench,CallbackBenchmarks,DllImport_UnmanagedCallersOnly_Userdata,ShortRun,Default,Default,Default,Default,Default,Default,Default,Default,Default,Default,Default,Default,Default,Default,Default,Default,Default,Default,Default,Default,Default,Default,Default,Default,Default,Default,Default,Default,Default,Default,Default,3,Default,1,Default,Default,Default,Default,Default,Default,Default,3,"ShortRun(IterationCount=3, LaunchCount=1, WarmupCount=3)",,1,Workload,Pilot,20,81112600,8388608,9.67,0,0,0,0
CallbackBenchmarks.DllImport_UnmanagedCallersOnly_Userdata,PInvokeBench,CallbackBenchmarks,DllImport_UnmanagedCallersOnly_Userdata,ShortRun,Default,Default,Default,Default,Default,Default,Default,Default,Default,Default,Default,Default,Default,Default,Default,Default,Default,Default,Default,Default,Default,Default,Default,Default,Default,Default,Default,Default,Default,Default,Default,3,Default,1,Default,Default,Default,Default,Default,Default,Default,3,"ShortRun(IterationCount=3, LaunchCount=1, WarmupCount=3)",,1,Workload,Pilot,21,153353200,16777216,9.14,0,0,0,0
CallbackBenchmarks.DllImport_UnmanagedCallersOnly_Userdata,PInvokeBench,CallbackBenchmarks,DllImport_UnmanagedCallersOnly_Userdata,ShortRun,Default,Default,Default,Default,Default,Default,Default,Default,Default,Default,Default,Default,Default,Default,Default,Default,Default,Default,Default,Default,Default,Default,Default,Default,Default,Default,Default,Default,Default,Default,Default,3,Default,1,Default,Default,Default,Default,Default,Default,Default,3,"ShortRun(IterationCount=3, LaunchCount=1, WarmupCount=3)",,1,Workload,Pilot,22,333314800,33554432,9.93,0,0,0,0
CallbackBenchmarks.DllImport_UnmanagedCallersOnly_Userdata,PInvokeBench,CallbackBenchmarks,DllImport_UnmanagedCallersOnly_Userdata,ShortRun,Default,Default,Default,Default,Default,Default,Default,Default,Default,Default,Default,Default,Default,Default,Default,Default,Default,Default,Default,Default,Default,Default,Default,Default,Default,Default,Default,Default,Default,Default,Default,3,Default,1,Default,Default,Default,Default,Default,Default,Default,3,"ShortRun(IterationCount=3, LaunchCount=1, WarmupCount=3)",,1,Workload,Pilot,23,680566700,67108864,10.14,0,0,0,0
CallbackBenchmarks.DllImport_UnmanagedCallersOnly_Userdata,PInvokeBench,CallbackBenchmarks,DllImport_UnmanagedCallersOnly_Userdata,ShortRun,Default,Default,Default,Default,Default,Default,Default,Default,Default,Default,Default,Default,Default,Default,Default,Default,Default,Default,Default,Default,Default,Default,Default,Default,Default,Default,Default,Default,Default,Default,Default,3,Default,1,Default,Default,Default,Default,Default,Default,Default,3,"ShortRun(IterationCount=3, LaunchCount=1, WarmupCount=3)",,1,Overhead,Warmup,1,160190800,67108864,2.39,0,0,0,0
CallbackBenchmarks.DllImport_UnmanagedCallersOnly_Userdata,PInvokeBench,CallbackBenchmarks,DllImport_UnmanagedCallersOnly_Userdata,ShortRun,Default,Default,Default,Default,Default,Default,Default,Default,Default,Default,Default,Default,Default,Default,Default,Default,Default,Default,Default,Default,Default,Default,Default,Default,Default,Default,Default,Default,Default,Default,Default,3,Default,1,Default,Default,Default,Default,Default,Default,Default,3,"ShortRun(IterationCount=3, LaunchCount=1, WarmupCount=3)",,1,Overhead,Warmup,2,127103400,67108864,1.89,0,0,0,0
CallbackBenchmarks.DllImport_UnmanagedCallersOnly_Userdata,PInvokeBench,CallbackBenchmarks,DllImport_UnmanagedCallersOnly_Userdata,ShortRun,Default,Default,Default,Default,Default,Default,Default,Default,Default,Default,Default,Default,Default,Default,Default,Default,Default,Default,Default,Default,Default,Default,Default,Default,Default,Default,Default,Default,Default,Default,Default,3,Default,1,Default,Default,Default,Default,Default,Default,Default,3,"ShortRun(IterationCount=3, LaunchCount=1, WarmupCount=3)",,1,Overhead,Warmup,3,113297900,67108864,1.69,0,0,0,0
CallbackBenchmarks.DllImport_UnmanagedCallersOnly_Userdata,PInvokeBench,CallbackBenchmarks,DllImport_UnmanagedCallersOnly_Userdata,ShortRun,Default,Default,Default,Default,Default,Default,Default,Default,Default,Default,Default,Default,Default,Default,Default,Default,Default,Default,Default,Default,Default,Default,Default,Default,Default,Default,Default,Default,Default,Default,Default,3,Default,1,Default,Default,Default,Default,Default,Default,Default,3,"ShortRun(IterationCount=3, LaunchCount=1, WarmupCount=3)",,1,Overhead,Warmup,4,122089200,67108864,1.82,0,0,0,0
CallbackBenchmarks.DllImport_UnmanagedCallersOnly_Userdata,PInvokeBench,CallbackBenchmarks,DllImport_UnmanagedCallersOnly_Userdata,ShortRun,Default,Default,Default,Default,Default,Default,Default,Default,Default,Default,Default,Default,Default,Default,Default,Default,Default,Default,Default,Default,Default,Default,Default,Default,Default,Default,Default,Default,Default,Default,Default,3,Default,1,Default,Default,Default,Default,Default,Default,Default,3,"ShortRun(IterationCount=3, LaunchCount=1, WarmupCount=3)",,1,Overhead,Warmup,5,123078300,67108864,1.83,0,0,0,0
CallbackBenchmarks.DllImport_UnmanagedCallersOnly_Userdata,PInvokeBench,CallbackBenchmarks,DllImport_UnmanagedCallersOnly_Userdata,ShortRun,Default,Default,Default,Default,Default,Default,Default,Default,Default,Default,Default,Default,Default,Default,Default,Default,Default,Default,Default,Default,Default,Default,Default,Default,Default,Default,Default,Default,Default,Default,Default,3,Default,1,Default,Default,Default,Default,Default,Default,Default,3,"ShortRun(IterationCount=3, LaunchCount=1, WarmupCount=3)",,1,Overhead,Warmup,6,127706200,67108864,1.9,0,0,0,0
CallbackBenchmarks.DllImport_UnmanagedCallersOnly_Userdata,PInvokeBench,CallbackBenchmarks,DllImport_UnmanagedCallersOnly_Userdata,ShortRun,Default,Default,Default,Default,Default,Default,Default,Default,Default,Default,Default,Default,Default,Default,Default,Default,Default,Default,Default,Default,Default,Default,Default,Default,Default,Default,Default,Default,Default,Default,Default,3,Default,1,Default,Default,Default,Default,Default,Default,Default,3,"ShortRun(IterationCount=3, LaunchCount=1, WarmupCount=3)",,1,Overhead,Warmup,7,125912300,67108864,1.88,0,0,0,0
CallbackBenchmarks.DllImport_UnmanagedCallersOnly_Userdata,PInvokeBench,CallbackBenchmarks,DllImport_UnmanagedCallersOnly_Userdata,ShortRun,Default,Default,Default,Default,Default,Default,Default,Default,Default,Default,Default,Default,Default,Default,Default,Default,Default,Default,Default,Default,Default,Default,Default,Default,Default,Default,Default,Default,Default,Default,Default,3,Default,1,Default,Default,Default,Default,Default,Default,Default,3,"ShortRun(IterationCount=3, LaunchCount=1, WarmupCount=3)",,1,Overhead,Warmup,8,119764500,67108864,1.78,0,0,0,0
CallbackBenchmarks.DllImport_UnmanagedCallersOnly_Userdata,PInvokeBench,CallbackBenchmarks,DllImport_UnmanagedCallersOnly_Userdata,ShortRun,Default,Default,Default,Default,Default,Default,Default,Default,Default,Default,Default,Default,Default,Default,Default,Default,Default,Default,Default,Default,Default,Default,Default,Default,Default,Default,Default,Default,Default,Default,Default,3,Default,1,Default,Default,Default,Default,Default,Default,Default,3,"ShortRun(IterationCount=3, LaunchCount=1, WarmupCount=3)",,1,Overhead,Warmup,9,112686200,67108864,1.68,0,0,0,0
CallbackBenchmarks.DllImport_UnmanagedCallersOnly_Userdata,PInvokeBench,CallbackBenchmarks,DllImport_UnmanagedCallersOnly_Userdata,ShortRun,Default,Default,Default,Default,Default,Default,Default,Default,Default,Default,Default,Default,Default,Default,Default,Default,Default,Default,Default,Default,Default,Default,Default,Default,Default,Default,Default,Default,Default,Default,Default,3,Default,1,Default,Default,Default,Default,Default,Default,Default,3,"ShortRun(IterationCount=3, LaunchCount=1, WarmupCount=3)",,1,Overhead,Warmup,10,113464000,67108864,1.69,0,0,0,0
CallbackBenchmarks.DllImport_UnmanagedCallersOnly_Userdata,PInvokeBench,CallbackBenchmarks,DllImport_UnmanagedCallersOnly_Userdata,ShortRun,Default,Default,Default,Default,Default,Default,Default,Default,Default,Default,Default,Default,Default,Default,Default,Default,Default,Default,Default,Default,Default,Default,Default,Default,Default,Default,Default,Default,Default,Default,Default,3,Default,1,Default,Default,Default,Default,Default,Default,Default,3,"ShortRun(IterationCount=3, LaunchCount=1, WarmupCount=3)",,1,Overhead,Actual,1,114636200,67108864,1.71,0,0,0,0
CallbackBenchmarks.DllImport_UnmanagedCallersOnly_Userdata,PInvokeBench,CallbackBenchmarks,DllImport_UnmanagedCallersOnly_Userdata,ShortRun,Default,Default,Default,Default,Default,Default,Default,Default,Default,Default,Default,Default,Default,Default,Default,Default,Default,Default,Default,Default,Default,Default,Default,Default,Default,Default,Default,Default,Default,Default,Default,3,Default,1,Default,Default,Default,Default,Default,Default,Default,3,"ShortRun(IterationCount=3, LaunchCount=1, WarmupCount=3)",,1,Overhead,Actual,2,113371500,67108864,1.69,0,0,0,0
CallbackBenchmarks.DllImport_UnmanagedCallersOnly_Userdata,PInvokeBench,CallbackBenchmarks,DllImport_UnmanagedCallersOnly_Userdata,ShortRun,Default,Default,Default,Default,Default,Default,Default,Default,Default,Default,Default,Default,Default,Default,Default,Default,Default,Default,Default,Default,Default,Default,Default,Default,Default,Default,Default,Default,Default,Default,Default,3,Default,1,Default,Default,Default,Default,Default,Default,Default,3,"ShortRun(IterationCount=3, LaunchCount=1, WarmupCount=3)",,1,Overhead,Actual,3,113879500,67108864,1.7,0,0,0,0
CallbackBenchmarks.DllImport_UnmanagedCallersOnly_Userdata,PInvokeBench,CallbackBenchmarks,DllImport_UnmanagedCallersOnly_Userdata,ShortRun,Default,Default,Default,Default,Default,Default,Default,Default,Default,Default,Default,Default,Default,Default,Default,Default,Default,Default,Default,Default,Default,Default,Default,Default,Default,Default,Default,Default,Default,Default,Default,3,Default,1,Default,Default,Default,Default,Default,Default,Default,3,"ShortRun(IterationCount=3, LaunchCount=1, WarmupCount=3)",,1,Overhead,Actual,4,116073300,67108864,1.73,0,0,0,0
CallbackBenchmarks.DllImport_UnmanagedCallersOnly_Userdata,PInvokeBench,CallbackBenchmarks,DllImport_UnmanagedCallersOnly_Userdata,ShortRun,Default,Default,Default,Default,Default,Default,Default,Default,Default,Default,Default,Default,Default,Default,Default,Default,Default,Default,Default,Default,Default,Default,Default,Default,Default,Default,Default,Default,Default,Default,Default,3,Default,1,Default,Default,Default,Default,Default,Default,Default,3,"ShortRun(IterationCount=3, LaunchCount=1, WarmupCount=3)",,1,Overhead,Actual,5,119070200,67108864,1.77,0,0,0,0
CallbackBenchmarks.DllImport_UnmanagedCallersOnly_Userdata,PInvokeBench,CallbackBenchmarks,DllImport_UnmanagedCallersOnly_Userdata,ShortRun,Default,Default,Default,Default,Default,Default,Default,Default,Default,Default,Default,Default,Default,Default,Default,Default,Default,Default,Default,Default,Default,Default,Default,Default,Default,Default,Default,Default,Default,Default,Default,3,Default,1,Default,Default,Default,Default,Default,Default,Default,3,"ShortRun(IterationCount=3, LaunchCount=1, WarmupCount=3)",,1,Overhead,Actual,6,118326600,67108864,1.76,0,0,0,0
CallbackBenchmarks.DllImport_UnmanagedCallersOnly_Userdata,PInvokeBench,CallbackBenchmarks,DllImport_UnmanagedCallersOnly_Userdata,ShortRun,Default,Default,Default,Default,Default,Default,Default,Default,Default,Default,Default,Default,Default,Default,Default,Default,Default,Default,Default,Default,Default,Default,Default,Default,Default,Default,Default,Default,Default,Default,Default,3,Default,1,Default,Default,Default,Default,Default,Default,Default,3,"ShortRun(IterationCount=3, LaunchCount=1, WarmupCount=3)",,1,Overhead,Actual,7,116718100,67108864,1.74,0,0,0,0
CallbackBenchmarks.DllImport_UnmanagedCallersOnly_Userdata,PInvokeBench,CallbackBenchmarks,DllImport_UnmanagedCallersOnly_Userdata,ShortRun,Default,Default,Default,Default,Default,Default,Default,Default,Default,Default,Default,Default,Default,Default,Default,Default,Default,Default,Default,Default,Default,Default,Default,Default,Default,Default,Default,Default,Default,Default,Default,3,Default,1,Default,Default,Default,Default,Default,Default,Default,3,"ShortRun(IterationCount=3, LaunchCount=1, WarmupCount=3)",,1,Overhead,Actual,8,116177100,67108864,1.73,0,0,0,0
CallbackBenchmarks.DllImport_UnmanagedCallersOnly_Userdata,PInvokeBench,CallbackBenchmarks,DllImport_UnmanagedCallersOnly_Userdata,ShortRun,Default,Default,Default,Default,Default,Default,Default,Default,Default,Default,Default,Default,Default,Default,Default,Default,Default,Default,Default,Default,Default,Default,Default,Default,Default,Default,Default,Default,Default,Default,Default,3,Default,1,Default,Default,Default,Default,Default,Default,Default,3,"ShortRun(IterationCount=3, LaunchCount=1, WarmupCount=3)",,1,Overhead,Actual,9,116201200,67108864,1.73,0,0,0,0
CallbackBenchmarks.DllImport_UnmanagedCallersOnly_Userdata,PInvokeBench,CallbackBenchmarks,DllImport_UnmanagedCallersOnly_Userdata,ShortRun,Default,Default,Default,Default,Default,Default,Default,Default,Default,Default,Default,Default,Default,Default,Default,Default,Default,Default,Default,Default,Default,Default,Default,Default,Default,Default,Default,Default,Default,Default,Default,3,Default,1,Default,Default,Default,Default,Default,Default,Default,3,"ShortRun(IterationCount=3, LaunchCount=1, WarmupCount=3)",,1,Overhead,Actual,10,120449100,67108864,1.79,0,0,0,0
CallbackBenchmarks.DllImport_UnmanagedCallersOnly_Userdata,PInvokeBench,CallbackBenchmarks,DllImport_UnmanagedCallersOnly_Userdata,ShortRun,Default,Default,Default,Default,Default,Default,Default,Default,Default,Default,Default,Default,Default,Default,Default,Default,Default,Default,Default,Default,Default,Default,Default,Default,Default,Default,Default,Default,Default,Default,Default,3,Default,1,Default,Default,Default,Default,Default,Default,Default,3,"ShortRun(IterationCount=3, LaunchCount=1, WarmupCount=3)",,1,Overhead,Actual,11,120575100,67108864,1.8,0,0,0,0
CallbackBenchmarks.DllImport_UnmanagedCallersOnly_Userdata,PInvokeBench,CallbackBenchmarks,DllImport_UnmanagedCallersOnly_Userdata,ShortRun,Default,Default,Default,Default,Default,Default,Default,Default,Default,Default,Default,Default,Default,Default,Default,Default,Default,Default,Default,Default,Default,Default,Default,Default,Default,Default,Default,Default,Default,Default,Default,3,Default,1,Default,Default,Default,Default,Default,Default,Default,3,"ShortRun(IterationCount=3, LaunchCount=1, WarmupCount=3)",,1,Overhead,Actual,12,120008400,67108864,1.79,0,0,0,0
CallbackBenchmarks.DllImport_UnmanagedCallersOnly_Userdata,PInvokeBench,CallbackBenchmarks,DllImport_UnmanagedCallersOnly_Userdata,ShortRun,Default,Default,Default,Default,Default,Default,Default,Default,Default,Default,Default,Default,Default,Default,Default,Default,Default,Default,Default,Default,Default,Default,Default,Default,Default,Default,Default,Default,Default,Default,Default,3,Default,1,Default,Default,Default,Default,Default,Default,Default,3,"ShortRun(IterationCount=3, LaunchCount=1, WarmupCount=3)",,1,Overhead,Actual,13,116474600,67108864,1.74,0,0,0,0
CallbackBenchmarks.DllImport_UnmanagedCallersOnly_Userdata,PInvokeBench,CallbackBenchmarks,DllImport_UnmanagedCallersOnly_Userdata,ShortRun,Default,Default,Default,Default,Default,Default,Default,Default,Default,Default,Default,Default,Default,Default,Default,Default,Default,Default,Default,Default,Default,Default,Default,Default,Default,Default,Default,Default,Default,Default,Default,3,Default,1,Default,Default,Default,Default,Default,Default,Default,3,"ShortRun(IterationCount=3, LaunchCount=1, WarmupCount=3)",,1,Overhead,Actual,14,115896600,67108864,1.73,0,0,0,0
CallbackBenchmarks.DllImport_UnmanagedCallersOnly_Userdata,PInvokeBench,CallbackBenchmarks,DllImport_UnmanagedCallersOnly_Userdata,ShortRun,Default,Default,Default,Default,Default,Default,Default,Default,Default,Default,Default,Default,Default,Default,Default,Default,Default,Default,Default,Default,Default,Default,Default,Default,Default,Default,Default,Default,Default,Default,Default,3,Default,1,Default,Default,Default,Default,Default,Default,Default,3,"ShortRun(IterationCount=3, LaunchCount=1, WarmupCount=3)",,1,Overhead,Actual,15,119372800,67108864,1.78,0,0,0,0
CallbackBenchmarks.DllImport_UnmanagedCallersOnly_Userdata,PInvokeBench,CallbackBenchmarks,DllImport_UnmanagedCallersOnly_Userdata,ShortRun,Default,Default,Default,Default,Default,Default,Default,Default,Default,Default,Default,Default,Default,Default,Default,Default,Default,Default,Default,Default,Default,Default,Default,Default,Default,Default,Default,Default,Default,Default,Default,3,Default,1,Default,Default,Default,Default,Default,Default,Default,3,"ShortRun(IterationCount=3, LaunchCount=1, WarmupCount=3)",,1,Workload,Warmup,1,632467500,67108864,9.42,0,0,0,0
CallbackBenchmarks.DllImport_UnmanagedCallersOnly_Userdata,PInvokeBench,CallbackBenchmarks,DllImport_UnmanagedCallersOnly_Userdata,ShortRun,Default,Default,Default,Default,Default,Default,Default,Default,Default,Default,Default,Default,Default,Default,Default,Default,Default,Default,Default,Default,Default,Default,Default,Default,Default,Default,Default,Default,Default,Default,Default,3,Default,1,Default,Default,Default,Default,Default,Default,Default,3,"ShortRun(IterationCount=3, LaunchCount=1, WarmupCount=3)",,1,Workload,Warmup,2,638373400,67108864,9.51,0,0,0,0
CallbackBenchmarks.DllImport_UnmanagedCallersOnly_Userdata,PInvokeBench,CallbackBenchmarks,DllImport_UnmanagedCallersOnly_Userdata,ShortRun,Default,Default,Default,Default,Default,Default,Default,Default,Default,Default,Default,Default,Default,Default,Default,Default,Default,Default,Default,Default,Default,Default,Default,Default,Default,Default,Default,Default,Default,Default,Default,3,Default,1,Default,Default,Default,Default,Default,Default,Default,3,"ShortRun(IterationCount=3, LaunchCount=1, WarmupCount=3)",,1,Workload,Warmup,3,644854700,67108864,9.61,0,0,0,0
CallbackBenchmarks.DllImport_UnmanagedCallersOnly_Userdata,PInvokeBench,CallbackBenchmarks,DllImport_UnmanagedCallersOnly_Userdata,ShortRun,Default,Default,Default,Default,Default,Default,Default,Default,Default,Default,Default,Default,Default,Default,Default,Default,Default,Default,Default,Default,Default,Default,Default,Default,Default,Default,Default,Default,Default,Default,Default,3,Default,1,Default,Default,Default,Default,Default,Default,Default,3,"ShortRun(IterationCount=3, LaunchCount=1, WarmupCount=3)",,1,Workload,Actual,1,657989900,67108864,9.8,0,0,0,0
CallbackBenchmarks.DllImport_UnmanagedCallersOnly_Userdata,PInvokeBench,CallbackBenchmarks,DllImport_UnmanagedCallersOnly_Userdata,ShortRun,Default,Default,Default,Default,Default,Default,Default,Default,Default,Default,Default,Default,Default,Default,Default,Default,Default,Default,Default,Default,Default,Default,Default,Default,Default,Default,Default,Default,Default,Default,Default,3,Default,1,Default,Default,Default,Default,Default,Default,Default,3,"ShortRun(IterationCount=3, LaunchCount=1, WarmupCount=3)",,1,Workload,Actual,2,644706800,67108864,9.61,0,0,0,0
CallbackBenchmarks.DllImport_UnmanagedCallersOnly_Userdata,PInvokeBench,CallbackBenchmarks,DllImport_UnmanagedCallersOnly_Userdata,ShortRun,Default,Default,Default,Default,Default,Default,Default,Default,Default,Default,Default,Default,Default,Default,Default,Default,Default,Default,Default,Default,Default,Default,Default,Default,Default,Default,Default,Default,Default,Default,Default,3,Default,1,Default,Default,Default,Default,Default,Default,Default,3,"ShortRun(IterationCount=3, LaunchCount=1, WarmupCount=3)",,1,Workload,Actual,3,664000400,67108864,9.89,0,0,0,0
CallbackBenchmarks.DllImport_UnmanagedCallersOnly_Userdata,PInvokeBench,CallbackBenchmarks,DllImport_UnmanagedCallersOnly_Userdata,ShortRun,Default,Default,Default,Default,Default,Default,Default,Default,Default,Default,Default,Default,Default,Default,Default,Default,Default,Default,Default,Default,Default,Default,Default,Default,Default,Default,Default,Default,Default,Default,Default,3,Default,1,Default,Default,Default,Default,Default,Default,Default,3,"ShortRun(IterationCount=3, LaunchCount=1, WarmupCount=3)",,1,Workload,Result,1,541515300,67108864,8.07,0,0,0,0
CallbackBenchmarks.DllImport_UnmanagedCallersOnly_Userdata,PInvokeBench,CallbackBenchmarks,DllImport_UnmanagedCallersOnly_Userdata,ShortRun,Default,Default,Default,Default,Default,Default,Default,Default,Default,Default,Default,Default,Default,Default,Default,Default,Default,Default,Default,Default,Default,Default,Default,Default,Default,Default,Default,Default,Default,Default,Default,3,Default,1,Default,Default,Default,Default,Default,Default,Default,3,"ShortRun(IterationCount=3, LaunchCount=1, WarmupCount=3)",,1,Workload,Result,2,528232200,67108864,7.87,0,0,0,0
CallbackBenchmarks.DllImport_UnmanagedCallersOnly_Userdata,PInvokeBench,CallbackBenchmarks,DllImport_UnmanagedCallersOnly_Userdata,ShortRun,Default,Default,Default,Default,Default,Default,Default,Default,Default,Default,Default,Default,Default,Default,Default,Default,Default,Default,Default,Default,Default,Default,Default,Default,Default,Default,Default,Default,Default,Default,Default,3,Default,1,Default,Default,Default,Default,Default,Default,Default,3,"ShortRun(IterationCount=3, LaunchCount=1, WarmupCount=3)",,1,Workload,Result,3,547525800,67108864,8.16,0,0,0,0
CallbackBenchmarks.LibraryImport_Delegate,PInvokeBench,CallbackBenchmarks,LibraryImport_Delegate,ShortRun,Default,Default,Default,Default,Default,Default,Default,Default,Default,Default,Default,Default,Default,Default,Default,Default,Default,Default,Default,Default,Default,Default,Default,Default,Default,Default,Default,Default,Default,Default,Default,3,Default,1,Default,Default,Default,Default,Default,Default,Default,3,"ShortRun(IterationCount=3, LaunchCount=1, WarmupCount=3)",,1,Overhead,Jitting,1,151500,1,151500,0,0,0,0
CallbackBenchmarks.LibraryImport_Delegate,PInvokeBench,CallbackBenchmarks,LibraryImport_Delegate,ShortRun,Default,Default,Default,Default,Default,Default,Default,Default,Default,Default,Default,Default,Default,Default,Default,Default,Default,Default,Default,Default,Default,Default,Default,Default,Default,Default,Default,Default,Default,Default,Default,3,Default,1,Default,Default,Default,Default,Default,Default,Default,3,"ShortRun(IterationCount=3, LaunchCount=1, WarmupCount=3)",,1,Workload,Jitting,1,1111300,1,1111300,0,0,0,0
CallbackBenchmarks.LibraryImport_Delegate,PInvokeBench,CallbackBenchmarks,LibraryImport_Delegate,ShortRun,Default,Default,Default,Default,Default,Default,Default,Default,Default,Default,Default,Default,Default,Default,Default,Default,Default,Default,Default,Default,Default,Default,Default,Default,Default,Default,Default,Default,Default,Default,Default,3,Default,1,Default,Default,Default,Default,Default,Default,Default,3,"ShortRun(IterationCount=3, LaunchCount=1, WarmupCount=3)",,1,Overhead,Jitting,2,432800,16,27050,0,0,0,0
CallbackBenchmarks.LibraryImport_Delegate,PInvokeBench,CallbackBenchmarks,LibraryImport_Delegate,ShortRun,Default,Default,Default,Default,Default,Default,Default,Default,Default,Default,Default,Default,Default,Default,Default,Default,Default,Default,Default,Default,Default,Default,Default,Default,Default,Default,Default,Default,Default,Default,Default,3,Default,1,Default,Default,Default,Default,Default,Default,Default,3,"ShortRun(IterationCount=3, LaunchCount=1, WarmupCount=3)",,1,Workload,Jitting,2,296400,16,18525,0,0,0,0
CallbackBenchmarks.LibraryImport_Delegate,PInvokeBench,CallbackBenchmarks,LibraryImport_Delegate,ShortRun,Default,Default,Default,Default,Default,Default,Default,Default,Default,Default,Default,Default,Default,Default,Default,Default,Default,Default,Default,Default,Default,Default,Default,Default,Default,Default,Default,Default,Default,Default,Default,3,Default,1,Default,Default,Default,Default,Default,Default,Default,3,"ShortRun(IterationCount=3, LaunchCount=1, WarmupCount=3)",,1,Workload,Pilot,1,3600,16,225,0,0,0,0
CallbackBenchmarks.LibraryImport_Delegate,PInvokeBench,CallbackBenchmarks,LibraryImport_Delegate,ShortRun,Default,Default,Default,Default,Default,Default,Default,Default,Default,Default,Default,Default,Default,Default,Default,Default,Default,Default,Default,Default,Default,Default,Default,Default,Default,Default,Default,Default,Default,Default,Default,3,Default,1,Default,Default,Default,Default,Default,Default,Default,3,"ShortRun(IterationCount=3, LaunchCount=1, WarmupCount=3)",,1,Workload,Pilot,2,2200,32,68.75,0,0,0,0
CallbackBenchmarks.LibraryImport_Delegate,PInvokeBench,CallbackBenchmarks,LibraryImport_Delegate,ShortRun,Default,Default,Default,Default,Default,Default,Default,Default,Default,Default,Default,Default,Default,Default,Default,Default,Default,Default,Default,Default,Default,Default,Default,Default,Default,Default,Default,Default,Default,Default,Default,3,Default,1,Default,Default,Default,Default,Default,Default,Default,3,"ShortRun(IterationCount=3, LaunchCount=1, WarmupCount=3)",,1,Workload,Pilot,3,2600,64,40.63,0,0,0,0
CallbackBenchmarks.LibraryImport_Delegate,PInvokeBench,CallbackBenchmarks,LibraryImport_Delegate,ShortRun,Default,Default,Default,Default,Default,Default,Default,Default,Default,Default,Default,Default,Default,Default,Default,Default,Default,Default,Default,Default,Default,Default,Default,Default,Default,Default,Default,Default,Default,Default,Default,3,Default,1,Default,Default,Default,Default,Default,Default,Default,3,"ShortRun(IterationCount=3, LaunchCount=1, WarmupCount=3)",,1,Workload,Pilot,4,4300,128,33.59,0,0,0,0
CallbackBenchmarks.LibraryImport_Delegate,PInvokeBench,CallbackBenchmarks,LibraryImport_Delegate,ShortRun,Default,Default,Default,Default,Default,Default,Default,Default,Default,Default,Default,Default,Default,Default,Default,Default,Default,Default,Default,Default,Default,Default,Default,Default,Default,Default,Default,Default,Default,Default,Default,3,Default,1,Default,Default,Default,Default,Default,Default,Default,3,"ShortRun(IterationCount=3, LaunchCount=1, WarmupCount=3)",,1,Workload,Pilot,5,8300,256,32.42,0,0,0,0
CallbackBenchmarks.LibraryImport_Delegate,PInvokeBench,CallbackBenchmarks,LibraryImport_Delegate,ShortRun,Default,Default,Default,Default,Default,Default,Default,Default,Default,Default,Default,Default,Default,Default,Default,Default,Default,Default,Default,Default,Default,Default,Default,Default,Default,Default,Default,Default,Default,Default,Default,3,Default,1,Default,Default,Default,Default,Default,Default,Default,3,"ShortRun(IterationCount=3, LaunchCount=1, WarmupCount=3)",,1,Workload,Pilot,6,16700,512,32.62,0,0,0,0
CallbackBenchmarks.LibraryImport_Delegate,PInvokeBench,CallbackBenchmarks,LibraryImport_Delegate,ShortRun,Default,Default,Default,Default,Default,Default,Default,Default,Default,Default,Default,Default,Default,Default,Default,Default,Default,Default,Default,Default,Default,Default,Default,Default,Default,Default,Default,Default,Default,Default,Default,3,Default,1,Default,Default,Default,Default,Default,Default,Default,3,"ShortRun(IterationCount=3, LaunchCount=1, WarmupCount=3)",,1,Workload,Pilot,7,30900,1024,30.18,0,0,0,0
CallbackBenchmarks.LibraryImport_Delegate,PInvokeBench,CallbackBenchmarks,LibraryImport_Delegate,ShortRun,Default,Default,Default,Default,Default,Default,Default,Default,Default,Default,Default,Default,Default,Default,Default,Default,Default,Default,Default,Default,Default,Default,Default,Default,Default,Default,Default,Default,Default,Default,Default,3,Default,1,Default,Default,Default,Default,Default,Default,Default,3,"ShortRun(IterationCount=3, LaunchCount=1, WarmupCount=3)",,1,Workload,Pilot,8,59500,2048,29.05,0,0,0,0
CallbackBenchmarks.LibraryImport_Delegate,PInvokeBench,CallbackBenchmarks,LibraryImport_Delegate,ShortRun,Default,Default,Default,Default,Default,Default,Default,Default,Default,Default,Default,Default,Default,Default,Default,Default,Default,Default,Default,Default,Default,Default,Default,Default,Default,Default,Default,Default,Default,Default,Default,3,Default,1,Default,Default,Default,Default,Default,Default,Default,3,"ShortRun(IterationCount=3, LaunchCount=1, WarmupCount=3)",,1,Workload,Pilot,9,119000,4096,29.05,0,0,0,0
CallbackBenchmarks.LibraryImport_Delegate,PInvokeBench,CallbackBenchmarks,LibraryImport_Delegate,ShortRun,Default,Default,Default,Default,Default,Default,Default,Default,Default,Default,Default,Default,Default,Default,Default,Default,Default,Default,Default,Default,Default,Default,Default,Default,Default,Default,Default,Default,Default,Default,Default,3,Default,1,Default,Default,Default,Default,Default,Default,Default,3,"ShortRun(IterationCount=3, LaunchCount=1, WarmupCount=3)",,1,Workload,Pilot,10,235800,8192,28.78,0,0,0,0
CallbackBenchmarks.LibraryImport_Delegate,PInvokeBench,CallbackBenchmarks,LibraryImport_Delegate,ShortRun,Default,Default,Default,Default,Default,Default,Default,Default,Default,Default,Default,Default,Default,Default,Default,Default,Default,Default,Default,Default,Default,Default,Default,Default,Default,Default,Default,Default,Default,Default,Default,3,Default,1,Default,Default,Default,Default,Default,Default,Default,3,"ShortRun(IterationCount=3, LaunchCount=1, WarmupCount=3)",,1,Workload,Pilot,11,475800,16384,29.04,0,0,0,0
CallbackBenchmarks.LibraryImport_Delegate,PInvokeBench,CallbackBenchmarks,LibraryImport_Delegate,ShortRun,Default,Default,Default,Default,Default,Default,Default,Default,Default,Default,Default,Default,Default,Default,Default,Default,Default,Default,Default,Default,Default,Default,Default,Default,Default,Default,Default,Default,Default,Default,Default,3,Default,1,Default,Default,Default,Default,Default,Default,Default,3,"ShortRun(IterationCount=3, LaunchCount=1, WarmupCount=3)",,1,Workload,Pilot,12,1092000,32768,33.33,0,0,0,0
CallbackBenchmarks.LibraryImport_Delegate,PInvokeBench,CallbackBenchmarks,LibraryImport_Delegate,ShortRun,Default,Default,Default,Default,Default,Default,Default,Default,Default,Default,Default,Default,Default,Default,Default,Default,Default,Default,Default,Default,Default,Default,Default,Default,Default,Default,Default,Default,Default,Default,Default,3,Default,1,Default,Default,Default,Default,Default,Default,Default,3,"ShortRun(IterationCount=3, LaunchCount=1, WarmupCount=3)",,1,Workload,Pilot,13,2384500,65536,36.38,0,0,0,0
CallbackBenchmarks.LibraryImport_Delegate,PInvokeBench,CallbackBenchmarks,LibraryImport_Delegate,ShortRun,Default,Default,Default,Default,Default,Default,Default,Default,Default,Default,Default,Default,Default,Default,Default,Default,Default,Default,Default,Default,Default,Default,Default,Default,Default,Default,Default,Default,Default,Default,Default,3,Default,1,Default,Default,Default,Default,Default,Default,Default,3,"ShortRun(IterationCount=3, LaunchCount=1, WarmupCount=3)",,1,Workload,Pilot,14,3824600,131072,29.18,0,0,0,0
CallbackBenchmarks.LibraryImport_Delegate,PInvokeBench,CallbackBenchmarks,LibraryImport_Delegate,ShortRun,Default,Default,Default,Default,Default,Default,Default,Default,Default,Default,Default,Default,Default,Default,Default,Default,Default,Default,Default,Default,Default,Default,Default,Default,Default,Default,Default,Default,Default,Default,Default,3,Default,1,Default,Default,Default,Default,Default,Default,Default,3,"ShortRun(IterationCount=3, LaunchCount=1, WarmupCount=3)",,1,Workload,Pilot,15,7632900,262144,29.12,0,0,0,0
CallbackBenchmarks.LibraryImport_Delegate,PInvokeBench,CallbackBenchmarks,LibraryImport_Delegate,ShortRun,Default,Default,Default,Default,Default,Default,Default,Default,Default,Default,Default,Default,Default,Default,Default,Default,Default,Default,Default,Default,Default,Default,Default,Default,Default,Default,Default,Default,Default,Default,Default,3,Default,1,Default,Default,Default,Default,Default,Default,Default,3,"ShortRun(IterationCount=3, LaunchCount=1, WarmupCount=3)",,1,Workload,Pilot,16,16097500,524288,30.7,0,0,0,0
CallbackBenchmarks.LibraryImport_Delegate,PInvokeBench,CallbackBenchmarks,LibraryImport_Delegate,ShortRun,Default,Default,Default,Default,Default,Default,Default,Default,Default,Default,Default,Default,Default,Default,Default,Default,Default,Default,Default,Default,Default,Default,Default,Default,Default,Default,Default,Default,Default,Default,Default,3,Default,1,Default,Default,Default,Default,Default,Default,Default,3,"ShortRun(IterationCount=3, LaunchCount=1, WarmupCount=3)",,1,Workload,Pilot,17,38036600,1048576,36.27,0,0,0,0
CallbackBenchmarks.LibraryImport_Delegate,PInvokeBench,CallbackBenchmarks,LibraryImport_Delegate,ShortRun,Default,Default,Default,Default,Default,Default,Default,Default,Default,Default,Default,Default,Default,Default,Default,Default,Default,Default,Default,Default,Default,Default,Default,Default,Default,Default,Default,Default,Default,Default,Default,3,Default,1,Default,Default,Default,Default,Default,Default,Default,3,"ShortRun(IterationCount=3, LaunchCount=1, WarmupCount=3)",,1,Workload,Pilot,18,70211800,2097152,33.48,0,0,0,0
CallbackBenchmarks.LibraryImport_Delegate,PInvokeBench,CallbackBenchmarks,LibraryImport_Delegate,ShortRun,Default,Default,Default,Default,Default,Default,Default,Default,Default,Default,Default,Default,Default,Default,Default,Default,Default,Default,Default,Default,Default,Default,Default,Default,Default,Default,Default,Default,Default,Default,Default,3,Default,1,Default,Default,Default,Default,Default,Default,Default,3,"ShortRun(IterationCount=3, LaunchCount=1, WarmupCount=3)",,1,Workload,Pilot,19,125605000,4194304,29.95,0,0,0,0
CallbackBenchmarks.LibraryImport_Delegate,PInvokeBench,CallbackBenchmarks,LibraryImport_Delegate,ShortRun,Default,Default,Default,Default,Default,Default,Default,Default,Default,Default,Default,Default,Default,Default,Default,Default,Default,Default,Default,Default,Default,Default,Default,Default,Default,Default,Default,Default,Default,Default,Default,3,Default,1,Default,Default,Default,Default,Default,Default,Default,3,"ShortRun(IterationCount=3, LaunchCount=1, WarmupCount=3)",,1,Workload,Pilot,20,257731900,8388608,30.72,0,0,0,0
CallbackBenchmarks.LibraryImport_Delegate,PInvokeBench,CallbackBenchmarks,LibraryImport_Delegate,ShortRun,Default,Default,Default,Default,Default,Default,Default,Default,Default,Default,Default,Default,Default,Default,Default,Default,Default,Default,Default,Default,Default,Default,Default,Default,Default,Default,Default,Default,Default,Default,Default,3,Default,1,Default,Default,Default,Default,Default,Default,Default,3,"ShortRun(IterationCount=3, LaunchCount=1, WarmupCount=3)",,1,Workload,Pilot,21,475582200,16777216,28.35,0,0,0,0
CallbackBenchmarks.LibraryImport_Delegate,PInvokeBench,CallbackBenchmarks,LibraryImport_Delegate,ShortRun,Default,Default,Default,Default,Default,Default,Default,Default,Default,Default,Default,Default,Default,Default,Default,Default,Default,Default,Default,Default,Default,Default,Default,Default,Default,Default,Default,Default,Default,Default,Default,3,Default,1,Default,Default,Default,Default,Default,Default,Default,3,"ShortRun(IterationCount=3, LaunchCount=1, WarmupCount=3)",,1,Workload,Pilot,22,966092000,33554432,28.79,0,0,0,0
CallbackBenchmarks.LibraryImport_Delegate,PInvokeBench,CallbackBenchmarks,LibraryImport_Delegate,ShortRun,Default,Default,Default,Default,Default,Default,Default,Default,Default,Default,Default,Default,Default,Default,Default,Default,Default,Default,Default,Default,Default,Default,Default,Default,Default,Default,Default,Default,Default,Default,Default,3,Default,1,Default,Default,Default,Default,Default,Default,Default,3,"ShortRun(IterationCount=3, LaunchCount=1, WarmupCount=3)",,1,Overhead,Warmup,1,71925300,33554432,2.14,0,0,0,0
CallbackBenchmarks.LibraryImport_Delegate,PInvokeBench,CallbackBenchmarks,LibraryImport_Delegate,ShortRun,Default,Default,Default,Default,Default,Default,Default,Default,Default,Default,Default,Default,Default,Default,Default,Default,Default,Default,Default,Default,Default,Default,Default,Default,Default,Default,Default,Default,Default,Default,Default,3,Default,1,Default,Default,Default,Default,Default,Default,Default,3,"ShortRun(IterationCount=3, LaunchCount=1, WarmupCount=3)",,1,Overhead,Warmup,2,72895000,33554432,2.17,0,0,0,0
CallbackBenchmarks.LibraryImport_Delegate,PInvokeBench,CallbackBenchmarks,LibraryImport_Delegate,ShortRun,Default,Default,Default,Default,Default,Default,Default,Default,Default,Default,Default,Default,Default,Default,Default,Default,Default,Default,Default,Default,Default,Default,Default,Default,Default,Default,Default,Default,Default,Default,Default,3,Default,1,Default,Default,Default,Default,Default,Default,Default,3,"ShortRun(IterationCount=3, LaunchCount=1, WarmupCount=3)",,1,Overhead,Warmup,3,72637200,33554432,2.16,0,0,0,0
CallbackBenchmarks.LibraryImport_Delegate,PInvokeBench,CallbackBenchmarks,LibraryImport_Delegate,ShortRun,Default,Default,Default,Default,Default,Default,Default,Default,Default,Default,Default,Default,Default,Default,Default,Default,Default,Default,Default,Default,Default,Default,Default,Default,Default,Default,Default,Default,Default,Default,Default,3,Default,1,Default,Default,Default,Default,Default,Default,Default,3,"ShortRun(IterationCount=3, LaunchCount=1, WarmupCount=3)",,1,Overhead,Warmup,4,60599900,33554432,1.81,0,0,0,0
CallbackBenchmarks.LibraryImport_Delegate,PInvokeBench,CallbackBenchmarks,LibraryImport_Delegate,ShortRun,Default,Default,Default,Default,Default,Default,Default,Default,Default,Default,Default,Default,Default,Default,Default,Default,Default,Default,Default,Default,Default,Default,Default,Default,Default,Default,Default,Default,Default,Default,Default,3,Default,1,Default,Default,Default,Default,Default,Default,Default,3,"ShortRun(IterationCount=3, LaunchCount=1, WarmupCount=3)",,1,Overhead,Warmup,5,54493500,33554432,1.62,0,0,0,0
CallbackBenchmarks.LibraryImport_Delegate,PInvokeBench,CallbackBenchmarks,LibraryImport_Delegate,ShortRun,Default,Default,Default,Default,Default,Default,Default,Default,Default,Default,Default,Default,Default,Default,Default,Default,Default,Default,Default,Default,Default,Default,Default,Default,Default,Default,Default,Default,Default,Default,Default,3,Default,1,Default,Default,Default,Default,Default,Default,Default,3,"ShortRun(IterationCount=3, LaunchCount=1, WarmupCount=3)",,1,Overhead,Warmup,6,54824000,33554432,1.63,0,0,0,0
CallbackBenchmarks.LibraryImport_Delegate,PInvokeBench,CallbackBenchmarks,LibraryImport_Delegate,ShortRun,Default,Default,Default,Default,Default,Default,Default,Default,Default,Default,Default,Default,Default,Default,Default,Default,Default,Default,Default,Default,Default,Default,Default,Default,Default,Default,Default,Default,Default,Default,Default,3,Default,1,Default,Default,Default,Default,Default,Default,Default,3,"ShortRun(IterationCount=3, LaunchCount=1, WarmupCount=3)",,1,Overhead,Warmup,7,55387200,33554432,1.65,0,0,0,0
CallbackBenchmarks.LibraryImport_Delegate,PInvokeBench,CallbackBenchmarks,LibraryImport_Delegate,ShortRun,Default,Default,Default,Default,Default,Default,Default,Default,Default,Default,Default,Default,Default,Default,Default,Default,Default,Default,Default,Default,Default,Default,Default,Default,Default,Default,Default,Default,Default,Default,Default,3,Default,1,Default,Default,Default,Default,Default,Default,Default,3,"ShortRun(IterationCount=3, LaunchCount=1, WarmupCount=3)",,1,Overhead,Warmup,8,55071100,33554432,1.64,0,0,0,0
CallbackBenchmarks.LibraryImport_Delegate,PInvokeBench,CallbackBenchmarks,LibraryImport_Delegate,ShortRun,Default,Default,Default,Default,Default,Default,Default,Default,Default,Default,Default,Default,Default,Default,Default,Default,Default,Default,Default,Default,Default,Default,Default,Default,Default,Default,Default,Default,Default,Default,Default,3,Default,1,Default,Default,Default,Default,Default,Default,Default,3,"ShortRun(IterationCount=3, LaunchCount=1, WarmupCount=3)",,1,Overhead,Actual,1,55341400,33554432,1.65,0,0,0,0
CallbackBenchmarks.LibraryImport_Delegate,PInvokeBench,CallbackBenchmarks,LibraryImport_Delegate,ShortRun,Default,Default,Default,Default,Default,Default,Default,Default,Default,Default,Default,Default,Default,Default,Default,Default,Default,Default,Default,Default,Default,Default,Default,Default,Default,Default,Default,Default,Default,Default,Default,3,Default,1,Default,Default,Default,Default,Default,Default,Default,3,"ShortRun(IterationCount=3, LaunchCount=1, WarmupCount=3)",,1,Overhead,Actual,2,54364400,33554432,1.62,0,0,0,0
CallbackBenchmarks.LibraryImport_Delegate,PInvokeBench,CallbackBenchmarks,LibraryImport_Delegate,ShortRun,Default,Default,Default,Default,Default,Default,Default,Default,Default,Default,Default,Default,Default,Default,Default,Default,Default,Default,Default,Default,Default,Default,Default,Default,Default,Default,Default,Default,Default,Default,Default,3,Default,1,Default,Default,Default,Default,Default,Default,Default,3,"ShortRun(IterationCount=3, LaunchCount=1, WarmupCount=3)",,1,Overhead,Actual,3,55213400,33554432,1.65,0,0,0,0
CallbackBenchmarks.LibraryImport_Delegate,PInvokeBench,CallbackBenchmarks,LibraryImport_Delegate,ShortRun,Default,Default,Default,Default,Default,Default,Default,Default,Default,Default,Default,Default,Default,Default,Default,Default,Default,Default,Default,Default,Default,Default,Default,Default,Default,Default,Default,Default,Default,Default,Default,3,Default,1,Default,Default,Default,Default,Default,Default,Default,3,"ShortRun(IterationCount=3, LaunchCount=1, WarmupCount=3)",,1,Overhead,Actual,4,55866300,33554432,1.66,0,0,0,0
CallbackBenchmarks.LibraryImport_Delegate,PInvokeBench,CallbackBenchmarks,LibraryImport_Delegate,ShortRun,Default,Default,Default,Default,Default,Default,Default,Default,Default,Default,Default,Default,Default,Default,Default,Default,Default,Default,Default,Default,Default,Default,Default,Default,Default,Default,Default,Default,Default,Default,Default,3,Default,1,Default,Default,Default,Default,Default,Default,Default,3,"ShortRun(IterationCount=3, LaunchCount=1, WarmupCount=3)",,1,Overhead,Actual,5,58983900,33554432,1.76,0,0,0,0
CallbackBenchmarks.LibraryImport_Delegate,PInvokeBench,CallbackBenchmarks,LibraryImport_Delegate,ShortRun,Default,Default,Default,Default,Default,Default,Default,Default,Default,Default,Default,Default,Default,Default,Default,Default,Default,Default,Default,Default,Default,Default,Default,Default,Default,Default,Default,Default,Default,Default,Default,3,Default,1,Default,Default,Default,Default,Default,Default,Default,3,"ShortRun(IterationCount=3, LaunchCount=1, WarmupCount=3)",,1,Overhead,Actual,6,60220000,33554432,1.79,0,0,0,0
CallbackBenchmarks.LibraryImport_Delegate,PInvokeBench,CallbackBenchmarks,LibraryImport_Delegate,ShortRun,Default,Default,Default,Default,Default,Default,Default,Default,Default,Default,Default,Default,Default,Default,Default,Default,Default,Default,Default,Default,Default,Default,Default,Default,Default,Default,Default,Default,Default,Default,Default,3,Default,1,Default,Default,Default,Default,Default,Default,Default,3,"ShortRun(IterationCount=3, LaunchCount=1, WarmupCount=3)",,1,Overhead,Actual,7,61306400,33554432,1.83,0,0,0,0
CallbackBenchmarks.LibraryImport_Delegate,PInvokeBench,CallbackBenchmarks,LibraryImport_Delegate,ShortRun,Default,Default,Default,Default,Default,Default,Default,Default,Default,Default,Default,Default,Default,Default,Default,Default,Default,Default,Default,Default,Default,Default,Default,Default,Default,Default,Default,Default,Default,Default,Default,3,Default,1,Default,Default,Default,Default,Default,Default,Default,3,"ShortRun(IterationCount=3, LaunchCount=1, WarmupCount=3)",,1,Overhead,Actual,8,56357100,33554432,1.68,0,0,0,0
CallbackBenchmarks.LibraryImport_Delegate,PInvokeBench,CallbackBenchmarks,LibraryImport_Delegate,ShortRun,Default,Default,Default,Default,Default,Default,Default,Default,Default,Default,Default,Default,Default,Default,Default,Default,Default,Default,Default,Default,Default,Default,Default,Default,Default,Default,Default,Default,Default,Default,Default,3,Default,1,Default,Default,Default,Default,Default,Default,Default,3,"ShortRun(IterationCount=3, LaunchCount=1, WarmupCount=3)",,1,Overhead,Actual,9,59165200,33554432,1.76,0,0,0,0
CallbackBenchmarks.LibraryImport_Delegate,PInvokeBench,CallbackBenchmarks,LibraryImport_Delegate,ShortRun,Default,Default,Default,Default,Default,Default,Default,Default,Default,Default,Default,Default,Default,Default,Default,Default,Default,Default,Default,Default,Default,Default,Default,Default,Default,Default,Default,Default,Default,Default,Default,3,Default,1,Default,Default,Default,Default,Default,Default,Default,3,"ShortRun(IterationCount=3, LaunchCount=1, WarmupCount=3)",,1,Overhead,Actual,10,56550300,33554432,1.69,0,0,0,0
CallbackBenchmarks.LibraryImport_Delegate,PInvokeBench,CallbackBenchmarks,LibraryImport_Delegate,ShortRun,Default,Default,Default,Default,Default,Default,Default,Default,Default,Default,Default,Default,Default,Default,Default,Default,Default,Default,Default,Default,Default,Default,Default,Default,Default,Default,Default,Default,Default,Default,Default,3,Default,1,Default,Default,Default,Default,Default,Default,Default,3,"ShortRun(IterationCount=3, LaunchCount=1, WarmupCount=3)",,1,Overhead,Actual,11,56756000,33554432,1.69,0,0,0,0
CallbackBenchmarks.LibraryImport_Delegate,PInvokeBench,CallbackBenchmarks,LibraryImport_Delegate,ShortRun,Default,Default,Default,Default,Default,Default,Default,Default,Default,Default,Default,Default,Default,Default,Default,Default,Default,Default,Default,Default,Default,Default,Default,Default,Default,Default,Default,Default,Default,Default,Default,3,Default,1,Default,Default,Default,Default,Default,Default,Default,3,"ShortRun(IterationCount=3, LaunchCount=1, WarmupCount=3)",,1,Overhead,Actual,12,58276600,33554432,1.74,0,0,0,0
CallbackBenchmarks.LibraryImport_Delegate,PInvokeBench,CallbackBenchmarks,LibraryImport_Delegate,ShortRun,Default,Default,Default,Default,Default,Default,Default,Default,Default,Default,Default,Default,Default,Default,Default,Default,Default,Default,Default,Default,Default,Default,Default,Default,Default,Default,Default,Default,Default,Default,Default,3,Default,1,Default,Default,Default,Default,Default,Default,Default,3,"ShortRun(IterationCount=3, LaunchCount=1, WarmupCount=3)",,1,Overhead,Actual,13,58960900,33554432,1.76,0,0,0,0
CallbackBenchmarks.LibraryImport_Delegate,PInvokeBench,CallbackBenchmarks,LibraryImport_Delegate,ShortRun,Default,Default,Default,Default,Default,Default,Default,Default,Default,Default,Default,Default,Default,Default,Default,Default,Default,Default,Default,Default,Default,Default,Default,Default,Default,Default,Default,Default,Default,Default,Default,3,Default,1,Default,Default,Default,Default,Default,Default,Default,3,"ShortRun(IterationCount=3, LaunchCount=1, WarmupCount=3)",,1,Overhead,Actual,14,56624100,33554432,1.69,0,0,0,0
CallbackBenchmarks.LibraryImport_Delegate,PInvokeBench,CallbackBenchmarks,LibraryImport_Delegate,ShortRun,Default,Default,Default,Default,Default,Default,Default,Default,Default,Default,Default,Default,Default,Default,Default,Default,Default,Default,Default,Default,Default,Default,Default,Default,Default,Default,Default,Default,Default,Default,Default,3,Default,1,Default,Default,Default,Default,Default,Default,Default,3,"ShortRun(IterationCount=3, LaunchCount=1, WarmupCount=3)",,1,Overhead,Actual,15,57294600,33554432,1.71,0,0,0,0
CallbackBenchmarks.LibraryImport_Delegate,PInvokeBench,CallbackBenchmarks,LibraryImport_Delegate,ShortRun,Default,Default,Default,Default,Default,Default,Default,Default,Default,Default,Default,Default,Default,Default,Default,Default,Default,Default,Default,Default,Default,Default,Default,Default,Default,Default,Default,Default,Default,Default,Default,3,Default,1,Default,Default,Default,Default,Default,Default,Default,3,"ShortRun(IterationCount=3, LaunchCount=1, WarmupCount=3)",,1,Workload,Warmup,1,1001232000,33554432,29.84,0,0,0,0
CallbackBenchmarks.LibraryImport_Delegate,PInvokeBench,CallbackBenchmarks,LibraryImport_Delegate,ShortRun,Default,Default,Default,Default,Default,Default,Default,Default,Default,Default,Default,Default,Default,Default,Default,Default,Default,Default,Default,Default,Default,Default,Default,Default,Default,Default,Default,Default,Default,Default,Default,3,Default,1,Default,Default,Default,Default,Default,Default,Default,3,"ShortRun(IterationCount=3, LaunchCount=1, WarmupCount=3)",,1,Workload,Warmup,2,1001130000,33554432,29.84,0,0,0,0
CallbackBenchmarks.LibraryImport_Delegate,PInvokeBench,CallbackBenchmarks,LibraryImport_Delegate,ShortRun,Default,Default,Default,Default,Default,Default,Default,Default,Default,Default,Default,Default,Default,Default,Default,Default,Default,Default,Default,Default,Default,Default,Default,Default,Default,Default,Default,Default,Default,Default,Default,3,Default,1,Default,Default,Default,Default,Default,Default,Default,3,"ShortRun(IterationCount=3, LaunchCount=1, WarmupCount=3)",,1,Workload,Warmup,3,1027464200,33554432,30.62,0,0,0,0
CallbackBenchmarks.LibraryImport_Delegate,PInvokeBench,CallbackBenchmarks,LibraryImport_Delegate,ShortRun,Default,Default,Default,Default,Default,Default,Default,Default,Default,Default,Default,Default,Default,Default,Default,Default,Default,Default,Default,Default,Default,Default,Default,Default,Default,Default,Default,Default,Default,Default,Default,3,Default,1,Default,Default,Default,Default,Default,Default,Default,3,"ShortRun(IterationCount=3, LaunchCount=1, WarmupCount=3)",,1,Workload,Actual,1,996646400,33554432,29.7,0,0,0,0
CallbackBenchmarks.LibraryImport_Delegate,PInvokeBench,CallbackBenchmarks,LibraryImport_Delegate,ShortRun,Default,Default,Default,Default,Default,Default,Default,Default,Default,Default,Default,Default,Default,Default,Default,Default,Default,Default,Default,Default,Default,Default,Default,Default,Default,Default,Default,Default,Default,Default,Default,3,Default,1,Default,Default,Default,Default,Default,Default,Default,3,"ShortRun(IterationCount=3, LaunchCount=1, WarmupCount=3)",,1,Workload,Actual,2,962012400,33554432,28.67,0,0,0,0
CallbackBenchmarks.LibraryImport_Delegate,PInvokeBench,CallbackBenchmarks,LibraryImport_Delegate,ShortRun,Default,Default,Default,Default,Default,Default,Default,Default,Default,Default,Default,Default,Default,Default,Default,Default,Default,Default,Default,Default,Default,Default,Default,Default,Default,Default,Default,Default,Default,Default,Default,3,Default,1,Default,Default,Default,Default,Default,Default,Default,3,"ShortRun(IterationCount=3, LaunchCount=1, WarmupCount=3)",,1,Workload,Actual,3,1020639800,33554432,30.42,0,0,0,0
CallbackBenchmarks.LibraryImport_Delegate,PInvokeBench,CallbackBenchmarks,LibraryImport_Delegate,ShortRun,Default,Default,Default,Default,Default,Default,Default,Default,Default,Default,Default,Default,Default,Default,Default,Default,Default,Default,Default,Default,Default,Default,Default,Default,Default,Default,Default,Default,Default,Default,Default,3,Default,1,Default,Default,Default,Default,Default,Default,Default,3,"ShortRun(IterationCount=3, LaunchCount=1, WarmupCount=3)",,1,Workload,Result,1,939890400,33554432,28.01,0,0,0,0
CallbackBenchmarks.LibraryImport_Delegate,PInvokeBench,CallbackBenchmarks,LibraryImport_Delegate,ShortRun,Default,Default,Default,Default,Default,Default,Default,Default,Default,Default,Default,Default,Default,Default,Default,Default,Default,Default,Default,Default,Default,Default,Default,Default,Default,Default,Default,Default,Default,Default,Default,3,Default,1,Default,Default,Default,Default,Default,Default,Default,3,"ShortRun(IterationCount=3, LaunchCount=1, WarmupCount=3)",,1,Workload,Result,2,905256400,33554432,26.98,0,0,0,0
CallbackBenchmarks.LibraryImport_Delegate,PInvokeBench,CallbackBenchmarks,LibraryImport_Delegate,ShortRun,Default,Default,Default,Default,Default,Default,Default,Default,Default,Default,Default,Default,Default,Default,Default,Default,Default,Default,Default,Default,Default,Default,Default,Default,Default,Default,Default,Default,Default,Default,Default,3,Default,1,Default,Default,Default,Default,Default,Default,Default,3,"ShortRun(IterationCount=3, LaunchCount=1, WarmupCount=3)",,1,Workload,Result,3,963883800,33554432,28.73,0,0,0,0
CallbackBenchmarks.LibraryImport_UnmanagedCallersOnly,PInvokeBench,CallbackBenchmarks,LibraryImport_UnmanagedCallersOnly,ShortRun,Default,Default,Default,Default,Default,Default,Default,Default,Default,Default,Default,Default,Default,Default,Default,Default,Default,Default,Default,Default,Default,Default,Default,Default,Default,Default,Default,Default,Default,Default,Default,3,Default,1,Default,Default,Default,Default,Default,Default,Default,3,"ShortRun(IterationCount=3, LaunchCount=1, WarmupCount=3)",,1,Overhead,Jitting,1,168400,1,168400,0,0,0,0
CallbackBenchmarks.LibraryImport_UnmanagedCallersOnly,PInvokeBench,CallbackBenchmarks,LibraryImport_UnmanagedCallersOnly,ShortRun,Default,Default,Default,Default,Default,Default,Default,Default,Default,Default,Default,Default,Default,Default,Default,Default,Default,Default,Default,Default,Default,Default,Default,Default,Default,Default,Default,Default,Default,Default,Default,3,Default,1,Default,Default,Default,Default,Default,Default,Default,3,"ShortRun(IterationCount=3, LaunchCount=1, WarmupCount=3)",,1,Workload,Jitting,1,629700,1,629700,0,0,0,0
CallbackBenchmarks.LibraryImport_UnmanagedCallersOnly,PInvokeBench,CallbackBenchmarks,LibraryImport_UnmanagedCallersOnly,ShortRun,Default,Default,Default,Default,Default,Default,Default,Default,Default,Default,Default,Default,Default,Default,Default,Default,Default,Default,Default,Default,Default,Default,Default,Default,Default,Default,Default,Default,Default,Default,Default,3,Default,1,Default,Default,Default,Default,Default,Default,Default,3,"ShortRun(IterationCount=3, LaunchCount=1, WarmupCount=3)",,1,Overhead,Jitting,2,296700,16,18543.75,0,0,0,0
CallbackBenchmarks.LibraryImport_UnmanagedCallersOnly,PInvokeBench,CallbackBenchmarks,LibraryImport_UnmanagedCallersOnly,ShortRun,Default,Default,Default,Default,Default,Default,Default,Default,Default,Default,Default,Default,Default,Default,Default,Default,Default,Default,Default,Default,Default,Default,Default,Default,Default,Default,Default,Default,Default,Default,Default,3,Default,1,Default,Default,Default,Default,Default,Default,Default,3,"ShortRun(IterationCount=3, LaunchCount=1, WarmupCount=3)",,1,Workload,Jitting,2,360500,16,22531.25,0,0,0,0
CallbackBenchmarks.LibraryImport_UnmanagedCallersOnly,PInvokeBench,CallbackBenchmarks,LibraryImport_UnmanagedCallersOnly,ShortRun,Default,Default,Default,Default,Default,Default,Default,Default,Default,Default,Default,Default,Default,Default,Default,Default,Default,Default,Default,Default,Default,Default,Default,Default,Default,Default,Default,Default,Default,Default,Default,3,Default,1,Default,Default,Default,Default,Default,Default,Default,3,"ShortRun(IterationCount=3, LaunchCount=1, WarmupCount=3)",,1,Workload,Pilot,1,600,16,37.5,0,0,0,0
CallbackBenchmarks.LibraryImport_UnmanagedCallersOnly,PInvokeBench,CallbackBenchmarks,LibraryImport_UnmanagedCallersOnly,ShortRun,Default,Default,Default,Default,Default,Default,Default,Default,Default,Default,Default,Default,Default,Default,Default,Default,Default,Default,Default,Default,Default,Default,Default,Default,Default,Default,Default,Default,Default,Default,Default,3,Default,1,Default,Default,Default,Default,Default,Default,Default,3,"ShortRun(IterationCount=3, LaunchCount=1, WarmupCount=3)",,1,Workload,Pilot,2,800,32,25,0,0,0,0
CallbackBenchmarks.LibraryImport_UnmanagedCallersOnly,PInvokeBench,CallbackBenchmarks,LibraryImport_UnmanagedCallersOnly,ShortRun,Default,Default,Default,Default,Default,Default,Default,Default,Default,Default,Default,Default,Default,Default,Default,Default,Default,Default,Default,Default,Default,Default,Default,Default,Default,Default,Default,Default,Default,Default,Default,3,Default,1,Default,Default,Default,Default,Default,Default,Default,3,"ShortRun(IterationCount=3, LaunchCount=1, WarmupCount=3)",,1,Workload,Pilot,3,800,64,12.5,0,0,0,0
CallbackBenchmarks.LibraryImport_UnmanagedCallersOnly,PInvokeBench,CallbackBenchmarks,LibraryImport_UnmanagedCallersOnly,ShortRun,Default,Default,Default,Default,Default,Default,Default,Default,Default,Default,Default,Default,Default,Default,Default,Default,Default,Default,Default,Default,Default,Default,Default,Default,Default,Default,Default,Default,Default,Default,Default,3,Default,1,Default,Default,Default,Default,Default,Default,Default,3,"ShortRun(IterationCount=3, LaunchCount=1, WarmupCount=3)",,1,Workload,Pilot,4,1500,128,11.72,0,0,0,0
CallbackBenchmarks.LibraryImport_UnmanagedCallersOnly,PInvokeBench,CallbackBenchmarks,LibraryImport_UnmanagedCallersOnly,ShortRun,Default,Default,Default,Default,Default,Default,Default,Default,Default,Default,Default,Default,Default,Default,Default,Default,Default,Default,Default,Default,Default,Default,Default,Default,Default,Default,Default,Default,Default,Default,Default,3,Default,1,Default,Default,Default,Default,Default,Default,Default,3,"ShortRun(IterationCount=3, LaunchCount=1, WarmupCount=3)",,1,Workload,Pilot,5,2500,256,9.77,0,0,0,0
CallbackBenchmarks.LibraryImport_UnmanagedCallersOnly,PInvokeBench,CallbackBenchmarks,LibraryImport_UnmanagedCallersOnly,ShortRun,Default,Default,Default,Default,Default,Default,Default,Default,Default,Default,Default,Default,Default,Default,Default,Default,Default,Default,Default,Default,Default,Default,Default,Default,Default,Default,Default,Default,Default,Default,Default,3,Default,1,Default,Default,Default,Default,Default,Default,Default,3,"ShortRun(IterationCount=3, LaunchCount=1, WarmupCount=3)",,1,Workload,Pilot,6,4800,512,9.38,0,0,0,0
CallbackBenchmarks.LibraryImport_UnmanagedCallersOnly,PInvokeBench,CallbackBenchmarks,LibraryImport_UnmanagedCallersOnly,ShortRun,Default,Default,Default,Default,Default,Default,Default,Default,Default,Default,Default,Default,Default,Default,Default,Default,Default,Default,Default,Default,Default,Default,Default,Default,Default,Default,Default,Default,Default,Default,Default,3,Default,1,Default,Default,Default,Default,Default,Default,Default,3,"ShortRun(IterationCount=3, LaunchCount=1, WarmupCount=3)",,1,Workload,Pilot,7,9500,1024,9.28,0,0,0,0
CallbackBenchmarks.LibraryImport_UnmanagedCallersOnly,PInvokeBench,CallbackBenchmarks,LibraryImport_UnmanagedCallersOnly,ShortRun,Default,Default,Default,Default,Default,Default,Default,Default,Default,Default,Default,Default,Default,Default,Default,Default,Default,Default,Default,Default,Default,Default,Default,Default,Default,Default,Default,Default,Default,Default,Default,3,Default,1,Default,Default,Default,Default,Default,Default,Default,3,"ShortRun(IterationCount=3, LaunchCount=1, WarmupCount=3)",,1,Workload,Pilot,8,18900,2048,9.23,0,0,0,0
CallbackBenchmarks.LibraryImport_UnmanagedCallersOnly,PInvokeBench,CallbackBenchmarks,LibraryImport_UnmanagedCallersOnly,ShortRun,Default,Default,Default,Default,Default,Default,Default,Default,Default,Default,Default,Default,Default,Default,Default,Default,Default,Default,Default,Default,Default,Default,Default,Default,Default,Default,Default,Default,Default,Default,Default,3,Default,1,Default,Default,Default,Default,Default,Default,Default,3,"ShortRun(IterationCount=3, LaunchCount=1, WarmupCount=3)",,1,Workload,Pilot,9,37700,4096,9.2,0,0,0,0
CallbackBenchmarks.LibraryImport_UnmanagedCallersOnly,PInvokeBench,CallbackBenchmarks,LibraryImport_UnmanagedCallersOnly,ShortRun,Default,Default,Default,Default,Default,Default,Default,Default,Default,Default,Default,Default,Default,Default,Default,Default,Default,Default,Default,Default,Default,Default,Default,Default,Default,Default,Default,Default,Default,Default,Default,3,Default,1,Default,Default,Default,Default,Default,Default,Default,3,"ShortRun(IterationCount=3, LaunchCount=1, WarmupCount=3)",,1,Workload,Pilot,10,74900,8192,9.14,0,0,0,0
CallbackBenchmarks.LibraryImport_UnmanagedCallersOnly,PInvokeBench,CallbackBenchmarks,LibraryImport_UnmanagedCallersOnly,ShortRun,Default,Default,Default,Default,Default,Default,Default,Default,Default,Default,Default,Default,Default,Default,Default,Default,Default,Default,Default,Default,Default,Default,Default,Default,Default,Default,Default,Default,Default,Default,Default,3,Default,1,Default,Default,Default,Default,Default,Default,Default,3,"ShortRun(IterationCount=3, LaunchCount=1, WarmupCount=3)",,1,Workload,Pilot,11,142400,16384,8.69,0,0,0,0
CallbackBenchmarks.LibraryImport_UnmanagedCallersOnly,PInvokeBench,CallbackBenchmarks,LibraryImport_UnmanagedCallersOnly,ShortRun,Default,Default,Default,Default,Default,Default,Default,Default,Default,Default,Default,Default,Default,Default,Default,Default,Default,Default,Default,Default,Default,Default,Default,Default,Default,Default,Default,Default,Default,Default,Default,3,Default,1,Default,Default,Default,Default,Default,Default,Default,3,"ShortRun(IterationCount=3, LaunchCount=1, WarmupCount=3)",,1,Workload,Pilot,12,289500,32768,8.83,0,0,0,0
CallbackBenchmarks.LibraryImport_UnmanagedCallersOnly,PInvokeBench,CallbackBenchmarks,LibraryImport_UnmanagedCallersOnly,ShortRun,Default,Default,Default,Default,Default,Default,Default,Default,Default,Default,Default,Default,Default,Default,Default,Default,Default,Default,Default,Default,Default,Default,Default,Default,Default,Default,Default,Default,Default,Default,Default,3,Default,1,Default,Default,Default,Default,Default,Default,Default,3,"ShortRun(IterationCount=3, LaunchCount=1, WarmupCount=3)",,1,Workload,Pilot,13,600900,65536,9.17,0,0,0,0
CallbackBenchmarks.LibraryImport_UnmanagedCallersOnly,PInvokeBench,CallbackBenchmarks,LibraryImport_UnmanagedCallersOnly,ShortRun,Default,Default,Default,Default,Default,Default,Default,Default,Default,Default,Default,Default,Default,Default,Default,Default,Default,Default,Default,Default,Default,Default,Default,Default,Default,Default,Default,Default,Default,Default,Default,3,Default,1,Default,Default,Default,Default,Default,Default,Default,3,"ShortRun(IterationCount=3, LaunchCount=1, WarmupCount=3)",,1,Workload,Pilot,14,1173600,131072,8.95,0,0,0,0
CallbackBenchmarks.LibraryImport_UnmanagedCallersOnly,PInvokeBench,CallbackBenchmarks,LibraryImport_UnmanagedCallersOnly,ShortRun,Default,Default,Default,Default,Default,Default,Default,Default,Default,Default,Default,Default,Default,Default,Default,Default,Default,Default,Default,Default,Default,Default,Default,Default,Default,Default,Default,Default,Default,Default,Default,3,Default,1,Default,Default,Default,Default,Default,Default,Default,3,"ShortRun(IterationCount=3, LaunchCount=1, WarmupCount=3)",,1,Workload,Pilot,15,2987800,262144,11.4,0,0,0,0
CallbackBenchmarks.LibraryImport_UnmanagedCallersOnly,PInvokeBench,CallbackBenchmarks,LibraryImport_UnmanagedCallersOnly,ShortRun,Default,Default,Default,Default,Default,Default,Default,Default,Default,Default,Default,Default,Default,Default,Default,Default,Default,Default,Default,Default,Default,Default,Default,Default,Default,Default,Default,Default,Default,Default,Default,3,Default,1,Default,Default,Default,Default,Default,Default,Default,3,"ShortRun(IterationCount=3, LaunchCount=1, WarmupCount=3)",,1,Workload,Pilot,16,4839800,524288,9.23,0,0,0,0
CallbackBenchmarks.LibraryImport_UnmanagedCallersOnly,PInvokeBench,CallbackBenchmarks,LibraryImport_UnmanagedCallersOnly,ShortRun,Default,Default,Default,Default,Default,Default,Default,Default,Default,Default,Default,Default,Default,Default,Default,Default,Default,Default,Default,Default,Default,Default,Default,Default,Default,Default,Default,Default,Default,Default,Default,3,Default,1,Default,Default,Default,Default,Default,Default,Default,3,"ShortRun(IterationCount=3, LaunchCount=1, WarmupCount=3)",,1,Workload,Pilot,17,9924200,1048576,9.46,0,0,0,0
CallbackBenchmarks.LibraryImport_UnmanagedCallersOnly,PInvokeBench,CallbackBenchmarks,LibraryImport_UnmanagedCallersOnly,ShortRun,Default,Default,Default,Default,Default,Default,Default,Default,Default,Default,Default,Default,Default,Default,Default,Default,Default,Default,Default,Default,Default,Default,Default,Default,Default,Default,Default,Default,Default,Default,Default,3,Default,1,Default,Default,Default,Default,Default,Default,Default,3,"ShortRun(IterationCount=3, LaunchCount=1, WarmupCount=3)",,1,Workload,Pilot,18,18716300,2097152,8.92,0,0,0,0
CallbackBenchmarks.LibraryImport_UnmanagedCallersOnly,PInvokeBench,CallbackBenchmarks,LibraryImport_UnmanagedCallersOnly,ShortRun,Default,Default,Default,Default,Default,Default,Default,Default,Default,Default,Default,Default,Default,Default,Default,Default,Default,Default,Default,Default,Default,Default,Default,Default,Default,Default,Default,Default,Default,Default,Default,3,Default,1,Default,Default,Default,Default,Default,Default,Default,3,"ShortRun(IterationCount=3, LaunchCount=1, WarmupCount=3)",,1,Workload,Pilot,19,39182500,4194304,9.34,0,0,0,0
CallbackBenchmarks.LibraryImport_UnmanagedCallersOnly,PInvokeBench,CallbackBenchmarks,LibraryImport_UnmanagedCallersOnly,ShortRun,Default,Default,Default,Default,Default,Default,Default,Default,Default,Default,Default,Default,Default,Default,Default,Default,Default,Default,Default,Default,Default,Default,Default,Default,Default,Default,Default,Default,Default,Default,Default,3,Default,1,Default,Default,Default,Default,Default,Default,Default,3,"ShortRun(IterationCount=3, LaunchCount=1, WarmupCount=3)",,1,Workload,Pilot,20,86812600,8388608,10.35,0,0,0,0
CallbackBenchmarks.LibraryImport_UnmanagedCallersOnly,PInvokeBench,CallbackBenchmarks,LibraryImport_UnmanagedCallersOnly,ShortRun,Default,Default,Default,Default,Default,Default,Default,Default,Default,Default,Default,Default,Default,Default,Default,Default,Default,Default,Default,Default,Default,Default,Default,Default,Default,Default,Default,Default,Default,Default,Default,3,Default,1,Default,Default,Default,Default,Default,Default,Default,3,"ShortRun(IterationCount=3, LaunchCount=1, WarmupCount=3)",,1,Workload,Pilot,21,155215600,16777216,9.25,0,0,0,0
CallbackBenchmarks.LibraryImport_UnmanagedCallersOnly,PInvokeBench,CallbackBenchmarks,LibraryImport_UnmanagedCallersOnly,ShortRun,Default,Default,Default,Default,Default,Default,Default,Default,Default,Default,Default,Default,Default,Default,Default,Default,Default,Default,Default,Default,Default,Default,Default,Default,Default,Default,Default,Default,Default,Default,Default,3,Default,1,Default,Default,Default,Default,Default,Default,Default,3,"ShortRun(IterationCount=3, LaunchCount=1, WarmupCount=3)",,1,Workload,Pilot,22,336063600,33554432,10.02,0,0,0,0
CallbackBenchmarks.LibraryImport_UnmanagedCallersOnly,PInvokeBench,CallbackBenchmarks,LibraryImport_UnmanagedCallersOnly,ShortRun,Default,Default,Default,Default,Default,Default,Default,Default,Default,Default,Default,Default,Default,Default,Default,Default,Default,Default,Default,Default,Default,Default,Default,Default,Default,Default,Default,Default,Default,Default,Default,3,Default,1,Default,Default,Default,Default,Default,Default,Default,3,"ShortRun(IterationCount=3, LaunchCount=1, WarmupCount=3)",,1,Workload,Pilot,23,611425900,67108864,9.11,0,0,0,0
CallbackBenchmarks.LibraryImport_UnmanagedCallersOnly,PInvokeBench,CallbackBenchmarks,LibraryImport_UnmanagedCallersOnly,ShortRun,Default,Default,Default,Default,Default,Default,Default,Default,Default,Default,Default,Default,Default,Default,Default,Default,Default,Default,Default,Default,Default,Default,Default,Default,Default,Default,Default,Default,Default,Default,Default,3,Default,1,Default,Default,Default,Default,Default,Default,Default,3,"ShortRun(IterationCount=3, LaunchCount=1, WarmupCount=3)",,1,Overhead,Warmup,1,149098400,67108864,2.22,0,0,0,0
CallbackBenchmarks.LibraryImport_UnmanagedCallersOnly,PInvokeBench,CallbackBenchmarks,LibraryImport_UnmanagedCallersOnly,ShortRun,Default,Default,Default,Default,Default,Default,Default,Default,Default,Default,Default,Default,Default,Default,Default,Default,Default,Default,Default,Default,Default,Default,Default,Default,Default,Default,Default,Default,Default,Default,Default,3,Default,1,Default,Default,Default,Default,Default,Default,Default,3,"ShortRun(IterationCount=3, LaunchCount=1, WarmupCount=3)",,1,Overhead,Warmup,2,145985600,67108864,2.18,0,0,0,0
CallbackBenchmarks.LibraryImport_UnmanagedCallersOnly,PInvokeBench,CallbackBenchmarks,LibraryImport_UnmanagedCallersOnly,ShortRun,Default,Default,Default,Default,Default,Default,Default,Default,Default,Default,Default,Default,Default,Default,Default,Default,Default,Default,Default,Default,Default,Default,Default,Default,Default,Default,Default,Default,Default,Default,Default,3,Default,1,Default,Default,Default,Default,Default,Default,Default,3,"ShortRun(IterationCount=3, LaunchCount=1, WarmupCount=3)",,1,Overhead,Warmup,3,125228300,67108864,1.87,0,0,0,0
CallbackBenchmarks.LibraryImport_UnmanagedCallersOnly,PInvokeBench,CallbackBenchmarks,LibraryImport_UnmanagedCallersOnly,ShortRun,Default,Default,Default,Default,Default,Default,Default,Default,Default,Default,Default,Default,Default,Default,Default,Default,Default,Default,Default,Default,Default,Default,Default,Default,Default,Default,Default,Default,Default,Default,Default,3,Default,1,Default,Default,Default,Default,Default,Default,Default,3,"ShortRun(IterationCount=3, LaunchCount=1, WarmupCount=3)",,1,Overhead,Warmup,4,115186100,67108864,1.72,0,0,0,0
CallbackBenchmarks.LibraryImport_UnmanagedCallersOnly,PInvokeBench,CallbackBenchmarks,LibraryImport_UnmanagedCallersOnly,ShortRun,Default,Default,Default,Default,Default,Default,Default,Default,Default,Default,Default,Default,Default,Default,Default,Default,Default,Default,Default,Default,Default,Default,Default,Default,Default,Default,Default,Default,Default,Default,Default,3,Default,1,Default,Default,Default,Default,Default,Default,Default,3,"ShortRun(IterationCount=3, LaunchCount=1, WarmupCount=3)",,1,Overhead,Warmup,5,112687600,67108864,1.68,0,0,0,0
CallbackBenchmarks.LibraryImport_UnmanagedCallersOnly,PInvokeBench,CallbackBenchmarks,LibraryImport_UnmanagedCallersOnly,ShortRun,Default,Default,Default,Default,Default,Default,Default,Default,Default,Default,Default,Default,Default,Default,Default,Default,Default,Default,Default,Default,Default,Default,Default,Default,Default,Default,Default,Default,Default,Default,Default,3,Default,1,Default,Default,Default,Default,Default,Default,Default,3,"ShortRun(IterationCount=3, LaunchCount=1, WarmupCount=3)",,1,Overhead,Warmup,6,113794000,67108864,1.7,0,0,0,0
CallbackBenchmarks.LibraryImport_UnmanagedCallersOnly,PInvokeBench,CallbackBenchmarks,LibraryImport_UnmanagedCallersOnly,ShortRun,Default,Default,Default,Default,Default,Default,Default,Default,Default,Default,Default,Default,Default,Default,Default,Default,Default,Default,Default,Default,Default,Default,Default,Default,Default,Default,Default,Default,Default,Default,Default,3,Default,1,Default,Default,Default,Default,Default,Default,Default,3,"ShortRun(IterationCount=3, LaunchCount=1, WarmupCount=3)",,1,Overhead,Warmup,7,113190200,67108864,1.69,0,0,0,0
CallbackBenchmarks.LibraryImport_UnmanagedCallersOnly,PInvokeBench,CallbackBenchmarks,LibraryImport_UnmanagedCallersOnly,ShortRun,Default,Default,Default,Default,Default,Default,Default,Default,Default,Default,Default,Default,Default,Default,Default,Default,Default,Default,Default,Default,Default,Default,Default,Default,Default,Default,Default,Default,Default,Default,Default,3,Default,1,Default,Default,Default,Default,Default,Default,Default,3,"ShortRun(IterationCount=3, LaunchCount=1, WarmupCount=3)",,1,Overhead,Warmup,8,113561300,67108864,1.69,0,0,0,0
CallbackBenchmarks.LibraryImport_UnmanagedCallersOnly,PInvokeBench,CallbackBenchmarks,LibraryImport_UnmanagedCallersOnly,ShortRun,Default,Default,Default,Default,Default,Default,Default,Default,Default,Default,Default,Default,Default,Default,Default,Default,Default,Default,Default,Default,Default,Default,Default,Default,Default,Default,Default,Default,Default,Default,Default,3,Default,1,Default,Default,Default,Default,Default,Default,Default,3,"ShortRun(IterationCount=3, LaunchCount=1, WarmupCount=3)",,1,Overhead,Warmup,9,114411000,67108864,1.7,0,0,0,0
CallbackBenchmarks.LibraryImport_UnmanagedCallersOnly,PInvokeBench,CallbackBenchmarks,LibraryImport_UnmanagedCallersOnly,ShortRun,Default,Default,Default,Default,Default,Default,Default,Default,Default,Default,Default,Default,Default,Default,Default,Default,Default,Default,Default,Default,Default,Default,Default,Default,Default,Default,Default,Default,Default,Default,Default,3,Default,1,Default,Default,Default,Default,Default,Default,Default,3,"ShortRun(IterationCount=3, LaunchCount=1, WarmupCount=3)",,1,Overhead,Warmup,10,117214100,67108864,1.75,0,0,0,0
CallbackBenchmarks.LibraryImport_UnmanagedCallersOnly,PInvokeBench,CallbackBenchmarks,LibraryImport_UnmanagedCallersOnly,ShortRun,Default,Default,Default,Default,Default,Default,Default,Default,Default,Default,Default,Default,Default,Default,Default,Default,Default,Default,Default,Default,Default,Default,Default,Default,Default,Default,Default,Default,Default,Default,Default,3,Default,1,Default,Default,Default,Default,Default,Default,Default,3,"ShortRun(IterationCount=3, LaunchCount=1, WarmupCount=3)",,1,Overhead,Actual,1,130949500,67108864,1.95,0,0,0,0
CallbackBenchmarks.LibraryImport_UnmanagedCallersOnly,PInvokeBench,CallbackBenchmarks,LibraryImport_UnmanagedCallersOnly,ShortRun,Default,Default,Default,Default,Default,Default,Default,Default,Default,Default,Default,Default,Default,Default,Default,Default,Default,Default,Default,Default,Default,Default,Default,Default,Default,Default,Default,Default,Default,Default,Default,3,Default,1,Default,Default,Default,Default,Default,Default,Default,3,"ShortRun(IterationCount=3, LaunchCount=1, WarmupCount=3)",,1,Overhead,Actual,2,124952800,67108864,1.86,0,0,0,0
CallbackBenchmarks.LibraryImport_UnmanagedCallersOnly,PInvokeBench,CallbackBenchmarks,LibraryImport_UnmanagedCallersOnly,ShortRun,Default,Default,Default,Default,Default,Default,Default,Default,Default,Default,Default,Default,Default,Default,Default,Default,Default,Default,Default,Default,Default,Default,Default,Default,Default,Default,Default,Default,Default,Default,Default,3,Default,1,Default,Default,Default,Default,Default,Default,Default,3,"ShortRun(IterationCount=3, LaunchCount=1, WarmupCount=3)",,1,Overhead,Actual,3,113799500,67108864,1.7,0,0,0,0
CallbackBenchmarks.LibraryImport_UnmanagedCallersOnly,PInvokeBench,CallbackBenchmarks,LibraryImport_UnmanagedCallersOnly,ShortRun,Default,Default,Default,Default,Default,Default,Default,Default,Default,Default,Default,Default,Default,Default,Default,Default,Default,Default,Default,Default,Default,Default,Default,Default,Default,Default,Default,Default,Default,Default,Default,3,Default,1,Default,Default,Default,Default,Default,Default,Default,3,"ShortRun(IterationCount=3, LaunchCount=1, WarmupCount=3)",,1,Overhead,Actual,4,121600600,67108864,1.81,0,0,0,0
CallbackBenchmarks.LibraryImport_UnmanagedCallersOnly,PInvokeBench,CallbackBenchmarks,LibraryImport_UnmanagedCallersOnly,ShortRun,Default,Default,Default,Default,Default,Default,Default,Default,Default,Default,Default,Default,Default,Default,Default,Default,Default,Default,Default,Default,Default,Default,Default,Default,Default,Default,Default,Default,Default,Default,Default,3,Default,1,Default,Default,Default,Default,Default,Default,Default,3,"ShortRun(IterationCount=3, LaunchCount=1, WarmupCount=3)",,1,Overhead,Actual,5,118966000,67108864,1.77,0,0,0,0
CallbackBenchmarks.LibraryImport_UnmanagedCallersOnly,PInvokeBench,CallbackBenchmarks,LibraryImport_UnmanagedCallersOnly,ShortRun,Default,Default,Default,Default,Default,Default,Default,Default,Default,Default,Default,Default,Default,Default,Default,Default,Default,Default,Default,Default,Default,Default,Default,Default,Default,Default,Default,Default,Default,Default,Default,3,Default,1,Default,Default,Default,Default,Default,Default,Default,3,"ShortRun(IterationCount=3, LaunchCount=1, WarmupCount=3)",,1,Overhead,Actual,6,121990300,67108864,1.82,0,0,0,0
CallbackBenchmarks.LibraryImport_UnmanagedCallersOnly,PInvokeBench,CallbackBenchmarks,LibraryImport_UnmanagedCallersOnly,ShortRun,Default,Default,Default,Default,Default,Default,Default,Default,Default,Default,Default,Default,Default,Default,Default,Default,Default,Default,Default,Default,Default,Default,Default,Default,Default,Default,Default,Default,Default,Default,Default,3,Default,1,Default,Default,Default,Default,Default,Default,Default,3,"ShortRun(IterationCount=3, LaunchCount=1, WarmupCount=3)",,1,Overhead,Actual,7,113930400,67108864,1.7,0,0,0,0
CallbackBenchmarks.LibraryImport_UnmanagedCallersOnly,PInvokeBench,CallbackBenchmarks,LibraryImport_UnmanagedCallersOnly,ShortRun,Default,Default,Default,Default,Default,Default,Default,Default,Default,Default,Default,Default,Default,Default,Default,Default,Default,Default,Default,Default,Default,Default,Default,Default,Default,Default,Default,Default,Default,Default,Default,3,Default,1,Default,Default,Default,Default,Default,Default,Default,3,"ShortRun(IterationCount=3, LaunchCount=1, WarmupCount=3)",,1,Overhead,Actual,8,119951800,67108864,1.79,0,0,0,0
CallbackBenchmarks.LibraryImport_UnmanagedCallersOnly,PInvokeBench,CallbackBenchmarks,LibraryImport_UnmanagedCallersOnly,ShortRun,Default,Default,Default,Default,Default,Default,Default,Default,Default,Default,Default,Default,Default,Default,Default,Default,Default,Default,Default,Default,Default,Default,Default,Default,Default,Default,Default,Default,Default,Default,Default,3,Default,1,Default,Default,Default,Default,Default,Default,Default,3,"ShortRun(IterationCount=3, LaunchCount=1, WarmupCount=3)",,1,Overhead,Actual,9,119528000,67108864,1.78,0,0,0,0
CallbackBenchmarks.LibraryImport_UnmanagedCallersOnly,PInvokeBench,CallbackBenchmarks,LibraryImport_UnmanagedCallersOnly,ShortRun,Default,Default,Default,Default,Default,Default,Default,Default,Default,Default,Default,Default,Default,Default,Default,Default,Default,Default,Default,Default,Default,Default,Default,Default,Default,Default,Default,Default,Default,Default,Default,3,Default,1,Default,Default,Default,Default,Default,Default,Default,3,"ShortRun(IterationCount=3, LaunchCount=1, WarmupCount=3)",,1,Overhead,Actual,10,115191400,67108864,1.72,0,0,0,0
CallbackBenchmarks.LibraryImport_UnmanagedCallersOnly,PInvokeBench,CallbackBenchmarks,LibraryImport_UnmanagedCallersOnly,ShortRun,Default,Default,Default,Default,Default,Default,Default,Default,Default,Default,Default,Default,Default,Default,Default,Default,Default,Default,Default,Default,Default,Default,Default,Default,Default,Default,Default,Default,Default,Default,Default,3,Default,1,Default,Default,Default,Default,Default,Default,Default,3,"ShortRun(IterationCount=3, LaunchCount=1, WarmupCount=3)",,1,Overhead,Actual,11,116722300,67108864,1.74,0,0,0,0
CallbackBenchmarks.LibraryImport_UnmanagedCallersOnly,PInvokeBench,CallbackBenchmarks,LibraryImport_UnmanagedCallersOnly,ShortRun,Default,Default,Default,Default,Default,Default,Default,Default,Default,Default,Default,Default,Default,Default,Default,Default,Default,Default,Default,Default,Default,Default,Default,Default,Default,Default,Default,Default,Default,Default,Default,3,Default,1,Default,Default,Default,Default,Default,Default,Default,3,"ShortRun(IterationCount=3, LaunchCount=1, WarmupCount=3)",,1,Overhead,Actual,12,116429100,67108864,1.73,0,0,0,0
CallbackBenchmarks.LibraryImport_UnmanagedCallersOnly,PInvokeBench,CallbackBenchmarks,LibraryImport_UnmanagedCallersOnly,ShortRun,Default,Default,Default,Default,Default,Default,Default,Default,Default,Default,Default,Default,Default,Default,Default,Default,Default,Default,Default,Default,Default,Default,Default,Default,Default,Default,Default,Default,Default,Default,Default,3,Default,1,Default,Default,Default,Default,Default,Default,Default,3,"ShortRun(IterationCount=3, LaunchCount=1, WarmupCount=3)",,1,Overhead,Actual,13,121243000,67108864,1.81,0,0,0,0
CallbackBenchmarks.LibraryImport_UnmanagedCallersOnly,PInvokeBench,CallbackBenchmarks,LibraryImport_UnmanagedCallersOnly,ShortRun,Default,Default,Default,Default,Default,Default,Default,Default,Default,Default,Default,Default,Default,Default,Default,Default,Default,Default,Default,Default,Default,Default,Default,Default,Default,Default,Default,Default,Default,Default,Default,3,Default,1,Default,Default,Default,Default,Default,Default,Default,3,"ShortRun(IterationCount=3, LaunchCount=1, WarmupCount=3)",,1,Overhead,Actual,14,115750700,67108864,1.72,0,0,0,0
CallbackBenchmarks.LibraryImport_UnmanagedCallersOnly,PInvokeBench,CallbackBenchmarks,LibraryImport_UnmanagedCallersOnly,ShortRun,Default,Default,Default,Default,Default,Default,Default,Default,Default,Default,Default,Default,Default,Default,Default,Default,Default,Default,Default,Default,Default,Default,Default,Default,Default,Default,Default,Default,Default,Default,Default,3,Default,1,Default,Default,Default,Default,Default,Default,Default,3,"ShortRun(IterationCount=3, LaunchCount=1, WarmupCount=3)",,1,Overhead,Actual,15,120670800,67108864,1.8,0,0,0,0
CallbackBenchmarks.LibraryImport_UnmanagedCallersOnly,PInvokeBench,CallbackBenchmarks,LibraryImport_UnmanagedCallersOnly,ShortRun,Default,Default,Default,Default,Default,Default,Default,Default,Default,Default,Default,Default,Default,Default,Default,Default,Default,Default,Default,Default,Default,Default,Default,Default,Default,Default,Default,Default,Default,Default,Default,3,Default,1,Default,Default,Default,Default,Default,Default,Default,3,"ShortRun(IterationCount=3, LaunchCount=1, WarmupCount=3)",,1,Workload,Warmup,1,663391700,67108864,9.89,0,0,0,0
CallbackBenchmarks.LibraryImport_UnmanagedCallersOnly,PInvokeBench,CallbackBenchmarks,LibraryImport_UnmanagedCallersOnly,ShortRun,Default,Default,Default,Default,Default,Default,Default,Default,Default,Default,Default,Default,Default,Default,Default,Default,Default,Default,Default,Default,Default,Default,Default,Default,Default,Default,Default,Default,Default,Default,Default,3,Default,1,Default,Default,Default,Default,Default,Default,Default,3,"ShortRun(IterationCount=3, LaunchCount=1, WarmupCount=3)",,1,Workload,Warmup,2,657524100,67108864,9.8,0,0,0,0
CallbackBenchmarks.LibraryImport_UnmanagedCallersOnly,PInvokeBench,CallbackBenchmarks,LibraryImport_UnmanagedCallersOnly,ShortRun,Default,Default,Default,Default,Default,Default,Default,Default,Default,Default,Default,Default,Default,Default,Default,Default,Default,Default,Default,Default,Default,Default,Default,Default,Default,Default,Default,Default,Default,Default,Default,3,Default,1,Default,Default,Default,Default,Default,Default,Default,3,"ShortRun(IterationCount=3, LaunchCount=1, WarmupCount=3)",,1,Workload,Warmup,3,693089500,67108864,10.33,0,0,0,0
CallbackBenchmarks.LibraryImport_UnmanagedCallersOnly,PInvokeBench,CallbackBenchmarks,LibraryImport_UnmanagedCallersOnly,ShortRun,Default,Default,Default,Default,Default,Default,Default,Default,Default,Default,Default,Default,Default,Default,Default,Default,Default,Default,Default,Default,Default,Default,Default,Default,Default,Default,Default,Default,Default,Default,Default,3,Default,1,Default,Default,Default,Default,Default,Default,Default,3,"ShortRun(IterationCount=3, LaunchCount=1, WarmupCount=3)",,1,Workload,Actual,1,646132500,67108864,9.63,0,0,0,0
CallbackBenchmarks.LibraryImport_UnmanagedCallersOnly,PInvokeBench,CallbackBenchmarks,LibraryImport_UnmanagedCallersOnly,ShortRun,Default,Default,Default,Default,Default,Default,Default,Default,Default,Default,Default,Default,Default,Default,Default,Default,Default,Default,Default,Default,Default,Default,Default,Default,Default,Default,Default,Default,Default,Default,Default,3,Default,1,Default,Default,Default,Default,Default,Default,Default,3,"ShortRun(IterationCount=3, LaunchCount=1, WarmupCount=3)",,1,Workload,Actual,2,641637900,67108864,9.56,0,0,0,0
CallbackBenchmarks.LibraryImport_UnmanagedCallersOnly,PInvokeBench,CallbackBenchmarks,LibraryImport_UnmanagedCallersOnly,ShortRun,Default,Default,Default,Default,Default,Default,Default,Default,Default,Default,Default,Default,Default,Default,Default,Default,Default,Default,Default,Default,Default,Default,Default,Default,Default,Default,Default,Default,Default,Default,Default,3,Default,1,Default,Default,Default,Default,Default,Default,Default,3,"ShortRun(IterationCount=3, LaunchCount=1, WarmupCount=3)",,1,Workload,Actual,3,650614800,67108864,9.69,0,0,0,0
CallbackBenchmarks.LibraryImport_UnmanagedCallersOnly,PInvokeBench,CallbackBenchmarks,LibraryImport_UnmanagedCallersOnly,ShortRun,Default,Default,Default,Default,Default,Default,Default,Default,Default,Default,Default,Default,Default,Default,Default,Default,Default,Default,Default,Default,Default,Default,Default,Default,Default,Default,Default,Default,Default,Default,Default,3,Default,1,Default,Default,Default,Default,Default,Default,Default,3,"ShortRun(IterationCount=3, LaunchCount=1, WarmupCount=3)",,1,Workload,Result,1,526604500,67108864,7.85,0,0,0,0
CallbackBenchmarks.LibraryImport_UnmanagedCallersOnly,PInvokeBench,CallbackBenchmarks,LibraryImport_UnmanagedCallersOnly,ShortRun,Default,Default,Default,Default,Default,Default,Default,Default,Default,Default,Default,Default,Default,Default,Default,Default,Default,Default,Default,Default,Default,Default,Default,Default,Default,Default,Default,Default,Default,Default,Default,3,Default,1,Default,Default,Default,Default,Default,Default,Default,3,"ShortRun(IterationCount=3, LaunchCount=1, WarmupCount=3)",,1,Workload,Result,2,522109900,67108864,7.78,0,0,0,0
CallbackBenchmarks.LibraryImport_UnmanagedCallersOnly,PInvokeBench,CallbackBenchmarks,LibraryImport_UnmanagedCallersOnly,ShortRun,Default,Default,Default,Default,Default,Default,Default,Default,Default,Default,Default,Default,Default,Default,Default,Default,Default,Default,Default,Default,Default,Default,Default,Default,Default,Default,Default,Default,Default,Default,Default,3,Default,1,Default,Default,Default,Default,Default,Default,Default,3,"ShortRun(IterationCount=3, LaunchCount=1, WarmupCount=3)",,1,Workload,Result,3,531086800,67108864,7.91,0,0,0,0
