Target,Target_Namespace,Target_Type,Target_Method,Job_Id,Job_AnalyzeLaunchVariance,Job_EvaluateOverhead,Job_MaxAbsoluteError,Job_MaxRelativeError,Job_MinInvokeCount,Job_MinIterationTime,Job_OutlierMode,Job_Affinity,Job_EnvironmentVariables,Job_Jit,Job_LargeAddressAware,Job_Platform,Job_PowerPlanMode,Job_Runtime,Job_AllowVeryLargeObjects,Job_Concurrent,Job_CpuGroups,Job_Force,Job_HeapAffinitizeMask,Job_HeapCount,Job_NoAffinitize,Job_RetainVm,Job_Server,Job_Arguments,Job_BuildConfiguration,Job_Clock,Job_EngineFactory,Job_NuGetReferences,Job_Toolchain,Job_IsMutator,Job_InvocationCount,Job_IterationCount,Job_IterationTime,Job_LaunchCount,Job_MaxIterationCount,Job_MaxWarmupIterationCount,Job_MemoryRandomization,Job_MinIterationCount,Job_MinWarmupIterationCount,Job_RunStrategy,Job_UnrollFactor,Job_WarmupCount,Job_Display,Params,Measurement_LaunchIndex,Measurement_IterationMode,Measurement_IterationStage,Measurement_IterationIndex,Measurement_Nanoseconds,Measurement_Operations,Measurement_Value,Gen_0,Gen_1,Gen_2,Allocated_Bytes
NoopBenchmarks.DllImport_BytePointer,PInvokeBench,NoopBenchmarks,DllImport_BytePointer,ShortRun,Default,Default,Default,Default,Default,Default,Default,Default,Default,Default,Default,Default,Default,Default,Default,Default,Default,Default,Default,Default,Default,Default,Default,Default,Default,Default,Default,Default,Default,Default,Default,3,Default,1,Default,Default,Default,Default,Default,Default,Default,3,"ShortRun(IterationCount=3, LaunchCount=1, WarmupCount=3)",,1,Overhead,Jitting,1,194100,1,194100,0,0,0,0
NoopBenchmarks.DllImport_BytePointer,PInvokeBench,NoopBenchmarks,DllImport_BytePointer,ShortRun,Default,Default,Default,Default,Default,Default,Default,Default,Default,Default,Default,Default,Default,Default,Default,Default,Default,Default,Default,Default,Default,Default,Default,Default,Default,Default,Default,Default,Default,Default,Default,3,Default,1,Default,Default,Default,Default,Default,Default,Default,3,"ShortRun(IterationCount=3, LaunchCount=1, WarmupCount=3)",,1,Workload,Jitting,1,525600,1,525600,0,0,0,0
NoopBenchmarks.DllImport_BytePointer,PInvokeBench,NoopBenchmarks,DllImport_BytePointer,ShortRun,Default,Default,Default,Default,Default,Default,Default,Default,Default,Default,Default,Default,Default,Default,Default,Default,Default,Default,Default,Default,Default,Default,Default,Default,Default,Default,Default,Default,Default,Default,Default,3,Default,1,Default,Default,Default,Default,Default,Default,Default,3,"ShortRun(IterationCount=3, LaunchCount=1, WarmupCount=3)",,1,Overhead,Jitting,2,305900,16,19118.75,0,0,0,0
NoopBenchmarks.DllImport_BytePointer,PInvokeBench,NoopBenchmarks,DllImport_BytePointer,ShortRun,Default,Default,Default,Default,Default,Default,Default,Default,Default,Default,Default,Default,Default,Default,Default,Default,Default,Default,Default,Default,Default,Default,Default,Default,Default,Default,Default,Default,Default,Default,Default,3,Default,1,Default,Default,Default,Default,Default,Default,Default,3,"ShortRun(IterationCount=3, LaunchCount=1, WarmupCount=3)",,1,Workload,Jitting,2,314500,16,19656.25,0,0,0,0
NoopBenchmarks.DllImport_BytePointer,PInvokeBench,NoopBenchmarks,DllImport_BytePointer,ShortRun,Default,Default,Default,Default,Default,Default,Default,Default,Default,Default,Default,Default,Default,Default,Default,Default,Default,Default,Default,Default,Default,Default,Default,Default,Default,Default,Default,Default,Default,Default,Default,3,Default,1,Default,Default,Default,Default,Default,Default,Default,3,"ShortRun(IterationCount=3, LaunchCount=1, WarmupCount=3)",,1,Workload,Pilot,1,600,16,37.5,0,0,0,0
NoopBenchmarks.DllImport_BytePointer,PInvokeBench,NoopBenchmarks,DllImport_BytePointer,ShortRun,Default,Default,Default,Default,Default,Default,Default,Default,Default,Default,Default,Default,Default,Default,Default,Default,Default,Default,Default,Default,Default,Default,Default,Default,Default,Default,Default,Default,Default,Default,Default,3,Default,1,Default,Default,Default,Default,Default,Default,Default,3,"ShortRun(IterationCount=3, LaunchCount=1, WarmupCount=3)",,1,Workload,Pilot,2,800,32,25,0,0,0,0
NoopBenchmarks.DllImport_BytePointer,PInvokeBench,NoopBenchmarks,DllImport_BytePointer,ShortRun,Default,Default,Default,Default,Default,Default,Default,Default,Default,Default,Default,Default,Default,Default,Default,Default,Default,Default,Default,Default,Default,Default,Default,Default,Default,Default,Default,Default,Default,Default,Default,3,Default,1,Default,Default,Default,Default,Default,Default,Default,3,"ShortRun(IterationCount=3, LaunchCount=1, WarmupCount=3)",,1,Workload,Pilot,3,1100,64,17.19,0,0,0,0
NoopBenchmarks.DllImport_BytePointer,PInvokeBench,NoopBenchmarks,DllImport_BytePointer,ShortRun,Default,Default,Default,Default,Default,Default,Default,Default,Default,Default,Default,Default,Default,Default,Default,Default,Default,Default,Default,Default,Default,Default,Default,Default,Default,Default,Default,Default,Default,Default,Default,3,Default,1,Default,Default,Default,Default,Default,Default,Default,3,"ShortRun(IterationCount=3, LaunchCount=1, WarmupCount=3)",,1,Workload,Pilot,4,1300,128,10.16,0,0,0,0
NoopBenchmarks.DllImport_BytePointer,PInvokeBench,NoopBenchmarks,DllImport_BytePointer,ShortRun,Default,Default,Default,Default,Default,Default,Default,Default,Default,Default,Default,Default,Default,Default,Default,Default,Default,Default,Default,Default,Default,Default,Default,Default,Default,Default,Default,Default,Default,Default,Default,3,Default,1,Default,Default,Default,Default,Default,Default,Default,3,"ShortRun(IterationCount=3, LaunchCount=1, WarmupCount=3)",,1,Workload,Pilot,5,2500,256,9.77,0,0,0,0
NoopBenchmarks.DllImport_BytePointer,PInvokeBench,NoopBenchmarks,DllImport_BytePointer,ShortRun,Default,Default,Default,Default,Default,Default,Default,Default,Default,Default,Default,Default,Default,Default,Default,Default,Default,Default,Default,Default,Default,Default,Default,Default,Default,Default,Default,Default,Default,Default,Default,3,Default,1,Default,Default,Default,Default,Default,Default,Default,3,"ShortRun(IterationCount=3, LaunchCount=1, WarmupCount=3)",,1,Workload,Pilot,6,4100,512,8.01,0,0,0,0
NoopBenchmarks.DllImport_BytePointer,PInvokeBench,NoopBenchmarks,DllImport_BytePointer,ShortRun,Default,Default,Default,Default,Default,Default,Default,Default,Default,Default,Default,Default,Default,Default,Default,Default,Default,Default,Default,Default,Default,Default,Default,Default,Default,Default,Default,Default,Default,Default,Default,3,Default,1,Default,Default,Default,Default,Default,Default,Default,3,"ShortRun(IterationCount=3, LaunchCount=1, WarmupCount=3)",,1,Workload,Pilot,7,7900,1024,7.71,0,0,0,0
NoopBenchmarks.DllImport_BytePointer,PInvokeBench,NoopBenchmarks,DllImport_BytePointer,ShortRun,Default,Default,Default,Default,Default,Default,Default,Default,Default,Default,Default,Default,Default,Default,Default,Default,Default,Default,Default,Default,Default,Default,Default,Default,Default,Default,Default,Default,Default,Default,Default,3,Default,1,Default,Default,Default,Default,Default,Default,Default,3,"ShortRun(IterationCount=3, LaunchCount=1, WarmupCount=3)",,1,Workload,Pilot,8,15500,2048,7.57,0,0,0,0
NoopBenchmarks.DllImport_BytePointer,PInvokeBench,NoopBenchmarks,DllImport_BytePointer,ShortRun,Default,Default,Default,Default,Default,Default,Default,Default,Default,Default,Default,Default,Default,Default,Default,Default,Default,Default,Default,Default,Default,Default,Default,Default,Default,Default,Default,Default,Default,Default,Default,3,Default,1,Default,Default,Default,Default,Default,Default,Default,3,"ShortRun(IterationCount=3, LaunchCount=1, WarmupCount=3)",,1,Workload,Pilot,9,32100,4096,7.84,0,0,0,0
NoopBenchmarks.DllImport_BytePointer,PInvokeBench,NoopBenchmarks,DllImport_BytePointer,ShortRun,Default,Default,Default,Default,Default,Default,Default,Default,Default,Default,Default,Default,Default,Default,Default,Default,Default,Default,Default,Default,Default,Default,Default,Default,Default,Default,Default,Default,Default,Default,Default,3,Default,1,Default,Default,Default,Default,Default,Default,Default,3,"ShortRun(IterationCount=3, LaunchCount=1, WarmupCount=3)",,1,Workload,Pilot,10,60200,8192,7.35,0,0,0,0
NoopBenchmarks.DllImport_BytePointer,PInvokeBench,NoopBenchmarks,DllImport_BytePointer,ShortRun,Default,Default,Default,Default,Default,Default,Default,Default,Default,Default,Default,Default,Default,Default,Default,Default,Default,Default,Default,Default,Default,Default,Default,Default,Default,Default,Default,Default,Default,Default,Default,3,Default,1,Default,Default,Default,Default,Default,Default,Default,3,"ShortRun(IterationCount=3, LaunchCount=1, WarmupCount=3)",,1,Workload,Pilot,11,140900,16384,8.6,0,0,0,0
NoopBenchmarks.DllImport_BytePointer,PInvokeBench,NoopBenchmarks,DllImport_BytePointer,ShortRun,Default,Default,Default,Default,Default,Default,Default,Default,Default,Default,Default,Default,Default,Default,Default,Default,Default,Default,Default,Default,Default,Default,Default,Default,Default,Default,Default,Default,Default,Default,Default,3,Default,1,Default,Default,Default,Default,Default,Default,Default,3,"ShortRun(IterationCount=3, LaunchCount=1, WarmupCount=3)",,1,Workload,Pilot,12,256900,32768,7.84,0,0,0,0
NoopBenchmarks.DllImport_BytePointer,PInvokeBench,NoopBenchmarks,DllImport_BytePointer,ShortRun,Default,Default,Default,Default,Default,Default,Default,Default,Default,Default,Default,Default,Default,Default,Default,Default,Default,Default,Default,Default,Default,Default,Default,Default,Default,Default,Default,Default,Default,Default,Default,3,Default,1,Default,Default,Default,Default,Default,Default,Default,3,"ShortRun(IterationCount=3, LaunchCount=1, WarmupCount=3)",,1,Workload,Pilot,13,490900,65536,7.49,0,0,0,0
NoopBenchmarks.DllImport_BytePointer,PInvokeBench,NoopBenchmarks,DllImport_BytePointer,ShortRun,Default,Default,Default,Default,Default,Default,Default,Default,Default,Default,Default,Default,Default,Default,Default,Default,Default,Default,Default,Default,Default,Default,Default,Default,Default,Default,Default,Default,Default,Default,Default,3,Default,1,Default,Default,Default,Default,Default,Default,Default,3,"ShortRun(IterationCount=3, LaunchCount=1, WarmupCount=3)",,1,Workload,Pilot,14,1046000,131072,7.98,0,0,0,0
NoopBenchmarks.DllImport_BytePointer,PInvokeBench,NoopBenchmarks,DllImport_BytePointer,ShortRun,Default,Default,Default,Default,Default,Default,Default,Default,Default,Default,Default,Default,Default,Default,Default,Default,Default,Default,Default,Default,Default,Default,Default,Default,Default,Default,Default,Default,Default,Default,Default,3,Default,1,Default,Default,Default,Default,Default,Default,Default,3,"ShortRun(IterationCount=3, LaunchCount=1, WarmupCount=3)",,1,Workload,Pilot,15,2282100,262144,8.71,0,0,0,0
NoopBenchmarks.DllImport_BytePointer,PInvokeBench,NoopBenchmarks,DllImport_BytePointer,ShortRun,Default,Default,Default,Default,Default,Default,Default,Default,Default,Default,Default,Default,Default,Default,Default,Default,Default,Default,Default,Default,Default,Default,Default,Default,Default,Default,Default,Default,Default,Default,Default,3,Default,1,Default,Default,Default,Default,Default,Default,Default,3,"ShortRun(IterationCount=3, LaunchCount=1, WarmupCount=3)",,1,Workload,Pilot,16,4751900,524288,9.06,0,0,0,0
NoopBenchmarks.DllImport_BytePointer,PInvokeBench,NoopBenchmarks,DllImport_BytePointer,ShortRun,Default,Default,Default,Default,Default,Default,Default,Default,Default,Default,Default,Default,Default,Default,Default,Default,Default,Default,Default,Default,Default,Default,Default,Default,Default,Default,Default,Default,Default,Default,Default,3,Default,1,Default,Default,Default,Default,Default,Default,Default,3,"ShortRun(IterationCount=3, LaunchCount=1, WarmupCount=3)",,1,Workload,Pilot,17,10021700,1048576,9.56,0,0,0,0
NoopBenchmarks.DllImport_BytePointer,PInvokeBench,NoopBenchmarks,DllImport_BytePointer,ShortRun,Default,Default,Default,Default,Default,Default,Default,Default,Default,Default,Default,Default,Default,Default,Default,Default,Default,Default,Default,Default,Default,Default,Default,Default,Default,Default,Default,Default,Default,Default,Default,3,Default,1,Default,Default,Default,Default,Default,Default,Default,3,"ShortRun(IterationCount=3, LaunchCount=1, WarmupCount=3)",,1,Workload,Pilot,18,21042900,2097152,10.03,0,0,0,0
NoopBenchmarks.DllImport_BytePointer,PInvokeBench,NoopBenchmarks,DllImport_BytePointer,ShortRun,Default,Default,Default,Default,Default,Default,Default,Default,Default,Default,Default,Default,Default,Default,Default,Default,Default,Default,Default,Default,Default,Default,Default,Default,Default,Default,Default,Default,Default,Default,Default,3,Default,1,Default,Default,Default,Default,Default,Default,Default,3,"ShortRun(IterationCount=3, LaunchCount=1, WarmupCount=3)",,1,Workload,Pilot,19,42797000,4194304,10.2,0,0,0,0
NoopBenchmarks.DllImport_BytePointer,PInvokeBench,NoopBenchmarks,DllImport_BytePointer,ShortRun,Default,Default,Default,Default,Default,Default,Default,Default,Default,Default,Default,Default,Default,Default,Default,Default,Default,Default,Default,Default,Default,Default,Default,Default,Default,Default,Default,Default,Default,Default,Default,3,Default,1,Default,Default,Default,Default,Default,Default,Default,3,"ShortRun(IterationCount=3, LaunchCount=1, WarmupCount=3)",,1,Workload,Pilot,20,74141700,8388608,8.84,0,0,0,0
NoopBenchmarks.DllImport_BytePointer,PInvokeBench,NoopBenchmarks,DllImport_BytePointer,ShortRun,Default,Default,Default,Default,Default,Default,Default,Default,Default,Default,Default,Default,Default,Default,Default,Default,Default,Default,Default,Default,Default,Default,Default,Default,Default,Default,Default,Default,Default,Default,Default,3,Default,1,Default,Default,Default,Default,Default,Default,Default,3,"ShortRun(IterationCount=3, LaunchCount=1, WarmupCount=3)",,1,Workload,Pilot,21,120314300,16777216,7.17,0,0,0,0
NoopBenchmarks.DllImport_BytePointer,PInvokeBench,NoopBenchmarks,DllImport_BytePointer,ShortRun,Default,Default,Default,Default,Default,Default,Default,Default,Default,Default,Default,Default,Default,Default,Default,Default,Default,Default,Default,Default,Default,Default,Default,Default,Default,Default,Default,Default,Default,Default,Default,3,Default,1,Default,Default,Default,Default,Default,Default,Default,3,"ShortRun(IterationCount=3, LaunchCount=1, WarmupCount=3)",,1,Workload,Pilot,22,239613100,33554432,7.14,0,0,0,0
NoopBenchmarks.DllImport_BytePointer,PInvokeBench,NoopBenchmarks,DllImport_BytePointer,ShortRun,Default,Default,Default,Default,Default,Default,Default,Default,Default,Default,Default,Default,Default,Default,Default,Default,Default,Default,Default,Default,Default,Default,Default,Default,Default,Default,Default,Default,Default,Default,Default,3,Default,1,Default,Default,Default,Default,Default,Default,Default,3,"ShortRun(IterationCount=3, LaunchCount=1, WarmupCount=3)",,1,Workload,Pilot,23,495273400,67108864,7.38,0,0,0,0
NoopBenchmarks.DllImport_BytePointer,PInvokeBench,NoopBenchmarks,DllImport_BytePointer,ShortRun,Default,Default,Default,Default,Default,Default,Default,Default,Default,Default,Default,Default,Default,Default,Default,Default,Default,Default,Default,Default,Default,Default,Default,Default,Default,Default,Default,Default,Default,Default,Default,3,Default,1,Default,Default,Default,Default,Default,Default,Default,3,"ShortRun(IterationCount=3, LaunchCount=1, WarmupCount=3)",,1,Workload,Pilot,24,943282400,134217728,7.03,0,0,0,0
NoopBenchmarks.DllImport_BytePointer,PInvokeBench,NoopBenchmarks,DllImport_BytePointer,ShortRun,Default,Default,Default,Default,Default,Default,Default,Default,Default,Default,Default,Default,Default,Default,Default,Default,Default,Default,Default,Default,Default,Default,Default,Default,Default,Default,Default,Default,Default,Default,Default,3,Default,1,Default,Default,Default,Default,Default,Default,Default,3,"ShortRun(IterationCount=3, LaunchCount=1, WarmupCount=3)",,1,Overhead,Warmup,1,307525300,134217728,2.29,0,0,0,0
NoopBenchmarks.DllImport_BytePointer,PInvokeBench,NoopBenchmarks,DllImport_BytePointer,ShortRun,Default,Default,Default,Default,Default,Default,Default,Default,Default,Default,Default,Default,Default,Default,Default,Default,Default,Default,Default,Default,Default,Default,Default,Default,Default,Default,Default,Default,Default,Default,Default,3,Default,1,Default,Default,Default,Default,Default,Default,Default,3,"ShortRun(IterationCount=3, LaunchCount=1, WarmupCount=3)",,1,Overhead,Warmup,2,253493500,134217728,1.89,0,0,0,0
NoopBenchmarks.DllImport_BytePointer,PInvokeBench,NoopBenchmarks,DllImport_BytePointer,ShortRun,Default,Default,Default,Default,Default,Default,Default,Default,Default,Default,Default,Default,Default,Default,Default,Default,Default,Default,Default,Default,Default,Default,Default,Default,Default,Default,Default,Default,Default,Default,Default,3,Default,1,Default,Default,Default,Default,Default,Default,Default,3,"ShortRun(IterationCount=3, LaunchCount=1, WarmupCount=3)",,1,Overhead,Warmup,3,250292100,134217728,1.86,0,0,0,0
NoopBenchmarks.DllImport_BytePointer,PInvokeBench,NoopBenchmarks,DllImport_BytePointer,ShortRun,Default,Default,Default,Default,Default,Default,Default,Default,Default,Default,Default,Default,Default,Default,Default,Default,Default,Default,Default,Default,Default,Default,Default,Default,Default,Default,Default,Default,Default,Default,Default,3,Default,1,Default,Default,Default,Default,Default,Default,Default,3,"ShortRun(IterationCount=3, LaunchCount=1, WarmupCount=3)",,1,Overhead,Warmup,4,248939700,134217728,1.85,0,0,0,0
NoopBenchmarks.DllImport_BytePointer,PInvokeBench,NoopBenchmarks,DllImport_BytePointer,ShortRun,Default,Default,Default,Default,Default,Default,Default,Default,Default,Default,Default,Default,Default,Default,Default,Default,Default,Default,Default,Default,Default,Default,Default,Default,Default,Default,Default,Default,Default,Default,Default,3,Default,1,Default,Default,Default,Default,Default,Default,Default,3,"ShortRun(IterationCount=3, LaunchCount=1, WarmupCount=3)",,1,Overhead,Warmup,5,249723700,134217728,1.86,0,0,0,0
NoopBenchmarks.DllImport_BytePointer,PInvokeBench,NoopBenchmarks,DllImport_BytePointer,ShortRun,Default,Default,Default,Default,Default,Default,Default,Default,Default,Default,Default,Default,Default,Default,Default,Default,Default,Default,Default,Default,Default,Default,Default,Default,Default,Default,Default,Default,Default,Default,Default,3,Default,1,Default,Default,Default,Default,Default,Default,Default,3,"ShortRun(IterationCount=3, LaunchCount=1, WarmupCount=3)",,1,Overhead,Warmup,6,249790200,134217728,1.86,0,0,0,0
NoopBenchmarks.DllImport_BytePointer,PInvokeBench,NoopBenchmarks,DllImport_BytePointer,ShortRun,Default,Default,Default,Default,Default,Default,Default,Default,Default,Default,Default,Default,Default,Default,Default,Default,Default,Default,Default,Default,Default,Default,Default,Default,Default,Default,Default,Default,Default,Default,Default,3,Default,1,Default,Default,Default,Default,Default,Default,Default,3,"ShortRun(IterationCount=3, LaunchCount=1, WarmupCount=3)",,1,Overhead,Warmup,7,252102600,134217728,1.88,0,0,0,0
NoopBenchmarks.DllImport_BytePointer,PInvokeBench,NoopBenchmarks,DllImport_BytePointer,ShortRun,Default,Default,Default,Default,Default,Default,Default,Default,Default,Default,Default,Default,Default,Default,Default,Default,Default,Default,Default,Default,Default,Default,Default,Default,Default,Default,Default,Default,Default,Default,Default,3,Default,1,Default,Default,Default,Default,Default,Default,Default,3,"ShortRun(IterationCount=3, LaunchCount=1, WarmupCount=3)",,1,Overhead,Warmup,8,248012500,134217728,1.85,0,0,0,0
NoopBenchmarks.DllImport_BytePointer,PInvokeBench,NoopBenchmarks,DllImport_BytePointer,ShortRun,Default,Default,Default,Default,Default,Default,Default,Default,Default,Default,Default,Default,Default,Default,Default,Default,Default,Default,Default,Default,Default,Default,Default,Default,Default,Default,Default,Default,Default,Default,Default,3,Default,1,Default,Default,Default,Default,Default,Default,Default,3,"ShortRun(IterationCount=3, LaunchCount=1, WarmupCount=3)",,1,Overhead,Warmup,9,249925200,134217728,1.86,0,0,0,0
NoopBenchmarks.DllImport_BytePointer,PInvokeBench,NoopBenchmarks,DllImport_BytePointer,ShortRun,Default,Default,Default,Default,Default,Default,Default,Default,Default,Default,Default,Default,Default,Default,Default,Default,Default,Default,Default,Default,Default,Default,Default,Default,Default,Default,Default,Default,Default,Default,Default,3,Default,1,Default,Default,Default,Default,Default,Default,Default,3,"ShortRun(IterationCount=3, LaunchCount=1, WarmupCount=3)",,1,Overhead,Warmup,10,252236900,134217728,1.88,0,0,0,0
NoopBenchmarks.DllImport_BytePointer,PInvokeBench,NoopBenchmarks,DllImport_BytePointer,ShortRun,Default,Default,Default,Default,Default,Default,Default,Default,Default,Default,Default,Default,Default,Default,Default,Default,Default,Default,Default,Default,Default,Default,Default,Default,Default,Default,Default,Default,Default,Default,Default,3,Default,1,Default,Default,Default,Default,Default,Default,Default,3,"ShortRun(IterationCount=3, LaunchCount=1, WarmupCount=3)",,1,Overhead,Actual,1,265849900,134217728,1.98,0,0,0,0
NoopBenchmarks.DllImport_BytePointer,PInvokeBench,NoopBenchmarks,DllImport_BytePointer,ShortRun,Default,Default,Default,Default,Default,Default,Default,Default,Default,Default,Default,Default,Default,Default,Default,Default,Default,Default,Default,Default,Default,Default,Default,Default,Default,Default,Default,Default,Default,Default,Default,3,Default,1,Default,Default,Default,Default,Default,Default,Default,3,"ShortRun(IterationCount=3, LaunchCount=1, WarmupCount=3)",,1,Overhead,Actual,2,264071400,134217728,1.97,0,0,0,0
NoopBenchmarks.DllImport_BytePointer,PInvokeBench,NoopBenchmarks,DllImport_BytePointer,ShortRun,Default,Default,Default,Default,Default,Default,Default,Default,Default,Default,Default,Default,Default,Default,Default,Default,Default,Default,Default,Default,Default,Default,Default,Default,Default,Default,Default,Default,Default,Default,Default,3,Default,1,Default,Default,Default,Default,Default,Default,Default,3,"ShortRun(IterationCount=3, LaunchCount=1, WarmupCount=3)",,1,Overhead,Actual,3,264796900,134217728,1.97,0,0,0,0
NoopBenchmarks.DllImport_BytePointer,PInvokeBench,NoopBenchmarks,DllImport_BytePointer,ShortRun,Default,Default,Default,Default,Default,Default,Default,Default,Default,Default,Default,Default,Default,Default,Default,Default,Default,Default,Default,Default,Default,Default,Default,Default,Default,Default,Default,Default,Default,Default,Default,3,Default,1,Default,Default,Default,Default,Default,Default,Default,3,"ShortRun(IterationCount=3, LaunchCount=1, WarmupCount=3)",,1,Overhead,Actual,4,249776700,134217728,1.86,0,0,0,0
NoopBenchmarks.DllImport_BytePointer,PInvokeBench,NoopBenchmarks,DllImport_BytePointer,ShortRun,Default,Default,Default,Default,Default,Default,Default,Default,Default,Default,Default,Default,Default,Default,Default,Default,Default,Default,Default,Default,Default,Default,Default,Default,Default,Default,Default,Default,Default,Default,Default,3,Default,1,Default,Default,Default,Default,Default,Default,Default,3,"ShortRun(IterationCount=3, LaunchCount=1, WarmupCount=3)",,1,Overhead,Actual,5,246984000,134217728,1.84,0,0,0,0
NoopBenchmarks.DllImport_BytePointer,PInvokeBench,NoopBenchmarks,DllImport_BytePointer,ShortRun,Default,Default,Default,Default,Default,Default,Default,Default,Default,Default,Default,Default,Default,Default,Default,Default,Default,Default,Default,Default,Default,Default,Default,Default,Default,Default,Default,Default,Default,Default,Default,3,Default,1,Default,Default,Default,Default,Default,Default,Default,3,"ShortRun(IterationCount=3, LaunchCount=1, WarmupCount=3)",,1,Overhead,Actual,6,246754600,134217728,1.84,0,0,0,0
NoopBenchmarks.DllImport_BytePointer,PInvokeBench,NoopBenchmarks,DllImport_BytePointer,ShortRun,Default,Default,Default,Default,Default,Default,Default,Default,Default,Default,Default,Default,Default,Default,Default,Default,Default,Default,Default,Default,Default,Default,Default,Default,Default,Default,Default,Default,Default,Default,Default,3,Default,1,Default,Default,Default,Default,Default,Default,Default,3,"ShortRun(IterationCount=3, LaunchCount=1, WarmupCount=3)",,1,Overhead,Actual,7,247842200,134217728,1.85,0,0,0,0
NoopBenchmarks.DllImport_BytePointer,PInvokeBench,NoopBenchmarks,DllImport_BytePointer,ShortRun,Default,Default,Default,Default,Default,Default,Default,Default,Default,Default,Default,Default,Default,Default,Default,Default,Default,Default,Default,Default,Default,Default,Default,Default,Default,Default,Default,Default,Default,Default,Default,3,Default,1,Default,Default,Default,Default,Default,Default,Default,3,"ShortRun(IterationCount=3, LaunchCount=1, WarmupCount=3)",,1,Overhead,Actual,8,250557400,134217728,1.87,0,0,0,0
NoopBenchmarks.DllImport_BytePointer,PInvokeBench,NoopBenchmarks,DllImport_BytePointer,ShortRun,Default,Default,Default,Default,Default,Default,Default,Default,Default,Default,Default,Default,Default,Default,Default,Default,Default,Default,Default,Default,Default,Default,Default,Default,Default,Default,Default,Default,Default,Default,Default,3,Default,1,Default,Default,Default,Default,Default,Default,Default,3,"ShortRun(IterationCount=3, LaunchCount=1, WarmupCount=3)",,1,Overhead,Actual,9,263056600,134217728,1.96,0,0,0,0
NoopBenchmarks.DllImport_BytePointer,PInvokeBench,NoopBenchmarks,DllImport_BytePointer,ShortRun,Default,Default,Default,Default,Default,Default,Default,Default,Default,Default,Default,Default,Default,Default,Default,Default,Default,Default,Default,Default,Default,Default,Default,Default,Default,Default,Default,Default,Default,Default,Default,3,Default,1,Default,Default,Default,Default,Default,Default,Default,3,"ShortRun(IterationCount=3, LaunchCount=1, WarmupCount=3)",,1,Overhead,Actual,10,262326900,134217728,1.95,0,0,0,0
NoopBenchmarks.DllImport_BytePointer,PInvokeBench,NoopBenchmarks,DllImport_BytePointer,ShortRun,Default,Default,Default,Default,Default,Default,Default,Default,Default,Default,Default,Default,Default,Default,Default,Default,Default,Default,Default,Default,Default,Default,Default,Default,Default,Default,Default,Default,Default,Default,Default,3,Default,1,Default,Default,Default,Default,Default,Default,Default,3,"ShortRun(IterationCount=3, LaunchCount=1, WarmupCount=3)",,1,Overhead,Actual,11,247617500,134217728,1.84,0,0,0,0
NoopBenchmarks.DllImport_BytePointer,PInvokeBench,NoopBenchmarks,DllImport_BytePointer,ShortRun,Default,Default,Default,Default,Default,Default,Default,Default,Default,Default,Default,Default,Default,Default,Default,Default,Default,Default,Default,Default,Default,Default,Default,Default,Default,Default,Default,Default,Default,Default,Default,3,Default,1,Default,Default,Default,Default,Default,Default,Default,3,"ShortRun(IterationCount=3, LaunchCount=1, WarmupCount=3)",,1,Overhead,Actual,12,247571400,134217728,1.84,0,0,0,0
NoopBenchmarks.DllImport_BytePointer,PInvokeBench,NoopBenchmarks,DllImport_BytePointer,ShortRun,Default,Default,Default,Default,Default,Default,Default,Default,Default,Default,Default,Default,Default,Default,Default,Default,Default,Default,Default,Default,Default,Default,Default,Default,Default,Default,Default,Default,Default,Default,Default,3,Default,1,Default,Default,Default,Default,Default,Default,Default,3,"ShortRun(IterationCount=3, LaunchCount=1, WarmupCount=3)",,1,Overhead,Actual,13,264382800,134217728,1.97,0,0,0,0
NoopBenchmarks.DllImport_BytePointer,PInvokeBench,NoopBenchmarks,DllImport_BytePointer,ShortRun,Default,Default,Default,Default,Default,Default,Default,Default,Default,Default,Default,Default,Default,Default,Default,Default,Default,Default,Default,Default,Default,Default,Default,Default,Default,Default,Default,Default,Default,Default,Default,3,Default,1,Default,Default,Default,Default,Default,Default,Default,3,"ShortRun(IterationCount=3, LaunchCount=1, WarmupCount=3)",,1,Overhead,Actual,14,260518400,134217728,1.94,0,0,0,0
NoopBenchmarks.DllImport_BytePointer,PInvokeBench,NoopBenchmarks,DllImport_BytePointer,ShortRun,Default,Default,Default,Default,Default,Default,Default,Default,Default,Default,Default,Default,Default,Default,Default,Default,Default,Default,Default,Default,Default,Default,Default,Default,Default,Default,Default,Default,Default,Default,Default,3,Default,1,Default,Default,Default,Default,Default,Default,Default,3,"ShortRun(IterationCount=3, LaunchCount=1, WarmupCount=3)",,1,Overhead,Actual,15,261465900,134217728,1.95,0,0,0,0
NoopBenchmarks.DllImport_BytePointer,PInvokeBench,NoopBenchmarks,DllImport_BytePointer,ShortRun,Default,Default,Default,Default,Default,Default,Default,Default,Default,Default,Default,Default,Default,Default,Default,Default,Default,Default,Default,Default,Default,Default,Default,Default,Default,Default,Default,Default,Default,Default,Default,3,Default,1,Default,Default,Default,Default,Default,Default,Default,3,"ShortRun(IterationCount=3, LaunchCount=1, WarmupCount=3)",,1,Workload,Warmup,1,1000320400,134217728,7.45,0,0,0,0
NoopBenchmarks.DllImport_BytePointer,PInvokeBench,NoopBenchmarks,DllImport_BytePointer,ShortRun,Default,Default,Default,Default,Default,Default,Default,Default,Default,Default,Default,Default,Default,Default,Default,Default,Default,Default,Default,Default,Default,Default,Default,Default,Default,Default,Default,Default,Default,Default,Default,3,Default,1,Default,Default,Default,Default,Default,Default,Default,3,"ShortRun(IterationCount=3, LaunchCount=1, WarmupCount=3)",,1,Workload,Warmup,2,984427000,134217728,7.33,0,0,0,0
NoopBenchmarks.DllImport_BytePointer,PInvokeBench,NoopBenchmarks,DllImport_BytePointer,ShortRun,Default,Default,Default,Default,Default,Default,Default,Default,Default,Default,Default,Default,Default,Default,Default,Default,Default,Default,Default,Default,Default,Default,Default,Default,Default,Default,Default,Default,Default,Default,Default,3,Default,1,Default,Default,Default,Default,Default,Default,Default,3,"ShortRun(IterationCount=3, LaunchCount=1, WarmupCount=3)",,1,Workload,Warmup,3,975431900,134217728,7.27,0,0,0,0
NoopBenchmarks.DllImport_BytePointer,PInvokeBench,NoopBenchmarks,DllImport_BytePointer,ShortRun,Default,Default,Default,Default,Default,Default,Default,Default,Default,Default,Default,Default,Default,Default,Default,Default,Default,Default,Default,Default,Default,Default,Default,Default,Default,Default,Default,Default,Default,Default,Default,3,Default,1,Default,Default,Default,Default,Default,Default,Default,3,"ShortRun(IterationCount=3, LaunchCount=1, WarmupCount=3)",,1,Workload,Actual,1,1075540700,134217728,8.01,0,0,0,0
NoopBenchmarks.DllImport_BytePointer,PInvokeBench,NoopBenchmarks,DllImport_BytePointer,ShortRun,Default,Default,Default,Default,Default,Default,Default,Default,Default,Default,Default,Default,Default,Default,Default,Default,Default,Default,Default,Default,Default,Default,Default,Default,Default,Default,Default,Default,Default,Default,Default,3,Default,1,Default,Default,Default,Default,Default,Default,Default,3,"ShortRun(IterationCount=3, LaunchCount=1, WarmupCount=3)",,1,Workload,Actual,2,993093700,134217728,7.4,0,0,0,0
NoopBenchmarks.DllImport_BytePointer,PInvokeBench,NoopBenchmarks,DllImport_BytePointer,ShortRun,Default,Default,Default,Default,Default,Default,Default,Default,Default,Default,Default,Default,Default,Default,Default,Default,Default,Default,Default,Default,Default,Default,Default,Default,Default,Default,Default,Default,Default,Default,Default,3,Default,1,Default,Default,Default,Default,Default,Default,Default,3,"ShortRun(IterationCount=3, LaunchCount=1, WarmupCount=3)",,1,Workload,Actual,3,974667700,134217728,7.26,0,0,0,0
NoopBenchmarks.DllImport_BytePointer,PInvokeBench,NoopBenchmarks,DllImport_BytePointer,ShortRun,Default,Default,Default,Default,Default,Default,Default,Default,Default,Default,Default,Default,Default,Default,Default,Default,Default,Default,Default,Default,Default,Default,Default,Default,Default,Default,Default,Default,Default,Default,Default,3,Default,1,Default,Default,Default,Default,Default,Default,Default,3,"ShortRun(IterationCount=3, LaunchCount=1, WarmupCount=3)",,1,Workload,Result,1,815022300,134217728,6.07,0,0,0,0
NoopBenchmarks.DllImport_BytePointer,PInvokeBench,NoopBenchmarks,DllImport_BytePointer,ShortRun,Default,Default,Default,Default,Default,Default,Default,Default,Default,Default,Default,Default,Default,Default,Default,Default,Default,Default,Default,Default,Default,Default,Default,Default,Default,Default,Default,Default,Default,Default,Default,3,Default,1,Default,Default,Default,Default,Default,Default,Default,3,"ShortRun(IterationCount=3, LaunchCount=1, WarmupCount=3)",,1,Workload,Result,2,732575300,134217728,5.46,0,0,0,0
NoopBenchmarks.DllImport_BytePointer,PInvokeBench,NoopBenchmarks,DllImport_BytePointer,ShortRun,Default,Default,Default,Default,Default,Default,Default,Default,Default,Default,Default,Default,Default,Default,Default,Default,Default,Default,Default,Default,Default,Default,Default,Default,Default,Default,Default,Default,Default,Default,Default,3,Default,1,Default,Default,Default,Default,Default,Default,Default,3,"ShortRun(IterationCount=3, LaunchCount=1, WarmupCount=3)",,1,Workload,Result,3,714149300,134217728,5.32,0,0,0,0
NoopBenchmarks.DllImport_RefByte,PInvokeBench,NoopBenchmarks,DllImport_RefByte,ShortRun,Default,Default,Default,Default,Default,Default,Default,Default,Default,Default,Default,Default,Default,Default,Default,Default,Default,Default,Default,Default,Default,Default,Default,Default,Default,Default,Default,Default,Default,Default,Default,3,Default,1,Default,Default,Default,Default,Default,Default,Default,3,"ShortRun(IterationCount=3, LaunchCount=1, WarmupCount=3)",,1,Overhead,Jitting,1,197300,1,197300,0,0,0,0
NoopBenchmarks.DllImport_RefByte,PInvokeBench,NoopBenchmarks,DllImport_RefByte,ShortRun,Default,Default,Default,Default,Default,Default,Default,Default,Default,Default,Default,Default,Default,Default,Default,Default,Default,Default,Default,Default,Default,Default,Default,Default,Default,Default,Default,Default,Default,Default,Default,3,Default,1,Default,Default,Default,Default,Default,Default,Default,3,"ShortRun(IterationCount=3, LaunchCount=1, WarmupCount=3)",,1,Workload,Jitting,1,664300,1,664300,0,0,0,0
NoopBenchmarks.DllImport_RefByte,PInvokeBench,NoopBenchmarks,DllImport_RefByte,ShortRun,Default,Default,Default,Default,Default,Default,Default,Default,Default,Default,Default,Default,Default,Default,Default,Default,Default,Default,Default,Default,Default,Default,Default,Default,Default,Default,Default,Default,Default,Default,Default,3,Default,1,Default,Default,Default,Default,Default,Default,Default,3,"ShortRun(IterationCount=3, LaunchCount=1, WarmupCount=3)",,1,Overhead,Jitting,2,300400,16,18775,0,0,0,0
NoopBenchmarks.DllImport_RefByte,PInvokeBench,NoopBenchmarks,DllImport_RefByte,ShortRun,Default,Default,Default,Default,Default,Default,Default,Default,Default,Default,Default,Default,Default,Default,Default,Default,Default,Default,Default,Default,Default,Default,Default,Default,Default,Default,Default,Default,Default,Default,Default,3,Default,1,Default,Default,Default,Default,Default,Default,Default,3,"ShortRun(IterationCount=3, LaunchCount=1, WarmupCount=3)",,1,Workload,Jitting,2,294500,16,18406.25,0,0,0,0
NoopBenchmarks.DllImport_RefByte,PInvokeBench,NoopBenchmarks,DllImport_RefByte,ShortRun,Default,Default,Default,Default,Default,Default,Default,Default,Default,Default,Default,Default,Default,Default,Default,Default,Default,Default,Default,Default,Default,Default,Default,Default,Default,Default,Default,Default,Default,Default,Default,3,Default,1,Default,Default,Default,Default,Default,Default,Default,3,"ShortRun(IterationCount=3, LaunchCount=1, WarmupCount=3)",,1,Workload,Pilot,1,800,16,50,0,0,0,0
NoopBenchmarks.DllImport_RefByte,PInvokeBench,NoopBenchmarks,DllImport_RefByte,ShortRun,Default,Default,Default,Default,Default,Default,Default,Default,Default,Default,Default,Default,Default,Default,Default,Default,Default,Default,Default,Default,Default,Default,Default,Default,Default,Default,Default,Default,Default,Default,Default,3,Default,1,Default,Default,Default,Default,Default,Default,Default,3,"ShortRun(IterationCount=3, LaunchCount=1, WarmupCount=3)",,1,Workload,Pilot,2,1100,32,34.38,0,0,0,0
NoopBenchmarks.DllImport_RefByte,PInvokeBench,NoopBenchmarks,DllImport_RefByte,ShortRun,Default,Default,Default,Default,Default,Default,Default,Default,Default,Default,Default,Default,Default,Default,Default,Default,Default,Default,Default,Default,Default,Default,Default,Default,Default,Default,Default,Default,Default,Default,Default,3,Default,1,Default,Default,Default,Default,Default,Default,Default,3,"ShortRun(IterationCount=3, LaunchCount=1, WarmupCount=3)",,1,Workload,Pilot,3,1200,64,18.75,0,0,0,0
NoopBenchmarks.DllImport_RefByte,PInvokeBench,NoopBenchmarks,DllImport_RefByte,ShortRun,Default,Default,Default,Default,Default,Default,Default,Default,Default,Default,Default,Default,Default,Default,Default,Default,Default,Default,Default,Default,Default,Default,Default,Default,Default,Default,Default,Default,Default,Default,Default,3,Default,1,Default,Default,Default,Default,Default,Default,Default,3,"ShortRun(IterationCount=3, LaunchCount=1, WarmupCount=3)",,1,Workload,Pilot,4,2400,128,18.75,0,0,0,0
NoopBenchmarks.DllImport_RefByte,PInvokeBench,NoopBenchmarks,DllImport_RefByte,ShortRun,Default,Default,Default,Default,Default,Default,Default,Default,Default,Default,Default,Default,Default,Default,Default,Default,Default,Default,Default,Default,Default,Default,Default,Default,Default,Default,Default,Default,Default,Default,Default,3,Default,1,Default,Default,Default,Default,Default,Default,Default,3,"ShortRun(IterationCount=3, LaunchCount=1, WarmupCount=3)",,1,Workload,Pilot,5,4000,256,15.63,0,0,0,0
NoopBenchmarks.DllImport_RefByte,PInvokeBench,NoopBenchmarks,DllImport_RefByte,ShortRun,Default,Default,Default,Default,Default,Default,Default,Default,Default,Default,Default,Default,Default,Default,Default,Default,Default,Default,Default,Default,Default,Default,Default,Default,Default,Default,Default,Default,Default,Default,Default,3,Default,1,Default,Default,Default,Default,Default,Default,Default,3,"ShortRun(IterationCount=3, LaunchCount=1, WarmupCount=3)",,1,Workload,Pilot,6,7400,512,14.45,0,0,0,0
NoopBenchmarks.DllImport_RefByte,PInvokeBench,NoopBenchmarks,DllImport_RefByte,ShortRun,Default,Default,Default,Default,Default,Default,Default,Default,Default,Default,Default,Default,Default,Default,Default,Default,Default,Default,Default,Default,Default,Default,Default,Default,Default,Default,Default,Default,Default,Default,Default,3,Default,1,Default,Default,Default,Default,Default,Default,Default,3,"ShortRun(IterationCount=3, LaunchCount=1, WarmupCount=3)",,1,Workload,Pilot,7,13700,1024,13.38,0,0,0,0
NoopBenchmarks.DllImport_RefByte,PInvokeBench,NoopBenchmarks,DllImport_RefByte,ShortRun,Default,Default,Default,Default,Default,Default,Default,Default,Default,Default,Default,Default,Default,Default,Default,Default,Default,Default,Default,Default,Default,Default,Default,Default,Default,Default,Default,Default,Default,Default,Default,3,Default,1,Default,Default,Default,Default,Default,Default,Default,3,"ShortRun(IterationCount=3, LaunchCount=1, WarmupCount=3)",,1,Workload,Pilot,8,27000,2048,13.18,0,0,0,0
NoopBenchmarks.DllImport_RefByte,PInvokeBench,NoopBenchmarks,DllImport_RefByte,ShortRun,Default,Default,Default,Default,Default,Default,Default,Default,Default,Default,Default,Default,Default,Default,Default,Default,Default,Default,Default,Default,Default,Default,Default,Default,Default,Default,Default,Default,Default,Default,Default,3,Default,1,Default,Default,Default,Default,Default,Default,Default,3,"ShortRun(IterationCount=3, LaunchCount=1, WarmupCount=3)",,1,Workload,Pilot,9,53400,4096,13.04,0,0,0,0
NoopBenchmarks.DllImport_RefByte,PInvokeBench,NoopBenchmarks,DllImport_RefByte,ShortRun,Default,Default,Default,Default,Default,Default,Default,Default,Default,Default,Default,Default,Default,Default,Default,Default,Default,Default,Default,Default,Default,Default,Default,Default,Default,Default,Default,Default,Default,Default,Default,3,Default,1,Default,Default,Default,Default,Default,Default,Default,3,"ShortRun(IterationCount=3, LaunchCount=1, WarmupCount=3)",,1,Workload,Pilot,10,106300,8192,12.98,0,0,0,0
NoopBenchmarks.DllImport_RefByte,PInvokeBench,NoopBenchmarks,DllImport_RefByte,ShortRun,Default,Default,Default,Default,Default,Default,Default,Default,Default,Default,Default,Default,Default,Default,Default,Default,Default,Default,Default,Default,Default,Default,Default,Default,Default,Default,Default,Default,Default,Default,Default,3,Default,1,Default,Default,Default,Default,Default,Default,Default,3,"ShortRun(IterationCount=3, LaunchCount=1, WarmupCount=3)",,1,Workload,Pilot,11,213300,16384,13.02,0,0,0,0
NoopBenchmarks.DllImport_RefByte,PInvokeBench,NoopBenchmarks,DllImport_RefByte,ShortRun,Default,Default,Default,Default,Default,Default,Default,Default,Default,Default,Default,Default,Default,Default,Default,Default,Default,Default,Default,Default,Default,Default,Default,Default,Default,Default,Default,Default,Default,Default,Default,3,Default,1,Default,Default,Default,Default,Default,Default,Default,3,"ShortRun(IterationCount=3, LaunchCount=1, WarmupCount=3)",,1,Workload,Pilot,12,451100,32768,13.77,0,0,0,0
NoopBenchmarks.DllImport_RefByte,PInvokeBench,NoopBenchmarks,DllImport_RefByte,ShortRun,Default,Default,Default,Default,Default,Default,Default,Default,Default,Default,Default,Default,Default,Default,Default,Default,Default,Default,Default,Default,Default,Default,Default,Default,Default,Default,Default,Default,Default,Default,Default,3,Default,1,Default,Default,Default,Default,Default,Default,Default,3,"ShortRun(IterationCount=3, LaunchCount=1, WarmupCount=3)",,1,Workload,Pilot,13,862600,65536,13.16,0,0,0,0
NoopBenchmarks.DllImport_RefByte,PInvokeBench,NoopBenchmarks,DllImport_RefByte,ShortRun,Default,Default,Default,Default,Default,Default,Default,Default,Default,Default,Default,Default,Default,Default,Default,Default,Default,Default,Default,Default,Default,Default,Default,Default,Default,Default,Default,Default,Default,Default,Default,3,Default,1,Default,Default,Default,Default,Default,Default,Default,3,"ShortRun(IterationCount=3, LaunchCount=1, WarmupCount=3)",,1,Workload,Pilot,14,1749500,131072,13.35,0,0,0,0
NoopBenchmarks.DllImport_RefByte,PInvokeBench,NoopBenchmarks,DllImport_RefByte,ShortRun,Default,Default,Default,Default,Default,Default,Default,Default,Default,Default,Default,Default,Default,Default,Default,Default,Default,Default,Default,Default,Default,Default,Default,Default,Default,Default,Default,Default,Default,Default,Default,3,Default,1,Default,Default,Default,Default,Default,Default,Default,3,"ShortRun(IterationCount=3, LaunchCount=1, WarmupCount=3)",,1,Workload,Pilot,15,3505900,262144,13.37,0,0,0,0
NoopBenchmarks.DllImport_RefByte,PInvokeBench,NoopBenchmarks,DllImport_RefByte,ShortRun,Default,Default,Default,Default,Default,Default,Default,Default,Default,Default,Default,Default,Default,Default,Default,Default,Default,Default,Default,Default,Default,Default,Default,Default,Default,Default,Default,Default,Default,Default,Default,3,Default,1,Default,Default,Default,Default,Default,Default,Default,3,"ShortRun(IterationCount=3, LaunchCount=1, WarmupCount=3)",,1,Workload,Pilot,16,7623100,524288,14.54,0,0,0,0
NoopBenchmarks.DllImport_RefByte,PInvokeBench,NoopBenchmarks,DllImport_RefByte,ShortRun,Default,Default,Default,Default,Default,Default,Default,Default,Default,Default,Default,Default,Default,Default,Default,Default,Default,Default,Default,Default,Default,Default,Default,Default,Default,Default,Default,Default,Default,Default,Default,3,Default,1,Default,Default,Default,Default,Default,Default,Default,3,"ShortRun(IterationCount=3, LaunchCount=1, WarmupCount=3)",,1,Workload,Pilot,17,14220600,1048576,13.56,0,0,0,0
NoopBenchmarks.DllImport_RefByte,PInvokeBench,NoopBenchmarks,DllImport_RefByte,ShortRun,Default,Default,Default,Default,Default,Default,Default,Default,Default,Default,Default,Default,Default,Default,Default,Default,Default,Default,Default,Default,Default,Default,Default,Default,Default,Default,Default,Default,Default,Default,Default,3,Default,1,Default,Default,Default,Default,Default,Default,Default,3,"ShortRun(IterationCount=3, LaunchCount=1, WarmupCount=3)",,1,Workload,Pilot,18,30357300,2097152,14.48,0,0,0,0
NoopBenchmarks.DllImport_RefByte,PInvokeBench,NoopBenchmarks,DllImport_RefByte,ShortRun,Default,Default,Default,Default,Default,Default,Default,Default,Default,Default,Default,Default,Default,Default,Default,Default,Default,Default,Default,Default,Default,Default,Default,Default,Default,Default,Default,Default,Default,Default,Default,3,Default,1,Default,Default,Default,Default,Default,Default,Default,3,"ShortRun(IterationCount=3, LaunchCount=1, WarmupCount=3)",,1,Workload,Pilot,19,60318800,4194304,14.38,0,0,0,0
NoopBenchmarks.DllImport_RefByte,PInvokeBench,NoopBenchmarks,DllImport_RefByte,ShortRun,Default,Default,Default,Default,Default,Default,Default,Default,Default,Default,Default,Default,Default,Default,Default,Default,Default,Default,Default,Default,Default,Default,Default,Default,Default,Default,Default,Default,Default,Default,Default,3,Default,1,Default,Default,Default,Default,Default,Default,Default,3,"ShortRun(IterationCount=3, LaunchCount=1, WarmupCount=3)",,1,Workload,Pilot,20,75096700,8388608,8.95,0,0,0,0
NoopBenchmarks.DllImport_RefByte,PInvokeBench,NoopBenchmarks,DllImport_RefByte,ShortRun,Default,Default,Default,Default,Default,Default,Default,Default,Default,Default,Default,Default,Default,Default,Default,Default,Default,Default,Default,Default,Default,Default,Default,Default,Default,Default,Default,Default,Default,Default,Default,3,Default,1,Default,Default,Default,Default,Default,Default,Default,3,"ShortRun(IterationCount=3, LaunchCount=1, WarmupCount=3)",,1,Workload,Pilot,21,139301600,16777216,8.3,0,0,0,0
NoopBenchmarks.DllImport_RefByte,PInvokeBench,NoopBenchmarks,DllImport_RefByte,ShortRun,Default,Default,Default,Default,Default,Default,Default,Default,Default,Default,Default,Default,Default,Default,Default,Default,Default,Default,Default,Default,Default,Default,Default,Default,Default,Default,Default,Default,Default,Default,Default,3,Default,1,Default,Default,Default,Default,Default,Default,Default,3,"ShortRun(IterationCount=3, LaunchCount=1, WarmupCount=3)",,1,Workload,Pilot,22,274011500,33554432,8.17,0,0,0,0
NoopBenchmarks.DllImport_RefByte,PInvokeBench,NoopBenchmarks,DllImport_RefByte,ShortRun,Default,Default,Default,Default,Default,Default,Default,Default,Default,Default,Default,Default,Default,Default,Default,Default,Default,Default,Default,Default,Default,Default,Default,Default,Default,Default,Default,Default,Default,Default,Default,3,Default,1,Default,Default,Default,Default,Default,Default,Default,3,"ShortRun(IterationCount=3, LaunchCount=1, WarmupCount=3)",,1,Workload,Pilot,23,521142900,67108864,7.77,0,0,0,0
NoopBenchmarks.DllImport_RefByte,PInvokeBench,NoopBenchmarks,DllImport_RefByte,ShortRun,Default,Default,Default,Default,Default,Default,Default,Default,Default,Default,Default,Default,Default,Default,Default,Default,Default,Default,Default,Default,Default,Default,Default,Default,Default,Default,Default,Default,Default,Default,Default,3,Default,1,Default,Default,Default,Default,Default,Default,Default,3,"ShortRun(IterationCount=3, LaunchCount=1, WarmupCount=3)",,1,Overhead,Warmup,1,164672400,67108864,2.45,0,0,0,0
NoopBenchmarks.DllImport_RefByte,PInvokeBench,NoopBenchmarks,DllImport_RefByte,ShortRun,Default,Default,Default,Default,Default,Default,Default,Default,Default,Default,Default,Default,Default,Default,Default,Default,Default,Default,Default,Default,Default,Default,Default,Default,Default,Default,Default,Default,Default,Default,Default,3,Default,1,Default,Default,Default,Default,Default,Default,Default,3,"ShortRun(IterationCount=3, LaunchCount=1, WarmupCount=3)",,1,Overhead,Warmup,2,138289400,67108864,2.06,0,0,0,0
NoopBenchmarks.DllImport_RefByte,PInvokeBench,NoopBenchmarks,DllImport_RefByte,ShortRun,Default,Default,Default,Default,Default,Default,Default,Default,Default,Default,Default,Default,Default,Default,Default,Default,Default,Default,Default,Default,Default,Default,Default,Default,Default,Default,Default,Default,Default,Default,Default,3,Default,1,Default,Default,Default,Default,Default,Default,Default,3,"ShortRun(IterationCount=3, LaunchCount=1, WarmupCount=3)",,1,Overhead,Warmup,3,126440300,67108864,1.88,0,0,0,0
NoopBenchmarks.DllImport_RefByte,PInvokeBench,NoopBenchmarks,DllImport_RefByte,ShortRun,Default,Default,Default,Default,Default,Default,Default,Default,Default,Default,Default,Default,Default,Default,Default,Default,Default,Default,Default,Default,Default,Default,Default,Default,Default,Default,Default,Default,Default,Default,Default,3,Default,1,Default,Default,Default,Default,Default,Default,Default,3,"ShortRun(IterationCount=3, LaunchCount=1, WarmupCount=3)",,1,Overhead,Warmup,4,126850200,67108864,1.89,0,0,0,0
NoopBenchmarks.DllImport_RefByte,PInvokeBench,NoopBenchmarks,DllImport_RefByte,ShortRun,Default,Default,Default,Default,Default,Default,Default,Default,Default,Default,Default,Default,Default,Default,Default,Default,Default,Default,Default,Default,Default,Default,Default,Default,Default,Default,Default,Default,Default,Default,Default,3,Default,1,Default,Default,Default,Default,Default,Default,Default,3,"ShortRun(IterationCount=3, LaunchCount=1, WarmupCount=3)",,1,Overhead,Warmup,5,132162400,67108864,1.97,0,0,0,0
NoopBenchmarks.DllImport_RefByte,PInvokeBench,NoopBenchmarks,DllImport_RefByte,ShortRun,Default,Default,Default,Default,Default,Default,Default,Default,Default,Default,Default,Default,Default,Default,Default,Default,Default,Default,Default,Default,Default,Default,Default,Default,Default,Default,Default,Default,Default,Default,Default,3,Default,1,Default,Default,Default,Default,Default,Default,Default,3,"ShortRun(IterationCount=3, LaunchCount=1, WarmupCount=3)",,1,Overhead,Warmup,6,129793400,67108864,1.93,0,0,0,0
NoopBenchmarks.DllImport_RefByte,PInvokeBench,NoopBenchmarks,DllImport_RefByte,ShortRun,Default,Default,Default,Default,Default,Default,Default,Default,Default,Default,Default,Default,Default,Default,Default,Default,Default,Default,Default,Default,Default,Default,Default,Default,Default,Default,Default,Default,Default,Default,Default,3,Default,1,Default,Default,Default,Default,Default,Default,Default,3,"ShortRun(IterationCount=3, LaunchCount=1, WarmupCount=3)",,1,Overhead,Warmup,7,126531300,67108864,1.89,0,0,0,0
NoopBenchmarks.DllImport_RefByte,PInvokeBench,NoopBenchmarks,DllImport_RefByte,ShortRun,Default,Default,Default,Default,Default,Default,Default,Default,Default,Default,Default,Default,Default,Default,Default,Default,Default,Default,Default,Default,Default,Default,Default,Default,Default,Default,Default,Default,Default,Default,Default,3,Default,1,Default,Default,Default,Default,Default,Default,Default,3,"ShortRun(IterationCount=3, LaunchCount=1, WarmupCount=3)",,1,Overhead,Warmup,8,126153500,67108864,1.88,0,0,0,0
NoopBenchmarks.DllImport_RefByte,PInvokeBench,NoopBenchmarks,DllImport_RefByte,ShortRun,Default,Default,Default,Default,Default,Default,Default,Default,Default,Default,Default,Default,Default,Default,Default,Default,Default,Default,Default,Default,Default,Default,Default,Default,Default,Default,Default,Default,Default,Default,Default,3,Default,1,Default,Default,Default,Default,Default,Default,Default,3,"ShortRun(IterationCount=3, LaunchCount=1, WarmupCount=3)",,1,Overhead,Warmup,9,125457800,67108864,1.87,0,0,0,0
NoopBenchmarks.DllImport_RefByte,PInvokeBench,NoopBenchmarks,DllImport_RefByte,ShortRun,Default,Default,Default,Default,Default,Default,Default,Default,Default,Default,Default,Default,Default,Default,Default,Default,Default,Default,Default,Default,Default,Default,Default,Default,Default,Default,Default,Default,Default,Default,Default,3,Default,1,Default,Default,Default,Default,Default,Default,Default,3,"ShortRun(IterationCount=3, LaunchCount=1, WarmupCount=3)",,1,Overhead,Warmup,10,123330000,67108864,1.84,0,0,0,0
NoopBenchmarks.DllImport_RefByte,PInvokeBench,NoopBenchmarks,DllImport_RefByte,ShortRun,Default,Default,Default,Default,Default,Default,Default,Default,Default,Default,Default,Default,Default,Default,Default,Default,Default,Default,Default,Default,Default,Default,Default,Default,Default,Default,Default,Default,Default,Default,Default,3,Default,1,Default,Default,Default,Default,Default,Default,Default,3,"ShortRun(IterationCount=3, LaunchCount=1, WarmupCount=3)",,1,Overhead,Actual,1,125927600,67108864,1.88,0,0,0,0
NoopBenchmarks.DllImport_RefByte,PInvokeBench,NoopBenchmarks,DllImport_RefByte,ShortRun,Default,Default,Default,Default,Default,Default,Default,Default,Default,Default,Default,Default,Default,Default,Default,Default,Default,Default,Default,Default,Default,Default,Default,Default,Default,Default,Default,Default,Default,Default,Default,3,Default,1,Default,Default,Default,Default,Default,Default,Default,3,"ShortRun(IterationCount=3, LaunchCount=1, WarmupCount=3)",,1,Overhead,Actual,2,126831100,67108864,1.89,0,0,0,0
NoopBenchmarks.DllImport_RefByte,PInvokeBench,NoopBenchmarks,DllImport_RefByte,ShortRun,Default,Default,Default,Default,Default,Default,Default,Default,Default,Default,Default,Default,Default,Default,Default,Default,Default,Default,Default,Default,Default,Default,Default,Default,Default,Default,Default,Default,Default,Default,Default,3,Default,1,Default,Default,Default,Default,Default,Default,Default,3,"ShortRun(IterationCount=3, LaunchCount=1, WarmupCount=3)",,1,Overhead,Actual,3,126394900,67108864,1.88,0,0,0,0
NoopBenchmarks.DllImport_RefByte,PInvokeBench,NoopBenchmarks,DllImport_RefByte,ShortRun,Default,Default,Default,Default,Default,Default,Default,Default,Default,Default,Default,Default,Default,Default,Default,Default,Default,Default,Default,Default,Default,Default,Default,Default,Default,Default,Default,Default,Default,Default,Default,3,Default,1,Default,Default,Default,Default,Default,Default,Default,3,"ShortRun(IterationCount=3, LaunchCount=1, WarmupCount=3)",,1,Overhead,Actual,4,127596100,67108864,1.9,0,0,0,0
NoopBenchmarks.DllImport_RefByte,PInvokeBench,NoopBenchmarks,DllImport_RefByte,ShortRun,Default,Default,Default,Default,Default,Default,Default,Default,Default,Default,Default,Default,Default,Default,Default,Default,Default,Default,Default,Default,Default,Default,Default,Default,Default,Default,Default,Default,Default,Default,Default,3,Default,1,Default,Default,Default,Default,Default,Default,Default,3,"ShortRun(IterationCount=3, LaunchCount=1, WarmupCount=3)",,1,Overhead,Actual,5,126512800,67108864,1.89,0,0,0,0
NoopBenchmarks.DllImport_RefByte,PInvokeBench,NoopBenchmarks,DllImport_RefByte,ShortRun,Default,Default,Default,Default,Default,Default,Default,Default,Default,Default,Default,Default,Default,Default,Default,Default,Default,Default,Default,Default,Default,Default,Default,Default,Default,Default,Default,Default,Default,Default,Default,3,Default,1,Default,Default,Default,Default,Default,Default,Default,3,"ShortRun(IterationCount=3, LaunchCount=1, WarmupCount=3)",,1,Overhead,Actual,6,127555100,67108864,1.9,0,0,0,0
NoopBenchmarks.DllImport_RefByte,PInvokeBench,NoopBenchmarks,DllImport_RefByte,ShortRun,Default,Default,Default,Default,Default,Default,Default,Default,Default,Default,Default,Default,Default,Default,Default,Default,Default,Default,Default,Default,Default,Default,Default,Default,Default,Default,Default,Default,Default,Default,Default,3,Default,1,Default,Default,Default,Default,Default,Default,Default,3,"ShortRun(IterationCount=3, LaunchCount=1, WarmupCount=3)",,1,Overhead,Actual,7,134509300,67108864,2,0,0,0,0
NoopBenchmarks.DllImport_RefByte,PInvokeBench,NoopBenchmarks,DllImport_RefByte,ShortRun,Default,Default,Default,Default,Default,Default,Default,Default,Default,Default,Default,Default,Default,Default,Default,Default,Default,Default,Default,Default,Default,Default,Default,Default,Default,Default,Default,Default,Default,Default,Default,3,Default,1,Default,Default,Default,Default,Default,Default,Default,3,"ShortRun(IterationCount=3, LaunchCount=1, WarmupCount=3)",,1,Overhead,Actual,8,130923400,67108864,1.95,0,0,0,0
NoopBenchmarks.DllImport_RefByte,PInvokeBench,NoopBenchmarks,DllImport_RefByte,ShortRun,Default,Default,Default,Default,Default,Default,Default,Default,Default,Default,Default,Default,Default,Default,Default,Default,Default,Default,Default,Default,Default,Default,Default,Default,Default,Default,Default,Default,Default,Default,Default,3,Default,1,Default,Default,Default,Default,Default,Default,Default,3,"ShortRun(IterationCount=3, LaunchCount=1, WarmupCount=3)",,1,Overhead,Actual,9,128228700,67108864,1.91,0,0,0,0
NoopBenchmarks.DllImport_RefByte,PInvokeBench,NoopBenchmarks,DllImport_RefByte,ShortRun,Default,Default,Default,Default,Default,Default,Default,Default,Default,Default,Default,Default,Default,Default,Default,Default,Default,Default,Default,Default,Default,Default,Default,Default,Default,Default,Default,Default,Default,Default,Default,3,Default,1,Default,Default,Default,Default,Default,Default,Default,3,"ShortRun(IterationCount=3, LaunchCount=1, WarmupCount=3)",,1,Overhead,Actual,10,127112000,67108864,1.89,0,0,0,0
NoopBenchmarks.DllImport_RefByte,PInvokeBench,NoopBenchmarks,DllImport_RefByte,ShortRun,Default,Default,Default,Default,Default,Default,Default,Default,Default,Default,Default,Default,Default,Default,Default,Default,Default,Default,Default,Default,Default,Default,Default,Default,Default,Default,Default,Default,Default,Default,Default,3,Default,1,Default,Default,Default,Default,Default,Default,Default,3,"ShortRun(IterationCount=3, LaunchCount=1, WarmupCount=3)",,1,Overhead,Actual,11,126447200,67108864,1.88,0,0,0,0
NoopBenchmarks.DllImport_RefByte,PInvokeBench,NoopBenchmarks,DllImport_RefByte,ShortRun,Default,Default,Default,Default,Default,Default,Default,Default,Default,Default,Default,Default,Default,Default,Default,Default,Default,Default,Default,Default,Default,Default,Default,Default,Default,Default,Default,Default,Default,Default,Default,3,Default,1,Default,Default,Default,Default,Default,Default,Default,3,"ShortRun(IterationCount=3, LaunchCount=1, WarmupCount=3)",,1,Overhead,Actual,12,126408300,67108864,1.88,0,0,0,0
NoopBenchmarks.DllImport_RefByte,PInvokeBench,NoopBenchmarks,DllImport_RefByte,ShortRun,Default,Default,Default,Default,Default,Default,Default,Default,Default,Default,Default,Default,Default,Default,Default,Default,Default,Default,Default,Default,Default,Default,Default,Default,Default,Default,Default,Default,Default,Default,Default,3,Default,1,Default,Default,Default,Default,Default,Default,Default,3,"ShortRun(IterationCount=3, LaunchCount=1, WarmupCount=3)",,1,Overhead,Actual,13,126067900,67108864,1.88,0,0,0,0
NoopBenchmarks.DllImport_RefByte,PInvokeBench,NoopBenchmarks,DllImport_RefByte,ShortRun,Default,Default,Default,Default,Default,Default,Default,Default,Default,Default,Default,Default,Default,Default,Default,Default,Default,Default,Default,Default,Default,Default,Default,Default,Default,Default,Default,Default,Default,Default,Default,3,Default,1,Default,Default,Default,Default,Default,Default,Default,3,"ShortRun(IterationCount=3, LaunchCount=1, WarmupCount=3)",,1,Overhead,Actual,14,125273500,67108864,1.87,0,0,0,0
NoopBenchmarks.DllImport_RefByte,PInvokeBench,NoopBenchmarks,DllImport_RefByte,ShortRun,Default,Default,Default,Default,Default,Default,Default,Default,Default,Default,Default,Default,Default,Default,Default,Default,Default,Default,Default,Default,Default,Default,Default,Default,Default,Default,Default,Default,Default,Default,Default,3,Default,1,Default,Default,Default,Default,Default,Default,Default,3,"ShortRun(IterationCount=3, LaunchCount=1, WarmupCount=3)",,1,Overhead,Actual,15,126212800,67108864,1.88,0,0,0,0
NoopBenchmarks.DllImport_RefByte,PInvokeBench,NoopBenchmarks,DllImport_RefByte,ShortRun,Default,Default,Default,Default,Default,Default,Default,Default,Default,Default,Default,Default,Default,Default,Default,Default,Default,Default,Default,Default,Default,Default,Default,Default,Default,Default,Default,Default,Default,Default,Default,3,Default,1,Default,Default,Default,Default,Default,Default,Default,3,"ShortRun(IterationCount=3, LaunchCount=1, WarmupCount=3)",,1,Workload,Warmup,1,509225800,67108864,7.59,0,0,0,0
NoopBenchmarks.DllImport_RefByte,PInvokeBench,NoopBenchmarks,DllImport_RefByte,ShortRun,Default,Default,Default,Default,Default,Default,Default,Default,Default,Default,Default,Default,Default,Default,Default,Default,Default,Default,Default,Default,Default,Default,Default,Default,Default,Default,Default,Default,Default,Default,Default,3,Default,1,Default,Default,Default,Default,Default,Default,Default,3,"ShortRun(IterationCount=3, LaunchCount=1, WarmupCount=3)",,1,Workload,Warmup,2,520027500,67108864,7.75,0,0,0,0
NoopBenchmarks.DllImport_RefByte,PInvokeBench,NoopBenchmarks,DllImport_RefByte,ShortRun,Default,Default,Default,Default,Default,Default,Default,Default,Default,Default,Default,Default,Default,Default,Default,Default,Default,Default,Default,Default,Default,Default,Default,Default,Default,Default,Default,Default,Default,Default,Default,3,Default,1,Default,Default,Default,Default,Default,Default,Default,3,"ShortRun(IterationCount=3, LaunchCount=1, WarmupCount=3)",,1,Workload,Warmup,3,522942800,67108864,7.79,0,0,0,0
NoopBenchmarks.DllImport_RefByte,PInvokeBench,NoopBenchmarks,DllImport_RefByte,ShortRun,Default,Default,Default,Default,Default,Default,Default,Default,Default,Default,Default,Default,Default,Default,Default,Default,Default,Default,Default,Default,Default,Default,Default,Default,Default,Default,Default,Default,Default,Default,Default,3,Default,1,Default,Default,Default,Default,Default,Default,Default,3,"ShortRun(IterationCount=3, LaunchCount=1, WarmupCount=3)",,1,Workload,Actual,1,558979400,67108864,8.33,0,0,0,0
NoopBenchmarks.DllImport_RefByte,PInvokeBench,NoopBenchmarks,DllImport_RefByte,ShortRun,Default,Default,Default,Default,Default,Default,Default,Default,Default,Default,Default,Default,Default,Default,Default,Default,Default,Default,Default,Default,Default,Default,Default,Default,Default,Default,Default,Default,Default,Default,Default,3,Default,1,Default,Default,Default,Default,Default,Default,Default,3,"ShortRun(IterationCount=3, LaunchCount=1, WarmupCount=3)",,1,Workload,Actual,2,555023800,67108864,8.27,0,0,0,0
NoopBenchmarks.DllImport_RefByte,PInvokeBench,NoopBenchmarks,DllImport_RefByte,ShortRun,Default,Default,Default,Default,Default,Default,Default,Default,Default,Default,Default,Default,Default,Default,Default,Default,Default,Default,Default,Default,Default,Default,Default,Default,Default,Default,Default,Default,Default,Default,Default,3,Default,1,Default,Default,Default,Default,Default,Default,Default,3,"ShortRun(IterationCount=3, LaunchCount=1, WarmupCount=3)",,1,Workload,Actual,3,520665100,67108864,7.76,0,0,0,0
NoopBenchmarks.DllImport_RefByte,PInvokeBench,NoopBenchmarks,DllImport_RefByte,ShortRun,Default,Default,Default,Default,Default,Default,Default,Default,Default,Default,Default,Default,Default,Default,Default,Default,Default,Default,Default,Default,Default,Default,Default,Default,Default,Default,Default,Default,Default,Default,Default,3,Default,1,Default,Default,Default,Default,Default,Default,Default,3,"ShortRun(IterationCount=3, LaunchCount=1, WarmupCount=3)",,1,Workload,Result,1,432466600,67108864,6.44,0,0,0,0
NoopBenchmarks.DllImport_RefByte,PInvokeBench,NoopBenchmarks,DllImport_RefByte,ShortRun,Default,Default,Default,Default,Default,Default,Default,Default,Default,Default,Default,Default,Default,Default,Default,Default,Default,Default,Default,Default,Default,Default,Default,Default,Default,Default,Default,Default,Default,Default,Default,3,Default,1,Default,Default,Default,Default,Default,Default,Default,3,"ShortRun(IterationCount=3, LaunchCount=1, WarmupCount=3)",,1,Workload,Result,2,428511000,67108864,6.39,0,0,0,0
NoopBenchmarks.DllImport_RefByte,PInvokeBench,NoopBenchmarks,DllImport_RefByte,ShortRun,Default,Default,Default,Default,Default,Default,Default,Default,Default,Default,Default,Default,Default,Default,Default,Default,Default,Default,Default,Default,Default,Default,Default,Default,Default,Default,Default,Default,Default,Default,Default,3,Default,1,Default,Default,Default,Default,Default,Default,Default,3,"ShortRun(IterationCount=3, LaunchCount=1, WarmupCount=3)",,1,Workload,Result,3,394152300,67108864,5.87,0,0,0,0
NoopBenchmarks.LibraryImport_Span,PInvokeBench,NoopBenchmarks,LibraryImport_Span,ShortRun,Default,Default,Default,Default,Default,Default,Default,Default,Default,Default,Default,Default,Default,Default,Default,Default,Default,Default,Default,Default,Default,Default,Default,Default,Default,Default,Default,Default,Default,Default,Default,3,Default,1,Default,Default,Default,Default,Default,Default,Default,3,"ShortRun(IterationCount=3, LaunchCount=1, WarmupCount=3)",,1,Overhead,Jitting,1,211100,1,211100,0,0,0,0
NoopBenchmarks.LibraryImport_Span,PInvokeBench,NoopBenchmarks,LibraryImport_Span,ShortRun,Default,Default,Default,Default,Default,Default,Default,Default,Default,Default,Default,Default,Default,Default,Default,Default,Default,Default,Default,Default,Default,Default,Default,Default,Default,Default,Default,Default,Default,Default,Default,3,Default,1,Default,Default,Default,Default,Default,Default,Default,3,"ShortRun(IterationCount=3, LaunchCount=1, WarmupCount=3)",,1,Workload,Jitting,1,699800,1,699800,0,0,0,0
NoopBenchmarks.LibraryImport_Span,PInvokeBench,NoopBenchmarks,LibraryImport_Span,ShortRun,Default,Default,Default,Default,Default,Default,Default,Default,Default,Default,Default,Default,Default,Default,Default,Default,Default,Default,Default,Default,Default,Default,Default,Default,Default,Default,Default,Default,Default,Default,Default,3,Default,1,Default,Default,Default,Default,Default,Default,Default,3,"ShortRun(IterationCount=3, LaunchCount=1, WarmupCount=3)",,1,Overhead,Jitting,2,302100,16,18881.25,0,0,0,0
NoopBenchmarks.LibraryImport_Span,PInvokeBench,NoopBenchmarks,LibraryImport_Span,ShortRun,Default,Default,Default,Default,Default,Default,Default,Default,Default,Default,Default,Default,Default,Default,Default,Default,Default,Default,Default,Default,Default,Default,Default,Default,Default,Default,Default,Default,Default,Default,Default,3,Default,1,Default,Default,Default,Default,Default,Default,Default,3,"ShortRun(IterationCount=3, LaunchCount=1, WarmupCount=3)",,1,Workload,Jitting,2,289700,16,18106.25,0,0,0,0
NoopBenchmarks.LibraryImport_Span,PInvokeBench,NoopBenchmarks,LibraryImport_Span,ShortRun,Default,Default,Default,Default,Default,Default,Default,Default,Default,Default,Default,Default,Default,Default,Default,Default,Default,Default,Default,Default,Default,Default,Default,Default,Default,Default,Default,Default,Default,Default,Default,3,Default,1,Default,Default,Default,Default,Default,Default,Default,3,"ShortRun(IterationCount=3, LaunchCount=1, WarmupCount=3)",,1,Workload,Pilot,1,1000,16,62.5,0,0,0,0
NoopBenchmarks.LibraryImport_Span,PInvokeBench,NoopBenchmarks,LibraryImport_Span,ShortRun,Default,Default,Default,Default,Default,Default,Default,Default,Default,Default,Default,Default,Default,Default,Default,Default,Default,Default,Default,Default,Default,Default,Default,Default,Default,Default,Default,Default,Default,Default,Default,3,Default,1,Default,Default,Default,Default,Default,Default,Default,3,"ShortRun(IterationCount=3, LaunchCount=1, WarmupCount=3)",,1,Workload,Pilot,2,1000,32,31.25,0,0,0,0
NoopBenchmarks.LibraryImport_Span,PInvokeBench,NoopBenchmarks,LibraryImport_Span,ShortRun,Default,Default,Default,Default,Default,Default,Default,Default,Default,Default,Default,Default,Default,Default,Default,Default,Default,Default,Default,Default,Default,Default,Default,Default,Default,Default,Default,Default,Default,Default,Default,3,Default,1,Default,Default,Default,Default,Default,Default,Default,3,"ShortRun(IterationCount=3, LaunchCount=1, WarmupCount=3)",,1,Workload,Pilot,3,1300,64,20.31,0,0,0,0
NoopBenchmarks.LibraryImport_Span,PInvokeBench,NoopBenchmarks,LibraryImport_Span,ShortRun,Default,Default,Default,Default,Default,Default,Default,Default,Default,Default,Default,Default,Default,Default,Default,Default,Default,Default,Default,Default,Default,Default,Default,Default,Default,Default,Default,Default,Default,Default,Default,3,Default,1,Default,Default,Default,Default,Default,Default,Default,3,"ShortRun(IterationCount=3, LaunchCount=1, WarmupCount=3)",,1,Workload,Pilot,4,2400,128,18.75,0,0,0,0
NoopBenchmarks.LibraryImport_Span,PInvokeBench,NoopBenchmarks,LibraryImport_Span,ShortRun,Default,Default,Default,Default,Default,Default,Default,Default,Default,Default,Default,Default,Default,Default,Default,Default,Default,Default,Default,Default,Default,Default,Default,Default,Default,Default,Default,Default,Default,Default,Default,3,Default,1,Default,Default,Default,Default,Default,Default,Default,3,"ShortRun(IterationCount=3, LaunchCount=1, WarmupCount=3)",,1,Workload,Pilot,5,3900,256,15.23,0,0,0,0
NoopBenchmarks.LibraryImport_Span,PInvokeBench,NoopBenchmarks,LibraryImport_Span,ShortRun,Default,Default,Default,Default,Default,Default,Default,Default,Default,Default,Default,Default,Default,Default,Default,Default,Default,Default,Default,Default,Default,Default,Default,Default,Default,Default,Default,Default,Default,Default,Default,3,Default,1,Default,Default,Default,Default,Default,Default,Default,3,"ShortRun(IterationCount=3, LaunchCount=1, WarmupCount=3)",,1,Workload,Pilot,6,7400,512,14.45,0,0,0,0
NoopBenchmarks.LibraryImport_Span,PInvokeBench,NoopBenchmarks,LibraryImport_Span,ShortRun,Default,Default,Default,Default,Default,Default,Default,Default,Default,Default,Default,Default,Default,Default,Default,Default,Default,Default,Default,Default,Default,Default,Default,Default,Default,Default,Default,Default,Default,Default,Default,3,Default,1,Default,Default,Default,Default,Default,Default,Default,3,"ShortRun(IterationCount=3, LaunchCount=1, WarmupCount=3)",,1,Workload,Pilot,7,14600,1024,14.26,0,0,0,0
NoopBenchmarks.LibraryImport_Span,PInvokeBench,NoopBenchmarks,LibraryImport_Span,ShortRun,Default,Default,Default,Default,Default,Default,Default,Default,Default,Default,Default,Default,Default,Default,Default,Default,Default,Default,Default,Default,Default,Default,Default,Default,Default,Default,Default,Default,Default,Default,Default,3,Default,1,Default,Default,Default,Default,Default,Default,Default,3,"ShortRun(IterationCount=3, LaunchCount=1, WarmupCount=3)",,1,Workload,Pilot,8,29100,2048,14.21,0,0,0,0
NoopBenchmarks.LibraryImport_Span,PInvokeBench,NoopBenchmarks,LibraryImport_Span,ShortRun,Default,Default,Default,Default,Default,Default,Default,Default,Default,Default,Default,Default,Default,Default,Default,Default,Default,Default,Default,Default,Default,Default,Default,Default,Default,Default,Default,Default,Default,Default,Default,3,Default,1,Default,Default,Default,Default,Default,Default,Default,3,"ShortRun(IterationCount=3, LaunchCount=1, WarmupCount=3)",,1,Workload,Pilot,9,57900,4096,14.14,0,0,0,0
NoopBenchmarks.LibraryImport_Span,PInvokeBench,NoopBenchmarks,LibraryImport_Span,ShortRun,Default,Default,Default,Default,Default,Default,Default,Default,Default,Default,Default,Default,Default,Default,Default,Default,Default,Default,Default,Default,Default,Default,Default,Default,Default,Default,Default,Default,Default,Default,Default,3,Default,1,Default,Default,Default,Default,Default,Default,Default,3,"ShortRun(IterationCount=3, LaunchCount=1, WarmupCount=3)",,1,Workload,Pilot,10,115100,8192,14.05,0,0,0,0
NoopBenchmarks.LibraryImport_Span,PInvokeBench,NoopBenchmarks,LibraryImport_Span,ShortRun,Default,Default,Default,Default,Default,Default,Default,Default,Default,Default,Default,Default,Default,Default,Default,Default,Default,Default,Default,Default,Default,Default,Default,Default,Default,Default,Default,Default,Default,Default,Default,3,Default,1,Default,Default,Default,Default,Default,Default,Default,3,"ShortRun(IterationCount=3, LaunchCount=1, WarmupCount=3)",,1,Workload,Pilot,11,231400,16384,14.12,0,0,0,0
NoopBenchmarks.LibraryImport_Span,PInvokeBench,NoopBenchmarks,LibraryImport_Span,ShortRun,Default,Default,Default,Default,Default,Default,Default,Default,Default,Default,Default,Default,Default,Default,Default,Default,Default,Default,Default,Default,Default,Default,Default,Default,Default,Default,Default,Default,Default,Default,Default,3,Default,1,Default,Default,Default,Default,Default,Default,Default,3,"ShortRun(IterationCount=3, LaunchCount=1, WarmupCount=3)",,1,Workload,Pilot,12,461800,32768,14.09,0,0,0,0
NoopBenchmarks.LibraryImport_Span,PInvokeBench,NoopBenchmarks,LibraryImport_Span,ShortRun,Default,Default,Default,Default,Default,Default,Default,Default,Default,Default,Default,Default,Default,Default,Default,Default,Default,Default,Default,Default,Default,Default,Default,Default,Default,Default,Default,Default,Default,Default,Default,3,Default,1,Default,Default,Default,Default,Default,Default,Default,3,"ShortRun(IterationCount=3, LaunchCount=1, WarmupCount=3)",,1,Workload,Pilot,13,972400,65536,14.84,0,0,0,0
NoopBenchmarks.LibraryImport_Span,PInvokeBench,NoopBenchmarks,LibraryImport_Span,ShortRun,Default,Default,Default,Default,Default,Default,Default,Default,Default,Default,Default,Default,Default,Default,Default,Default,Default,Default,Default,Default,Default,Default,Default,Default,Default,Default,Default,Default,Default,Default,Default,3,Default,1,Default,Default,Default,Default,Default,Default,Default,3,"ShortRun(IterationCount=3, LaunchCount=1, WarmupCount=3)",,1,Workload,Pilot,14,1918500,131072,14.64,0,0,0,0
NoopBenchmarks.LibraryImport_Span,PInvokeBench,NoopBenchmarks,LibraryImport_Span,ShortRun,Default,Default,Default,Default,Default,Default,Default,Default,Default,Default,Default,Default,Default,Default,Default,Default,Default,Default,Default,Default,Default,Default,Default,Default,Default,Default,Default,Default,Default,Default,Default,3,Default,1,Default,Default,Default,Default,Default,Default,Default,3,"ShortRun(IterationCount=3, LaunchCount=1, WarmupCount=3)",,1,Workload,Pilot,15,3905700,262144,14.9,0,0,0,0
NoopBenchmarks.LibraryImport_Span,PInvokeBench,NoopBenchmarks,LibraryImport_Span,ShortRun,Default,Default,Default,Default,Default,Default,Default,Default,Default,Default,Default,Default,Default,Default,Default,Default,Default,Default,Default,Default,Default,Default,Default,Default,Default,Default,Default,Default,Default,Default,Default,3,Default,1,Default,Default,Default,Default,Default,Default,Default,3,"ShortRun(IterationCount=3, LaunchCount=1, WarmupCount=3)",,1,Workload,Pilot,16,7861000,524288,14.99,0,0,0,0
NoopBenchmarks.LibraryImport_Span,PInvokeBench,NoopBenchmarks,LibraryImport_Span,ShortRun,Default,Default,Default,Default,Default,Default,Default,Default,Default,Default,Default,Default,Default,Default,Default,Default,Default,Default,Default,Default,Default,Default,Default,Default,Default,Default,Default,Default,Default,Default,Default,3,Default,1,Default,Default,Default,Default,Default,Default,Default,3,"ShortRun(IterationCount=3, LaunchCount=1, WarmupCount=3)",,1,Workload,Pilot,17,15861400,1048576,15.13,0,0,0,0
NoopBenchmarks.LibraryImport_Span,PInvokeBench,NoopBenchmarks,LibraryImport_Span,ShortRun,Default,Default,Default,Default,Default,Default,Default,Default,Default,Default,Default,Default,Default,Default,Default,Default,Default,Default,Default,Default,Default,Default,Default,Default,Default,Default,Default,Default,Default,Default,Default,3,Default,1,Default,Default,Default,Default,Default,Default,Default,3,"ShortRun(IterationCount=3, LaunchCount=1, WarmupCount=3)",,1,Workload,Pilot,18,31626800,2097152,15.08,0,0,0,0
NoopBenchmarks.LibraryImport_Span,PInvokeBench,NoopBenchmarks,LibraryImport_Span,ShortRun,Default,Default,Default,Default,Default,Default,Default,Default,Default,Default,Default,Default,Default,Default,Default,Default,Default,Default,Default,Default,Default,Default,Default,Default,Default,Default,Default,Default,Default,Default,Default,3,Default,1,Default,Default,Default,Default,Default,Default,Default,3,"ShortRun(IterationCount=3, LaunchCount=1, WarmupCount=3)",,1,Workload,Pilot,19,62659400,4194304,14.94,0,0,0,0
NoopBenchmarks.LibraryImport_Span,PInvokeBench,NoopBenchmarks,LibraryImport_Span,ShortRun,Default,Default,Default,Default,Default,Default,Default,Default,Default,Default,Default,Default,Default,Default,Default,Default,Default,Default,Default,Default,Default,Default,Default,Default,Default,Default,Default,Default,Default,Default,Default,3,Default,1,Default,Default,Default,Default,Default,Default,Default,3,"ShortRun(IterationCount=3, LaunchCount=1, WarmupCount=3)",,1,Workload,Pilot,20,61610200,8388608,7.34,0,0,0,0
NoopBenchmarks.LibraryImport_Span,PInvokeBench,NoopBenchmarks,LibraryImport_Span,ShortRun,Default,Default,Default,Default,Default,Default,Default,Default,Default,Default,Default,Default,Default,Default,Default,Default,Default,Default,Default,Default,Default,Default,Default,Default,Default,Default,Default,Default,Default,Default,Default,3,Default,1,Default,Default,Default,Default,Default,Default,Default,3,"ShortRun(IterationCount=3, LaunchCount=1, WarmupCount=3)",,1,Workload,Pilot,21,109974800,16777216,6.56,0,0,0,0
NoopBenchmarks.LibraryImport_Span,PInvokeBench,NoopBenchmarks,LibraryImport_Span,ShortRun,Default,Default,Default,Default,Default,Default,Default,Default,Default,Default,Default,Default,Default,Default,Default,Default,Default,Default,Default,Default,Default,Default,Default,Default,Default,Default,Default,Default,Default,Default,Default,3,Default,1,Default,Default,Default,Default,Default,Default,Default,3,"ShortRun(IterationCount=3, LaunchCount=1, WarmupCount=3)",,1,Workload,Pilot,22,219543300,33554432,6.54,0,0,0,0
NoopBenchmarks.LibraryImport_Span,PInvokeBench,NoopBenchmarks,LibraryImport_Span,ShortRun,Default,Default,Default,Default,Default,Default,Default,Default,Default,Default,Default,Default,Default,Default,Default,Default,Default,Default,Default,Default,Default,Default,Default,Default,Default,Default,Default,Default,Default,Default,Default,3,Default,1,Default,Default,Default,Default,Default,Default,Default,3,"ShortRun(IterationCount=3, LaunchCount=1, WarmupCount=3)",,1,Workload,Pilot,23,451145900,67108864,6.72,0,0,0,0
NoopBenchmarks.LibraryImport_Span,PInvokeBench,NoopBenchmarks,LibraryImport_Span,ShortRun,Default,Default,Default,Default,Default,Default,Default,Default,Default,Default,Default,Default,Default,Default,Default,Default,Default,Default,Default,Default,Default,Default,Default,Default,Default,Default,Default,Default,Default,Default,Default,3,Default,1,Default,Default,Default,Default,Default,Default,Default,3,"ShortRun(IterationCount=3, LaunchCount=1, WarmupCount=3)",,1,Workload,Pilot,24,885957800,134217728,6.6,0,0,0,0
NoopBenchmarks.LibraryImport_Span,PInvokeBench,NoopBenchmarks,LibraryImport_Span,ShortRun,Default,Default,Default,Default,Default,Default,Default,Default,Default,Default,Default,Default,Default,Default,Default,Default,Default,Default,Default,Default,Default,Default,Default,Default,Default,Default,Default,Default,Default,Default,Default,3,Default,1,Default,Default,Default,Default,Default,Default,Default,3,"ShortRun(IterationCount=3, LaunchCount=1, WarmupCount=3)",,1,Overhead,Warmup,1,302364500,134217728,2.25,0,0,0,0
NoopBenchmarks.LibraryImport_Span,PInvokeBench,NoopBenchmarks,LibraryImport_Span,ShortRun,Default,Default,Default,Default,Default,Default,Default,Default,Default,Default,Default,Default,Default,Default,Default,Default,Default,Default,Default,Default,Default,Default,Default,Default,Default,Default,Default,Default,Default,Default,Default,3,Default,1,Default,Default,Default,Default,Default,Default,Default,3,"ShortRun(IterationCount=3, LaunchCount=1, WarmupCount=3)",,1,Overhead,Warmup,2,248152700,134217728,1.85,0,0,0,0
NoopBenchmarks.LibraryImport_Span,PInvokeBench,NoopBenchmarks,LibraryImport_Span,ShortRun,Default,Default,Default,Default,Default,Default,Default,Default,Default,Default,Default,Default,Default,Default,Default,Default,Default,Default,Default,Default,Default,Default,Default,Default,Default,Default,Default,Default,Default,Default,Default,3,Default,1,Default,Default,Default,Default,Default,Default,Default,3,"ShortRun(IterationCount=3, LaunchCount=1, WarmupCount=3)",,1,Overhead,Warmup,3,247084200,134217728,1.84,0,0,0,0
NoopBenchmarks.LibraryImport_Span,PInvokeBench,NoopBenchmarks,LibraryImport_Span,ShortRun,Default,Default,Default,Default,Default,Default,Default,Default,Default,Default,Default,Default,Default,Default,Default,Default,Default,Default,Default,Default,Default,Default,Default,Default,Default,Default,Default,Default,Default,Default,Default,3,Default,1,Default,Default,Default,Default,Default,Default,Default,3,"ShortRun(IterationCount=3, LaunchCount=1, WarmupCount=3)",,1,Overhead,Warmup,4,246554300,134217728,1.84,0,0,0,0
NoopBenchmarks.LibraryImport_Span,PInvokeBench,NoopBenchmarks,LibraryImport_Span,ShortRun,Default,Default,Default,Default,Default,Default,Default,Default,Default,Default,Default,Default,Default,Default,Default,Default,Default,Default,Default,Default,Default,Default,Default,Default,Default,Default,Default,Default,Default,Default,Default,3,Default,1,Default,Default,Default,Default,Default,Default,Default,3,"ShortRun(IterationCount=3, LaunchCount=1, WarmupCount=3)",,1,Overhead,Warmup,5,241826100,134217728,1.8,0,0,0,0
NoopBenchmarks.LibraryImport_Span,PInvokeBench,NoopBenchmarks,LibraryImport_Span,ShortRun,Default,Default,Default,Default,Default,Default,Default,Default,Default,Default,Default,Default,Default,Default,Default,Default,Default,Default,Default,Default,Default,Default,Default,Default,Default,Default,Default,Default,Default,Default,Default,3,Default,1,Default,Default,Default,Default,Default,Default,Default,3,"ShortRun(IterationCount=3, LaunchCount=1, WarmupCount=3)",,1,Overhead,Warmup,6,260849600,134217728,1.94,0,0,0,0
NoopBenchmarks.LibraryImport_Span,PInvokeBench,NoopBenchmarks,LibraryImport_Span,ShortRun,Default,Default,Default,Default,Default,Default,Default,Default,Default,Default,Default,Default,Default,Default,Default,Default,Default,Default,Default,Default,Default,Default,Default,Default,Default,Default,Default,Default,Default,Default,Default,3,Default,1,Default,Default,Default,Default,Default,Default,Default,3,"ShortRun(IterationCount=3, LaunchCount=1, WarmupCount=3)",,1,Overhead,Warmup,7,257368100,134217728,1.92,0,0,0,0
NoopBenchmarks.LibraryImport_Span,PInvokeBench,NoopBenchmarks,LibraryImport_Span,ShortRun,Default,Default,Default,Default,Default,Default,Default,Default,Default,Default,Default,Default,Default,Default,Default,Default,Default,Default,Default,Default,Default,Default,Default,Default,Default,Default,Default,Default,Default,Default,Default,3,Default,1,Default,Default,Default,Default,Default,Default,Default,3,"ShortRun(IterationCount=3, LaunchCount=1, WarmupCount=3)",,1,Overhead,Warmup,8,240730000,134217728,1.79,0,0,0,0
NoopBenchmarks.LibraryImport_Span,PInvokeBench,NoopBenchmarks,LibraryImport_Span,ShortRun,Default,Default,Default,Default,Default,Default,Default,Default,Default,Default,Default,Default,Default,Default,Default,Default,Default,Default,Default,Default,Default,Default,Default,Default,Default,Default,Default,Default,Default,Default,Default,3,Default,1,Default,Default,Default,Default,Default,Default,Default,3,"ShortRun(IterationCount=3, LaunchCount=1, WarmupCount=3)",,1,Overhead,Warmup,9,240533200,134217728,1.79,0,0,0,0
NoopBenchmarks.LibraryImport_Span,PInvokeBench,NoopBenchmarks,LibraryImport_Span,ShortRun,Default,Default,Default,Default,Default,Default,Default,Default,Default,Default,Default,Default,Default,Default,Default,Default,Default,Default,Default,Default,Default,Default,Default,Default,Default,Default,Default,Default,Default,Default,Default,3,Default,1,Default,Default,Default,Default,Default,Default,Default,3,"ShortRun(IterationCount=3, LaunchCount=1, WarmupCount=3)",,1,Overhead,Warmup,10,261705100,134217728,1.95,0,0,0,0
NoopBenchmarks.LibraryImport_Span,PInvokeBench,NoopBenchmarks,LibraryImport_Span,ShortRun,Default,Default,Default,Default,Default,Default,Default,Default,Default,Default,Default,Default,Default,Default,Default,Default,Default,Default,Default,Default,Default,Default,Default,Default,Default,Default,Default,Default,Default,Default,Default,3,Default,1,Default,Default,Default,Default,Default,Default,Default,3,"ShortRun(IterationCount=3, LaunchCount=1, WarmupCount=3)",,1,Overhead,Actual,1,259895700,134217728,1.94,0,0,0,0
NoopBenchmarks.LibraryImport_Span,PInvokeBench,NoopBenchmarks,LibraryImport_Span,ShortRun,Default,Default,Default,Default,Default,Default,Default,Default,Default,Default,Default,Default,Default,Default,Default,Default,Default,Default,Default,Default,Default,Default,Default,Default,Default,Default,Default,Default,Default,Default,Default,3,Default,1,Default,Default,Default,Default,Default,Default,Default,3,"ShortRun(IterationCount=3, LaunchCount=1, WarmupCount=3)",,1,Overhead,Actual,2,256355600,134217728,1.91,0,0,0,0
NoopBenchmarks.LibraryImport_Span,PInvokeBench,NoopBenchmarks,LibraryImport_Span,ShortRun,Default,Default,Default,Default,Default,Default,Default,Default,Default,Default,Default,Default,Default,Default,Default,Default,Default,Default,Default,Default,Default,Default,Default,Default,Default,Default,Default,Default,Default,Default,Default,3,Default,1,Default,Default,Default,Default,Default,Default,Default,3,"ShortRun(IterationCount=3, LaunchCount=1, WarmupCount=3)",,1,Overhead,Actual,3,269699500,134217728,2.01,0,0,0,0
NoopBenchmarks.LibraryImport_Span,PInvokeBench,NoopBenchmarks,LibraryImport_Span,ShortRun,Default,Default,Default,Default,Default,Default,Default,Default,Default,Default,Default,Default,Default,Default,Default,Default,Default,Default,Default,Default,Default,Default,Default,Default,Default,Default,Default,Default,Default,Default,Default,3,Default,1,Default,Default,Default,Default,Default,Default,Default,3,"ShortRun(IterationCount=3, LaunchCount=1, WarmupCount=3)",,1,Overhead,Actual,4,259639400,134217728,1.93,0,0,0,0
NoopBenchmarks.LibraryImport_Span,PInvokeBench,NoopBenchmarks,LibraryImport_Span,ShortRun,Default,Default,Default,Default,Default,Default,Default,Default,Default,Default,Default,Default,Default,Default,Default,Default,Default,Default,Default,Default,Default,Default,Default,Default,Default,Default,Default,Default,Default,Default,Default,3,Default,1,Default,Default,Default,Default,Default,Default,Default,3,"ShortRun(IterationCount=3, LaunchCount=1, WarmupCount=3)",,1,Overhead,Actual,5,240925100,134217728,1.8,0,0,0,0
NoopBenchmarks.LibraryImport_Span,PInvokeBench,NoopBenchmarks,LibraryImport_Span,ShortRun,Default,Default,Default,Default,Default,Default,Default,Default,Default,Default,Default,Default,Default,Default,Default,Default,Default,Default,Default,Default,Default,Default,Default,Default,Default,Default,Default,Default,Default,Default,Default,3,Default,1,Default,Default,Default,Default,Default,Default,Default,3,"ShortRun(IterationCount=3, LaunchCount=1, WarmupCount=3)",,1,Overhead,Actual,6,257584500,134217728,1.92,0,0,0,0
NoopBenchmarks.LibraryImport_Span,PInvokeBench,NoopBenchmarks,LibraryImport_Span,ShortRun,Default,Default,Default,Default,Default,Default,Default,Default,Default,Default,Default,Default,Default,Default,Default,Default,Default,Default,Default,Default,Default,Default,Default,Default,Default,Default,Default,Default,Default,Default,Default,3,Default,1,Default,Default,Default,Default,Default,Default,Default,3,"ShortRun(IterationCount=3, LaunchCount=1, WarmupCount=3)",,1,Overhead,Actual,7,258158900,134217728,1.92,0,0,0,0
NoopBenchmarks.LibraryImport_Span,PInvokeBench,NoopBenchmarks,LibraryImport_Span,ShortRun,Default,Default,Default,Default,Default,Default,Default,Default,Default,Default,Default,Default,Default,Default,Default,Default,Default,Default,Default,Default,Default,Default,Default,Default,Default,Default,Default,Default,Default,Default,Default,3,Default,1,Default,Default,Default,Default,Default,Default,Default,3,"ShortRun(IterationCount=3, LaunchCount=1, WarmupCount=3)",,1,Overhead,Actual,8,256852200,134217728,1.91,0,0,0,0
NoopBenchmarks.LibraryImport_Span,PInvokeBench,NoopBenchmarks,LibraryImport_Span,ShortRun,Default,Default,Default,Default,Default,Default,Default,Default,Default,Default,Default,Default,Default,Default,Default,Default,Default,Default,Default,Default,Default,Default,Default,Default,Default,Default,Default,Default,Default,Default,Default,3,Default,1,Default,Default,Default,Default,Default,Default,Default,3,"ShortRun(IterationCount=3, LaunchCount=1, WarmupCount=3)",,1,Overhead,Actual,9,241702400,134217728,1.8,0,0,0,0
NoopBenchmarks.LibraryImport_Span,PInvokeBench,NoopBenchmarks,LibraryImport_Span,ShortRun,Default,Default,Default,Default,Default,Default,Default,Default,Default,Default,Default,Default,Default,Default,Default,Default,Default,Default,Default,Default,Default,Default,Default,Default,Default,Default,Default,Default,Default,Default,Default,3,Default,1,Default,Default,Default,Default,Default,Default,Default,3,"ShortRun(IterationCount=3, LaunchCount=1, WarmupCount=3)",,1,Overhead,Actual,10,240992700,134217728,1.8,0,0,0,0
NoopBenchmarks.LibraryImport_Span,PInvokeBench,NoopBenchmarks,LibraryImport_Span,ShortRun,Default,Default,Default,Default,Default,Default,Default,Default,Default,Default,Default,Default,Default,Default,Default,Default,Default,Default,Default,Default,Default,Default,Default,Default,Default,Default,Default,Default,Default,Default,Default,3,Default,1,Default,Default,Default,Default,Default,Default,Default,3,"ShortRun(IterationCount=3, LaunchCount=1, WarmupCount=3)",,1,Overhead,Actual,11,242291200,134217728,1.81,0,0,0,0
NoopBenchmarks.LibraryImport_Span,PInvokeBench,NoopBenchmarks,LibraryImport_Span,ShortRun,Default,Default,Default,Default,Default,Default,Default,Default,Default,Default,Default,Default,Default,Default,Default,Default,Default,Default,Default,Default,Default,Default,Default,Default,Default,Default,Default,Default,Default,Default,Default,3,Default,1,Default,Default,Default,Default,Default,Default,Default,3,"ShortRun(IterationCount=3, LaunchCount=1, WarmupCount=3)",,1,Overhead,Actual,12,260410100,134217728,1.94,0,0,0,0
NoopBenchmarks.LibraryImport_Span,PInvokeBench,NoopBenchmarks,LibraryImport_Span,ShortRun,Default,Default,Default,Default,Default,Default,Default,Default,Default,Default,Default,Default,Default,Default,Default,Default,Default,Default,Default,Default,Default,Default,Default,Default,Default,Default,Default,Default,Default,Default,Default,3,Default,1,Default,Default,Default,Default,Default,Default,Default,3,"ShortRun(IterationCount=3, LaunchCount=1, WarmupCount=3)",,1,Overhead,Actual,13,261284000,134217728,1.95,0,0,0,0
NoopBenchmarks.LibraryImport_Span,PInvokeBench,NoopBenchmarks,LibraryImport_Span,ShortRun,Default,Default,Default,Default,Default,Default,Default,Default,Default,Default,Default,Default,Default,Default,Default,Default,Default,Default,Default,Default,Default,Default,Default,Default,Default,Default,Default,Default,Default,Default,Default,3,Default,1,Default,Default,Default,Default,Default,Default,Default,3,"ShortRun(IterationCount=3, LaunchCount=1, WarmupCount=3)",,1,Overhead,Actual,14,240831200,134217728,1.79,0,0,0,0
NoopBenchmarks.LibraryImport_Span,PInvokeBench,NoopBenchmarks,LibraryImport_Span,ShortRun,Default,Default,Default,Default,Default,Default,Default,Default,Default,Default,Default,Default,Default,Default,Default,Default,Default,Default,Default,Default,Default,Default,Default,Default,Default,Default,Default,Default,Default,Default,Default,3,Default,1,Default,Default,Default,Default,Default,Default,Default,3,"ShortRun(IterationCount=3, LaunchCount=1, WarmupCount=3)",,1,Overhead,Actual,15,241128500,134217728,1.8,0,0,0,0
NoopBenchmarks.LibraryImport_Span,PInvokeBench,NoopBenchmarks,LibraryImport_Span,ShortRun,Default,Default,Default,Default,Default,Default,Default,Default,Default,Default,Default,Default,Default,Default,Default,Default,Default,Default,Default,Default,Default,Default,Default,Default,Default,Default,Default,Default,Default,Default,Default,3,Default,1,Default,Default,Default,Default,Default,Default,Default,3,"ShortRun(IterationCount=3, LaunchCount=1, WarmupCount=3)",,1,Workload,Warmup,1,920623400,134217728,6.86,0,0,0,0
NoopBenchmarks.LibraryImport_Span,PInvokeBench,NoopBenchmarks,LibraryImport_Span,ShortRun,Default,Default,Default,Default,Default,Default,Default,Default,Default,Default,Default,Default,Default,Default,Default,Default,Default,Default,Default,Default,Default,Default,Default,Default,Default,Default,Default,Default,Default,Default,Default,3,Default,1,Default,Default,Default,Default,Default,Default,Default,3,"ShortRun(IterationCount=3, LaunchCount=1, WarmupCount=3)",,1,Workload,Warmup,2,923362700,134217728,6.88,0,0,0,0
NoopBenchmarks.LibraryImport_Span,PInvokeBench,NoopBenchmarks,LibraryImport_Span,ShortRun,Default,Default,Default,Default,Default,Default,Default,Default,Default,Default,Default,Default,Default,Default,Default,Default,Default,Default,Default,Default,Default,Default,Default,Default,Default,Default,Default,Default,Default,Default,Default,3,Default,1,Default,Default,Default,Default,Default,Default,Default,3,"ShortRun(IterationCount=3, LaunchCount=1, WarmupCount=3)",,1,Workload,Warmup,3,868255400,134217728,6.47,0,0,0,0
NoopBenchmarks.LibraryImport_Span,PInvokeBench,NoopBenchmarks,LibraryImport_Span,ShortRun,Default,Default,Default,Default,Default,Default,Default,Default,Default,Default,Default,Default,Default,Default,Default,Default,Default,Default,Default,Default,Default,Default,Default,Default,Default,Default,Default,Default,Default,Default,Default,3,Default,1,Default,Default,Default,Default,Default,Default,Default,3,"ShortRun(IterationCount=3, LaunchCount=1, WarmupCount=3)",,1,Workload,Actual,1,980129200,134217728,7.3,0,0,0,0
NoopBenchmarks.LibraryImport_Span,PInvokeBench,NoopBenchmarks,LibraryImport_Span,ShortRun,Default,Default,Default,Default,Default,Default,Default,Default,Default,Default,Default,Default,Default,Default,Default,Default,Default,Default,Default,Default,Default,Default,Default,Default,Default,Default,Default,Default,Default,Default,Default,3,Default,1,Default,Default,Default,Default,Default,Default,Default,3,"ShortRun(IterationCount=3, LaunchCount=1, WarmupCount=3)",,1,Workload,Actual,2,919950100,134217728,6.85,0,0,0,0
NoopBenchmarks.LibraryImport_Span,PInvokeBench,NoopBenchmarks,LibraryImport_Span,ShortRun,Default,Default,Default,Default,Default,Default,Default,Default,Default,Default,Default,Default,Default,Default,Default,Default,Default,Default,Default,Default,Default,Default,Default,Default,Default,Default,Default,Default,Default,Default,Default,3,Default,1,Default,Default,Default,Default,Default,Default,Default,3,"ShortRun(IterationCount=3, LaunchCount=1, WarmupCount=3)",,1,Workload,Actual,3,880620400,134217728,6.56,0,0,0,0
NoopBenchmarks.LibraryImport_Span,PInvokeBench,NoopBenchmarks,LibraryImport_Span,ShortRun,Default,Default,Default,Default,Default,Default,Default,Default,Default,Default,Default,Default,Default,Default,Default,Default,Default,Default,Default,Default,Default,Default,Default,Default,Default,Default,Default,Default,Default,Default,Default,3,Default,1,Default,Default,Default,Default,Default,Default,Default,3,"ShortRun(IterationCount=3, LaunchCount=1, WarmupCount=3)",,1,Workload,Result,1,723277000,134217728,5.39,0,0,0,0
NoopBenchmarks.LibraryImport_Span,PInvokeBench,NoopBenchmarks,LibraryImport_Span,ShortRun,Default,Default,Default,Default,Default,Default,Default,Default,Default,Default,Default,Default,Default,Default,Default,Default,Default,Default,Default,Default,Default,Default,Default,Default,Default,Default,Default,Default,Default,Default,Default,3,Default,1,Default,Default,Default,Default,Default,Default,Default,3,"ShortRun(IterationCount=3, LaunchCount=1, WarmupCount=3)",,1,Workload,Result,2,663097900,134217728,4.94,0,0,0,0
NoopBenchmarks.LibraryImport_Span,PInvokeBench,NoopBenchmarks,LibraryImport_Span,ShortRun,Default,Default,Default,Default,Default,Default,Default,Default,Default,Default,Default,Default,Default,Default,Default,Default,Default,Default,Default,Default,Default,Default,Default,Default,Default,Default,Default,Default,Default,Default,Default,3,Default,1,Default,Default,Default,Default,Default,Default,Default,3,"ShortRun(IterationCount=3, LaunchCount=1, WarmupCount=3)",,1,Workload,Result,3,623768200,134217728,4.65,0,0,0,0
NoopBenchmarks.LibraryImport_Span_SuppressGC,PInvokeBench,NoopBenchmarks,LibraryImport_Span_SuppressGC,ShortRun,Default,Default,Default,Default,Default,Default,Default,Default,Default,Default,Default,Default,Default,Default,Default,Default,Default,Default,Default,Default,Default,Default,Default,Default,Default,Default,Default,Default,Default,Default,Default,3,Default,1,Default,Default,Default,Default,Default,Default,Default,3,"ShortRun(IterationCount=3, LaunchCount=1, WarmupCount=3)",,1,Overhead,Jitting,1,840600,1,840600,0,0,0,0
NoopBenchmarks.LibraryImport_Span_SuppressGC,PInvokeBench,NoopBenchmarks,LibraryImport_Span_SuppressGC,ShortRun,Default,Default,Default,Default,Default,Default,Default,Default,Default,Default,Default,Default,Default,Default,Default,Default,Default,Default,Default,Default,Default,Default,Default,Default,Default,Default,Default,Default,Default,Default,Default,3,Default,1,Default,Default,Default,Default,Default,Default,Default,3,"ShortRun(IterationCount=3, LaunchCount=1, WarmupCount=3)",,1,Workload,Jitting,1,633300,1,633300,0,0,0,0
NoopBenchmarks.LibraryImport_Span_SuppressGC,PInvokeBench,NoopBenchmarks,LibraryImport_Span_SuppressGC,ShortRun,Default,Default,Default,Default,Default,Default,Default,Default,Default,Default,Default,Default,Default,Default,Default,Default,Default,Default,Default,Default,Default,Default,Default,Default,Default,Default,Default,Default,Default,Default,Default,3,Default,1,Default,Default,Default,Default,Default,Default,Default,3,"ShortRun(IterationCount=3, LaunchCount=1, WarmupCount=3)",,1,Overhead,Jitting,2,292300,16,18268.75,0,0,0,0
NoopBenchmarks.LibraryImport_Span_SuppressGC,PInvokeBench,NoopBenchmarks,LibraryImport_Span_SuppressGC,ShortRun,Default,Default,Default,Default,Default,Default,Default,Default,Default,Default,Default,Default,Default,Default,Default,Default,Default,Default,Default,Default,Default,Default,Default,Default,Default,Default,Default,Default,Default,Default,Default,3,Default,1,Default,Default,Default,Default,Default,Default,Default,3,"ShortRun(IterationCount=3, LaunchCount=1, WarmupCount=3)",,1,Workload,Jitting,2,295100,16,18443.75,0,0,0,0
NoopBenchmarks.LibraryImport_Span_SuppressGC,PInvokeBench,NoopBenchmarks,LibraryImport_Span_SuppressGC,ShortRun,Default,Default,Default,Default,Default,Default,Default,Default,Default,Default,Default,Default,Default,Default,Default,Default,Default,Default,Default,Default,Default,Default,Default,Default,Default,Default,Default,Default,Default,Default,Default,3,Default,1,Default,Default,Default,Default,Default,Default,Default,3,"ShortRun(IterationCount=3, LaunchCount=1, WarmupCount=3)",,1,Workload,Pilot,1,600,16,37.5,0,0,0,0
NoopBenchmarks.LibraryImport_Span_SuppressGC,PInvokeBench,NoopBenchmarks,LibraryImport_Span_SuppressGC,ShortRun,Default,Default,Default,Default,Default,Default,Default,Default,Default,Default,Default,Default,Default,Default,Default,Default,Default,Default,Default,Default,Default,Default,Default,Default,Default,Default,Default,Default,Default,Default,Default,3,Default,1,Default,Default,Default,Default,Default,Default,Default,3,"ShortRun(IterationCount=3, LaunchCount=1, WarmupCount=3)",,1,Workload,Pilot,2,900,32,28.13,0,0,0,0
NoopBenchmarks.LibraryImport_Span_SuppressGC,PInvokeBench,NoopBenchmarks,LibraryImport_Span_SuppressGC,ShortRun,Default,Default,Default,Default,Default,Default,Default,Default,Default,Default,Default,Default,Default,Default,Default,Default,Default,Default,Default,Default,Default,Default,Default,Default,Default,Default,Default,Default,Default,Default,Default,3,Default,1,Default,Default,Default,Default,Default,Default,Default,3,"ShortRun(IterationCount=3, LaunchCount=1, WarmupCount=3)",,1,Workload,Pilot,3,1200,64,18.75,0,0,0,0
NoopBenchmarks.LibraryImport_Span_SuppressGC,PInvokeBench,NoopBenchmarks,LibraryImport_Span_SuppressGC,ShortRun,Default,Default,Default,Default,Default,Default,Default,Default,Default,Default,Default,Default,Default,Default,Default,Default,Default,Default,Default,Default,Default,Default,Default,Default,Default,Default,Default,Default,Default,Default,Default,3,Default,1,Default,Default,Default,Default,Default,Default,Default,3,"ShortRun(IterationCount=3, LaunchCount=1, WarmupCount=3)",,1,Workload,Pilot,4,2100,128,16.41,0,0,0,0
NoopBenchmarks.LibraryImport_Span_SuppressGC,PInvokeBench,NoopBenchmarks,LibraryImport_Span_SuppressGC,ShortRun,Default,Default,Default,Default,Default,Default,Default,Default,Default,Default,Default,Default,Default,Default,Default,Default,Default,Default,Default,Default,Default,Default,Default,Default,Default,Default,Default,Default,Default,Default,Default,3,Default,1,Default,Default,Default,Default,Default,Default,Default,3,"ShortRun(IterationCount=3, LaunchCount=1, WarmupCount=3)",,1,Workload,Pilot,5,4000,256,15.63,0,0,0,0
NoopBenchmarks.LibraryImport_Span_SuppressGC,PInvokeBench,NoopBenchmarks,LibraryImport_Span_SuppressGC,ShortRun,Default,Default,Default,Default,Default,Default,Default,Default,Default,Default,Default,Default,Default,Default,Default,Default,Default,Default,Default,Default,Default,Default,Default,Default,Default,Default,Default,Default,Default,Default,Default,3,Default,1,Default,Default,Default,Default,Default,Default,Default,3,"ShortRun(IterationCount=3, LaunchCount=1, WarmupCount=3)",,1,Workload,Pilot,6,7700,512,15.04,0,0,0,0
NoopBenchmarks.LibraryImport_Span_SuppressGC,PInvokeBench,NoopBenchmarks,LibraryImport_Span_SuppressGC,ShortRun,Default,Default,Default,Default,Default,Default,Default,Default,Default,Default,Default,Default,Default,Default,Default,Default,Default,Default,Default,Default,Default,Default,Default,Default,Default,Default,Default,Default,Default,Default,Default,3,Default,1,Default,Default,Default,Default,Default,Default,Default,3,"ShortRun(IterationCount=3, LaunchCount=1, WarmupCount=3)",,1,Workload,Pilot,7,11800,1024,11.52,0,0,0,0
NoopBenchmarks.LibraryImport_Span_SuppressGC,PInvokeBench,NoopBenchmarks,LibraryImport_Span_SuppressGC,ShortRun,Default,Default,Default,Default,Default,Default,Default,Default,Default,Default,Default,Default,Default,Default,Default,Default,Default,Default,Default,Default,Default,Default,Default,Default,Default,Default,Default,Default,Default,Default,Default,3,Default,1,Default,Default,Default,Default,Default,Default,Default,3,"ShortRun(IterationCount=3, LaunchCount=1, WarmupCount=3)",,1,Workload,Pilot,8,22600,2048,11.04,0,0,0,0
NoopBenchmarks.LibraryImport_Span_SuppressGC,PInvokeBench,NoopBenchmarks,LibraryImport_Span_SuppressGC,ShortRun,Default,Default,Default,Default,Default,Default,Default,Default,Default,Default,Default,Default,Default,Default,Default,Default,Default,Default,Default,Default,Default,Default,Default,Default,Default,Default,Default,Default,Default,Default,Default,3,Default,1,Default,Default,Default,Default,Default,Default,Default,3,"ShortRun(IterationCount=3, LaunchCount=1, WarmupCount=3)",,1,Workload,Pilot,9,44600,4096,10.89,0,0,0,0
NoopBenchmarks.LibraryImport_Span_SuppressGC,PInvokeBench,NoopBenchmarks,LibraryImport_Span_SuppressGC,ShortRun,Default,Default,Default,Default,Default,Default,Default,Default,Default,Default,Default,Default,Default,Default,Default,Default,Default,Default,Default,Default,Default,Default,Default,Default,Default,Default,Default,Default,Default,Default,Default,3,Default,1,Default,Default,Default,Default,Default,Default,Default,3,"ShortRun(IterationCount=3, LaunchCount=1, WarmupCount=3)",,1,Workload,Pilot,10,117100,8192,14.29,0,0,0,0
NoopBenchmarks.LibraryImport_Span_SuppressGC,PInvokeBench,NoopBenchmarks,LibraryImport_Span_SuppressGC,ShortRun,Default,Default,Default,Default,Default,Default,Default,Default,Default,Default,Default,Default,Default,Default,Default,Default,Default,Default,Default,Default,Default,Default,Default,Default,Default,Default,Default,Default,Default,Default,Default,3,Default,1,Default,Default,Default,Default,Default,Default,Default,3,"ShortRun(IterationCount=3, LaunchCount=1, WarmupCount=3)",,1,Workload,Pilot,11,177200,16384,10.82,0,0,0,0
NoopBenchmarks.LibraryImport_Span_SuppressGC,PInvokeBench,NoopBenchmarks,LibraryImport_Span_SuppressGC,ShortRun,Default,Default,Default,Default,Default,Default,Default,Default,Default,Default,Default,Default,Default,Default,Default,Default,Default,Default,Default,Default,Default,Default,Default,Default,Default,Default,Default,Default,Default,Default,Default,3,Default,1,Default,Default,Default,Default,Default,Default,Default,3,"ShortRun(IterationCount=3, LaunchCount=1, WarmupCount=3)",,1,Workload,Pilot,12,360700,32768,11.01,0,0,0,0
NoopBenchmarks.LibraryImport_Span_SuppressGC,PInvokeBench,NoopBenchmarks,LibraryImport_Span_SuppressGC,ShortRun,Default,Default,Default,Default,Default,Default,Default,Default,Default,Default,Default,Default,Default,Default,Default,Default,Default,Default,Default,Default,Default,Default,Default,Default,Default,Default,Default,Default,Default,Default,Default,3,Default,1,Default,Default,Default,Default,Default,Default,Default,3,"ShortRun(IterationCount=3, LaunchCount=1, WarmupCount=3)",,1,Workload,Pilot,13,948300,65536,14.47,0,0,0,0
NoopBenchmarks.LibraryImport_Span_SuppressGC,PInvokeBench,NoopBenchmarks,LibraryImport_Span_SuppressGC,ShortRun,Default,Default,Default,Default,Default,Default,Default,Default,Default,Default,Default,Default,Default,Default,Default,Default,Default,Default,Default,Default,Default,Default,Default,Default,Default,Default,Default,Default,Default,Default,Default,3,Default,1,Default,Default,Default,Default,Default,Default,Default,3,"ShortRun(IterationCount=3, LaunchCount=1, WarmupCount=3)",,1,Workload,Pilot,14,1901000,131072,14.5,0,0,0,0
NoopBenchmarks.LibraryImport_Span_SuppressGC,PInvokeBench,NoopBenchmarks,LibraryImport_Span_SuppressGC,ShortRun,Default,Default,Default,Default,Default,Default,Default,Default,Default,Default,Default,Default,Default,Default,Default,Default,Default,Default,Default,Default,Default,Default,Default,Default,Default,Default,Default,Default,Default,Default,Default,3,Default,1,Default,Default,Default,Default,Default,Default,Default,3,"ShortRun(IterationCount=3, LaunchCount=1, WarmupCount=3)",,1,Workload,Pilot,15,2845500,262144,10.85,0,0,0,0
NoopBenchmarks.LibraryImport_Span_SuppressGC,PInvokeBench,NoopBenchmarks,LibraryImport_Span_SuppressGC,ShortRun,Default,Default,Default,Default,Default,Default,Default,Default,Default,Default,Default,Default,Default,Default,Default,Default,Default,Default,Default,Default,Default,Default,Default,Default,Default,Default,Default,Default,Default,Default,Default,3,Default,1,Default,Default,Default,Default,Default,Default,Default,3,"ShortRun(IterationCount=3, LaunchCount=1, WarmupCount=3)",,1,Workload,Pilot,16,5925100,524288,11.3,0,0,0,0
NoopBenchmarks.LibraryImport_Span_SuppressGC,PInvokeBench,NoopBenchmarks,LibraryImport_Span_SuppressGC,ShortRun,Default,Default,Default,Default,Default,Default,Default,Default,Default,Default,Default,Default,Default,Default,Default,Default,Default,Default,Default,Default,Default,Default,Default,Default,Default,Default,Default,Default,Default,Default,Default,3,Default,1,Default,Default,Default,Default,Default,Default,Default,3,"ShortRun(IterationCount=3, LaunchCount=1, WarmupCount=3)",,1,Workload,Pilot,17,11789000,1048576,11.24,0,0,0,0
NoopBenchmarks.LibraryImport_Span_SuppressGC,PInvokeBench,NoopBenchmarks,LibraryImport_Span_SuppressGC,ShortRun,Default,Default,Default,Default,Default,Default,Default,Default,Default,Default,Default,Default,Default,Default,Default,Default,Default,Default,Default,Default,Default,Default,Default,Default,Default,Default,Default,Default,Default,Default,Default,3,Default,1,Default,Default,Default,Default,Default,Default,Default,3,"ShortRun(IterationCount=3, LaunchCount=1, WarmupCount=3)",,1,Workload,Pilot,18,25671900,2097152,12.24,0,0,0,0
NoopBenchmarks.LibraryImport_Span_SuppressGC,PInvokeBench,NoopBenchmarks,LibraryImport_Span_SuppressGC,ShortRun,Default,Default,Default,Default,Default,Default,Default,Default,Default,Default,Default,Default,Default,Default,Default,Default,Default,Default,Default,Default,Default,Default,Default,Default,Default,Default,Default,Default,Default,Default,Default,3,Default,1,Default,Default,Default,Default,Default,Default,Default,3,"ShortRun(IterationCount=3, LaunchCount=1, WarmupCount=3)",,1,Workload,Pilot,19,55668800,4194304,13.27,0,0,0,0
NoopBenchmarks.LibraryImport_Span_SuppressGC,PInvokeBench,NoopBenchmarks,LibraryImport_Span_SuppressGC,ShortRun,Default,Default,Default,Default,Default,Default,Default,Default,Default,Default,Default,Default,Default,Default,Default,Default,Default,Default,Default,Default,Default,Default,Default,Default,Default,Default,Default,Default,Default,Default,Default,3,Default,1,Default,Default,Default,Default,Default,Default,Default,3,"ShortRun(IterationCount=3, LaunchCount=1, WarmupCount=3)",,1,Workload,Pilot,20,50512000,8388608,6.02,0,0,0,0
NoopBenchmarks.LibraryImport_Span_SuppressGC,PInvokeBench,NoopBenchmarks,LibraryImport_Span_SuppressGC,ShortRun,Default,Default,Default,Default,Default,Default,Default,Default,Default,Default,Default,Default,Default,Default,Default,Default,Default,Default,Default,Default,Default,Default,Default,Default,Default,Default,Default,Default,Default,Default,Default,3,Default,1,Default,Default,Default,Default,Default,Default,Default,3,"ShortRun(IterationCount=3, LaunchCount=1, WarmupCount=3)",,1,Workload,Pilot,21,53817100,16777216,3.21,0,0,0,0
NoopBenchmarks.LibraryImport_Span_SuppressGC,PInvokeBench,NoopBenchmarks,LibraryImport_Span_SuppressGC,ShortRun,Default,Default,Default,Default,Default,Default,Default,Default,Default,Default,Default,Default,Default,Default,Default,Default,Default,Default,Default,Default,Default,Default,Default,Default,Default,Default,Default,Default,Default,Default,Default,3,Default,1,Default,Default,Default,Default,Default,Default,Default,3,"ShortRun(IterationCount=3, LaunchCount=1, WarmupCount=3)",,1,Workload,Pilot,22,104655000,33554432,3.12,0,0,0,0
NoopBenchmarks.LibraryImport_Span_SuppressGC,PInvokeBench,NoopBenchmarks,LibraryImport_Span_SuppressGC,ShortRun,Default,Default,Default,Default,Default,Default,Default,Default,Default,Default,Default,Default,Default,Default,Default,Default,Default,Default,Default,Default,Default,Default,Default,Default,Default,Default,Default,Default,Default,Default,Default,3,Default,1,Default,Default,Default,Default,Default,Default,Default,3,"ShortRun(IterationCount=3, LaunchCount=1, WarmupCount=3)",,1,Workload,Pilot,23,205137600,67108864,3.06,0,0,0,0
NoopBenchmarks.LibraryImport_Span_SuppressGC,PInvokeBench,NoopBenchmarks,LibraryImport_Span_SuppressGC,ShortRun,Default,Default,Default,Default,Default,Default,Default,Default,Default,Default,Default,Default,Default,Default,Default,Default,Default,Default,Default,Default,Default,Default,Default,Default,Default,Default,Default,Default,Default,Default,Default,3,Default,1,Default,Default,Default,Default,Default,Default,Default,3,"ShortRun(IterationCount=3, LaunchCount=1, WarmupCount=3)",,1,Workload,Pilot,24,410429100,134217728,3.06,0,0,0,0
NoopBenchmarks.LibraryImport_Span_SuppressGC,PInvokeBench,NoopBenchmarks,LibraryImport_Span_SuppressGC,ShortRun,Default,Default,Default,Default,Default,Default,Default,Default,Default,Default,Default,Default,Default,Default,Default,Default,Default,Default,Default,Default,Default,Default,Default,Default,Default,Default,Default,Default,Default,Default,Default,3,Default,1,Default,Default,Default,Default,Default,Default,Default,3,"ShortRun(IterationCount=3, LaunchCount=1, WarmupCount=3)",,1,Workload,Pilot,25,812709400,268435456,3.03,0,0,0,0
NoopBenchmarks.LibraryImport_Span_SuppressGC,PInvokeBench,NoopBenchmarks,LibraryImport_Span_SuppressGC,ShortRun,Default,Default,Default,Default,Default,Default,Default,Default,Default,Default,Default,Default,Default,Default,Default,Default,Default,Default,Default,Default,Default,Default,Default,Default,Default,Default,Default,Default,Default,Default,Default,3,Default,1,Default,Default,Default,Default,Default,Default,Default,3,"ShortRun(IterationCount=3, LaunchCount=1, WarmupCount=3)",,1,Overhead,Warmup,1,563517600,268435456,2.1,0,0,0,0
NoopBenchmarks.LibraryImport_Span_SuppressGC,PInvokeBench,NoopBenchmarks,LibraryImport_Span_SuppressGC,ShortRun,Default,Default,Default,Default,Default,Default,Default,Default,Default,Default,Default,Default,Default,Default,Default,Default,Default,Default,Default,Default,Default,Default,Default,Default,Default,Default,Default,Default,Default,Default,Default,3,Default,1,Default,Default,Default,Default,Default,Default,Default,3,"ShortRun(IterationCount=3, LaunchCount=1, WarmupCount=3)",,1,Overhead,Warmup,2,500841900,268435456,1.87,0,0,0,0
NoopBenchmarks.LibraryImport_Span_SuppressGC,PInvokeBench,NoopBenchmarks,LibraryImport_Span_SuppressGC,ShortRun,Default,Default,Default,Default,Default,Default,Default,Default,Default,Default,Default,Default,Default,Default,Default,Default,Default,Default,Default,Default,Default,Default,Default,Default,Default,Default,Default,Default,Default,Default,Default,3,Default,1,Default,Default,Default,Default,Default,Default,Default,3,"ShortRun(IterationCount=3, LaunchCount=1, WarmupCount=3)",,1,Overhead,Warmup,3,500542400,268435456,1.86,0,0,0,0
NoopBenchmarks.LibraryImport_Span_SuppressGC,PInvokeBench,NoopBenchmarks,LibraryImport_Span_SuppressGC,ShortRun,Default,Default,Default,Default,Default,Default,Default,Default,Default,Default,Default,Default,Default,Default,Default,Default,Default,Default,Default,Default,Default,Default,Default,Default,Default,Default,Default,Default,Default,Default,Default,3,Default,1,Default,Default,Default,Default,Default,Default,Default,3,"ShortRun(IterationCount=3, LaunchCount=1, WarmupCount=3)",,1,Overhead,Warmup,4,599594800,268435456,2.23,0,0,0,0
NoopBenchmarks.LibraryImport_Span_SuppressGC,PInvokeBench,NoopBenchmarks,LibraryImport_Span_SuppressGC,ShortRun,Default,Default,Default,Default,Default,Default,Default,Default,Default,Default,Default,Default,Default,Default,Default,Default,Default,Default,Default,Default,Default,Default,Default,Default,Default,Default,Default,Default,Default,Default,Default,3,Default,1,Default,Default,Default,Default,Default,Default,Default,3,"ShortRun(IterationCount=3, LaunchCount=1, WarmupCount=3)",,1,Overhead,Warmup,5,527337100,268435456,1.96,0,0,0,0
NoopBenchmarks.LibraryImport_Span_SuppressGC,PInvokeBench,NoopBenchmarks,LibraryImport_Span_SuppressGC,ShortRun,Default,Default,Default,Default,Default,Default,Default,Default,Default,Default,Default,Default,Default,Default,Default,Default,Default,Default,Default,Default,Default,Default,Default,Default,Default,Default,Default,Default,Default,Default,Default,3,Default,1,Default,Default,Default,Default,Default,Default,Default,3,"ShortRun(IterationCount=3, LaunchCount=1, WarmupCount=3)",,1,Overhead,Warmup,6,506680900,268435456,1.89,0,0,0,0
NoopBenchmarks.LibraryImport_Span_SuppressGC,PInvokeBench,NoopBenchmarks,LibraryImport_Span_SuppressGC,ShortRun,Default,Default,Default,Default,Default,Default,Default,Default,Default,Default,Default,Default,Default,Default,Default,Default,Default,Default,Default,Default,Default,Default,Default,Default,Default,Default,Default,Default,Default,Default,Default,3,Default,1,Default,Default,Default,Default,Default,Default,Default,3,"ShortRun(IterationCount=3, LaunchCount=1, WarmupCount=3)",,1,Overhead,Warmup,7,495522200,268435456,1.85,0,0,0,0
NoopBenchmarks.LibraryImport_Span_SuppressGC,PInvokeBench,NoopBenchmarks,LibraryImport_Span_SuppressGC,ShortRun,Default,Default,Default,Default,Default,Default,Default,Default,Default,Default,Default,Default,Default,Default,Default,Default,Default,Default,Default,Default,Default,Default,Default,Default,Default,Default,Default,Default,Default,Default,Default,3,Default,1,Default,Default,Default,Default,Default,Default,Default,3,"ShortRun(IterationCount=3, LaunchCount=1, WarmupCount=3)",,1,Overhead,Warmup,8,500087200,268435456,1.86,0,0,0,0
NoopBenchmarks.LibraryImport_Span_SuppressGC,PInvokeBench,NoopBenchmarks,LibraryImport_Span_SuppressGC,ShortRun,Default,Default,Default,Default,Default,Default,Default,Default,Default,Default,Default,Default,Default,Default,Default,Default,Default,Default,Default,Default,Default,Default,Default,Default,Default,Default,Default,Default,Default,Default,Default,3,Default,1,Default,Default,Default,Default,Default,Default,Default,3,"ShortRun(IterationCount=3, LaunchCount=1, WarmupCount=3)",,1,Overhead,Warmup,9,495989500,268435456,1.85,0,0,0,0
NoopBenchmarks.LibraryImport_Span_SuppressGC,PInvokeBench,NoopBenchmarks,LibraryImport_Span_SuppressGC,ShortRun,Default,Default,Default,Default,Default,Default,Default,Default,Default,Default,Default,Default,Default,Default,Default,Default,Default,Default,Default,Default,Default,Default,Default,Default,Default,Default,Default,Default,Default,Default,Default,3,Default,1,Default,Default,Default,Default,Default,Default,Default,3,"ShortRun(IterationCount=3, LaunchCount=1, WarmupCount=3)",,1,Overhead,Actual,1,516270600,268435456,1.92,0,0,0,0
NoopBenchmarks.LibraryImport_Span_SuppressGC,PInvokeBench,NoopBenchmarks,LibraryImport_Span_SuppressGC,ShortRun,Default,Default,Default,Default,Default,Default,Default,Default,Default,Default,Default,Default,Default,Default,Default,Default,Default,Default,Default,Default,Default,Default,Default,Default,Default,Default,Default,Default,Default,Default,Default,3,Default,1,Default,Default,Default,Default,Default,Default,Default,3,"ShortRun(IterationCount=3, LaunchCount=1, WarmupCount=3)",,1,Overhead,Actual,2,509782700,268435456,1.9,0,0,0,0
NoopBenchmarks.LibraryImport_Span_SuppressGC,PInvokeBench,NoopBenchmarks,LibraryImport_Span_SuppressGC,ShortRun,Default,Default,Default,Default,Default,Default,Default,Default,Default,Default,Default,Default,Default,Default,Default,Default,Default,Default,Default,Default,Default,Default,Default,Default,Default,Default,Default,Default,Default,Default,Default,3,Default,1,Default,Default,Default,Default,Default,Default,Default,3,"ShortRun(IterationCount=3, LaunchCount=1, WarmupCount=3)",,1,Overhead,Actual,3,516947900,268435456,1.93,0,0,0,0
NoopBenchmarks.LibraryImport_Span_SuppressGC,PInvokeBench,NoopBenchmarks,LibraryImport_Span_SuppressGC,ShortRun,Default,Default,Default,Default,Default,Default,Default,Default,Default,Default,Default,Default,Default,Default,Default,Default,Default,Default,Default,Default,Default,Default,Default,Default,Default,Default,Default,Default,Default,Default,Default,3,Default,1,Default,Default,Default,Default,Default,Default,Default,3,"ShortRun(IterationCount=3, LaunchCount=1, WarmupCount=3)",,1,Overhead,Actual,4,491960000,268435456,1.83,0,0,0,0
NoopBenchmarks.LibraryImport_Span_SuppressGC,PInvokeBench,NoopBenchmarks,LibraryImport_Span_SuppressGC,ShortRun,Default,Default,Default,Default,Default,Default,Default,Default,Default,Default,Default,Default,Default,Default,Default,Default,Default,Default,Default,Default,Default,Default,Default,Default,Default,Default,Default,Default,Default,Default,Default,3,Default,1,Default,Default,Default,Default,Default,Default,Default,3,"ShortRun(IterationCount=3, LaunchCount=1, WarmupCount=3)",,1,Overhead,Actual,5,495043800,268435456,1.84,0,0,0,0
NoopBenchmarks.LibraryImport_Span_SuppressGC,PInvokeBench,NoopBenchmarks,LibraryImport_Span_SuppressGC,ShortRun,Default,Default,Default,Default,Default,Default,Default,Default,Default,Default,Default,Default,Default,Default,Default,Default,Default,Default,Default,Default,Default,Default,Default,Default,Default,Default,Default,Default,Default,Default,Default,3,Default,1,Default,Default,Default,Default,Default,Default,Default,3,"ShortRun(IterationCount=3, LaunchCount=1, WarmupCount=3)",,1,Overhead,Actual,6,524602400,268435456,1.95,0,0,0,0
NoopBenchmarks.LibraryImport_Span_SuppressGC,PInvokeBench,NoopBenchmarks,LibraryImport_Span_SuppressGC,ShortRun,Default,Default,Default,Default,Default,Default,Default,Default,Default,Default,Default,Default,Default,Default,Default,Default,Default,Default,Default,Default,Default,Default,Default,Default,Default,Default,Default,Default,Default,Default,Default,3,Default,1,Default,Default,Default,Default,Default,Default,Default,3,"ShortRun(IterationCount=3, LaunchCount=1, WarmupCount=3)",,1,Overhead,Actual,7,494198400,268435456,1.84,0,0,0,0
NoopBenchmarks.LibraryImport_Span_SuppressGC,PInvokeBench,NoopBenchmarks,LibraryImport_Span_SuppressGC,ShortRun,Default,Default,Default,Default,Default,Default,Default,Default,Default,Default,Default,Default,Default,Default,Default,Default,Default,Default,Default,Default,Default,Default,Default,Default,Default,Default,Default,Default,Default,Default,Default,3,Default,1,Default,Default,Default,Default,Default,Default,Default,3,"ShortRun(IterationCount=3, LaunchCount=1, WarmupCount=3)",,1,Overhead,Actual,8,513205200,268435456,1.91,0,0,0,0
NoopBenchmarks.LibraryImport_Span_SuppressGC,PInvokeBench,NoopBenchmarks,LibraryImport_Span_SuppressGC,ShortRun,Default,Default,Default,Default,Default,Default,Default,Default,Default,Default,Default,Default,Default,Default,Default,Default,Default,Default,Default,Default,Default,Default,Default,Default,Default,Default,Default,Default,Default,Default,Default,3,Default,1,Default,Default,Default,Default,Default,Default,Default,3,"ShortRun(IterationCount=3, LaunchCount=1, WarmupCount=3)",,1,Overhead,Actual,9,505252100,268435456,1.88,0,0,0,0
NoopBenchmarks.LibraryImport_Span_SuppressGC,PInvokeBench,NoopBenchmarks,LibraryImport_Span_SuppressGC,ShortRun,Default,Default,Default,Default,Default,Default,Default,Default,Default,Default,Default,Default,Default,Default,Default,Default,Default,Default,Default,Default,Default,Default,Default,Default,Default,Default,Default,Default,Default,Default,Default,3,Default,1,Default,Default,Default,Default,Default,Default,Default,3,"ShortRun(IterationCount=3, LaunchCount=1, WarmupCount=3)",,1,Overhead,Actual,10,497013200,268435456,1.85,0,0,0,0
NoopBenchmarks.LibraryImport_Span_SuppressGC,PInvokeBench,NoopBenchmarks,LibraryImport_Span_SuppressGC,ShortRun,Default,Default,Default,Default,Default,Default,Default,Default,Default,Default,Default,Default,Default,Default,Default,Default,Default,Default,Default,Default,Default,Default,Default,Default,Default,Default,Default,Default,Default,Default,Default,3,Default,1,Default,Default,Default,Default,Default,Default,Default,3,"ShortRun(IterationCount=3, LaunchCount=1, WarmupCount=3)",,1,Overhead,Actual,11,500786300,268435456,1.87,0,0,0,0
NoopBenchmarks.LibraryImport_Span_SuppressGC,PInvokeBench,NoopBenchmarks,LibraryImport_Span_SuppressGC,ShortRun,Default,Default,Default,Default,Default,Default,Default,Default,Default,Default,Default,Default,Default,Default,Default,Default,Default,Default,Default,Default,Default,Default,Default,Default,Default,Default,Default,Default,Default,Default,Default,3,Default,1,Default,Default,Default,Default,Default,Default,Default,3,"ShortRun(IterationCount=3, LaunchCount=1, WarmupCount=3)",,1,Overhead,Actual,12,526471400,268435456,1.96,0,0,0,0
NoopBenchmarks.LibraryImport_Span_SuppressGC,PInvokeBench,NoopBenchmarks,LibraryImport_Span_SuppressGC,ShortRun,Default,Default,Default,Default,Default,Default,Default,Default,Default,Default,Default,Default,Default,Default,Default,Default,Default,Default,Default,Default,Default,Default,Default,Default,Default,Default,Default,Default,Default,Default,Default,3,Default,1,Default,Default,Default,Default,Default,Default,Default,3,"ShortRun(IterationCount=3, LaunchCount=1, WarmupCount=3)",,1,Overhead,Actual,13,513828300,268435456,1.91,0,0,0,0
NoopBenchmarks.LibraryImport_Span_SuppressGC,PInvokeBench,NoopBenchmarks,LibraryImport_Span_SuppressGC,ShortRun,Default,Default,Default,Default,Default,Default,Default,Default,Default,Default,Default,Default,Default,Default,Default,Default,Default,Default,Default,Default,Default,Default,Default,Default,Default,Default,Default,Default,Default,Default,Default,3,Default,1,Default,Default,Default,Default,Default,Default,Default,3,"ShortRun(IterationCount=3, LaunchCount=1, WarmupCount=3)",,1,Overhead,Actual,14,493376700,268435456,1.84,0,0,0,0
NoopBenchmarks.LibraryImport_Span_SuppressGC,PInvokeBench,NoopBenchmarks,LibraryImport_Span_SuppressGC,ShortRun,Default,Default,Default,Default,Default,Default,Default,Default,Default,Default,Default,Default,Default,Default,Default,Default,Default,Default,Default,Default,Default,Default,Default,Default,Default,Default,Default,Default,Default,Default,Default,3,Default,1,Default,Default,Default,Default,Default,Default,Default,3,"ShortRun(IterationCount=3, LaunchCount=1, WarmupCount=3)",,1,Overhead,Actual,15,496439200,268435456,1.85,0,0,0,0
NoopBenchmarks.LibraryImport_Span_SuppressGC,PInvokeBench,NoopBenchmarks,LibraryImport_Span_SuppressGC,ShortRun,Default,Default,Default,Default,Default,Default,Default,Default,Default,Default,Default,Default,Default,Default,Default,Default,Default,Default,Default,Default,Default,Default,Default,Default,Default,Default,Default,Default,Default,Default,Default,3,Default,1,Default,Default,Default,Default,Default,Default,Default,3,"ShortRun(IterationCount=3, LaunchCount=1, WarmupCount=3)",,1,Workload,Warmup,1,802054000,268435456,2.99,0,0,0,0
NoopBenchmarks.LibraryImport_Span_SuppressGC,PInvokeBench,NoopBenchmarks,LibraryImport_Span_SuppressGC,ShortRun,Default,Default,Default,Default,Default,Default,Default,Default,Default,Default,Default,Default,Default,Default,Default,Default,Default,Default,Default,Default,Default,Default,Default,Default,Default,Default,Default,Default,Default,Default,Default,3,Default,1,Default,Default,Default,Default,Default,Default,Default,3,"ShortRun(IterationCount=3, LaunchCount=1, WarmupCount=3)",,1,Workload,Warmup,2,813247700,268435456,3.03,0,0,0,0
NoopBenchmarks.LibraryImport_Span_SuppressGC,PInvokeBench,NoopBenchmarks,LibraryImport_Span_SuppressGC,ShortRun,Default,Default,Default,Default,Default,Default,Default,Default,Default,Default,Default,Default,Default,Default,Default,Default,Default,Default,Default,Default,Default,Default,Default,Default,Default,Default,Default,Default,Default,Default,Default,3,Default,1,Default,Default,Default,Default,Default,Default,Default,3,"ShortRun(IterationCount=3, LaunchCount=1, WarmupCount=3)",,1,Workload,Warmup,3,819602300,268435456,3.05,0,0,0,0
NoopBenchmarks.LibraryImport_Span_SuppressGC,PInvokeBench,NoopBenchmarks,LibraryImport_Span_SuppressGC,ShortRun,Default,Default,Default,Default,Default,Default,Default,Default,Default,Default,Default,Default,Default,Default,Default,Default,Default,Default,Default,Default,Default,Default,Default,Default,Default,Default,Default,Default,Default,Default,Default,3,Default,1,Default,Default,Default,Default,Default,Default,Default,3,"ShortRun(IterationCount=3, LaunchCount=1, WarmupCount=3)",,1,Workload,Actual,1,815935400,268435456,3.04,0,0,0,0
NoopBenchmarks.LibraryImport_Span_SuppressGC,PInvokeBench,NoopBenchmarks,LibraryImport_Span_SuppressGC,ShortRun,Default,Default,Default,Default,Default,Default,Default,Default,Default,Default,Default,Default,Default,Default,Default,Default,Default,Default,Default,Default,Default,Default,Default,Default,Default,Default,Default,Default,Default,Default,Default,3,Default,1,Default,Default,Default,Default,Default,Default,Default,3,"ShortRun(IterationCount=3, LaunchCount=1, WarmupCount=3)",,1,Workload,Actual,2,818346400,268435456,3.05,0,0,0,0
NoopBenchmarks.LibraryImport_Span_SuppressGC,PInvokeBench,NoopBenchmarks,LibraryImport_Span_SuppressGC,ShortRun,Default,Default,Default,Default,Default,Default,Default,Default,Default,Default,Default,Default,Default,Default,Default,Default,Default,Default,Default,Default,Default,Default,Default,Default,Default,Default,Default,Default,Default,Default,Default,3,Default,1,Default,Default,Default,Default,Default,Default,Default,3,"ShortRun(IterationCount=3, LaunchCount=1, WarmupCount=3)",,1,Workload,Actual,3,820174000,268435456,3.06,0,0,0,0
NoopBenchmarks.LibraryImport_Span_SuppressGC,PInvokeBench,NoopBenchmarks,LibraryImport_Span_SuppressGC,ShortRun,Default,Default,Default,Default,Default,Default,Default,Default,Default,Default,Default,Default,Default,Default,Default,Default,Default,Default,Default,Default,Default,Default,Default,Default,Default,Default,Default,Default,Default,Default,Default,3,Default,1,Default,Default,Default,Default,Default,Default,Default,3,"ShortRun(IterationCount=3, LaunchCount=1, WarmupCount=3)",,1,Workload,Result,1,310683300,268435456,1.16,0,0,0,0
NoopBenchmarks.LibraryImport_Span_SuppressGC,PInvokeBench,NoopBenchmarks,LibraryImport_Span_SuppressGC,ShortRun,Default,Default,Default,Default,Default,Default,Default,Default,Default,Default,Default,Default,Default,Default,Default,Default,Default,Default,Default,Default,Default,Default,Default,Default,Default,Default,Default,Default,Default,Default,Default,3,Default,1,Default,Default,Default,Default,Default,Default,Default,3,"ShortRun(IterationCount=3, LaunchCount=1, WarmupCount=3)",,1,Workload,Result,2,313094300,268435456,1.17,0,0,0,0
NoopBenchmarks.LibraryImport_Span_SuppressGC,PInvokeBench,NoopBenchmarks,LibraryImport_Span_SuppressGC,ShortRun,Default,Default,Default,Default,Default,Default,Default,Default,Default,Default,Default,Default,Default,Default,Default,Default,Default,Default,Default,Default,Default,Default,Default,Default,Default,Default,Default,Default,Default,Default,Default,3,Default,1,Default,Default,Default,Default,Default,Default,Default,3,"ShortRun(IterationCount=3, LaunchCount=1, WarmupCount=3)",,1,Workload,Result,3,314921900,268435456,1.17,0,0,0,0
