Target,Target_Namespace,Target_Type,Target_Method,Job_Id,Job_AnalyzeLaunchVariance,Job_EvaluateOverhead,Job_MaxAbsoluteError,Job_MaxRelativeError,Job_MinInvokeCount,Job_MinIterationTime,Job_OutlierMode,Job_Affinity,Job_EnvironmentVariables,Job_Jit,Job_LargeAddressAware,Job_Platform,Job_PowerPlanMode,Job_Runtime,Job_AllowVeryLargeObjects,Job_Concurrent,Job_CpuGroups,Job_Force,Job_HeapAffinitizeMask,Job_HeapCount,Job_NoAffinitize,Job_RetainVm,Job_Server,Job_Arguments,Job_BuildConfiguration,Job_Clock,Job_EngineFactory,Job_NuGetReferences,Job_Toolchain,Job_IsMutator,Job_InvocationCount,Job_IterationCount,Job_IterationTime,Job_LaunchCount,Job_MaxIterationCount,Job_MaxWarmupIterationCount,Job_MemoryRandomization,Job_MinIterationCount,Job_MinWarmupIterationCount,Job_RunStrategy,Job_UnrollFactor,Job_WarmupCount,Job_Display,Params,Measurement_LaunchIndex,Measurement_IterationMode,Measurement_IterationStage,Measurement_IterationIndex,Measurement_Nanoseconds,Measurement_Operations,Measurement_Value,Gen_0,Gen_1,Gen_2,Allocated_Bytes
PrimitiveBenchmarks.DllImport_Bool_Default,PInvokeBench,PrimitiveBenchmarks,DllImport_Bool_Default,ShortRun,Default,Default,Default,Default,Default,Default,Default,Default,Default,Default,Default,Default,Default,Default,Default,Default,Default,Default,Default,Default,Default,Default,Default,Default,Default,Default,Default,Default,Default,Default,Default,3,Default,1,Default,Default,Default,Default,Default,Default,Default,3,"ShortRun(IterationCount=3, LaunchCount=1, WarmupCount=3)",,1,Overhead,Jitting,1,205300,1,205300,0,0,0,0
PrimitiveBenchmarks.DllImport_Bool_Default,PInvokeBench,PrimitiveBenchmarks,DllImport_Bool_Default,ShortRun,Default,Default,Default,Default,Default,Default,Default,Default,Default,Default,Default,Default,Default,Default,Default,Default,Default,Default,Default,Default,Default,Default,Default,Default,Default,Default,Default,Default,Default,Default,Default,3,Default,1,Default,Default,Default,Default,Default,Default,Default,3,"ShortRun(IterationCount=3, LaunchCount=1, WarmupCount=3)",,1,Workload,Jitting,1,589400,1,589400,0,0,0,0
PrimitiveBenchmarks.DllImport_Bool_Default,PInvokeBench,PrimitiveBenchmarks,DllImport_Bool_Default,ShortRun,Default,Default,Default,Default,Default,Default,Default,Default,Default,Default,Default,Default,Default,Default,Default,Default,Default,Default,Default,Default,Default,Default,Default,Default,Default,Default,Default,Default,Default,Default,Default,3,Default,1,Default,Default,Default,Default,Default,Default,Default,3,"ShortRun(IterationCount=3, LaunchCount=1, WarmupCount=3)",,1,Overhead,Jitting,2,334300,16,20893.75,0,0,0,0
PrimitiveBenchmarks.DllImport_Bool_Default,PInvokeBench,PrimitiveBenchmarks,DllImport_Bool_Default,ShortRun,Default,Default,Default,Default,Default,Default,Default,Default,Default,Default,Default,Default,Default,Default,Default,Default,Default,Default,Default,Default,Default,Default,Default,Default,Default,Default,Default,Default,Default,Default,Default,3,Default,1,Default,Default,Default,Default,Default,Default,Default,3,"ShortRun(IterationCount=3, LaunchCount=1, WarmupCount=3)",,1,Workload,Jitting,2,296800,16,18550,0,0,0,0
PrimitiveBenchmarks.DllImport_Bool_Default,PInvokeBench,PrimitiveBenchmarks,DllImport_Bool_Default,ShortRun,Default,Default,Default,Default,Default,Default,Default,Default,Default,Default,Default,Default,Default,Default,Default,Default,Default,Default,Default,Default,Default,Default,Default,Default,Default,Default,Default,Default,Default,Default,Default,3,Default,1,Default,Default,Default,Default,Default,Default,Default,3,"ShortRun(IterationCount=3, LaunchCount=1, WarmupCount=3)",,1,Workload,Pilot,1,1100,16,68.75,0,0,0,0
PrimitiveBenchmarks.DllImport_Bool_Default,PInvokeBench,PrimitiveBenchmarks,DllImport_Bool_Default,ShortRun,Default,Default,Default,Default,Default,Default,Default,Default,Default,Default,Default,Default,Default,Default,Default,Default,Default,Default,Default,Default,Default,Default,Default,Default,Default,Default,Default,Default,Default,Default,Default,3,Default,1,Default,Default,Default,Default,Default,Default,Default,3,"ShortRun(IterationCount=3, LaunchCount=1, WarmupCount=3)",,1,Workload,Pilot,2,1200,32,37.5,0,0,0,0
PrimitiveBenchmarks.DllImport_Bool_Default,PInvokeBench,PrimitiveBenchmarks,DllImport_Bool_Default,ShortRun,Default,Default,Default,Default,Default,Default,Default,Default,Default,Default,Default,Default,Default,Default,Default,Default,Default,Default,Default,Default,Default,Default,Default,Default,Default,Default,Default,Default,Default,Default,Default,3,Default,1,Default,Default,Default,Default,Default,Default,Default,3,"ShortRun(IterationCount=3, LaunchCount=1, WarmupCount=3)",,1,Workload,Pilot,3,1000,64,15.63,0,0,0,0
PrimitiveBenchmarks.DllImport_Bool_Default,PInvokeBench,PrimitiveBenchmarks,DllImport_Bool_Default,ShortRun,Default,Default,Default,Default,Default,Default,Default,Default,Default,Default,Default,Default,Default,Default,Default,Default,Default,Default,Default,Default,Default,Default,Default,Default,Default,Default,Default,Default,Default,Default,Default,3,Default,1,Default,Default,Default,Default,Default,Default,Default,3,"ShortRun(IterationCount=3, LaunchCount=1, WarmupCount=3)",,1,Workload,Pilot,4,1300,128,10.16,0,0,0,0
PrimitiveBenchmarks.DllImport_Bool_Default,PInvokeBench,PrimitiveBenchmarks,DllImport_Bool_Default,ShortRun,Default,Default,Default,Default,Default,Default,Default,Default,Default,Default,Default,Default,Default,Default,Default,Default,Default,Default,Default,Default,Default,Default,Default,Default,Default,Default,Default,Default,Default,Default,Default,3,Default,1,Default,Default,Default,Default,Default,Default,Default,3,"ShortRun(IterationCount=3, LaunchCount=1, WarmupCount=3)",,1,Workload,Pilot,5,2100,256,8.2,0,0,0,0
PrimitiveBenchmarks.DllImport_Bool_Default,PInvokeBench,PrimitiveBenchmarks,DllImport_Bool_Default,ShortRun,Default,Default,Default,Default,Default,Default,Default,Default,Default,Default,Default,Default,Default,Default,Default,Default,Default,Default,Default,Default,Default,Default,Default,Default,Default,Default,Default,Default,Default,Default,Default,3,Default,1,Default,Default,Default,Default,Default,Default,Default,3,"ShortRun(IterationCount=3, LaunchCount=1, WarmupCount=3)",,1,Workload,Pilot,6,4100,512,8.01,0,0,0,0
PrimitiveBenchmarks.DllImport_Bool_Default,PInvokeBench,PrimitiveBenchmarks,DllImport_Bool_Default,ShortRun,Default,Default,Default,Default,Default,Default,Default,Default,Default,Default,Default,Default,Default,Default,Default,Default,Default,Default,Default,Default,Default,Default,Default,Default,Default,Default,Default,Default,Default,Default,Default,3,Default,1,Default,Default,Default,Default,Default,Default,Default,3,"ShortRun(IterationCount=3, LaunchCount=1, WarmupCount=3)",,1,Workload,Pilot,7,7600,1024,7.42,0,0,0,0
PrimitiveBenchmarks.DllImport_Bool_Default,PInvokeBench,PrimitiveBenchmarks,DllImport_Bool_Default,ShortRun,Default,Default,Default,Default,Default,Default,Default,Default,Default,Default,Default,Default,Default,Default,Default,Default,Default,Default,Default,Default,Default,Default,Default,Default,Default,Default,Default,Default,Default,Default,Default,3,Default,1,Default,Default,Default,Default,Default,Default,Default,3,"ShortRun(IterationCount=3, LaunchCount=1, WarmupCount=3)",,1,Workload,Pilot,8,14500,2048,7.08,0,0,0,0
PrimitiveBenchmarks.DllImport_Bool_Default,PInvokeBench,PrimitiveBenchmarks,DllImport_Bool_Default,ShortRun,Default,Default,Default,Default,Default,Default,Default,Default,Default,Default,Default,Default,Default,Default,Default,Default,Default,Default,Default,Default,Default,Default,Default,Default,Default,Default,Default,Default,Default,Default,Default,3,Default,1,Default,Default,Default,Default,Default,Default,Default,3,"ShortRun(IterationCount=3, LaunchCount=1, WarmupCount=3)",,1,Workload,Pilot,9,30800,4096,7.52,0,0,0,0
PrimitiveBenchmarks.DllImport_Bool_Default,PInvokeBench,PrimitiveBenchmarks,DllImport_Bool_Default,ShortRun,Default,Default,Default,Default,Default,Default,Default,Default,Default,Default,Default,Default,Default,Default,Default,Default,Default,Default,Default,Default,Default,Default,Default,Default,Default,Default,Default,Default,Default,Default,Default,3,Default,1,Default,Default,Default,Default,Default,Default,Default,3,"ShortRun(IterationCount=3, LaunchCount=1, WarmupCount=3)",,1,Workload,Pilot,10,55200,8192,6.74,0,0,0,0
PrimitiveBenchmarks.DllImport_Bool_Default,PInvokeBench,PrimitiveBenchmarks,DllImport_Bool_Default,ShortRun,Default,Default,Default,Default,Default,Default,Default,Default,Default,Default,Default,Default,Default,Default,Default,Default,Default,Default,Default,Default,Default,Default,Default,Default,Default,Default,Default,Default,Default,Default,Default,3,Default,1,Default,Default,Default,Default,Default,Default,Default,3,"ShortRun(IterationCount=3, LaunchCount=1, WarmupCount=3)",,1,Workload,Pilot,11,109600,16384,6.69,0,0,0,0
PrimitiveBenchmarks.DllImport_Bool_Default,PInvokeBench,PrimitiveBenchmarks,DllImport_Bool_Default,ShortRun,Default,Default,Default,Default,Default,Default,Default,Default,Default,Default,Default,Default,Default,Default,Default,Default,Default,Default,Default,Default,Default,Default,Default,Default,Default,Default,Default,Default,Default,Default,Default,3,Default,1,Default,Default,Default,Default,Default,Default,Default,3,"ShortRun(IterationCount=3, LaunchCount=1, WarmupCount=3)",,1,Workload,Pilot,12,219600,32768,6.7,0,0,0,0
PrimitiveBenchmarks.DllImport_Bool_Default,PInvokeBench,PrimitiveBenchmarks,DllImport_Bool_Default,ShortRun,Default,Default,Default,Default,Default,Default,Default,Default,Default,Default,Default,Default,Default,Default,Default,Default,Default,Default,Default,Default,Default,Default,Default,Default,Default,Default,Default,Default,Default,Default,Default,3,Default,1,Default,Default,Default,Default,Default,Default,Default,3,"ShortRun(IterationCount=3, LaunchCount=1, WarmupCount=3)",,1,Workload,Pilot,13,433500,65536,6.61,0,0,0,0
PrimitiveBenchmarks.DllImport_Bool_Default,PInvokeBench,PrimitiveBenchmarks,DllImport_Bool_Default,ShortRun,Default,Default,Default,Default,Default,Default,Default,Default,Default,Default,Default,Default,Default,Default,Default,Default,Default,Default,Default,Default,Default,Default,Default,Default,Default,Default,Default,Default,Default,Default,Default,3,Default,1,Default,Default,Default,Default,Default,Default,Default,3,"ShortRun(IterationCount=3, LaunchCount=1, WarmupCount=3)",,1,Workload,Pilot,14,1712800,131072,13.07,0,0,0,0
PrimitiveBenchmarks.DllImport_Bool_Default,PInvokeBench,PrimitiveBenchmarks,DllImport_Bool_Default,ShortRun,Default,Default,Default,Default,Default,Default,Default,Default,Default,Default,Default,Default,Default,Default,Default,Default,Default,Default,Default,Default,Default,Default,Default,Default,Default,Default,Default,Default,Default,Default,Default,3,Default,1,Default,Default,Default,Default,Default,Default,Default,3,"ShortRun(IterationCount=3, LaunchCount=1, WarmupCount=3)",,1,Workload,Pilot,15,2066600,262144,7.88,0,0,0,0
PrimitiveBenchmarks.DllImport_Bool_Default,PInvokeBench,PrimitiveBenchmarks,DllImport_Bool_Default,ShortRun,Default,Default,Default,Default,Default,Default,Default,Default,Default,Default,Default,Default,Default,Default,Default,Default,Default,Default,Default,Default,Default,Default,Default,Default,Default,Default,Default,Default,Default,Default,Default,3,Default,1,Default,Default,Default,Default,Default,Default,Default,3,"ShortRun(IterationCount=3, LaunchCount=1, WarmupCount=3)",,1,Workload,Pilot,16,4201200,524288,8.01,0,0,0,0
PrimitiveBenchmarks.DllImport_Bool_Default,PInvokeBench,PrimitiveBenchmarks,DllImport_Bool_Default,ShortRun,Default,Default,Default,Default,Default,Default,Default,Default,Default,Default,Default,Default,Default,Default,Default,Default,Default,Default,Default,Default,Default,Default,Default,Default,Default,Default,Default,Default,Default,Default,Default,3,Default,1,Default,Default,Default,Default,Default,Default,Default,3,"ShortRun(IterationCount=3, LaunchCount=1, WarmupCount=3)",,1,Workload,Pilot,17,9291200,1048576,8.86,0,0,0,0
PrimitiveBenchmarks.DllImport_Bool_Default,PInvokeBench,PrimitiveBenchmarks,DllImport_Bool_Default,ShortRun,Default,Default,Default,Default,Default,Default,Default,Default,Default,Default,Default,Default,Default,Default,Default,Default,Default,Default,Default,Default,Default,Default,Default,Default,Default,Default,Default,Default,Default,Default,Default,3,Default,1,Default,Default,Default,Default,Default,Default,Default,3,"ShortRun(IterationCount=3, LaunchCount=1, WarmupCount=3)",,1,Workload,Pilot,18,17129600,2097152,8.17,0,0,0,0
PrimitiveBenchmarks.DllImport_Bool_Default,PInvokeBench,PrimitiveBenchmarks,DllImport_Bool_Default,ShortRun,Default,Default,Default,Default,Default,Default,Default,Default,Default,Default,Default,Default,Default,Default,Default,Default,Default,Default,Default,Default,Default,Default,Default,Default,Default,Default,Default,Default,Default,Default,Default,3,Default,1,Default,Default,Default,Default,Default,Default,Default,3,"ShortRun(IterationCount=3, LaunchCount=1, WarmupCount=3)",,1,Workload,Pilot,19,33835200,4194304,8.07,0,0,0,0
PrimitiveBenchmarks.DllImport_Bool_Default,PInvokeBench,PrimitiveBenchmarks,DllImport_Bool_Default,ShortRun,Default,Default,Default,Default,Default,Default,Default,Default,Default,Default,Default,Default,Default,Default,Default,Default,Default,Default,Default,Default,Default,Default,Default,Default,Default,Default,Default,Default,Default,Default,Default,3,Default,1,Default,Default,Default,Default,Default,Default,Default,3,"ShortRun(IterationCount=3, LaunchCount=1, WarmupCount=3)",,1,Workload,Pilot,20,66551100,8388608,7.93,0,0,0,0
PrimitiveBenchmarks.DllImport_Bool_Default,PInvokeBench,PrimitiveBenchmarks,DllImport_Bool_Default,ShortRun,Default,Default,Default,Default,Default,Default,Default,Default,Default,Default,Default,Default,Default,Default,Default,Default,Default,Default,Default,Default,Default,Default,Default,Default,Default,Default,Default,Default,Default,Default,Default,3,Default,1,Default,Default,Default,Default,Default,Default,Default,3,"ShortRun(IterationCount=3, LaunchCount=1, WarmupCount=3)",,1,Workload,Pilot,21,123426500,16777216,7.36,0,0,0,0
PrimitiveBenchmarks.DllImport_Bool_Default,PInvokeBench,PrimitiveBenchmarks,DllImport_Bool_Default,ShortRun,Default,Default,Default,Default,Default,Default,Default,Default,Default,Default,Default,Default,Default,Default,Default,Default,Default,Default,Default,Default,Default,Default,Default,Default,Default,Default,Default,Default,Default,Default,Default,3,Default,1,Default,Default,Default,Default,Default,Default,Default,3,"ShortRun(IterationCount=3, LaunchCount=1, WarmupCount=3)",,1,Workload,Pilot,22,245889400,33554432,7.33,0,0,0,0
PrimitiveBenchmarks.DllImport_Bool_Default,PInvokeBench,PrimitiveBenchmarks,DllImport_Bool_Default,ShortRun,Default,Default,Default,Default,Default,Default,Default,Default,Default,Default,Default,Default,Default,Default,Default,Default,Default,Default,Default,Default,Default,Default,Default,Default,Default,Default,Default,Default,Default,Default,Default,3,Default,1,Default,Default,Default,Default,Default,Default,Default,3,"ShortRun(IterationCount=3, LaunchCount=1, WarmupCount=3)",,1,Workload,Pilot,23,483668900,67108864,7.21,0,0,0,0
PrimitiveBenchmarks.DllImport_Bool_Default,PInvokeBench,PrimitiveBenchmarks,DllImport_Bool_Default,ShortRun,Default,Default,Default,Default,Default,Default,Default,Default,Default,Default,Default,Default,Default,Default,Default,Default,Default,Default,Default,Default,Default,Default,Default,Default,Default,Default,Default,Default,Default,Default,Default,3,Default,1,Default,Default,Default,Default,Default,Default,Default,3,"ShortRun(IterationCount=3, LaunchCount=1, WarmupCount=3)",,1,Workload,Pilot,24,960456600,134217728,7.16,0,0,0,0
PrimitiveBenchmarks.DllImport_Bool_Default,PInvokeBench,PrimitiveBenchmarks,DllImport_Bool_Default,ShortRun,Default,Default,Default,Default,Default,Default,Default,Default,Default,Default,Default,Default,Default,Default,Default,Default,Default,Default,Default,Default,Default,Default,Default,Default,Default,Default,Default,Default,Default,Default,Default,3,Default,1,Default,Default,Default,Default,Default,Default,Default,3,"ShortRun(IterationCount=3, LaunchCount=1, WarmupCount=3)",,1,Overhead,Warmup,1,299388600,134217728,2.23,0,0,0,0
PrimitiveBenchmarks.DllImport_Bool_Default,PInvokeBench,PrimitiveBenchmarks,DllImport_Bool_Default,ShortRun,Default,Default,Default,Default,Default,Default,Default,Default,Default,Default,Default,Default,Default,Default,Default,Default,Default,Default,Default,Default,Default,Default,Default,Default,Default,Default,Default,Default,Default,Default,Default,3,Default,1,Default,Default,Default,Default,Default,Default,Default,3,"ShortRun(IterationCount=3, LaunchCount=1, WarmupCount=3)",,1,Overhead,Warmup,2,248242200,134217728,1.85,0,0,0,0
PrimitiveBenchmarks.DllImport_Bool_Default,PInvokeBench,PrimitiveBenchmarks,DllImport_Bool_Default,ShortRun,Default,Default,Default,Default,Default,Default,Default,Default,Default,Default,Default,Default,Default,Default,Default,Default,Default,Default,Default,Default,Default,Default,Default,Default,Default,Default,Default,Default,Default,Default,Default,3,Default,1,Default,Default,Default,Default,Default,Default,Default,3,"ShortRun(IterationCount=3, LaunchCount=1, WarmupCount=3)",,1,Overhead,Warmup,3,246954300,134217728,1.84,0,0,0,0
PrimitiveBenchmarks.DllImport_Bool_Default,PInvokeBench,PrimitiveBenchmarks,DllImport_Bool_Default,ShortRun,Default,Default,Default,Default,Default,Default,Default,Default,Default,Default,Default,Default,Default,Default,Default,Default,Default,Default,Default,Default,Default,Default,Default,Default,Default,Default,Default,Default,Default,Default,Default,3,Default,1,Default,Default,Default,Default,Default,Default,Default,3,"ShortRun(IterationCount=3, LaunchCount=1, WarmupCount=3)",,1,Overhead,Warmup,4,263531100,134217728,1.96,0,0,0,0
PrimitiveBenchmarks.DllImport_Bool_Default,PInvokeBench,PrimitiveBenchmarks,DllImport_Bool_Default,ShortRun,Default,Default,Default,Default,Default,Default,Default,Default,Default,Default,Default,Default,Default,Default,Default,Default,Default,Default,Default,Default,Default,Default,Default,Default,Default,Default,Default,Default,Default,Default,Default,3,Default,1,Default,Default,Default,Default,Default,Default,Default,3,"ShortRun(IterationCount=3, LaunchCount=1, WarmupCount=3)",,1,Overhead,Warmup,5,251197600,134217728,1.87,0,0,0,0
PrimitiveBenchmarks.DllImport_Bool_Default,PInvokeBench,PrimitiveBenchmarks,DllImport_Bool_Default,ShortRun,Default,Default,Default,Default,Default,Default,Default,Default,Default,Default,Default,Default,Default,Default,Default,Default,Default,Default,Default,Default,Default,Default,Default,Default,Default,Default,Default,Default,Default,Default,Default,3,Default,1,Default,Default,Default,Default,Default,Default,Default,3,"ShortRun(IterationCount=3, LaunchCount=1, WarmupCount=3)",,1,Overhead,Warmup,6,239106900,134217728,1.78,0,0,0,0
PrimitiveBenchmarks.DllImport_Bool_Default,PInvokeBench,PrimitiveBenchmarks,DllImport_Bool_Default,ShortRun,Default,Default,Default,Default,Default,Default,Default,Default,Default,Default,Default,Default,Default,Default,Default,Default,Default,Default,Default,Default,Default,Default,Default,Default,Default,Default,Default,Default,Default,Default,Default,3,Default,1,Default,Default,Default,Default,Default,Default,Default,3,"ShortRun(IterationCount=3, LaunchCount=1, WarmupCount=3)",,1,Overhead,Warmup,7,257915300,134217728,1.92,0,0,0,0
PrimitiveBenchmarks.DllImport_Bool_Default,PInvokeBench,PrimitiveBenchmarks,DllImport_Bool_Default,ShortRun,Default,Default,Default,Default,Default,Default,Default,Default,Default,Default,Default,Default,Default,Default,Default,Default,Default,Default,Default,Default,Default,Default,Default,Default,Default,Default,Default,Default,Default,Default,Default,3,Default,1,Default,Default,Default,Default,Default,Default,Default,3,"ShortRun(IterationCount=3, LaunchCount=1, WarmupCount=3)",,1,Overhead,Warmup,8,257636500,134217728,1.92,0,0,0,0
PrimitiveBenchmarks.DllImport_Bool_Default,PInvokeBench,PrimitiveBenchmarks,DllImport_Bool_Default,ShortRun,Default,Default,Default,Default,Default,Default,Default,Default,Default,Default,Default,Default,Default,Default,Default,Default,Default,Default,Default,Default,Default,Default,Default,Default,Default,Default,Default,Default,Default,Default,Default,3,Default,1,Default,Default,Default,Default,Default,Default,Default,3,"ShortRun(IterationCount=3, LaunchCount=1, WarmupCount=3)",,1,Overhead,Actual,1,250467400,134217728,1.87,0,0,0,0
PrimitiveBenchmarks.DllImport_Bool_Default,PInvokeBench,PrimitiveBenchmarks,DllImport_Bool_Default,ShortRun,Default,Default,Default,Default,Default,Default,Default,Default,Default,Default,Default,Default,Default,Default,Default,Default,Default,Default,Default,Default,Default,Default,Default,Default,Default,Default,Default,Default,Default,Default,Default,3,Default,1,Default,Default,Default,Default,Default,Default,Default,3,"ShortRun(IterationCount=3, LaunchCount=1, WarmupCount=3)",,1,Overhead,Actual,2,246551700,134217728,1.84,0,0,0,0
PrimitiveBenchmarks.DllImport_Bool_Default,PInvokeBench,PrimitiveBenchmarks,DllImport_Bool_Default,ShortRun,Default,Default,Default,Default,Default,Default,Default,Default,Default,Default,Default,Default,Default,Default,Default,Default,Default,Default,Default,Default,Default,Default,Default,Default,Default,Default,Default,Default,Default,Default,Default,3,Default,1,Default,Default,Default,Default,Default,Default,Default,3,"ShortRun(IterationCount=3, LaunchCount=1, WarmupCount=3)",,1,Overhead,Actual,3,260823000,134217728,1.94,0,0,0,0
PrimitiveBenchmarks.DllImport_Bool_Default,PInvokeBench,PrimitiveBenchmarks,DllImport_Bool_Default,ShortRun,Default,Default,Default,Default,Default,Default,Default,Default,Default,Default,Default,Default,Default,Default,Default,Default,Default,Default,Default,Default,Default,Default,Default,Default,Default,Default,Default,Default,Default,Default,Default,3,Default,1,Default,Default,Default,Default,Default,Default,Default,3,"ShortRun(IterationCount=3, LaunchCount=1, WarmupCount=3)",,1,Overhead,Actual,4,259605300,134217728,1.93,0,0,0,0
PrimitiveBenchmarks.DllImport_Bool_Default,PInvokeBench,PrimitiveBenchmarks,DllImport_Bool_Default,ShortRun,Default,Default,Default,Default,Default,Default,Default,Default,Default,Default,Default,Default,Default,Default,Default,Default,Default,Default,Default,Default,Default,Default,Default,Default,Default,Default,Default,Default,Default,Default,Default,3,Default,1,Default,Default,Default,Default,Default,Default,Default,3,"ShortRun(IterationCount=3, LaunchCount=1, WarmupCount=3)",,1,Overhead,Actual,5,251779400,134217728,1.88,0,0,0,0
PrimitiveBenchmarks.DllImport_Bool_Default,PInvokeBench,PrimitiveBenchmarks,DllImport_Bool_Default,ShortRun,Default,Default,Default,Default,Default,Default,Default,Default,Default,Default,Default,Default,Default,Default,Default,Default,Default,Default,Default,Default,Default,Default,Default,Default,Default,Default,Default,Default,Default,Default,Default,3,Default,1,Default,Default,Default,Default,Default,Default,Default,3,"ShortRun(IterationCount=3, LaunchCount=1, WarmupCount=3)",,1,Overhead,Actual,6,245160300,134217728,1.83,0,0,0,0
PrimitiveBenchmarks.DllImport_Bool_Default,PInvokeBench,PrimitiveBenchmarks,DllImport_Bool_Default,ShortRun,Default,Default,Default,Default,Default,Default,Default,Default,Default,Default,Default,Default,Default,Default,Default,Default,Default,Default,Default,Default,Default,Default,Default,Default,Default,Default,Default,Default,Default,Default,Default,3,Default,1,Default,Default,Default,Default,Default,Default,Default,3,"ShortRun(IterationCount=3, LaunchCount=1, WarmupCount=3)",,1,Overhead,Actual,7,256631900,134217728,1.91,0,0,0,0
PrimitiveBenchmarks.DllImport_Bool_Default,PInvokeBench,PrimitiveBenchmarks,DllImport_Bool_Default,ShortRun,Default,Default,Default,Default,Default,Default,Default,Default,Default,Default,Default,Default,Default,Default,Default,Default,Default,Default,Default,Default,Default,Default,Default,Default,Default,Default,Default,Default,Default,Default,Default,3,Default,1,Default,Default,Default,Default,Default,Default,Default,3,"ShortRun(IterationCount=3, LaunchCount=1, WarmupCount=3)",,1,Overhead,Actual,8,250706800,134217728,1.87,0,0,0,0
PrimitiveBenchmarks.DllImport_Bool_Default,PInvokeBench,PrimitiveBenchmarks,DllImport_Bool_Default,ShortRun,Default,Default,Default,Default,Default,Default,Default,Default,Default,Default,Default,Default,Default,Default,Default,Default,Default,Default,Default,Default,Default,Default,Default,Default,Default,Default,Default,Default,Default,Default,Default,3,Default,1,Default,Default,Default,Default,Default,Default,Default,3,"ShortRun(IterationCount=3, LaunchCount=1, WarmupCount=3)",,1,Overhead,Actual,9,240826700,134217728,1.79,0,0,0,0
PrimitiveBenchmarks.DllImport_Bool_Default,PInvokeBench,PrimitiveBenchmarks,DllImport_Bool_Default,ShortRun,Default,Default,Default,Default,Default,Default,Default,Default,Default,Default,Default,Default,Default,Default,Default,Default,Default,Default,Default,Default,Default,Default,Default,Default,Default,Default,Default,Default,Default,Default,Default,3,Default,1,Default,Default,Default,Default,Default,Default,Default,3,"ShortRun(IterationCount=3, LaunchCount=1, WarmupCount=3)",,1,Overhead,Actual,10,257589600,134217728,1.92,0,0,0,0
PrimitiveBenchmarks.DllImport_Bool_Default,PInvokeBench,PrimitiveBenchmarks,DllImport_Bool_Default,ShortRun,Default,Default,Default,Default,Default,Default,Default,Default,Default,Default,Default,Default,Default,Default,Default,Default,Default,Default,Default,Default,Default,Default,Default,Default,Default,Default,Default,Default,Default,Default,Default,3,Default,1,Default,Default,Default,Default,Default,Default,Default,3,"ShortRun(IterationCount=3, LaunchCount=1, WarmupCount=3)",,1,Overhead,Actual,11,258005800,134217728,1.92,0,0,0,0
PrimitiveBenchmarks.DllImport_Bool_Default,PInvokeBench,PrimitiveBenchmarks,DllImport_Bool_Default,ShortRun,Default,Default,Default,Default,Default,Default,Default,Default,Default,Default,Default,Default,Default,Default,Default,Default,Default,Default,Default,Default,Default,Default,Default,Default,Default,Default,Default,Default,Default,Default,Default,3,Default,1,Default,Default,Default,Default,Default,Default,Default,3,"ShortRun(IterationCount=3, LaunchCount=1, WarmupCount=3)",,1,Overhead,Actual,12,240586900,134217728,1.79,0,0,0,0
PrimitiveBenchmarks.DllImport_Bool_Default,PInvokeBench,PrimitiveBenchmarks,DllImport_Bool_Default,ShortRun,Default,Default,Default,Default,Default,Default,Default,Default,Default,Default,Default,Default,Default,Default,Default,Default,Default,Default,Default,Default,Default,Default,Default,Default,Default,Default,Default,Default,Default,Default,Default,3,Default,1,Default,Default,Default,Default,Default,Default,Default,3,"ShortRun(IterationCount=3, LaunchCount=1, WarmupCount=3)",,1,Overhead,Actual,13,240531200,134217728,1.79,0,0,0,0
PrimitiveBenchmarks.DllImport_Bool_Default,PInvokeBench,PrimitiveBenchmarks,DllImport_Bool_Default,ShortRun,Default,Default,Default,Default,Default,Default,Default,Default,Default,Default,Default,Default,Default,Default,Default,Default,Default,Default,Default,Default,Default,Default,Default,Default,Default,Default,Default,Default,Default,Default,Default,3,Default,1,Default,Default,Default,Default,Default,Default,Default,3,"ShortRun(IterationCount=3, LaunchCount=1, WarmupCount=3)",,1,Overhead,Actual,14,258330500,134217728,1.92,0,0,0,0
PrimitiveBenchmarks.DllImport_Bool_Default,PInvokeBench,PrimitiveBenchmarks,DllImport_Bool_Default,ShortRun,Default,Default,Default,Default,Default,Default,Default,Default,Default,Default,Default,Default,Default,Default,Default,Default,Default,Default,Default,Default,Default,Default,Default,Default,Default,Default,Default,Default,Default,Default,Default,3,Default,1,Default,Default,Default,Default,Default,Default,Default,3,"ShortRun(IterationCount=3, LaunchCount=1, WarmupCount=3)",,1,Overhead,Actual,15,259658300,134217728,1.93,0,0,0,0
PrimitiveBenchmarks.DllImport_Bool_Default,PInvokeBench,PrimitiveBenchmarks,DllImport_Bool_Default,ShortRun,Default,Default,Default,Default,Default,Default,Default,Default,Default,Default,Default,Default,Default,Default,Default,Default,Default,Default,Default,Default,Default,Default,Default,Default,Default,Default,Default,Default,Default,Default,Default,3,Default,1,Default,Default,Default,Default,Default,Default,Default,3,"ShortRun(IterationCount=3, LaunchCount=1, WarmupCount=3)",,1,Workload,Warmup,1,991046000,134217728,7.38,0,0,0,0
PrimitiveBenchmarks.DllImport_Bool_Default,PInvokeBench,PrimitiveBenchmarks,DllImport_Bool_Default,ShortRun,Default,Default,Default,Default,Default,Default,Default,Default,Default,Default,Default,Default,Default,Default,Default,Default,Default,Default,Default,Default,Default,Default,Default,Default,Default,Default,Default,Default,Default,Default,Default,3,Default,1,Default,Default,Default,Default,Default,Default,Default,3,"ShortRun(IterationCount=3, LaunchCount=1, WarmupCount=3)",,1,Workload,Warmup,2,967922500,134217728,7.21,0,0,0,0
PrimitiveBenchmarks.DllImport_Bool_Default,PInvokeBench,PrimitiveBenchmarks,DllImport_Bool_Default,ShortRun,Default,Default,Default,Default,Default,Default,Default,Default,Default,Default,Default,Default,Default,Default,Default,Default,Default,Default,Default,Default,Default,Default,Default,Default,Default,Default,Default,Default,Default,Default,Default,3,Default,1,Default,Default,Default,Default,Default,Default,Default,3,"ShortRun(IterationCount=3, LaunchCount=1, WarmupCount=3)",,1,Workload,Warmup,3,1016365500,134217728,7.57,0,0,0,0
PrimitiveBenchmarks.DllImport_Bool_Default,PInvokeBench,PrimitiveBenchmarks,DllImport_Bool_Default,ShortRun,Default,Default,Default,Default,Default,Default,Default,Default,Default,Default,Default,Default,Default,Default,Default,Default,Default,Default,Default,Default,Default,Default,Default,Default,Default,Default,Default,Default,Default,Default,Default,3,Default,1,Default,Default,Default,Default,Default,Default,Default,3,"ShortRun(IterationCount=3, LaunchCount=1, WarmupCount=3)",,1,Workload,Actual,1,956513100,134217728,7.13,0,0,0,0
PrimitiveBenchmarks.DllImport_Bool_Default,PInvokeBench,PrimitiveBenchmarks,DllImport_Bool_Default,ShortRun,Default,Default,Default,Default,Default,Default,Default,Default,Default,Default,Default,Default,Default,Default,Default,Default,Default,Default,Default,Default,Default,Default,Default,Default,Default,Default,Default,Default,Default,Default,Default,3,Default,1,Default,Default,Default,Default,Default,Default,Default,3,"ShortRun(IterationCount=3, LaunchCount=1, WarmupCount=3)",,1,Workload,Actual,2,1117483000,134217728,8.33,0,0,0,0
PrimitiveBenchmarks.DllImport_Bool_Default,PInvokeBench,PrimitiveBenchmarks,DllImport_Bool_Default,ShortRun,Default,Default,Default,Default,Default,Default,Default,Default,Default,Default,Default,Default,Default,Default,Default,Default,Default,Default,Default,Default,Default,Default,Default,Default,Default,Default,Default,Default,Default,Default,Default,3,Default,1,Default,Default,Default,Default,Default,Default,Default,3,"ShortRun(IterationCount=3, LaunchCount=1, WarmupCount=3)",,1,Workload,Actual,3,971381000,134217728,7.24,0,0,0,0
PrimitiveBenchmarks.DllImport_Bool_Default,PInvokeBench,PrimitiveBenchmarks,DllImport_Bool_Default,ShortRun,Default,Default,Default,Default,Default,Default,Default,Default,Default,Default,Default,Default,Default,Default,Default,Default,Default,Default,Default,Default,Default,Default,Default,Default,Default,Default,Default,Default,Default,Default,Default,3,Default,1,Default,Default,Default,Default,Default,Default,Default,3,"ShortRun(IterationCount=3, LaunchCount=1, WarmupCount=3)",,1,Workload,Result,1,704733700,134217728,5.25,0,0,0,0
PrimitiveBenchmarks.DllImport_Bool_Default,PInvokeBench,PrimitiveBenchmarks,DllImport_Bool_Default,ShortRun,Default,Default,Default,Default,Default,Default,Default,Default,Default,Default,Default,Default,Default,Default,Default,Default,Default,Default,Default,Default,Default,Default,Default,Default,Default,Default,Default,Default,Default,Default,Default,3,Default,1,Default,Default,Default,Default,Default,Default,Default,3,"ShortRun(IterationCount=3, LaunchCount=1, WarmupCount=3)",,1,Workload,Result,2,865703600,134217728,6.45,0,0,0,0
PrimitiveBenchmarks.DllImport_Bool_Default,PInvokeBench,PrimitiveBenchmarks,DllImport_Bool_Default,ShortRun,Default,Default,Default,Default,Default,Default,Default,Default,Default,Default,Default,Default,Default,Default,Default,Default,Default,Default,Default,Default,Default,Default,Default,Default,Default,Default,Default,Default,Default,Default,Default,3,Default,1,Default,Default,Default,Default,Default,Default,Default,3,"ShortRun(IterationCount=3, LaunchCount=1, WarmupCount=3)",,1,Workload,Result,3,719601600,134217728,5.36,0,0,0,0
PrimitiveBenchmarks.DllImport_Bool_U1,PInvokeBench,PrimitiveBenchmarks,DllImport_Bool_U1,ShortRun,Default,Default,Default,Default,Default,Default,Default,Default,Default,Default,Default,Default,Default,Default,Default,Default,Default,Default,Default,Default,Default,Default,Default,Default,Default,Default,Default,Default,Default,Default,Default,3,Default,1,Default,Default,Default,Default,Default,Default,Default,3,"ShortRun(IterationCount=3, LaunchCount=1, WarmupCount=3)",,1,Overhead,Jitting,1,200300,1,200300,0,0,0,0
PrimitiveBenchmarks.DllImport_Bool_U1,PInvokeBench,PrimitiveBenchmarks,DllImport_Bool_U1,ShortRun,Default,Default,Default,Default,Default,Default,Default,Default,Default,Default,Default,Default,Default,Default,Default,Default,Default,Default,Default,Default,Default,Default,Default,Default,Default,Default,Default,Default,Default,Default,Default,3,Default,1,Default,Default,Default,Default,Default,Default,Default,3,"ShortRun(IterationCount=3, LaunchCount=1, WarmupCount=3)",,1,Workload,Jitting,1,578500,1,578500,0,0,0,0
PrimitiveBenchmarks.DllImport_Bool_U1,PInvokeBench,PrimitiveBenchmarks,DllImport_Bool_U1,ShortRun,Default,Default,Default,Default,Default,Default,Default,Default,Default,Default,Default,Default,Default,Default,Default,Default,Default,Default,Default,Default,Default,Default,Default,Default,Default,Default,Default,Default,Default,Default,Default,3,Default,1,Default,Default,Default,Default,Default,Default,Default,3,"ShortRun(IterationCount=3, LaunchCount=1, WarmupCount=3)",,1,Overhead,Jitting,2,305300,16,19081.25,0,0,0,0
PrimitiveBenchmarks.DllImport_Bool_U1,PInvokeBench,PrimitiveBenchmarks,DllImport_Bool_U1,ShortRun,Default,Default,Default,Default,Default,Default,Default,Default,Default,Default,Default,Default,Default,Default,Default,Default,Default,Default,Default,Default,Default,Default,Default,Default,Default,Default,Default,Default,Default,Default,Default,3,Default,1,Default,Default,Default,Default,Default,Default,Default,3,"ShortRun(IterationCount=3, LaunchCount=1, WarmupCount=3)",,1,Workload,Jitting,2,288500,16,18031.25,0,0,0,0
PrimitiveBenchmarks.DllImport_Bool_U1,PInvokeBench,PrimitiveBenchmarks,DllImport_Bool_U1,ShortRun,Default,Default,Default,Default,Default,Default,Default,Default,Default,Default,Default,Default,Default,Default,Default,Default,Default,Default,Default,Default,Default,Default,Default,Default,Default,Default,Default,Default,Default,Default,Default,3,Default,1,Default,Default,Default,Default,Default,Default,Default,3,"ShortRun(IterationCount=3, LaunchCount=1, WarmupCount=3)",,1,Workload,Pilot,1,700,16,43.75,0,0,0,0
PrimitiveBenchmarks.DllImport_Bool_U1,PInvokeBench,PrimitiveBenchmarks,DllImport_Bool_U1,ShortRun,Default,Default,Default,Default,Default,Default,Default,Default,Default,Default,Default,Default,Default,Default,Default,Default,Default,Default,Default,Default,Default,Default,Default,Default,Default,Default,Default,Default,Default,Default,Default,3,Default,1,Default,Default,Default,Default,Default,Default,Default,3,"ShortRun(IterationCount=3, LaunchCount=1, WarmupCount=3)",,1,Workload,Pilot,2,700,32,21.88,0,0,0,0
PrimitiveBenchmarks.DllImport_Bool_U1,PInvokeBench,PrimitiveBenchmarks,DllImport_Bool_U1,ShortRun,Default,Default,Default,Default,Default,Default,Default,Default,Default,Default,Default,Default,Default,Default,Default,Default,Default,Default,Default,Default,Default,Default,Default,Default,Default,Default,Default,Default,Default,Default,Default,3,Default,1,Default,Default,Default,Default,Default,Default,Default,3,"ShortRun(IterationCount=3, LaunchCount=1, WarmupCount=3)",,1,Workload,Pilot,3,1100,64,17.19,0,0,0,0
PrimitiveBenchmarks.DllImport_Bool_U1,PInvokeBench,PrimitiveBenchmarks,DllImport_Bool_U1,ShortRun,Default,Default,Default,Default,Default,Default,Default,Default,Default,Default,Default,Default,Default,Default,Default,Default,Default,Default,Default,Default,Default,Default,Default,Default,Default,Default,Default,Default,Default,Default,Default,3,Default,1,Default,Default,Default,Default,Default,Default,Default,3,"ShortRun(IterationCount=3, LaunchCount=1, WarmupCount=3)",,1,Workload,Pilot,4,1200,128,9.38,0,0,0,0
PrimitiveBenchmarks.DllImport_Bool_U1,PInvokeBench,PrimitiveBenchmarks,DllImport_Bool_U1,ShortRun,Default,Default,Default,Default,Default,Default,Default,Default,Default,Default,Default,Default,Default,Default,Default,Default,Default,Default,Default,Default,Default,Default,Default,Default,Default,Default,Default,Default,Default,Default,Default,3,Default,1,Default,Default,Default,Default,Default,Default,Default,3,"ShortRun(IterationCount=3, LaunchCount=1, WarmupCount=3)",,1,Workload,Pilot,5,2300,256,8.98,0,0,0,0
PrimitiveBenchmarks.DllImport_Bool_U1,PInvokeBench,PrimitiveBenchmarks,DllImport_Bool_U1,ShortRun,Default,Default,Default,Default,Default,Default,Default,Default,Default,Default,Default,Default,Default,Default,Default,Default,Default,Default,Default,Default,Default,Default,Default,Default,Default,Default,Default,Default,Default,Default,Default,3,Default,1,Default,Default,Default,Default,Default,Default,Default,3,"ShortRun(IterationCount=3, LaunchCount=1, WarmupCount=3)",,1,Workload,Pilot,6,4000,512,7.81,0,0,0,0
PrimitiveBenchmarks.DllImport_Bool_U1,PInvokeBench,PrimitiveBenchmarks,DllImport_Bool_U1,ShortRun,Default,Default,Default,Default,Default,Default,Default,Default,Default,Default,Default,Default,Default,Default,Default,Default,Default,Default,Default,Default,Default,Default,Default,Default,Default,Default,Default,Default,Default,Default,Default,3,Default,1,Default,Default,Default,Default,Default,Default,Default,3,"ShortRun(IterationCount=3, LaunchCount=1, WarmupCount=3)",,1,Workload,Pilot,7,7300,1024,7.13,0,0,0,0
PrimitiveBenchmarks.DllImport_Bool_U1,PInvokeBench,PrimitiveBenchmarks,DllImport_Bool_U1,ShortRun,Default,Default,Default,Default,Default,Default,Default,Default,Default,Default,Default,Default,Default,Default,Default,Default,Default,Default,Default,Default,Default,Default,Default,Default,Default,Default,Default,Default,Default,Default,Default,3,Default,1,Default,Default,Default,Default,Default,Default,Default,3,"ShortRun(IterationCount=3, LaunchCount=1, WarmupCount=3)",,1,Workload,Pilot,8,13700,2048,6.69,0,0,0,0
PrimitiveBenchmarks.DllImport_Bool_U1,PInvokeBench,PrimitiveBenchmarks,DllImport_Bool_U1,ShortRun,Default,Default,Default,Default,Default,Default,Default,Default,Default,Default,Default,Default,Default,Default,Default,Default,Default,Default,Default,Default,Default,Default,Default,Default,Default,Default,Default,Default,Default,Default,Default,3,Default,1,Default,Default,Default,Default,Default,Default,Default,3,"ShortRun(IterationCount=3, LaunchCount=1, WarmupCount=3)",,1,Workload,Pilot,9,27400,4096,6.69,0,0,0,0
PrimitiveBenchmarks.DllImport_Bool_U1,PInvokeBench,PrimitiveBenchmarks,DllImport_Bool_U1,ShortRun,Default,Default,Default,Default,Default,Default,Default,Default,Default,Default,Default,Default,Default,Default,Default,Default,Default,Default,Default,Default,Default,Default,Default,Default,Default,Default,Default,Default,Default,Default,Default,3,Default,1,Default,Default,Default,Default,Default,Default,Default,3,"ShortRun(IterationCount=3, LaunchCount=1, WarmupCount=3)",,1,Workload,Pilot,10,54500,8192,6.65,0,0,0,0
PrimitiveBenchmarks.DllImport_Bool_U1,PInvokeBench,PrimitiveBenchmarks,DllImport_Bool_U1,ShortRun,Default,Default,Default,Default,Default,Default,Default,Default,Default,Default,Default,Default,Default,Default,Default,Default,Default,Default,Default,Default,Default,Default,Default,Default,Default,Default,Default,Default,Default,Default,Default,3,Default,1,Default,Default,Default,Default,Default,Default,Default,3,"ShortRun(IterationCount=3, LaunchCount=1, WarmupCount=3)",,1,Workload,Pilot,11,107200,16384,6.54,0,0,0,0
PrimitiveBenchmarks.DllImport_Bool_U1,PInvokeBench,PrimitiveBenchmarks,DllImport_Bool_U1,ShortRun,Default,Default,Default,Default,Default,Default,Default,Default,Default,Default,Default,Default,Default,Default,Default,Default,Default,Default,Default,Default,Default,Default,Default,Default,Default,Default,Default,Default,Default,Default,Default,3,Default,1,Default,Default,Default,Default,Default,Default,Default,3,"ShortRun(IterationCount=3, LaunchCount=1, WarmupCount=3)",,1,Workload,Pilot,12,214300,32768,6.54,0,0,0,0
PrimitiveBenchmarks.DllImport_Bool_U1,PInvokeBench,PrimitiveBenchmarks,DllImport_Bool_U1,ShortRun,Default,Default,Default,Default,Default,Default,Default,Default,Default,Default,Default,Default,Default,Default,Default,Default,Default,Default,Default,Default,Default,Default,Default,Default,Default,Default,Default,Default,Default,Default,Default,3,Default,1,Default,Default,Default,Default,Default,Default,Default,3,"ShortRun(IterationCount=3, LaunchCount=1, WarmupCount=3)",,1,Workload,Pilot,13,428900,65536,6.54,0,0,0,0
PrimitiveBenchmarks.DllImport_Bool_U1,PInvokeBench,PrimitiveBenchmarks,DllImport_Bool_U1,ShortRun,Default,Default,Default,Default,Default,Default,Default,Default,Default,Default,Default,Default,Default,Default,Default,Default,Default,Default,Default,Default,Default,Default,Default,Default,Default,Default,Default,Default,Default,Default,Default,3,Default,1,Default,Default,Default,Default,Default,Default,Default,3,"ShortRun(IterationCount=3, LaunchCount=1, WarmupCount=3)",,1,Workload,Pilot,14,905700,131072,6.91,0,0,0,0
PrimitiveBenchmarks.DllImport_Bool_U1,PInvokeBench,PrimitiveBenchmarks,DllImport_Bool_U1,ShortRun,Default,Default,Default,Default,Default,Default,Default,Default,Default,Default,Default,Default,Default,Default,Default,Default,Default,Default,Default,Default,Default,Default,Default,Default,Default,Default,Default,Default,Default,Default,Default,3,Default,1,Default,Default,Default,Default,Default,Default,Default,3,"ShortRun(IterationCount=3, LaunchCount=1, WarmupCount=3)",,1,Workload,Pilot,15,1889200,262144,7.21,0,0,0,0
PrimitiveBenchmarks.DllImport_Bool_U1,PInvokeBench,PrimitiveBenchmarks,DllImport_Bool_U1,ShortRun,Default,Default,Default,Default,Default,Default,Default,Default,Default,Default,Default,Default,Default,Default,Default,Default,Default,Default,Default,Default,Default,Default,Default,Default,Default,Default,Default,Default,Default,Default,Default,3,Default,1,Default,Default,Default,Default,Default,Default,Default,3,"ShortRun(IterationCount=3, LaunchCount=1, WarmupCount=3)",,1,Workload,Pilot,16,4054200,524288,7.73,0,0,0,0
PrimitiveBenchmarks.DllImport_Bool_U1,PInvokeBench,PrimitiveBenchmarks,DllImport_Bool_U1,ShortRun,Default,Default,Default,Default,Default,Default,Default,Default,Default,Default,Default,Default,Default,Default,Default,Default,Default,Default,Default,Default,Default,Default,Default,Default,Default,Default,Default,Default,Default,Default,Default,3,Default,1,Default,Default,Default,Default,Default,Default,Default,3,"ShortRun(IterationCount=3, LaunchCount=1, WarmupCount=3)",,1,Workload,Pilot,17,8267200,1048576,7.88,0,0,0,0
PrimitiveBenchmarks.DllImport_Bool_U1,PInvokeBench,PrimitiveBenchmarks,DllImport_Bool_U1,ShortRun,Default,Default,Default,Default,Default,Default,Default,Default,Default,Default,Default,Default,Default,Default,Default,Default,Default,Default,Default,Default,Default,Default,Default,Default,Default,Default,Default,Default,Default,Default,Default,3,Default,1,Default,Default,Default,Default,Default,Default,Default,3,"ShortRun(IterationCount=3, LaunchCount=1, WarmupCount=3)",,1,Workload,Pilot,18,16443300,2097152,7.84,0,0,0,0
PrimitiveBenchmarks.DllImport_Bool_U1,PInvokeBench,PrimitiveBenchmarks,DllImport_Bool_U1,ShortRun,Default,Default,Default,Default,Default,Default,Default,Default,Default,Default,Default,Default,Default,Default,Default,Default,Default,Default,Default,Default,Default,Default,Default,Default,Default,Default,Default,Default,Default,Default,Default,3,Default,1,Default,Default,Default,Default,Default,Default,Default,3,"ShortRun(IterationCount=3, LaunchCount=1, WarmupCount=3)",,1,Workload,Pilot,19,32966400,4194304,7.86,0,0,0,0
PrimitiveBenchmarks.DllImport_Bool_U1,PInvokeBench,PrimitiveBenchmarks,DllImport_Bool_U1,ShortRun,Default,Default,Default,Default,Default,Default,Default,Default,Default,Default,Default,Default,Default,Default,Default,Default,Default,Default,Default,Default,Default,Default,Default,Default,Default,Default,Default,Default,Default,Default,Default,3,Default,1,Default,Default,Default,Default,Default,Default,Default,3,"ShortRun(IterationCount=3, LaunchCount=1, WarmupCount=3)",,1,Workload,Pilot,20,66089700,8388608,7.88,0,0,0,0
PrimitiveBenchmarks.DllImport_Bool_U1,PInvokeBench,PrimitiveBenchmarks,DllImport_Bool_U1,ShortRun,Default,Default,Default,Default,Default,Default,Default,Default,Default,Default,Default,Default,Default,Default,Default,Default,Default,Default,Default,Default,Default,Default,Default,Default,Default,Default,Default,Default,Default,Default,Default,3,Default,1,Default,Default,Default,Default,Default,Default,Default,3,"ShortRun(IterationCount=3, LaunchCount=1, WarmupCount=3)",,1,Workload,Pilot,21,121834900,16777216,7.26,0,0,0,0
PrimitiveBenchmarks.DllImport_Bool_U1,PInvokeBench,PrimitiveBenchmarks,DllImport_Bool_U1,ShortRun,Default,Default,Default,Default,Default,Default,Default,Default,Default,Default,Default,Default,Default,Default,Default,Default,Default,Default,Default,Default,Default,Default,Default,Default,Default,Default,Default,Default,Default,Default,Default,3,Default,1,Default,Default,Default,Default,Default,Default,Default,3,"ShortRun(IterationCount=3, LaunchCount=1, WarmupCount=3)",,1,Workload,Pilot,22,252932500,33554432,7.54,0,0,0,0
PrimitiveBenchmarks.DllImport_Bool_U1,PInvokeBench,PrimitiveBenchmarks,DllImport_Bool_U1,ShortRun,Default,Default,Default,Default,Default,Default,Default,Default,Default,Default,Default,Default,Default,Default,Default,Default,Default,Default,Default,Default,Default,Default,Default,Default,Default,Default,Default,Default,Default,Default,Default,3,Default,1,Default,Default,Default,Default,Default,Default,Default,3,"ShortRun(IterationCount=3, LaunchCount=1, WarmupCount=3)",,1,Workload,Pilot,23,482639200,67108864,7.19,0,0,0,0
PrimitiveBenchmarks.DllImport_Bool_U1,PInvokeBench,PrimitiveBenchmarks,DllImport_Bool_U1,ShortRun,Default,Default,Default,Default,Default,Default,Default,Default,Default,Default,Default,Default,Default,Default,Default,Default,Default,Default,Default,Default,Default,Default,Default,Default,Default,Default,Default,Default,Default,Default,Default,3,Default,1,Default,Default,Default,Default,Default,Default,Default,3,"ShortRun(IterationCount=3, LaunchCount=1, WarmupCount=3)",,1,Workload,Pilot,24,995630700,134217728,7.42,0,0,0,0
PrimitiveBenchmarks.DllImport_Bool_U1,PInvokeBench,PrimitiveBenchmarks,DllImport_Bool_U1,ShortRun,Default,Default,Default,Default,Default,Default,Default,Default,Default,Default,Default,Default,Default,Default,Default,Default,Default,Default,Default,Default,Default,Default,Default,Default,Default,Default,Default,Default,Default,Default,Default,3,Default,1,Default,Default,Default,Default,Default,Default,Default,3,"ShortRun(IterationCount=3, LaunchCount=1, WarmupCount=3)",,1,Overhead,Warmup,1,297193300,134217728,2.21,0,0,0,0
PrimitiveBenchmarks.DllImport_Bool_U1,PInvokeBench,PrimitiveBenchmarks,DllImport_Bool_U1,ShortRun,Default,Default,Default,Default,Default,Default,Default,Default,Default,Default,Default,Default,Default,Default,Default,Default,Default,Default,Default,Default,Default,Default,Default,Default,Default,Default,Default,Default,Default,Default,Default,3,Default,1,Default,Default,Default,Default,Default,Default,Default,3,"ShortRun(IterationCount=3, LaunchCount=1, WarmupCount=3)",,1,Overhead,Warmup,2,246572800,134217728,1.84,0,0,0,0
PrimitiveBenchmarks.DllImport_Bool_U1,PInvokeBench,PrimitiveBenchmarks,DllImport_Bool_U1,ShortRun,Default,Default,Default,Default,Default,Default,Default,Default,Default,Default,Default,Default,Default,Default,Default,Default,Default,Default,Default,Default,Default,Default,Default,Default,Default,Default,Default,Default,Default,Default,Default,3,Default,1,Default,Default,Default,Default,Default,Default,Default,3,"ShortRun(IterationCount=3, LaunchCount=1, WarmupCount=3)",,1,Overhead,Warmup,3,244702200,134217728,1.82,0,0,0,0
PrimitiveBenchmarks.DllImport_Bool_U1,PInvokeBench,PrimitiveBenchmarks,DllImport_Bool_U1,ShortRun,Default,Default,Default,Default,Default,Default,Default,Default,Default,Default,Default,Default,Default,Default,Default,Default,Default,Default,Default,Default,Default,Default,Default,Default,Default,Default,Default,Default,Default,Default,Default,3,Default,1,Default,Default,Default,Default,Default,Default,Default,3,"ShortRun(IterationCount=3, LaunchCount=1, WarmupCount=3)",,1,Overhead,Warmup,4,263517400,134217728,1.96,0,0,0,0
PrimitiveBenchmarks.DllImport_Bool_U1,PInvokeBench,PrimitiveBenchmarks,DllImport_Bool_U1,ShortRun,Default,Default,Default,Default,Default,Default,Default,Default,Default,Default,Default,Default,Default,Default,Default,Default,Default,Default,Default,Default,Default,Default,Default,Default,Default,Default,Default,Default,Default,Default,Default,3,Default,1,Default,Default,Default,Default,Default,Default,Default,3,"ShortRun(IterationCount=3, LaunchCount=1, WarmupCount=3)",,1,Overhead,Warmup,5,252574600,134217728,1.88,0,0,0,0
PrimitiveBenchmarks.DllImport_Bool_U1,PInvokeBench,PrimitiveBenchmarks,DllImport_Bool_U1,ShortRun,Default,Default,Default,Default,Default,Default,Default,Default,Default,Default,Default,Default,Default,Default,Default,Default,Default,Default,Default,Default,Default,Default,Default,Default,Default,Default,Default,Default,Default,Default,Default,3,Default,1,Default,Default,Default,Default,Default,Default,Default,3,"ShortRun(IterationCount=3, LaunchCount=1, WarmupCount=3)",,1,Overhead,Warmup,6,249391100,134217728,1.86,0,0,0,0
PrimitiveBenchmarks.DllImport_Bool_U1,PInvokeBench,PrimitiveBenchmarks,DllImport_Bool_U1,ShortRun,Default,Default,Default,Default,Default,Default,Default,Default,Default,Default,Default,Default,Default,Default,Default,Default,Default,Default,Default,Default,Default,Default,Default,Default,Default,Default,Default,Default,Default,Default,Default,3,Default,1,Default,Default,Default,Default,Default,Default,Default,3,"ShortRun(IterationCount=3, LaunchCount=1, WarmupCount=3)",,1,Overhead,Warmup,7,249460000,134217728,1.86,0,0,0,0
PrimitiveBenchmarks.DllImport_Bool_U1,PInvokeBench,PrimitiveBenchmarks,DllImport_Bool_U1,ShortRun,Default,Default,Default,Default,Default,Default,Default,Default,Default,Default,Default,Default,Default,Default,Default,Default,Default,Default,Default,Default,Default,Default,Default,Default,Default,Default,Default,Default,Default,Default,Default,3,Default,1,Default,Default,Default,Default,Default,Default,Default,3,"ShortRun(IterationCount=3, LaunchCount=1, WarmupCount=3)",,1,Overhead,Warmup,8,246840200,134217728,1.84,0,0,0,0
PrimitiveBenchmarks.DllImport_Bool_U1,PInvokeBench,PrimitiveBenchmarks,DllImport_Bool_U1,ShortRun,Default,Default,Default,Default,Default,Default,Default,Default,Default,Default,Default,Default,Default,Default,Default,Default,Default,Default,Default,Default,Default,Default,Default,Default,Default,Default,Default,Default,Default,Default,Default,3,Default,1,Default,Default,Default,Default,Default,Default,Default,3,"ShortRun(IterationCount=3, LaunchCount=1, WarmupCount=3)",,1,Overhead,Actual,1,242460100,134217728,1.81,0,0,0,0
PrimitiveBenchmarks.DllImport_Bool_U1,PInvokeBench,PrimitiveBenchmarks,DllImport_Bool_U1,ShortRun,Default,Default,Default,Default,Default,Default,Default,Default,Default,Default,Default,Default,Default,Default,Default,Default,Default,Default,Default,Default,Default,Default,Default,Default,Default,Default,Default,Default,Default,Default,Default,3,Default,1,Default,Default,Default,Default,Default,Default,Default,3,"ShortRun(IterationCount=3, LaunchCount=1, WarmupCount=3)",,1,Overhead,Actual,2,240771100,134217728,1.79,0,0,0,0
PrimitiveBenchmarks.DllImport_Bool_U1,PInvokeBench,PrimitiveBenchmarks,DllImport_Bool_U1,ShortRun,Default,Default,Default,Default,Default,Default,Default,Default,Default,Default,Default,Default,Default,Default,Default,Default,Default,Default,Default,Default,Default,Default,Default,Default,Default,Default,Default,Default,Default,Default,Default,3,Default,1,Default,Default,Default,Default,Default,Default,Default,3,"ShortRun(IterationCount=3, LaunchCount=1, WarmupCount=3)",,1,Overhead,Actual,3,263940300,134217728,1.97,0,0,0,0
PrimitiveBenchmarks.DllImport_Bool_U1,PInvokeBench,PrimitiveBenchmarks,DllImport_Bool_U1,ShortRun,Default,Default,Default,Default,Default,Default,Default,Default,Default,Default,Default,Default,Default,Default,Default,Default,Default,Default,Default,Default,Default,Default,Default,Default,Default,Default,Default,Default,Default,Default,Default,3,Default,1,Default,Default,Default,Default,Default,Default,Default,3,"ShortRun(IterationCount=3, LaunchCount=1, WarmupCount=3)",,1,Overhead,Actual,4,252348700,134217728,1.88,0,0,0,0
PrimitiveBenchmarks.DllImport_Bool_U1,PInvokeBench,PrimitiveBenchmarks,DllImport_Bool_U1,ShortRun,Default,Default,Default,Default,Default,Default,Default,Default,Default,Default,Default,Default,Default,Default,Default,Default,Default,Default,Default,Default,Default,Default,Default,Default,Default,Default,Default,Default,Default,Default,Default,3,Default,1,Default,Default,Default,Default,Default,Default,Default,3,"ShortRun(IterationCount=3, LaunchCount=1, WarmupCount=3)",,1,Overhead,Actual,5,256112300,134217728,1.91,0,0,0,0
PrimitiveBenchmarks.DllImport_Bool_U1,PInvokeBench,PrimitiveBenchmarks,DllImport_Bool_U1,ShortRun,Default,Default,Default,Default,Default,Default,Default,Default,Default,Default,Default,Default,Default,Default,Default,Default,Default,Default,Default,Default,Default,Default,Default,Default,Default,Default,Default,Default,Default,Default,Default,3,Default,1,Default,Default,Default,Default,Default,Default,Default,3,"ShortRun(IterationCount=3, LaunchCount=1, WarmupCount=3)",,1,Overhead,Actual,6,250568900,134217728,1.87,0,0,0,0
PrimitiveBenchmarks.DllImport_Bool_U1,PInvokeBench,PrimitiveBenchmarks,DllImport_Bool_U1,ShortRun,Default,Default,Default,Default,Default,Default,Default,Default,Default,Default,Default,Default,Default,Default,Default,Default,Default,Default,Default,Default,Default,Default,Default,Default,Default,Default,Default,Default,Default,Default,Default,3,Default,1,Default,Default,Default,Default,Default,Default,Default,3,"ShortRun(IterationCount=3, LaunchCount=1, WarmupCount=3)",,1,Overhead,Actual,7,255839500,134217728,1.91,0,0,0,0
PrimitiveBenchmarks.DllImport_Bool_U1,PInvokeBench,PrimitiveBenchmarks,DllImport_Bool_U1,ShortRun,Default,Default,Default,Default,Default,Default,Default,Default,Default,Default,Default,Default,Default,Default,Default,Default,Default,Default,Default,Default,Default,Default,Default,Default,Default,Default,Default,Default,Default,Default,Default,3,Default,1,Default,Default,Default,Default,Default,Default,Default,3,"ShortRun(IterationCount=3, LaunchCount=1, WarmupCount=3)",,1,Overhead,Actual,8,258721000,134217728,1.93,0,0,0,0
PrimitiveBenchmarks.DllImport_Bool_U1,PInvokeBench,PrimitiveBenchmarks,DllImport_Bool_U1,ShortRun,Default,Default,Default,Default,Default,Default,Default,Default,Default,Default,Default,Default,Default,Default,Default,Default,Default,Default,Default,Default,Default,Default,Default,Default,Default,Default,Default,Default,Default,Default,Default,3,Default,1,Default,Default,Default,Default,Default,Default,Default,3,"ShortRun(IterationCount=3, LaunchCount=1, WarmupCount=3)",,1,Overhead,Actual,9,253429600,134217728,1.89,0,0,0,0
PrimitiveBenchmarks.DllImport_Bool_U1,PInvokeBench,PrimitiveBenchmarks,DllImport_Bool_U1,ShortRun,Default,Default,Default,Default,Default,Default,Default,Default,Default,Default,Default,Default,Default,Default,Default,Default,Default,Default,Default,Default,Default,Default,Default,Default,Default,Default,Default,Default,Default,Default,Default,3,Default,1,Default,Default,Default,Default,Default,Default,Default,3,"ShortRun(IterationCount=3, LaunchCount=1, WarmupCount=3)",,1,Overhead,Actual,10,252614400,134217728,1.88,0,0,0,0
PrimitiveBenchmarks.DllImport_Bool_U1,PInvokeBench,PrimitiveBenchmarks,DllImport_Bool_U1,ShortRun,Default,Default,Default,Default,Default,Default,Default,Default,Default,Default,Default,Default,Default,Default,Default,Default,Default,Default,Default,Default,Default,Default,Default,Default,Default,Default,Default,Default,Default,Default,Default,3,Default,1,Default,Default,Default,Default,Default,Default,Default,3,"ShortRun(IterationCount=3, LaunchCount=1, WarmupCount=3)",,1,Overhead,Actual,11,248254100,134217728,1.85,0,0,0,0
PrimitiveBenchmarks.DllImport_Bool_U1,PInvokeBench,PrimitiveBenchmarks,DllImport_Bool_U1,ShortRun,Default,Default,Default,Default,Default,Default,Default,Default,Default,Default,Default,Default,Default,Default,Default,Default,Default,Default,Default,Default,Default,Default,Default,Default,Default,Default,Default,Default,Default,Default,Default,3,Default,1,Default,Default,Default,Default,Default,Default,Default,3,"ShortRun(IterationCount=3, LaunchCount=1, WarmupCount=3)",,1,Overhead,Actual,12,242012900,134217728,1.8,0,0,0,0
PrimitiveBenchmarks.DllImport_Bool_U1,PInvokeBench,PrimitiveBenchmarks,DllImport_Bool_U1,ShortRun,Default,Default,Default,Default,Default,Default,Default,Default,Default,Default,Default,Default,Default,Default,Default,Default,Default,Default,Default,Default,Default,Default,Default,Default,Default,Default,Default,Default,Default,Default,Default,3,Default,1,Default,Default,Default,Default,Default,Default,Default,3,"ShortRun(IterationCount=3, LaunchCount=1, WarmupCount=3)",,1,Overhead,Actual,13,240662600,134217728,1.79,0,0,0,0
PrimitiveBenchmarks.DllImport_Bool_U1,PInvokeBench,PrimitiveBenchmarks,DllImport_Bool_U1,ShortRun,Default,Default,Default,Default,Default,Default,Default,Default,Default,Default,Default,Default,Default,Default,Default,Default,Default,Default,Default,Default,Default,Default,Default,Default,Default,Default,Default,Default,Default,Default,Default,3,Default,1,Default,Default,Default,Default,Default,Default,Default,3,"ShortRun(IterationCount=3, LaunchCount=1, WarmupCount=3)",,1,Overhead,Actual,14,241407500,134217728,1.8,0,0,0,0
PrimitiveBenchmarks.DllImport_Bool_U1,PInvokeBench,PrimitiveBenchmarks,DllImport_Bool_U1,ShortRun,Default,Default,Default,Default,Default,Default,Default,Default,Default,Default,Default,Default,Default,Default,Default,Default,Default,Default,Default,Default,Default,Default,Default,Default,Default,Default,Default,Default,Default,Default,Default,3,Default,1,Default,Default,Default,Default,Default,Default,Default,3,"ShortRun(IterationCount=3, LaunchCount=1, WarmupCount=3)",,1,Overhead,Actual,15,244637900,134217728,1.82,0,0,0,0
PrimitiveBenchmarks.DllImport_Bool_U1,PInvokeBench,PrimitiveBenchmarks,DllImport_Bool_U1,ShortRun,Default,Default,Default,Default,Default,Default,Default,Default,Default,Default,Default,Default,Default,Default,Default,Default,Default,Default,Default,Default,Default,Default,Default,Default,Default,Default,Default,Default,Default,Default,Default,3,Default,1,Default,Default,Default,Default,Default,Default,Default,3,"ShortRun(IterationCount=3, LaunchCount=1, WarmupCount=3)",,1,Workload,Warmup,1,976865100,134217728,7.28,0,0,0,0
PrimitiveBenchmarks.DllImport_Bool_U1,PInvokeBench,PrimitiveBenchmarks,DllImport_Bool_U1,ShortRun,Default,Default,Default,Default,Default,Default,Default,Default,Default,Default,Default,Default,Default,Default,Default,Default,Default,Default,Default,Default,Default,Default,Default,Default,Default,Default,Default,Default,Default,Default,Default,3,Default,1,Default,Default,Default,Default,Default,Default,Default,3,"ShortRun(IterationCount=3, LaunchCount=1, WarmupCount=3)",,1,Workload,Warmup,2,986850500,134217728,7.35,0,0,0,0
PrimitiveBenchmarks.DllImport_Bool_U1,PInvokeBench,PrimitiveBenchmarks,DllImport_Bool_U1,ShortRun,Default,Default,Default,Default,Default,Default,Default,Default,Default,Default,Default,Default,Default,Default,Default,Default,Default,Default,Default,Default,Default,Default,Default,Default,Default,Default,Default,Default,Default,Default,Default,3,Default,1,Default,Default,Default,Default,Default,Default,Default,3,"ShortRun(IterationCount=3, LaunchCount=1, WarmupCount=3)",,1,Workload,Warmup,3,1058147500,134217728,7.88,0,0,0,0
PrimitiveBenchmarks.DllImport_Bool_U1,PInvokeBench,PrimitiveBenchmarks,DllImport_Bool_U1,ShortRun,Default,Default,Default,Default,Default,Default,Default,Default,Default,Default,Default,Default,Default,Default,Default,Default,Default,Default,Default,Default,Default,Default,Default,Default,Default,Default,Default,Default,Default,Default,Default,3,Default,1,Default,Default,Default,Default,Default,Default,Default,3,"ShortRun(IterationCount=3, LaunchCount=1, WarmupCount=3)",,1,Workload,Actual,1,985372200,134217728,7.34,0,0,0,0
PrimitiveBenchmarks.DllImport_Bool_U1,PInvokeBench,PrimitiveBenchmarks,DllImport_Bool_U1,ShortRun,Default,Default,Default,Default,Default,Default,Default,Default,Default,Default,Default,Default,Default,Default,Default,Default,Default,Default,Default,Default,Default,Default,Default,Default,Default,Default,Default,Default,Default,Default,Default,3,Default,1,Default,Default,Default,Default,Default,Default,Default,3,"ShortRun(IterationCount=3, LaunchCount=1, WarmupCount=3)",,1,Workload,Actual,2,986782600,134217728,7.35,0,0,0,0
PrimitiveBenchmarks.DllImport_Bool_U1,PInvokeBench,PrimitiveBenchmarks,DllImport_Bool_U1,ShortRun,Default,Default,Default,Default,Default,Default,Default,Default,Default,Default,Default,Default,Default,Default,Default,Default,Default,Default,Default,Default,Default,Default,Default,Default,Default,Default,Default,Default,Default,Default,Default,3,Default,1,Default,Default,Default,Default,Default,Default,Default,3,"ShortRun(IterationCount=3, LaunchCount=1, WarmupCount=3)",,1,Workload,Actual,3,1040373600,134217728,7.75,0,0,0,0
PrimitiveBenchmarks.DllImport_Bool_U1,PInvokeBench,PrimitiveBenchmarks,DllImport_Bool_U1,ShortRun,Default,Default,Default,Default,Default,Default,Default,Default,Default,Default,Default,Default,Default,Default,Default,Default,Default,Default,Default,Default,Default,Default,Default,Default,Default,Default,Default,Default,Default,Default,Default,3,Default,1,Default,Default,Default,Default,Default,Default,Default,3,"ShortRun(IterationCount=3, LaunchCount=1, WarmupCount=3)",,1,Workload,Result,1,734803300,134217728,5.47,0,0,0,0
PrimitiveBenchmarks.DllImport_Bool_U1,PInvokeBench,PrimitiveBenchmarks,DllImport_Bool_U1,ShortRun,Default,Default,Default,Default,Default,Default,Default,Default,Default,Default,Default,Default,Default,Default,Default,Default,Default,Default,Default,Default,Default,Default,Default,Default,Default,Default,Default,Default,Default,Default,Default,3,Default,1,Default,Default,Default,Default,Default,Default,Default,3,"ShortRun(IterationCount=3, LaunchCount=1, WarmupCount=3)",,1,Workload,Result,2,736213700,134217728,5.49,0,0,0,0
PrimitiveBenchmarks.DllImport_Bool_U1,PInvokeBench,PrimitiveBenchmarks,DllImport_Bool_U1,ShortRun,Default,Default,Default,Default,Default,Default,Default,Default,Default,Default,Default,Default,Default,Default,Default,Default,Default,Default,Default,Default,Default,Default,Default,Default,Default,Default,Default,Default,Default,Default,Default,3,Default,1,Default,Default,Default,Default,Default,Default,Default,3,"ShortRun(IterationCount=3, LaunchCount=1, WarmupCount=3)",,1,Workload,Result,3,789804700,134217728,5.88,0,0,0,0
PrimitiveBenchmarks.DllImport_Bool_I1,PInvokeBench,PrimitiveBenchmarks,DllImport_Bool_I1,ShortRun,Default,Default,Default,Default,Default,Default,Default,Default,Default,Default,Default,Default,Default,Default,Default,Default,Default,Default,Default,Default,Default,Default,Default,Default,Default,Default,Default,Default,Default,Default,Default,3,Default,1,Default,Default,Default,Default,Default,Default,Default,3,"ShortRun(IterationCount=3, LaunchCount=1, WarmupCount=3)",,1,Overhead,Jitting,1,609200,1,609200,0,0,0,0
PrimitiveBenchmarks.DllImport_Bool_I1,PInvokeBench,PrimitiveBenchmarks,DllImport_Bool_I1,ShortRun,Default,Default,Default,Default,Default,Default,Default,Default,Default,Default,Default,Default,Default,Default,Default,Default,Default,Default,Default,Default,Default,Default,Default,Default,Default,Default,Default,Default,Default,Default,Default,3,Default,1,Default,Default,Default,Default,Default,Default,Default,3,"ShortRun(IterationCount=3, LaunchCount=1, WarmupCount=3)",,1,Workload,Jitting,1,557800,1,557800,0,0,0,0
PrimitiveBenchmarks.DllImport_Bool_I1,PInvokeBench,PrimitiveBenchmarks,DllImport_Bool_I1,ShortRun,Default,Default,Default,Default,Default,Default,Default,Default,Default,Default,Default,Default,Default,Default,Default,Default,Default,Default,Default,Default,Default,Default,Default,Default,Default,Default,Default,Default,Default,Default,Default,3,Default,1,Default,Default,Default,Default,Default,Default,Default,3,"ShortRun(IterationCount=3, LaunchCount=1, WarmupCount=3)",,1,Overhead,Jitting,2,304300,16,19018.75,0,0,0,0
PrimitiveBenchmarks.DllImport_Bool_I1,PInvokeBench,PrimitiveBenchmarks,DllImport_Bool_I1,ShortRun,Default,Default,Default,Default,Default,Default,Default,Default,Default,Default,Default,Default,Default,Default,Default,Default,Default,Default,Default,Default,Default,Default,Default,Default,Default,Default,Default,Default,Default,Default,Default,3,Default,1,Default,Default,Default,Default,Default,Default,Default,3,"ShortRun(IterationCount=3, LaunchCount=1, WarmupCount=3)",,1,Workload,Jitting,2,285000,16,17812.5,0,0,0,0
PrimitiveBenchmarks.DllImport_Bool_I1,PInvokeBench,PrimitiveBenchmarks,DllImport_Bool_I1,ShortRun,Default,Default,Default,Default,Default,Default,Default,Default,Default,Default,Default,Default,Default,Default,Default,Default,Default,Default,Default,Default,Default,Default,Default,Default,Default,Default,Default,Default,Default,Default,Default,3,Default,1,Default,Default,Default,Default,Default,Default,Default,3,"ShortRun(IterationCount=3, LaunchCount=1, WarmupCount=3)",,1,Workload,Pilot,1,900,16,56.25,0,0,0,0
PrimitiveBenchmarks.DllImport_Bool_I1,PInvokeBench,PrimitiveBenchmarks,DllImport_Bool_I1,ShortRun,Default,Default,Default,Default,Default,Default,Default,Default,Default,Default,Default,Default,Default,Default,Default,Default,Default,Default,Default,Default,Default,Default,Default,Default,Default,Default,Default,Default,Default,Default,Default,3,Default,1,Default,Default,Default,Default,Default,Default,Default,3,"ShortRun(IterationCount=3, LaunchCount=1, WarmupCount=3)",,1,Workload,Pilot,2,800,32,25,0,0,0,0
PrimitiveBenchmarks.DllImport_Bool_I1,PInvokeBench,PrimitiveBenchmarks,DllImport_Bool_I1,ShortRun,Default,Default,Default,Default,Default,Default,Default,Default,Default,Default,Default,Default,Default,Default,Default,Default,Default,Default,Default,Default,Default,Default,Default,Default,Default,Default,Default,Default,Default,Default,Default,3,Default,1,Default,Default,Default,Default,Default,Default,Default,3,"ShortRun(IterationCount=3, LaunchCount=1, WarmupCount=3)",,1,Workload,Pilot,3,1000,64,15.63,0,0,0,0
PrimitiveBenchmarks.DllImport_Bool_I1,PInvokeBench,PrimitiveBenchmarks,DllImport_Bool_I1,ShortRun,Default,Default,Default,Default,Default,Default,Default,Default,Default,Default,Default,Default,Default,Default,Default,Default,Default,Default,Default,Default,Default,Default,Default,Default,Default,Default,Default,Default,Default,Default,Default,3,Default,1,Default,Default,Default,Default,Default,Default,Default,3,"ShortRun(IterationCount=3, LaunchCount=1, WarmupCount=3)",,1,Workload,Pilot,4,1300,128,10.16,0,0,0,0
PrimitiveBenchmarks.DllImport_Bool_I1,PInvokeBench,PrimitiveBenchmarks,DllImport_Bool_I1,ShortRun,Default,Default,Default,Default,Default,Default,Default,Default,Default,Default,Default,Default,Default,Default,Default,Default,Default,Default,Default,Default,Default,Default,Default,Default,Default,Default,Default,Default,Default,Default,Default,3,Default,1,Default,Default,Default,Default,Default,Default,Default,3,"ShortRun(IterationCount=3, LaunchCount=1, WarmupCount=3)",,1,Workload,Pilot,5,2300,256,8.98,0,0,0,0
PrimitiveBenchmarks.DllImport_Bool_I1,PInvokeBench,PrimitiveBenchmarks,DllImport_Bool_I1,ShortRun,Default,Default,Default,Default,Default,Default,Default,Default,Default,Default,Default,Default,Default,Default,Default,Default,Default,Default,Default,Default,Default,Default,Default,Default,Default,Default,Default,Default,Default,Default,Default,3,Default,1,Default,Default,Default,Default,Default,Default,Default,3,"ShortRun(IterationCount=3, LaunchCount=1, WarmupCount=3)",,1,Workload,Pilot,6,3600,512,7.03,0,0,0,0
PrimitiveBenchmarks.DllImport_Bool_I1,PInvokeBench,PrimitiveBenchmarks,DllImport_Bool_I1,ShortRun,Default,Default,Default,Default,Default,Default,Default,Default,Default,Default,Default,Default,Default,Default,Default,Default,Default,Default,Default,Default,Default,Default,Default,Default,Default,Default,Default,Default,Default,Default,Default,3,Default,1,Default,Default,Default,Default,Default,Default,Default,3,"ShortRun(IterationCount=3, LaunchCount=1, WarmupCount=3)",,1,Workload,Pilot,7,7100,1024,6.93,0,0,0,0
PrimitiveBenchmarks.DllImport_Bool_I1,PInvokeBench,PrimitiveBenchmarks,DllImport_Bool_I1,ShortRun,Default,Default,Default,Default,Default,Default,Default,Default,Default,Default,Default,Default,Default,Default,Default,Default,Default,Default,Default,Default,Default,Default,Default,Default,Default,Default,Default,Default,Default,Default,Default,3,Default,1,Default,Default,Default,Default,Default,Default,Default,3,"ShortRun(IterationCount=3, LaunchCount=1, WarmupCount=3)",,1,Workload,Pilot,8,13200,2048,6.45,0,0,0,0
PrimitiveBenchmarks.DllImport_Bool_I1,PInvokeBench,PrimitiveBenchmarks,DllImport_Bool_I1,ShortRun,Default,Default,Default,Default,Default,Default,Default,Default,Default,Default,Default,Default,Default,Default,Default,Default,Default,Default,Default,Default,Default,Default,Default,Default,Default,Default,Default,Default,Default,Default,Default,3,Default,1,Default,Default,Default,Default,Default,Default,Default,3,"ShortRun(IterationCount=3, LaunchCount=1, WarmupCount=3)",,1,Workload,Pilot,9,26800,4096,6.54,0,0,0,0
PrimitiveBenchmarks.DllImport_Bool_I1,PInvokeBench,PrimitiveBenchmarks,DllImport_Bool_I1,ShortRun,Default,Default,Default,Default,Default,Default,Default,Default,Default,Default,Default,Default,Default,Default,Default,Default,Default,Default,Default,Default,Default,Default,Default,Default,Default,Default,Default,Default,Default,Default,Default,3,Default,1,Default,Default,Default,Default,Default,Default,Default,3,"ShortRun(IterationCount=3, LaunchCount=1, WarmupCount=3)",,1,Workload,Pilot,10,51700,8192,6.31,0,0,0,0
PrimitiveBenchmarks.DllImport_Bool_I1,PInvokeBench,PrimitiveBenchmarks,DllImport_Bool_I1,ShortRun,Default,Default,Default,Default,Default,Default,Default,Default,Default,Default,Default,Default,Default,Default,Default,Default,Default,Default,Default,Default,Default,Default,Default,Default,Default,Default,Default,Default,Default,Default,Default,3,Default,1,Default,Default,Default,Default,Default,Default,Default,3,"ShortRun(IterationCount=3, LaunchCount=1, WarmupCount=3)",,1,Workload,Pilot,11,103600,16384,6.32,0,0,0,0
PrimitiveBenchmarks.DllImport_Bool_I1,PInvokeBench,PrimitiveBenchmarks,DllImport_Bool_I1,ShortRun,Default,Default,Default,Default,Default,Default,Default,Default,Default,Default,Default,Default,Default,Default,Default,Default,Default,Default,Default,Default,Default,Default,Default,Default,Default,Default,Default,Default,Default,Default,Default,3,Default,1,Default,Default,Default,Default,Default,Default,Default,3,"ShortRun(IterationCount=3, LaunchCount=1, WarmupCount=3)",,1,Workload,Pilot,12,208200,32768,6.35,0,0,0,0
PrimitiveBenchmarks.DllImport_Bool_I1,PInvokeBench,PrimitiveBenchmarks,DllImport_Bool_I1,ShortRun,Default,Default,Default,Default,Default,Default,Default,Default,Default,Default,Default,Default,Default,Default,Default,Default,Default,Default,Default,Default,Default,Default,Default,Default,Default,Default,Default,Default,Default,Default,Default,3,Default,1,Default,Default,Default,Default,Default,Default,Default,3,"ShortRun(IterationCount=3, LaunchCount=1, WarmupCount=3)",,1,Workload,Pilot,13,415800,65536,6.34,0,0,0,0
PrimitiveBenchmarks.DllImport_Bool_I1,PInvokeBench,PrimitiveBenchmarks,DllImport_Bool_I1,ShortRun,Default,Default,Default,Default,Default,Default,Default,Default,Default,Default,Default,Default,Default,Default,Default,Default,Default,Default,Default,Default,Default,Default,Default,Default,Default,Default,Default,Default,Default,Default,Default,3,Default,1,Default,Default,Default,Default,Default,Default,Default,3,"ShortRun(IterationCount=3, LaunchCount=1, WarmupCount=3)",,1,Workload,Pilot,14,857000,131072,6.54,0,0,0,0
PrimitiveBenchmarks.DllImport_Bool_I1,PInvokeBench,PrimitiveBenchmarks,DllImport_Bool_I1,ShortRun,Default,Default,Default,Default,Default,Default,Default,Default,Default,Default,Default,Default,Default,Default,Default,Default,Default,Default,Default,Default,Default,Default,Default,Default,Default,Default,Default,Default,Default,Default,Default,3,Default,1,Default,Default,Default,Default,Default,Default,Default,3,"ShortRun(IterationCount=3, LaunchCount=1, WarmupCount=3)",,1,Workload,Pilot,15,1842500,262144,7.03,0,0,0,0
PrimitiveBenchmarks.DllImport_Bool_I1,PInvokeBench,PrimitiveBenchmarks,DllImport_Bool_I1,ShortRun,Default,Default,Default,Default,Default,Default,Default,Default,Default,Default,Default,Default,Default,Default,Default,Default,Default,Default,Default,Default,Default,Default,Default,Default,Default,Default,Default,Default,Default,Default,Default,3,Default,1,Default,Default,Default,Default,Default,Default,Default,3,"ShortRun(IterationCount=3, LaunchCount=1, WarmupCount=3)",,1,Workload,Pilot,16,3870800,524288,7.38,0,0,0,0
PrimitiveBenchmarks.DllImport_Bool_I1,PInvokeBench,PrimitiveBenchmarks,DllImport_Bool_I1,ShortRun,Default,Default,Default,Default,Default,Default,Default,Default,Default,Default,Default,Default,Default,Default,Default,Default,Default,Default,Default,Default,Default,Default,Default,Default,Default,Default,Default,Default,Default,Default,Default,3,Default,1,Default,Default,Default,Default,Default,Default,Default,3,"ShortRun(IterationCount=3, LaunchCount=1, WarmupCount=3)",,1,Workload,Pilot,17,7877500,1048576,7.51,0,0,0,0
PrimitiveBenchmarks.DllImport_Bool_I1,PInvokeBench,PrimitiveBenchmarks,DllImport_Bool_I1,ShortRun,Default,Default,Default,Default,Default,Default,Default,Default,Default,Default,Default,Default,Default,Default,Default,Default,Default,Default,Default,Default,Default,Default,Default,Default,Default,Default,Default,Default,Default,Default,Default,3,Default,1,Default,Default,Default,Default,Default,Default,Default,3,"ShortRun(IterationCount=3, LaunchCount=1, WarmupCount=3)",,1,Workload,Pilot,18,15963400,2097152,7.61,0,0,0,0
PrimitiveBenchmarks.DllImport_Bool_I1,PInvokeBench,PrimitiveBenchmarks,DllImport_Bool_I1,ShortRun,Default,Default,Default,Default,Default,Default,Default,Default,Default,Default,Default,Default,Default,Default,Default,Default,Default,Default,Default,Default,Default,Default,Default,Default,Default,Default,Default,Default,Default,Default,Default,3,Default,1,Default,Default,Default,Default,Default,Default,Default,3,"ShortRun(IterationCount=3, LaunchCount=1, WarmupCount=3)",,1,Workload,Pilot,19,33149500,4194304,7.9,0,0,0,0
PrimitiveBenchmarks.DllImport_Bool_I1,PInvokeBench,PrimitiveBenchmarks,DllImport_Bool_I1,ShortRun,Default,Default,Default,Default,Default,Default,Default,Default,Default,Default,Default,Default,Default,Default,Default,Default,Default,Default,Default,Default,Default,Default,Default,Default,Default,Default,Default,Default,Default,Default,Default,3,Default,1,Default,Default,Default,Default,Default,Default,Default,3,"ShortRun(IterationCount=3, LaunchCount=1, WarmupCount=3)",,1,Workload,Pilot,20,66427600,8388608,7.92,0,0,0,0
PrimitiveBenchmarks.DllImport_Bool_I1,PInvokeBench,PrimitiveBenchmarks,DllImport_Bool_I1,ShortRun,Default,Default,Default,Default,Default,Default,Default,Default,Default,Default,Default,Default,Default,Default,Default,Default,Default,Default,Default,Default,Default,Default,Default,Default,Default,Default,Default,Default,Default,Default,Default,3,Default,1,Default,Default,Default,Default,Default,Default,Default,3,"ShortRun(IterationCount=3, LaunchCount=1, WarmupCount=3)",,1,Workload,Pilot,21,128404900,16777216,7.65,0,0,0,0
PrimitiveBenchmarks.DllImport_Bool_I1,PInvokeBench,PrimitiveBenchmarks,DllImport_Bool_I1,ShortRun,Default,Default,Default,Default,Default,Default,Default,Default,Default,Default,Default,Default,Default,Default,Default,Default,Default,Default,Default,Default,Default,Default,Default,Default,Default,Default,Default,Default,Default,Default,Default,3,Default,1,Default,Default,Default,Default,Default,Default,Default,3,"ShortRun(IterationCount=3, LaunchCount=1, WarmupCount=3)",,1,Workload,Pilot,22,254810800,33554432,7.59,0,0,0,0
PrimitiveBenchmarks.DllImport_Bool_I1,PInvokeBench,PrimitiveBenchmarks,DllImport_Bool_I1,ShortRun,Default,Default,Default,Default,Default,Default,Default,Default,Default,Default,Default,Default,Default,Default,Default,Default,Default,Default,Default,Default,Default,Default,Default,Default,Default,Default,Default,Default,Default,Default,Default,3,Default,1,Default,Default,Default,Default,Default,Default,Default,3,"ShortRun(IterationCount=3, LaunchCount=1, WarmupCount=3)",,1,Workload,Pilot,23,484689100,67108864,7.22,0,0,0,0
PrimitiveBenchmarks.DllImport_Bool_I1,PInvokeBench,PrimitiveBenchmarks,DllImport_Bool_I1,ShortRun,Default,Default,Default,Default,Default,Default,Default,Default,Default,Default,Default,Default,Default,Default,Default,Default,Default,Default,Default,Default,Default,Default,Default,Default,Default,Default,Default,Default,Default,Default,Default,3,Default,1,Default,Default,Default,Default,Default,Default,Default,3,"ShortRun(IterationCount=3, LaunchCount=1, WarmupCount=3)",,1,Workload,Pilot,24,957555200,134217728,7.13,0,0,0,0
PrimitiveBenchmarks.DllImport_Bool_I1,PInvokeBench,PrimitiveBenchmarks,DllImport_Bool_I1,ShortRun,Default,Default,Default,Default,Default,Default,Default,Default,Default,Default,Default,Default,Default,Default,Default,Default,Default,Default,Default,Default,Default,Default,Default,Default,Default,Default,Default,Default,Default,Default,Default,3,Default,1,Default,Default,Default,Default,Default,Default,Default,3,"ShortRun(IterationCount=3, LaunchCount=1, WarmupCount=3)",,1,Overhead,Warmup,1,315127700,134217728,2.35,0,0,0,0
PrimitiveBenchmarks.DllImport_Bool_I1,PInvokeBench,PrimitiveBenchmarks,DllImport_Bool_I1,ShortRun,Default,Default,Default,Default,Default,Default,Default,Default,Default,Default,Default,Default,Default,Default,Default,Default,Default,Default,Default,Default,Default,Default,Default,Default,Default,Default,Default,Default,Default,Default,Default,3,Default,1,Default,Default,Default,Default,Default,Default,Default,3,"ShortRun(IterationCount=3, LaunchCount=1, WarmupCount=3)",,1,Overhead,Warmup,2,257456800,134217728,1.92,0,0,0,0
PrimitiveBenchmarks.DllImport_Bool_I1,PInvokeBench,PrimitiveBenchmarks,DllImport_Bool_I1,ShortRun,Default,Default,Default,Default,Default,Default,Default,Default,Default,Default,Default,Default,Default,Default,Default,Default,Default,Default,Default,Default,Default,Default,Default,Default,Default,Default,Default,Default,Default,Default,Default,3,Default,1,Default,Default,Default,Default,Default,Default,Default,3,"ShortRun(IterationCount=3, LaunchCount=1, WarmupCount=3)",,1,Overhead,Warmup,3,247251400,134217728,1.84,0,0,0,0
PrimitiveBenchmarks.DllImport_Bool_I1,PInvokeBench,PrimitiveBenchmarks,DllImport_Bool_I1,ShortRun,Default,Default,Default,Default,Default,Default,Default,Default,Default,Default,Default,Default,Default,Default,Default,Default,Default,Default,Default,Default,Default,Default,Default,Default,Default,Default,Default,Default,Default,Default,Default,3,Default,1,Default,Default,Default,Default,Default,Default,Default,3,"ShortRun(IterationCount=3, LaunchCount=1, WarmupCount=3)",,1,Overhead,Warmup,4,241446500,134217728,1.8,0,0,0,0
PrimitiveBenchmarks.DllImport_Bool_I1,PInvokeBench,PrimitiveBenchmarks,DllImport_Bool_I1,ShortRun,Default,Default,Default,Default,Default,Default,Default,Default,Default,Default,Default,Default,Default,Default,Default,Default,Default,Default,Default,Default,Default,Default,Default,Default,Default,Default,Default,Default,Default,Default,Default,3,Default,1,Default,Default,Default,Default,Default,Default,Default,3,"ShortRun(IterationCount=3, LaunchCount=1, WarmupCount=3)",,1,Overhead,Warmup,5,241389600,134217728,1.8,0,0,0,0
PrimitiveBenchmarks.DllImport_Bool_I1,PInvokeBench,PrimitiveBenchmarks,DllImport_Bool_I1,ShortRun,Default,Default,Default,Default,Default,Default,Default,Default,Default,Default,Default,Default,Default,Default,Default,Default,Default,Default,Default,Default,Default,Default,Default,Default,Default,Default,Default,Default,Default,Default,Default,3,Default,1,Default,Default,Default,Default,Default,Default,Default,3,"ShortRun(IterationCount=3, LaunchCount=1, WarmupCount=3)",,1,Overhead,Warmup,6,241060700,134217728,1.8,0,0,0,0
PrimitiveBenchmarks.DllImport_Bool_I1,PInvokeBench,PrimitiveBenchmarks,DllImport_Bool_I1,ShortRun,Default,Default,Default,Default,Default,Default,Default,Default,Default,Default,Default,Default,Default,Default,Default,Default,Default,Default,Default,Default,Default,Default,Default,Default,Default,Default,Default,Default,Default,Default,Default,3,Default,1,Default,Default,Default,Default,Default,Default,Default,3,"ShortRun(IterationCount=3, LaunchCount=1, WarmupCount=3)",,1,Overhead,Warmup,7,257083200,134217728,1.92,0,0,0,0
PrimitiveBenchmarks.DllImport_Bool_I1,PInvokeBench,PrimitiveBenchmarks,DllImport_Bool_I1,ShortRun,Default,Default,Default,Default,Default,Default,Default,Default,Default,Default,Default,Default,Default,Default,Default,Default,Default,Default,Default,Default,Default,Default,Default,Default,Default,Default,Default,Default,Default,Default,Default,3,Default,1,Default,Default,Default,Default,Default,Default,Default,3,"ShortRun(IterationCount=3, LaunchCount=1, WarmupCount=3)",,1,Overhead,Warmup,8,241496100,134217728,1.8,0,0,0,0
PrimitiveBenchmarks.DllImport_Bool_I1,PInvokeBench,PrimitiveBenchmarks,DllImport_Bool_I1,ShortRun,Default,Default,Default,Default,Default,Default,Default,Default,Default,Default,Default,Default,Default,Default,Default,Default,Default,Default,Default,Default,Default,Default,Default,Default,Default,Default,Default,Default,Default,Default,Default,3,Default,1,Default,Default,Default,Default,Default,Default,Default,3,"ShortRun(IterationCount=3, LaunchCount=1, WarmupCount=3)",,1,Overhead,Warmup,9,241053100,134217728,1.8,0,0,0,0
PrimitiveBenchmarks.DllImport_Bool_I1,PInvokeBench,PrimitiveBenchmarks,DllImport_Bool_I1,ShortRun,Default,Default,Default,Default,Default,Default,Default,Default,Default,Default,Default,Default,Default,Default,Default,Default,Default,Default,Default,Default,Default,Default,Default,Default,Default,Default,Default,Default,Default,Default,Default,3,Default,1,Default,Default,Default,Default,Default,Default,Default,3,"ShortRun(IterationCount=3, LaunchCount=1, WarmupCount=3)",,1,Overhead,Warmup,10,240565800,134217728,1.79,0,0,0,0
PrimitiveBenchmarks.DllImport_Bool_I1,PInvokeBench,PrimitiveBenchmarks,DllImport_Bool_I1,ShortRun,Default,Default,Default,Default,Default,Default,Default,Default,Default,Default,Default,Default,Default,Default,Default,Default,Default,Default,Default,Default,Default,Default,Default,Default,Default,Default,Default,Default,Default,Default,Default,3,Default,1,Default,Default,Default,Default,Default,Default,Default,3,"ShortRun(IterationCount=3, LaunchCount=1, WarmupCount=3)",,1,Overhead,Actual,1,240837300,134217728,1.79,0,0,0,0
PrimitiveBenchmarks.DllImport_Bool_I1,PInvokeBench,PrimitiveBenchmarks,DllImport_Bool_I1,ShortRun,Default,Default,Default,Default,Default,Default,Default,Default,Default,Default,Default,Default,Default,Default,Default,Default,Default,Default,Default,Default,Default,Default,Default,Default,Default,Default,Default,Default,Default,Default,Default,3,Default,1,Default,Default,Default,Default,Default,Default,Default,3,"ShortRun(IterationCount=3, LaunchCount=1, WarmupCount=3)",,1,Overhead,Actual,2,263003900,134217728,1.96,0,0,0,0
PrimitiveBenchmarks.DllImport_Bool_I1,PInvokeBench,PrimitiveBenchmarks,DllImport_Bool_I1,ShortRun,Default,Default,Default,Default,Default,Default,Default,Default,Default,Default,Default,Default,Default,Default,Default,Default,Default,Default,Default,Default,Default,Default,Default,Default,Default,Default,Default,Default,Default,Default,Default,3,Default,1,Default,Default,Default,Default,Default,Default,Default,3,"ShortRun(IterationCount=3, LaunchCount=1, WarmupCount=3)",,1,Overhead,Actual,3,258097200,134217728,1.92,0,0,0,0
PrimitiveBenchmarks.DllImport_Bool_I1,PInvokeBench,PrimitiveBenchmarks,DllImport_Bool_I1,ShortRun,Default,Default,Default,Default,Default,Default,Default,Default,Default,Default,Default,Default,Default,Default,Default,Default,Default,Default,Default,Default,Default,Default,Default,Default,Default,Default,Default,Default,Default,Default,Default,3,Default,1,Default,Default,Default,Default,Default,Default,Default,3,"ShortRun(IterationCount=3, LaunchCount=1, WarmupCount=3)",,1,Overhead,Actual,4,239908500,134217728,1.79,0,0,0,0
PrimitiveBenchmarks.DllImport_Bool_I1,PInvokeBench,PrimitiveBenchmarks,DllImport_Bool_I1,ShortRun,Default,Default,Default,Default,Default,Default,Default,Default,Default,Default,Default,Default,Default,Default,Default,Default,Default,Default,Default,Default,Default,Default,Default,Default,Default,Default,Default,Default,Default,Default,Default,3,Default,1,Default,Default,Default,Default,Default,Default,Default,3,"ShortRun(IterationCount=3, LaunchCount=1, WarmupCount=3)",,1,Overhead,Actual,5,240837400,134217728,1.79,0,0,0,0
PrimitiveBenchmarks.DllImport_Bool_I1,PInvokeBench,PrimitiveBenchmarks,DllImport_Bool_I1,ShortRun,Default,Default,Default,Default,Default,Default,Default,Default,Default,Default,Default,Default,Default,Default,Default,Default,Default,Default,Default,Default,Default,Default,Default,Default,Default,Default,Default,Default,Default,Default,Default,3,Default,1,Default,Default,Default,Default,Default,Default,Default,3,"ShortRun(IterationCount=3, LaunchCount=1, WarmupCount=3)",,1,Overhead,Actual,6,257454500,134217728,1.92,0,0,0,0
PrimitiveBenchmarks.DllImport_Bool_I1,PInvokeBench,PrimitiveBenchmarks,DllImport_Bool_I1,ShortRun,Default,Default,Default,Default,Default,Default,Default,Default,Default,Default,Default,Default,Default,Default,Default,Default,Default,Default,Default,Default,Default,Default,Default,Default,Default,Default,Default,Default,Default,Default,Default,3,Default,1,Default,Default,Default,Default,Default,Default,Default,3,"ShortRun(IterationCount=3, LaunchCount=1, WarmupCount=3)",,1,Overhead,Actual,7,247638800,134217728,1.85,0,0,0,0
PrimitiveBenchmarks.DllImport_Bool_I1,PInvokeBench,PrimitiveBenchmarks,DllImport_Bool_I1,ShortRun,Default,Default,Default,Default,Default,Default,Default,Default,Default,Default,Default,Default,Default,Default,Default,Default,Default,Default,Default,Default,Default,Default,Default,Default,Default,Default,Default,Default,Default,Default,Default,3,Default,1,Default,Default,Default,Default,Default,Default,Default,3,"ShortRun(IterationCount=3, LaunchCount=1, WarmupCount=3)",,1,Overhead,Actual,8,240526000,134217728,1.79,0,0,0,0
PrimitiveBenchmarks.DllImport_Bool_I1,PInvokeBench,PrimitiveBenchmarks,DllImport_Bool_I1,ShortRun,Default,Default,Default,Default,Default,Default,Default,Default,Default,Default,Default,Default,Default,Default,Default,Default,Default,Default,Default,Default,Default,Default,Default,Default,Default,Default,Default,Default,Default,Default,Default,3,Default,1,Default,Default,Default,Default,Default,Default,Default,3,"ShortRun(IterationCount=3, LaunchCount=1, WarmupCount=3)",,1,Overhead,Actual,9,247138800,134217728,1.84,0,0,0,0
PrimitiveBenchmarks.DllImport_Bool_I1,PInvokeBench,PrimitiveBenchmarks,DllImport_Bool_I1,ShortRun,Default,Default,Default,Default,Default,Default,Default,Default,Default,Default,Default,Default,Default,Default,Default,Default,Default,Default,Default,Default,Default,Default,Default,Default,Default,Default,Default,Default,Default,Default,Default,3,Default,1,Default,Default,Default,Default,Default,Default,Default,3,"ShortRun(IterationCount=3, LaunchCount=1, WarmupCount=3)",,1,Overhead,Actual,10,240926700,134217728,1.8,0,0,0,0
PrimitiveBenchmarks.DllImport_Bool_I1,PInvokeBench,PrimitiveBenchmarks,DllImport_Bool_I1,ShortRun,Default,Default,Default,Default,Default,Default,Default,Default,Default,Default,Default,Default,Default,Default,Default,Default,Default,Default,Default,Default,Default,Default,Default,Default,Default,Default,Default,Default,Default,Default,Default,3,Default,1,Default,Default,Default,Default,Default,Default,Default,3,"ShortRun(IterationCount=3, LaunchCount=1, WarmupCount=3)",,1,Overhead,Actual,11,243195300,134217728,1.81,0,0,0,0
PrimitiveBenchmarks.DllImport_Bool_I1,PInvokeBench,PrimitiveBenchmarks,DllImport_Bool_I1,ShortRun,Default,Default,Default,Default,Default,Default,Default,Default,Default,Default,Default,Default,Default,Default,Default,Default,Default,Default,Default,Default,Default,Default,Default,Default,Default,Default,Default,Default,Default,Default,Default,3,Default,1,Default,Default,Default,Default,Default,Default,Default,3,"ShortRun(IterationCount=3, LaunchCount=1, WarmupCount=3)",,1,Overhead,Actual,12,242782600,134217728,1.81,0,0,0,0
PrimitiveBenchmarks.DllImport_Bool_I1,PInvokeBench,PrimitiveBenchmarks,DllImport_Bool_I1,ShortRun,Default,Default,Default,Default,Default,Default,Default,Default,Default,Default,Default,Default,Default,Default,Default,Default,Default,Default,Default,Default,Default,Default,Default,Default,Default,Default,Default,Default,Default,Default,Default,3,Default,1,Default,Default,Default,Default,Default,Default,Default,3,"ShortRun(IterationCount=3, LaunchCount=1, WarmupCount=3)",,1,Overhead,Actual,13,263688200,134217728,1.96,0,0,0,0
PrimitiveBenchmarks.DllImport_Bool_I1,PInvokeBench,PrimitiveBenchmarks,DllImport_Bool_I1,ShortRun,Default,Default,Default,Default,Default,Default,Default,Default,Default,Default,Default,Default,Default,Default,Default,Default,Default,Default,Default,Default,Default,Default,Default,Default,Default,Default,Default,Default,Default,Default,Default,3,Default,1,Default,Default,Default,Default,Default,Default,Default,3,"ShortRun(IterationCount=3, LaunchCount=1, WarmupCount=3)",,1,Overhead,Actual,14,298489600,134217728,2.22,0,0,0,0
PrimitiveBenchmarks.DllImport_Bool_I1,PInvokeBench,PrimitiveBenchmarks,DllImport_Bool_I1,ShortRun,Default,Default,Default,Default,Default,Default,Default,Default,Default,Default,Default,Default,Default,Default,Default,Default,Default,Default,Default,Default,Default,Default,Default,Default,Default,Default,Default,Default,Default,Default,Default,3,Default,1,Default,Default,Default,Default,Default,Default,Default,3,"ShortRun(IterationCount=3, LaunchCount=1, WarmupCount=3)",,1,Overhead,Actual,15,267289600,134217728,1.99,0,0,0,0
PrimitiveBenchmarks.DllImport_Bool_I1,PInvokeBench,PrimitiveBenchmarks,DllImport_Bool_I1,ShortRun,Default,Default,Default,Default,Default,Default,Default,Default,Default,Default,Default,Default,Default,Default,Default,Default,Default,Default,Default,Default,Default,Default,Default,Default,Default,Default,Default,Default,Default,Default,Default,3,Default,1,Default,Default,Default,Default,Default,Default,Default,3,"ShortRun(IterationCount=3, LaunchCount=1, WarmupCount=3)",,1,Workload,Warmup,1,983878100,134217728,7.33,0,0,0,0
PrimitiveBenchmarks.DllImport_Bool_I1,PInvokeBench,PrimitiveBenchmarks,DllImport_Bool_I1,ShortRun,Default,Default,Default,Default,Default,Default,Default,Default,Default,Default,Default,Default,Default,Default,Default,Default,Default,Default,Default,Default,Default,Default,Default,Default,Default,Default,Default,Default,Default,Default,Default,3,Default,1,Default,Default,Default,Default,Default,Default,Default,3,"ShortRun(IterationCount=3, LaunchCount=1, WarmupCount=3)",,1,Workload,Warmup,2,987456200,134217728,7.36,0,0,0,0
PrimitiveBenchmarks.DllImport_Bool_I1,PInvokeBench,PrimitiveBenchmarks,DllImport_Bool_I1,ShortRun,Default,Default,Default,Default,Default,Default,Default,Default,Default,Default,Default,Default,Default,Default,Default,Default,Default,Default,Default,Default,Default,Default,Default,Default,Default,Default,Default,Default,Default,Default,Default,3,Default,1,Default,Default,Default,Default,Default,Default,Default,3,"ShortRun(IterationCount=3, LaunchCount=1, WarmupCount=3)",,1,Workload,Warmup,3,1018589200,134217728,7.59,0,0,0,0
PrimitiveBenchmarks.DllImport_Bool_I1,PInvokeBench,PrimitiveBenchmarks,DllImport_Bool_I1,ShortRun,Default,Default,Default,Default,Default,Default,Default,Default,Default,Default,Default,Default,Default,Default,Default,Default,Default,Default,Default,Default,Default,Default,Default,Default,Default,Default,Default,Default,Default,Default,Default,3,Default,1,Default,Default,Default,Default,Default,Default,Default,3,"ShortRun(IterationCount=3, LaunchCount=1, WarmupCount=3)",,1,Workload,Actual,1,965684000,134217728,7.19,0,0,0,0
PrimitiveBenchmarks.DllImport_Bool_I1,PInvokeBench,PrimitiveBenchmarks,DllImport_Bool_I1,ShortRun,Default,Default,Default,Default,Default,Default,Default,Default,Default,Default,Default,Default,Default,Default,Default,Default,Default,Default,Default,Default,Default,Default,Default,Default,Default,Default,Default,Default,Default,Default,Default,3,Default,1,Default,Default,Default,Default,Default,Default,Default,3,"ShortRun(IterationCount=3, LaunchCount=1, WarmupCount=3)",,1,Workload,Actual,2,1076896100,134217728,8.02,0,0,0,0
PrimitiveBenchmarks.DllImport_Bool_I1,PInvokeBench,PrimitiveBenchmarks,DllImport_Bool_I1,ShortRun,Default,Default,Default,Default,Default,Default,Default,Default,Default,Default,Default,Default,Default,Default,Default,Default,Default,Default,Default,Default,Default,Default,Default,Default,Default,Default,Default,Default,Default,Default,Default,3,Default,1,Default,Default,Default,Default,Default,Default,Default,3,"ShortRun(IterationCount=3, LaunchCount=1, WarmupCount=3)",,1,Workload,Actual,3,963119700,134217728,7.18,0,0,0,0
PrimitiveBenchmarks.DllImport_Bool_I1,PInvokeBench,PrimitiveBenchmarks,DllImport_Bool_I1,ShortRun,Default,Default,Default,Default,Default,Default,Default,Default,Default,Default,Default,Default,Default,Default,Default,Default,Default,Default,Default,Default,Default,Default,Default,Default,Default,Default,Default,Default,Default,Default,Default,3,Default,1,Default,Default,Default,Default,Default,Default,Default,3,"ShortRun(IterationCount=3, LaunchCount=1, WarmupCount=3)",,1,Workload,Result,1,718545200,134217728,5.35,0,0,0,0
PrimitiveBenchmarks.DllImport_Bool_I1,PInvokeBench,PrimitiveBenchmarks,DllImport_Bool_I1,ShortRun,Default,Default,Default,Default,Default,Default,Default,Default,Default,Default,Default,Default,Default,Default,Default,Default,Default,Default,Default,Default,Default,Default,Default,Default,Default,Default,Default,Default,Default,Default,Default,3,Default,1,Default,Default,Default,Default,Default,Default,Default,3,"ShortRun(IterationCount=3, LaunchCount=1, WarmupCount=3)",,1,Workload,Result,2,829757300,134217728,6.18,0,0,0,0
PrimitiveBenchmarks.DllImport_Bool_I1,PInvokeBench,PrimitiveBenchmarks,DllImport_Bool_I1,ShortRun,Default,Default,Default,Default,Default,Default,Default,Default,Default,Default,Default,Default,Default,Default,Default,Default,Default,Default,Default,Default,Default,Default,Default,Default,Default,Default,Default,Default,Default,Default,Default,3,Default,1,Default,Default,Default,Default,Default,Default,Default,3,"ShortRun(IterationCount=3, LaunchCount=1, WarmupCount=3)",,1,Workload,Result,3,715980900,134217728,5.33,0,0,0,0
PrimitiveBenchmarks.DllImport_Bool_VariantBool,PInvokeBench,PrimitiveBenchmarks,DllImport_Bool_VariantBool,ShortRun,Default,Default,Default,Default,Default,Default,Default,Default,Default,Default,Default,Default,Default,Default,Default,Default,Default,Default,Default,Default,Default,Default,Default,Default,Default,Default,Default,Default,Default,Default,Default,3,Default,1,Default,Default,Default,Default,Default,Default,Default,3,"ShortRun(IterationCount=3, LaunchCount=1, WarmupCount=3)",,1,Overhead,Jitting,1,195300,1,195300,0,0,0,0
PrimitiveBenchmarks.DllImport_Bool_VariantBool,PInvokeBench,PrimitiveBenchmarks,DllImport_Bool_VariantBool,ShortRun,Default,Default,Default,Default,Default,Default,Default,Default,Default,Default,Default,Default,Default,Default,Default,Default,Default,Default,Default,Default,Default,Default,Default,Default,Default,Default,Default,Default,Default,Default,Default,3,Default,1,Default,Default,Default,Default,Default,Default,Default,3,"ShortRun(IterationCount=3, LaunchCount=1, WarmupCount=3)",,1,Workload,Jitting,1,686300,1,686300,0,0,0,0
PrimitiveBenchmarks.DllImport_Bool_VariantBool,PInvokeBench,PrimitiveBenchmarks,DllImport_Bool_VariantBool,ShortRun,Default,Default,Default,Default,Default,Default,Default,Default,Default,Default,Default,Default,Default,Default,Default,Default,Default,Default,Default,Default,Default,Default,Default,Default,Default,Default,Default,Default,Default,Default,Default,3,Default,1,Default,Default,Default,Default,Default,Default,Default,3,"ShortRun(IterationCount=3, LaunchCount=1, WarmupCount=3)",,1,Overhead,Jitting,2,300000,16,18750,0,0,0,0
PrimitiveBenchmarks.DllImport_Bool_VariantBool,PInvokeBench,PrimitiveBenchmarks,DllImport_Bool_VariantBool,ShortRun,Default,Default,Default,Default,Default,Default,Default,Default,Default,Default,Default,Default,Default,Default,Default,Default,Default,Default,Default,Default,Default,Default,Default,Default,Default,Default,Default,Default,Default,Default,Default,3,Default,1,Default,Default,Default,Default,Default,Default,Default,3,"ShortRun(IterationCount=3, LaunchCount=1, WarmupCount=3)",,1,Workload,Jitting,2,296200,16,18512.5,0,0,0,0
PrimitiveBenchmarks.DllImport_Bool_VariantBool,PInvokeBench,PrimitiveBenchmarks,DllImport_Bool_VariantBool,ShortRun,Default,Default,Default,Default,Default,Default,Default,Default,Default,Default,Default,Default,Default,Default,Default,Default,Default,Default,Default,Default,Default,Default,Default,Default,Default,Default,Default,Default,Default,Default,Default,3,Default,1,Default,Default,Default,Default,Default,Default,Default,3,"ShortRun(IterationCount=3, LaunchCount=1, WarmupCount=3)",,1,Workload,Pilot,1,800,16,50,0,0,0,0
PrimitiveBenchmarks.DllImport_Bool_VariantBool,PInvokeBench,PrimitiveBenchmarks,DllImport_Bool_VariantBool,ShortRun,Default,Default,Default,Default,Default,Default,Default,Default,Default,Default,Default,Default,Default,Default,Default,Default,Default,Default,Default,Default,Default,Default,Default,Default,Default,Default,Default,Default,Default,Default,Default,3,Default,1,Default,Default,Default,Default,Default,Default,Default,3,"ShortRun(IterationCount=3, LaunchCount=1, WarmupCount=3)",,1,Workload,Pilot,2,700,32,21.88,0,0,0,0
PrimitiveBenchmarks.DllImport_Bool_VariantBool,PInvokeBench,PrimitiveBenchmarks,DllImport_Bool_VariantBool,ShortRun,Default,Default,Default,Default,Default,Default,Default,Default,Default,Default,Default,Default,Default,Default,Default,Default,Default,Default,Default,Default,Default,Default,Default,Default,Default,Default,Default,Default,Default,Default,Default,3,Default,1,Default,Default,Default,Default,Default,Default,Default,3,"ShortRun(IterationCount=3, LaunchCount=1, WarmupCount=3)",,1,Workload,Pilot,3,1200,64,18.75,0,0,0,0
PrimitiveBenchmarks.DllImport_Bool_VariantBool,PInvokeBench,PrimitiveBenchmarks,DllImport_Bool_VariantBool,ShortRun,Default,Default,Default,Default,Default,Default,Default,Default,Default,Default,Default,Default,Default,Default,Default,Default,Default,Default,Default,Default,Default,Default,Default,Default,Default,Default,Default,Default,Default,Default,Default,3,Default,1,Default,Default,Default,Default,Default,Default,Default,3,"ShortRun(IterationCount=3, LaunchCount=1, WarmupCount=3)",,1,Workload,Pilot,4,1700,128,13.28,0,0,0,0
PrimitiveBenchmarks.DllImport_Bool_VariantBool,PInvokeBench,PrimitiveBenchmarks,DllImport_Bool_VariantBool,ShortRun,Default,Default,Default,Default,Default,Default,Default,Default,Default,Default,Default,Default,Default,Default,Default,Default,Default,Default,Default,Default,Default,Default,Default,Default,Default,Default,Default,Default,Default,Default,Default,3,Default,1,Default,Default,Default,Default,Default,Default,Default,3,"ShortRun(IterationCount=3, LaunchCount=1, WarmupCount=3)",,1,Workload,Pilot,5,2300,256,8.98,0,0,0,0
PrimitiveBenchmarks.DllImport_Bool_VariantBool,PInvokeBench,PrimitiveBenchmarks,DllImport_Bool_VariantBool,ShortRun,Default,Default,Default,Default,Default,Default,Default,Default,Default,Default,Default,Default,Default,Default,Default,Default,Default,Default,Default,Default,Default,Default,Default,Default,Default,Default,Default,Default,Default,Default,Default,3,Default,1,Default,Default,Default,Default,Default,Default,Default,3,"ShortRun(IterationCount=3, LaunchCount=1, WarmupCount=3)",,1,Workload,Pilot,6,4000,512,7.81,0,0,0,0
PrimitiveBenchmarks.DllImport_Bool_VariantBool,PInvokeBench,PrimitiveBenchmarks,DllImport_Bool_VariantBool,ShortRun,Default,Default,Default,Default,Default,Default,Default,Default,Default,Default,Default,Default,Default,Default,Default,Default,Default,Default,Default,Default,Default,Default,Default,Default,Default,Default,Default,Default,Default,Default,Default,3,Default,1,Default,Default,Default,Default,Default,Default,Default,3,"ShortRun(IterationCount=3, LaunchCount=1, WarmupCount=3)",,1,Workload,Pilot,7,8100,1024,7.91,0,0,0,0
PrimitiveBenchmarks.DllImport_Bool_VariantBool,PInvokeBench,PrimitiveBenchmarks,DllImport_Bool_VariantBool,ShortRun,Default,Default,Default,Default,Default,Default,Default,Default,Default,Default,Default,Default,Default,Default,Default,Default,Default,Default,Default,Default,Default,Default,Default,Default,Default,Default,Default,Default,Default,Default,Default,3,Default,1,Default,Default,Default,Default,Default,Default,Default,3,"ShortRun(IterationCount=3, LaunchCount=1, WarmupCount=3)",,1,Workload,Pilot,8,14600,2048,7.13,0,0,0,0
PrimitiveBenchmarks.DllImport_Bool_VariantBool,PInvokeBench,PrimitiveBenchmarks,DllImport_Bool_VariantBool,ShortRun,Default,Default,Default,Default,Default,Default,Default,Default,Default,Default,Default,Default,Default,Default,Default,Default,Default,Default,Default,Default,Default,Default,Default,Default,Default,Default,Default,Default,Default,Default,Default,3,Default,1,Default,Default,Default,Default,Default,Default,Default,3,"ShortRun(IterationCount=3, LaunchCount=1, WarmupCount=3)",,1,Workload,Pilot,9,30300,4096,7.4,0,0,0,0
PrimitiveBenchmarks.DllImport_Bool_VariantBool,PInvokeBench,PrimitiveBenchmarks,DllImport_Bool_VariantBool,ShortRun,Default,Default,Default,Default,Default,Default,Default,Default,Default,Default,Default,Default,Default,Default,Default,Default,Default,Default,Default,Default,Default,Default,Default,Default,Default,Default,Default,Default,Default,Default,Default,3,Default,1,Default,Default,Default,Default,Default,Default,Default,3,"ShortRun(IterationCount=3, LaunchCount=1, WarmupCount=3)",,1,Workload,Pilot,10,58700,8192,7.17,0,0,0,0
PrimitiveBenchmarks.DllImport_Bool_VariantBool,PInvokeBench,PrimitiveBenchmarks,DllImport_Bool_VariantBool,ShortRun,Default,Default,Default,Default,Default,Default,Default,Default,Default,Default,Default,Default,Default,Default,Default,Default,Default,Default,Default,Default,Default,Default,Default,Default,Default,Default,Default,Default,Default,Default,Default,3,Default,1,Default,Default,Default,Default,Default,Default,Default,3,"ShortRun(IterationCount=3, LaunchCount=1, WarmupCount=3)",,1,Workload,Pilot,11,117300,16384,7.16,0,0,0,0
PrimitiveBenchmarks.DllImport_Bool_VariantBool,PInvokeBench,PrimitiveBenchmarks,DllImport_Bool_VariantBool,ShortRun,Default,Default,Default,Default,Default,Default,Default,Default,Default,Default,Default,Default,Default,Default,Default,Default,Default,Default,Default,Default,Default,Default,Default,Default,Default,Default,Default,Default,Default,Default,Default,3,Default,1,Default,Default,Default,Default,Default,Default,Default,3,"ShortRun(IterationCount=3, LaunchCount=1, WarmupCount=3)",,1,Workload,Pilot,12,234600,32768,7.16,0,0,0,0
PrimitiveBenchmarks.DllImport_Bool_VariantBool,PInvokeBench,PrimitiveBenchmarks,DllImport_Bool_VariantBool,ShortRun,Default,Default,Default,Default,Default,Default,Default,Default,Default,Default,Default,Default,Default,Default,Default,Default,Default,Default,Default,Default,Default,Default,Default,Default,Default,Default,Default,Default,Default,Default,Default,3,Default,1,Default,Default,Default,Default,Default,Default,Default,3,"ShortRun(IterationCount=3, LaunchCount=1, WarmupCount=3)",,1,Workload,Pilot,13,468100,65536,7.14,0,0,0,0
PrimitiveBenchmarks.DllImport_Bool_VariantBool,PInvokeBench,PrimitiveBenchmarks,DllImport_Bool_VariantBool,ShortRun,Default,Default,Default,Default,Default,Default,Default,Default,Default,Default,Default,Default,Default,Default,Default,Default,Default,Default,Default,Default,Default,Default,Default,Default,Default,Default,Default,Default,Default,Default,Default,3,Default,1,Default,Default,Default,Default,Default,Default,Default,3,"ShortRun(IterationCount=3, LaunchCount=1, WarmupCount=3)",,1,Workload,Pilot,14,997800,131072,7.61,0,0,0,0
PrimitiveBenchmarks.DllImport_Bool_VariantBool,PInvokeBench,PrimitiveBenchmarks,DllImport_Bool_VariantBool,ShortRun,Default,Default,Default,Default,Default,Default,Default,Default,Default,Default,Default,Default,Default,Default,Default,Default,Default,Default,Default,Default,Default,Default,Default,Default,Default,Default,Default,Default,Default,Default,Default,3,Default,1,Default,Default,Default,Default,Default,Default,Default,3,"ShortRun(IterationCount=3, LaunchCount=1, WarmupCount=3)",,1,Workload,Pilot,15,2135700,262144,8.15,0,0,0,0
PrimitiveBenchmarks.DllImport_Bool_VariantBool,PInvokeBench,PrimitiveBenchmarks,DllImport_Bool_VariantBool,ShortRun,Default,Default,Default,Default,Default,Default,Default,Default,Default,Default,Default,Default,Default,Default,Default,Default,Default,Default,Default,Default,Default,Default,Default,Default,Default,Default,Default,Default,Default,Default,Default,3,Default,1,Default,Default,Default,Default,Default,Default,Default,3,"ShortRun(IterationCount=3, LaunchCount=1, WarmupCount=3)",,1,Workload,Pilot,16,4331200,524288,8.26,0,0,0,0
PrimitiveBenchmarks.DllImport_Bool_VariantBool,PInvokeBench,PrimitiveBenchmarks,DllImport_Bool_VariantBool,ShortRun,Default,Default,Default,Default,Default,Default,Default,Default,Default,Default,Default,Default,Default,Default,Default,Default,Default,Default,Default,Default,Default,Default,Default,Default,Default,Default,Default,Default,Default,Default,Default,3,Default,1,Default,Default,Default,Default,Default,Default,Default,3,"ShortRun(IterationCount=3, LaunchCount=1, WarmupCount=3)",,1,Workload,Pilot,17,8766300,1048576,8.36,0,0,0,0
PrimitiveBenchmarks.DllImport_Bool_VariantBool,PInvokeBench,PrimitiveBenchmarks,DllImport_Bool_VariantBool,ShortRun,Default,Default,Default,Default,Default,Default,Default,Default,Default,Default,Default,Default,Default,Default,Default,Default,Default,Default,Default,Default,Default,Default,Default,Default,Default,Default,Default,Default,Default,Default,Default,3,Default,1,Default,Default,Default,Default,Default,Default,Default,3,"ShortRun(IterationCount=3, LaunchCount=1, WarmupCount=3)",,1,Workload,Pilot,18,17791600,2097152,8.48,0,0,0,0
PrimitiveBenchmarks.DllImport_Bool_VariantBool,PInvokeBench,PrimitiveBenchmarks,DllImport_Bool_VariantBool,ShortRun,Default,Default,Default,Default,Default,Default,Default,Default,Default,Default,Default,Default,Default,Default,Default,Default,Default,Default,Default,Default,Default,Default,Default,Default,Default,Default,Default,Default,Default,Default,Default,3,Default,1,Default,Default,Default,Default,Default,Default,Default,3,"ShortRun(IterationCount=3, LaunchCount=1, WarmupCount=3)",,1,Workload,Pilot,19,35518700,4194304,8.47,0,0,0,0
PrimitiveBenchmarks.DllImport_Bool_VariantBool,PInvokeBench,PrimitiveBenchmarks,DllImport_Bool_VariantBool,ShortRun,Default,Default,Default,Default,Default,Default,Default,Default,Default,Default,Default,Default,Default,Default,Default,Default,Default,Default,Default,Default,Default,Default,Default,Default,Default,Default,Default,Default,Default,Default,Default,3,Default,1,Default,Default,Default,Default,Default,Default,Default,3,"ShortRun(IterationCount=3, LaunchCount=1, WarmupCount=3)",,1,Workload,Pilot,20,69487700,8388608,8.28,0,0,0,0
PrimitiveBenchmarks.DllImport_Bool_VariantBool,PInvokeBench,PrimitiveBenchmarks,DllImport_Bool_VariantBool,ShortRun,Default,Default,Default,Default,Default,Default,Default,Default,Default,Default,Default,Default,Default,Default,Default,Default,Default,Default,Default,Default,Default,Default,Default,Default,Default,Default,Default,Default,Default,Default,Default,3,Default,1,Default,Default,Default,Default,Default,Default,Default,3,"ShortRun(IterationCount=3, LaunchCount=1, WarmupCount=3)",,1,Workload,Pilot,21,128302500,16777216,7.65,0,0,0,0
PrimitiveBenchmarks.DllImport_Bool_VariantBool,PInvokeBench,PrimitiveBenchmarks,DllImport_Bool_VariantBool,ShortRun,Default,Default,Default,Default,Default,Default,Default,Default,Default,Default,Default,Default,Default,Default,Default,Default,Default,Default,Default,Default,Default,Default,Default,Default,Default,Default,Default,Default,Default,Default,Default,3,Default,1,Default,Default,Default,Default,Default,Default,Default,3,"ShortRun(IterationCount=3, LaunchCount=1, WarmupCount=3)",,1,Workload,Pilot,22,253666200,33554432,7.56,0,0,0,0
PrimitiveBenchmarks.DllImport_Bool_VariantBool,PInvokeBench,PrimitiveBenchmarks,DllImport_Bool_VariantBool,ShortRun,Default,Default,Default,Default,Default,Default,Default,Default,Default,Default,Default,Default,Default,Default,Default,Default,Default,Default,Default,Default,Default,Default,Default,Default,Default,Default,Default,Default,Default,Default,Default,3,Default,1,Default,Default,Default,Default,Default,Default,Default,3,"ShortRun(IterationCount=3, LaunchCount=1, WarmupCount=3)",,1,Workload,Pilot,23,537755200,67108864,8.01,0,0,0,0
PrimitiveBenchmarks.DllImport_Bool_VariantBool,PInvokeBench,PrimitiveBenchmarks,DllImport_Bool_VariantBool,ShortRun,Default,Default,Default,Default,Default,Default,Default,Default,Default,Default,Default,Default,Default,Default,Default,Default,Default,Default,Default,Default,Default,Default,Default,Default,Default,Default,Default,Default,Default,Default,Default,3,Default,1,Default,Default,Default,Default,Default,Default,Default,3,"ShortRun(IterationCount=3, LaunchCount=1, WarmupCount=3)",,1,Overhead,Warmup,1,168272100,67108864,2.51,0,0,0,0
PrimitiveBenchmarks.DllImport_Bool_VariantBool,PInvokeBench,PrimitiveBenchmarks,DllImport_Bool_VariantBool,ShortRun,Default,Default,Default,Default,Default,Default,Default,Default,Default,Default,Default,Default,Default,Default,Default,Default,Default,Default,Default,Default,Default,Default,Default,Default,Default,Default,Default,Default,Default,Default,Default,3,Default,1,Default,Default,Default,Default,Default,Default,Default,3,"ShortRun(IterationCount=3, LaunchCount=1, WarmupCount=3)",,1,Overhead,Warmup,2,140648300,67108864,2.1,0,0,0,0
PrimitiveBenchmarks.DllImport_Bool_VariantBool,PInvokeBench,PrimitiveBenchmarks,DllImport_Bool_VariantBool,ShortRun,Default,Default,Default,Default,Default,Default,Default,Default,Default,Default,Default,Default,Default,Default,Default,Default,Default,Default,Default,Default,Default,Default,Default,Default,Default,Default,Default,Default,Default,Default,Default,3,Default,1,Default,Default,Default,Default,Default,Default,Default,3,"ShortRun(IterationCount=3, LaunchCount=1, WarmupCount=3)",,1,Overhead,Warmup,3,124196400,67108864,1.85,0,0,0,0
PrimitiveBenchmarks.DllImport_Bool_VariantBool,PInvokeBench,PrimitiveBenchmarks,DllImport_Bool_VariantBool,ShortRun,Default,Default,Default,Default,Default,Default,Default,Default,Default,Default,Default,Default,Default,Default,Default,Default,Default,Default,Default,Default,Default,Default,Default,Default,Default,Default,Default,Default,Default,Default,Default,3,Default,1,Default,Default,Default,Default,Default,Default,Default,3,"ShortRun(IterationCount=3, LaunchCount=1, WarmupCount=3)",,1,Overhead,Warmup,4,123237400,67108864,1.84,0,0,0,0
PrimitiveBenchmarks.DllImport_Bool_VariantBool,PInvokeBench,PrimitiveBenchmarks,DllImport_Bool_VariantBool,ShortRun,Default,Default,Default,Default,Default,Default,Default,Default,Default,Default,Default,Default,Default,Default,Default,Default,Default,Default,Default,Default,Default,Default,Default,Default,Default,Default,Default,Default,Default,Default,Default,3,Default,1,Default,Default,Default,Default,Default,Default,Default,3,"ShortRun(IterationCount=3, LaunchCount=1, WarmupCount=3)",,1,Overhead,Warmup,5,123905800,67108864,1.85,0,0,0,0
PrimitiveBenchmarks.DllImport_Bool_VariantBool,PInvokeBench,PrimitiveBenchmarks,DllImport_Bool_VariantBool,ShortRun,Default,Default,Default,Default,Default,Default,Default,Default,Default,Default,Default,Default,Default,Default,Default,Default,Default,Default,Default,Default,Default,Default,Default,Default,Default,Default,Default,Default,Default,Default,Default,3,Default,1,Default,Default,Default,Default,Default,Default,Default,3,"ShortRun(IterationCount=3, LaunchCount=1, WarmupCount=3)",,1,Overhead,Warmup,6,122547500,67108864,1.83,0,0,0,0
PrimitiveBenchmarks.DllImport_Bool_VariantBool,PInvokeBench,PrimitiveBenchmarks,DllImport_Bool_VariantBool,ShortRun,Default,Default,Default,Default,Default,Default,Default,Default,Default,Default,Default,Default,Default,Default,Default,Default,Default,Default,Default,Default,Default,Default,Default,Default,Default,Default,Default,Default,Default,Default,Default,3,Default,1,Default,Default,Default,Default,Default,Default,Default,3,"ShortRun(IterationCount=3, LaunchCount=1, WarmupCount=3)",,1,Overhead,Warmup,7,121804600,67108864,1.82,0,0,0,0
PrimitiveBenchmarks.DllImport_Bool_VariantBool,PInvokeBench,PrimitiveBenchmarks,DllImport_Bool_VariantBool,ShortRun,Default,Default,Default,Default,Default,Default,Default,Default,Default,Default,Default,Default,Default,Default,Default,Default,Default,Default,Default,Default,Default,Default,Default,Default,Default,Default,Default,Default,Default,Default,Default,3,Default,1,Default,Default,Default,Default,Default,Default,Default,3,"ShortRun(IterationCount=3, LaunchCount=1, WarmupCount=3)",,1,Overhead,Warmup,8,120278400,67108864,1.79,0,0,0,0
PrimitiveBenchmarks.DllImport_Bool_VariantBool,PInvokeBench,PrimitiveBenchmarks,DllImport_Bool_VariantBool,ShortRun,Default,Default,Default,Default,Default,Default,Default,Default,Default,Default,Default,Default,Default,Default,Default,Default,Default,Default,Default,Default,Default,Default,Default,Default,Default,Default,Default,Default,Default,Default,Default,3,Default,1,Default,Default,Default,Default,Default,Default,Default,3,"ShortRun(IterationCount=3, LaunchCount=1, WarmupCount=3)",,1,Overhead,Warmup,9,132513500,67108864,1.97,0,0,0,0
PrimitiveBenchmarks.DllImport_Bool_VariantBool,PInvokeBench,PrimitiveBenchmarks,DllImport_Bool_VariantBool,ShortRun,Default,Default,Default,Default,Default,Default,Default,Default,Default,Default,Default,Default,Default,Default,Default,Default,Default,Default,Default,Default,Default,Default,Default,Default,Default,Default,Default,Default,Default,Default,Default,3,Default,1,Default,Default,Default,Default,Default,Default,Default,3,"ShortRun(IterationCount=3, LaunchCount=1, WarmupCount=3)",,1,Overhead,Warmup,10,127487100,67108864,1.9,0,0,0,0
PrimitiveBenchmarks.DllImport_Bool_VariantBool,PInvokeBench,PrimitiveBenchmarks,DllImport_Bool_VariantBool,ShortRun,Default,Default,Default,Default,Default,Default,Default,Default,Default,Default,Default,Default,Default,Default,Default,Default,Default,Default,Default,Default,Default,Default,Default,Default,Default,Default,Default,Default,Default,Default,Default,3,Default,1,Default,Default,Default,Default,Default,Default,Default,3,"ShortRun(IterationCount=3, LaunchCount=1, WarmupCount=3)",,1,Overhead,Actual,1,123409900,67108864,1.84,0,0,0,0
PrimitiveBenchmarks.DllImport_Bool_VariantBool,PInvokeBench,PrimitiveBenchmarks,DllImport_Bool_VariantBool,ShortRun,Default,Default,Default,Default,Default,Default,Default,Default,Default,Default,Default,Default,Default,Default,Default,Default,Default,Default,Default,Default,Default,Default,Default,Default,Default,Default,Default,Default,Default,Default,Default,3,Default,1,Default,Default,Default,Default,Default,Default,Default,3,"ShortRun(IterationCount=3, LaunchCount=1, WarmupCount=3)",,1,Overhead,Actual,2,121262700,67108864,1.81,0,0,0,0
PrimitiveBenchmarks.DllImport_Bool_VariantBool,PInvokeBench,PrimitiveBenchmarks,DllImport_Bool_VariantBool,ShortRun,Default,Default,Default,Default,Default,Default,Default,Default,Default,Default,Default,Default,Default,Default,Default,Default,Default,Default,Default,Default,Default,Default,Default,Default,Default,Default,Default,Default,Default,Default,Default,3,Default,1,Default,Default,Default,Default,Default,Default,Default,3,"ShortRun(IterationCount=3, LaunchCount=1, WarmupCount=3)",,1,Overhead,Actual,3,122524000,67108864,1.83,0,0,0,0
PrimitiveBenchmarks.DllImport_Bool_VariantBool,PInvokeBench,PrimitiveBenchmarks,DllImport_Bool_VariantBool,ShortRun,Default,Default,Default,Default,Default,Default,Default,Default,Default,Default,Default,Default,Default,Default,Default,Default,Default,Default,Default,Default,Default,Default,Default,Default,Default,Default,Default,Default,Default,Default,Default,3,Default,1,Default,Default,Default,Default,Default,Default,Default,3,"ShortRun(IterationCount=3, LaunchCount=1, WarmupCount=3)",,1,Overhead,Actual,4,126770300,67108864,1.89,0,0,0,0
PrimitiveBenchmarks.DllImport_Bool_VariantBool,PInvokeBench,PrimitiveBenchmarks,DllImport_Bool_VariantBool,ShortRun,Default,Default,Default,Default,Default,Default,Default,Default,Default,Default,Default,Default,Default,Default,Default,Default,Default,Default,Default,Default,Default,Default,Default,Default,Default,Default,Default,Default,Default,Default,Default,3,Default,1,Default,Default,Default,Default,Default,Default,Default,3,"ShortRun(IterationCount=3, LaunchCount=1, WarmupCount=3)",,1,Overhead,Actual,5,130781300,67108864,1.95,0,0,0,0
PrimitiveBenchmarks.DllImport_Bool_VariantBool,PInvokeBench,PrimitiveBenchmarks,DllImport_Bool_VariantBool,ShortRun,Default,Default,Default,Default,Default,Default,Default,Default,Default,Default,Default,Default,Default,Default,Default,Default,Default,Default,Default,Default,Default,Default,Default,Default,Default,Default,Default,Default,Default,Default,Default,3,Default,1,Default,Default,Default,Default,Default,Default,Default,3,"ShortRun(IterationCount=3, LaunchCount=1, WarmupCount=3)",,1,Overhead,Actual,6,132195700,67108864,1.97,0,0,0,0
PrimitiveBenchmarks.DllImport_Bool_VariantBool,PInvokeBench,PrimitiveBenchmarks,DllImport_Bool_VariantBool,ShortRun,Default,Default,Default,Default,Default,Default,Default,Default,Default,Default,Default,Default,Default,Default,Default,Default,Default,Default,Default,Default,Default,Default,Default,Default,Default,Default,Default,Default,Default,Default,Default,3,Default,1,Default,Default,Default,Default,Default,Default,Default,3,"ShortRun(IterationCount=3, LaunchCount=1, WarmupCount=3)",,1,Overhead,Actual,7,135703300,67108864,2.02,0,0,0,0
PrimitiveBenchmarks.DllImport_Bool_VariantBool,PInvokeBench,PrimitiveBenchmarks,DllImport_Bool_VariantBool,ShortRun,Default,Default,Default,Default,Default,Default,Default,Default,Default,Default,Default,Default,Default,Default,Default,Default,Default,Default,Default,Default,Default,Default,Default,Default,Default,Default,Default,Default,Default,Default,Default,3,Default,1,Default,Default,Default,Default,Default,Default,Default,3,"ShortRun(IterationCount=3, LaunchCount=1, WarmupCount=3)",,1,Overhead,Actual,8,138661100,67108864,2.07,0,0,0,0
PrimitiveBenchmarks.DllImport_Bool_VariantBool,PInvokeBench,PrimitiveBenchmarks,DllImport_Bool_VariantBool,ShortRun,Default,Default,Default,Default,Default,Default,Default,Default,Default,Default,Default,Default,Default,Default,Default,Default,Default,Default,Default,Default,Default,Default,Default,Default,Default,Default,Default,Default,Default,Default,Default,3,Default,1,Default,Default,Default,Default,Default,Default,Default,3,"ShortRun(IterationCount=3, LaunchCount=1, WarmupCount=3)",,1,Overhead,Actual,9,128492500,67108864,1.91,0,0,0,0
PrimitiveBenchmarks.DllImport_Bool_VariantBool,PInvokeBench,PrimitiveBenchmarks,DllImport_Bool_VariantBool,ShortRun,Default,Default,Default,Default,Default,Default,Default,Default,Default,Default,Default,Default,Default,Default,Default,Default,Default,Default,Default,Default,Default,Default,Default,Default,Default,Default,Default,Default,Default,Default,Default,3,Default,1,Default,Default,Default,Default,Default,Default,Default,3,"ShortRun(IterationCount=3, LaunchCount=1, WarmupCount=3)",,1,Overhead,Actual,10,127899000,67108864,1.91,0,0,0,0
PrimitiveBenchmarks.DllImport_Bool_VariantBool,PInvokeBench,PrimitiveBenchmarks,DllImport_Bool_VariantBool,ShortRun,Default,Default,Default,Default,Default,Default,Default,Default,Default,Default,Default,Default,Default,Default,Default,Default,Default,Default,Default,Default,Default,Default,Default,Default,Default,Default,Default,Default,Default,Default,Default,3,Default,1,Default,Default,Default,Default,Default,Default,Default,3,"ShortRun(IterationCount=3, LaunchCount=1, WarmupCount=3)",,1,Overhead,Actual,11,134235000,67108864,2,0,0,0,0
PrimitiveBenchmarks.DllImport_Bool_VariantBool,PInvokeBench,PrimitiveBenchmarks,DllImport_Bool_VariantBool,ShortRun,Default,Default,Default,Default,Default,Default,Default,Default,Default,Default,Default,Default,Default,Default,Default,Default,Default,Default,Default,Default,Default,Default,Default,Default,Default,Default,Default,Default,Default,Default,Default,3,Default,1,Default,Default,Default,Default,Default,Default,Default,3,"ShortRun(IterationCount=3, LaunchCount=1, WarmupCount=3)",,1,Overhead,Actual,12,127718100,67108864,1.9,0,0,0,0
PrimitiveBenchmarks.DllImport_Bool_VariantBool,PInvokeBench,PrimitiveBenchmarks,DllImport_Bool_VariantBool,ShortRun,Default,Default,Default,Default,Default,Default,Default,Default,Default,Default,Default,Default,Default,Default,Default,Default,Default,Default,Default,Default,Default,Default,Default,Default,Default,Default,Default,Default,Default,Default,Default,3,Default,1,Default,Default,Default,Default,Default,Default,Default,3,"ShortRun(IterationCount=3, LaunchCount=1, WarmupCount=3)",,1,Overhead,Actual,13,129325100,67108864,1.93,0,0,0,0
PrimitiveBenchmarks.DllImport_Bool_VariantBool,PInvokeBench,PrimitiveBenchmarks,DllImport_Bool_VariantBool,ShortRun,Default,Default,Default,Default,Default,Default,Default,Default,Default,Default,Default,Default,Default,Default,Default,Default,Default,Default,Default,Default,Default,Default,Default,Default,Default,Default,Default,Default,Default,Default,Default,3,Default,1,Default,Default,Default,Default,Default,Default,Default,3,"ShortRun(IterationCount=3, LaunchCount=1, WarmupCount=3)",,1,Overhead,Actual,14,129797800,67108864,1.93,0,0,0,0
PrimitiveBenchmarks.DllImport_Bool_VariantBool,PInvokeBench,PrimitiveBenchmarks,DllImport_Bool_VariantBool,ShortRun,Default,Default,Default,Default,Default,Default,Default,Default,Default,Default,Default,Default,Default,Default,Default,Default,Default,Default,Default,Default,Default,Default,Default,Default,Default,Default,Default,Default,Default,Default,Default,3,Default,1,Default,Default,Default,Default,Default,Default,Default,3,"ShortRun(IterationCount=3, LaunchCount=1, WarmupCount=3)",,1,Overhead,Actual,15,128402100,67108864,1.91,0,0,0,0
PrimitiveBenchmarks.DllImport_Bool_VariantBool,PInvokeBench,PrimitiveBenchmarks,DllImport_Bool_VariantBool,ShortRun,Default,Default,Default,Default,Default,Default,Default,Default,Default,Default,Default,Default,Default,Default,Default,Default,Default,Default,Default,Default,Default,Default,Default,Default,Default,Default,Default,Default,Default,Default,Default,3,Default,1,Default,Default,Default,Default,Default,Default,Default,3,"ShortRun(IterationCount=3, LaunchCount=1, WarmupCount=3)",,1,Workload,Warmup,1,478762900,67108864,7.13,0,0,0,0
PrimitiveBenchmarks.DllImport_Bool_VariantBool,PInvokeBench,PrimitiveBenchmarks,DllImport_Bool_VariantBool,ShortRun,Default,Default,Default,Default,Default,Default,Default,Default,Default,Default,Default,Default,Default,Default,Default,Default,Default,Default,Default,Default,Default,Default,Default,Default,Default,Default,Default,Default,Default,Default,Default,3,Default,1,Default,Default,Default,Default,Default,Default,Default,3,"ShortRun(IterationCount=3, LaunchCount=1, WarmupCount=3)",,1,Workload,Warmup,2,511547200,67108864,7.62,0,0,0,0
PrimitiveBenchmarks.DllImport_Bool_VariantBool,PInvokeBench,PrimitiveBenchmarks,DllImport_Bool_VariantBool,ShortRun,Default,Default,Default,Default,Default,Default,Default,Default,Default,Default,Default,Default,Default,Default,Default,Default,Default,Default,Default,Default,Default,Default,Default,Default,Default,Default,Default,Default,Default,Default,Default,3,Default,1,Default,Default,Default,Default,Default,Default,Default,3,"ShortRun(IterationCount=3, LaunchCount=1, WarmupCount=3)",,1,Workload,Warmup,3,484124200,67108864,7.21,0,0,0,0
PrimitiveBenchmarks.DllImport_Bool_VariantBool,PInvokeBench,PrimitiveBenchmarks,DllImport_Bool_VariantBool,ShortRun,Default,Default,Default,Default,Default,Default,Default,Default,Default,Default,Default,Default,Default,Default,Default,Default,Default,Default,Default,Default,Default,Default,Default,Default,Default,Default,Default,Default,Default,Default,Default,3,Default,1,Default,Default,Default,Default,Default,Default,Default,3,"ShortRun(IterationCount=3, LaunchCount=1, WarmupCount=3)",,1,Workload,Actual,1,522574800,67108864,7.79,0,0,0,0
PrimitiveBenchmarks.DllImport_Bool_VariantBool,PInvokeBench,PrimitiveBenchmarks,DllImport_Bool_VariantBool,ShortRun,Default,Default,Default,Default,Default,Default,Default,Default,Default,Default,Default,Default,Default,Default,Default,Default,Default,Default,Default,Default,Default,Default,Default,Default,Default,Default,Default,Default,Default,Default,Default,3,Default,1,Default,Default,Default,Default,Default,Default,Default,3,"ShortRun(IterationCount=3, LaunchCount=1, WarmupCount=3)",,1,Workload,Actual,2,515284000,67108864,7.68,0,0,0,0
PrimitiveBenchmarks.DllImport_Bool_VariantBool,PInvokeBench,PrimitiveBenchmarks,DllImport_Bool_VariantBool,ShortRun,Default,Default,Default,Default,Default,Default,Default,Default,Default,Default,Default,Default,Default,Default,Default,Default,Default,Default,Default,Default,Default,Default,Default,Default,Default,Default,Default,Default,Default,Default,Default,3,Default,1,Default,Default,Default,Default,Default,Default,Default,3,"ShortRun(IterationCount=3, LaunchCount=1, WarmupCount=3)",,1,Workload,Actual,3,495203600,67108864,7.38,0,0,0,0
PrimitiveBenchmarks.DllImport_Bool_VariantBool,PInvokeBench,PrimitiveBenchmarks,DllImport_Bool_VariantBool,ShortRun,Default,Default,Default,Default,Default,Default,Default,Default,Default,Default,Default,Default,Default,Default,Default,Default,Default,Default,Default,Default,Default,Default,Default,Default,Default,Default,Default,Default,Default,Default,Default,3,Default,1,Default,Default,Default,Default,Default,Default,Default,3,"ShortRun(IterationCount=3, LaunchCount=1, WarmupCount=3)",,1,Workload,Result,1,394082300,67108864,5.87,0,0,0,0
PrimitiveBenchmarks.DllImport_Bool_VariantBool,PInvokeBench,PrimitiveBenchmarks,DllImport_Bool_VariantBool,ShortRun,Default,Default,Default,Default,Default,Default,Default,Default,Default,Default,Default,Default,Default,Default,Default,Default,Default,Default,Default,Default,Default,Default,Default,Default,Default,Default,Default,Default,Default,Default,Default,3,Default,1,Default,Default,Default,Default,Default,Default,Default,3,"ShortRun(IterationCount=3, LaunchCount=1, WarmupCount=3)",,1,Workload,Result,2,386791500,67108864,5.76,0,0,0,0
PrimitiveBenchmarks.DllImport_Bool_VariantBool,PInvokeBench,PrimitiveBenchmarks,DllImport_Bool_VariantBool,ShortRun,Default,Default,Default,Default,Default,Default,Default,Default,Default,Default,Default,Default,Default,Default,Default,Default,Default,Default,Default,Default,Default,Default,Default,Default,Default,Default,Default,Default,Default,Default,Default,3,Default,1,Default,Default,Default,Default,Default,Default,Default,3,"ShortRun(IterationCount=3, LaunchCount=1, WarmupCount=3)",,1,Workload,Result,3,366711100,67108864,5.46,0,0,0,0
PrimitiveBenchmarks.DllImport_Byte_NoMarshalling,PInvokeBench,PrimitiveBenchmarks,DllImport_Byte_NoMarshalling,ShortRun,Default,Default,Default,Default,Default,Default,Default,Default,Default,Default,Default,Default,Default,Default,Default,Default,Default,Default,Default,Default,Default,Default,Default,Default,Default,Default,Default,Default,Default,Default,Default,3,Default,1,Default,Default,Default,Default,Default,Default,Default,3,"ShortRun(IterationCount=3, LaunchCount=1, WarmupCount=3)",,1,Overhead,Jitting,1,198600,1,198600,0,0,0,0
PrimitiveBenchmarks.DllImport_Byte_NoMarshalling,PInvokeBench,PrimitiveBenchmarks,DllImport_Byte_NoMarshalling,ShortRun,Default,Default,Default,Default,Default,Default,Default,Default,Default,Default,Default,Default,Default,Default,Default,Default,Default,Default,Default,Default,Default,Default,Default,Default,Default,Default,Default,Default,Default,Default,Default,3,Default,1,Default,Default,Default,Default,Default,Default,Default,3,"ShortRun(IterationCount=3, LaunchCount=1, WarmupCount=3)",,1,Workload,Jitting,1,510900,1,510900,0,0,0,0
PrimitiveBenchmarks.DllImport_Byte_NoMarshalling,PInvokeBench,PrimitiveBenchmarks,DllImport_Byte_NoMarshalling,ShortRun,Default,Default,Default,Default,Default,Default,Default,Default,Default,Default,Default,Default,Default,Default,Default,Default,Default,Default,Default,Default,Default,Default,Default,Default,Default,Default,Default,Default,Default,Default,Default,3,Default,1,Default,Default,Default,Default,Default,Default,Default,3,"ShortRun(IterationCount=3, LaunchCount=1, WarmupCount=3)",,1,Overhead,Jitting,2,302900,16,18931.25,0,0,0,0
PrimitiveBenchmarks.DllImport_Byte_NoMarshalling,PInvokeBench,PrimitiveBenchmarks,DllImport_Byte_NoMarshalling,ShortRun,Default,Default,Default,Default,Default,Default,Default,Default,Default,Default,Default,Default,Default,Default,Default,Default,Default,Default,Default,Default,Default,Default,Default,Default,Default,Default,Default,Default,Default,Default,Default,3,Default,1,Default,Default,Default,Default,Default,Default,Default,3,"ShortRun(IterationCount=3, LaunchCount=1, WarmupCount=3)",,1,Workload,Jitting,2,301800,16,18862.5,0,0,0,0
PrimitiveBenchmarks.DllImport_Byte_NoMarshalling,PInvokeBench,PrimitiveBenchmarks,DllImport_Byte_NoMarshalling,ShortRun,Default,Default,Default,Default,Default,Default,Default,Default,Default,Default,Default,Default,Default,Default,Default,Default,Default,Default,Default,Default,Default,Default,Default,Default,Default,Default,Default,Default,Default,Default,Default,3,Default,1,Default,Default,Default,Default,Default,Default,Default,3,"ShortRun(IterationCount=3, LaunchCount=1, WarmupCount=3)",,1,Workload,Pilot,1,800,16,50,0,0,0,0
PrimitiveBenchmarks.DllImport_Byte_NoMarshalling,PInvokeBench,PrimitiveBenchmarks,DllImport_Byte_NoMarshalling,ShortRun,Default,Default,Default,Default,Default,Default,Default,Default,Default,Default,Default,Default,Default,Default,Default,Default,Default,Default,Default,Default,Default,Default,Default,Default,Default,Default,Default,Default,Default,Default,Default,3,Default,1,Default,Default,Default,Default,Default,Default,Default,3,"ShortRun(IterationCount=3, LaunchCount=1, WarmupCount=3)",,1,Workload,Pilot,2,700,32,21.88,0,0,0,0
PrimitiveBenchmarks.DllImport_Byte_NoMarshalling,PInvokeBench,PrimitiveBenchmarks,DllImport_Byte_NoMarshalling,ShortRun,Default,Default,Default,Default,Default,Default,Default,Default,Default,Default,Default,Default,Default,Default,Default,Default,Default,Default,Default,Default,Default,Default,Default,Default,Default,Default,Default,Default,Default,Default,Default,3,Default,1,Default,Default,Default,Default,Default,Default,Default,3,"ShortRun(IterationCount=3, LaunchCount=1, WarmupCount=3)",,1,Workload,Pilot,3,700,64,10.94,0,0,0,0
PrimitiveBenchmarks.DllImport_Byte_NoMarshalling,PInvokeBench,PrimitiveBenchmarks,DllImport_Byte_NoMarshalling,ShortRun,Default,Default,Default,Default,Default,Default,Default,Default,Default,Default,Default,Default,Default,Default,Default,Default,Default,Default,Default,Default,Default,Default,Default,Default,Default,Default,Default,Default,Default,Default,Default,3,Default,1,Default,Default,Default,Default,Default,Default,Default,3,"ShortRun(IterationCount=3, LaunchCount=1, WarmupCount=3)",,1,Workload,Pilot,4,1400,128,10.94,0,0,0,0
PrimitiveBenchmarks.DllImport_Byte_NoMarshalling,PInvokeBench,PrimitiveBenchmarks,DllImport_Byte_NoMarshalling,ShortRun,Default,Default,Default,Default,Default,Default,Default,Default,Default,Default,Default,Default,Default,Default,Default,Default,Default,Default,Default,Default,Default,Default,Default,Default,Default,Default,Default,Default,Default,Default,Default,3,Default,1,Default,Default,Default,Default,Default,Default,Default,3,"ShortRun(IterationCount=3, LaunchCount=1, WarmupCount=3)",,1,Workload,Pilot,5,1900,256,7.42,0,0,0,0
PrimitiveBenchmarks.DllImport_Byte_NoMarshalling,PInvokeBench,PrimitiveBenchmarks,DllImport_Byte_NoMarshalling,ShortRun,Default,Default,Default,Default,Default,Default,Default,Default,Default,Default,Default,Default,Default,Default,Default,Default,Default,Default,Default,Default,Default,Default,Default,Default,Default,Default,Default,Default,Default,Default,Default,3,Default,1,Default,Default,Default,Default,Default,Default,Default,3,"ShortRun(IterationCount=3, LaunchCount=1, WarmupCount=3)",,1,Workload,Pilot,6,3200,512,6.25,0,0,0,0
PrimitiveBenchmarks.DllImport_Byte_NoMarshalling,PInvokeBench,PrimitiveBenchmarks,DllImport_Byte_NoMarshalling,ShortRun,Default,Default,Default,Default,Default,Default,Default,Default,Default,Default,Default,Default,Default,Default,Default,Default,Default,Default,Default,Default,Default,Default,Default,Default,Default,Default,Default,Default,Default,Default,Default,3,Default,1,Default,Default,Default,Default,Default,Default,Default,3,"ShortRun(IterationCount=3, LaunchCount=1, WarmupCount=3)",,1,Workload,Pilot,7,6100,1024,5.96,0,0,0,0
PrimitiveBenchmarks.DllImport_Byte_NoMarshalling,PInvokeBench,PrimitiveBenchmarks,DllImport_Byte_NoMarshalling,ShortRun,Default,Default,Default,Default,Default,Default,Default,Default,Default,Default,Default,Default,Default,Default,Default,Default,Default,Default,Default,Default,Default,Default,Default,Default,Default,Default,Default,Default,Default,Default,Default,3,Default,1,Default,Default,Default,Default,Default,Default,Default,3,"ShortRun(IterationCount=3, LaunchCount=1, WarmupCount=3)",,1,Workload,Pilot,8,11900,2048,5.81,0,0,0,0
PrimitiveBenchmarks.DllImport_Byte_NoMarshalling,PInvokeBench,PrimitiveBenchmarks,DllImport_Byte_NoMarshalling,ShortRun,Default,Default,Default,Default,Default,Default,Default,Default,Default,Default,Default,Default,Default,Default,Default,Default,Default,Default,Default,Default,Default,Default,Default,Default,Default,Default,Default,Default,Default,Default,Default,3,Default,1,Default,Default,Default,Default,Default,Default,Default,3,"ShortRun(IterationCount=3, LaunchCount=1, WarmupCount=3)",,1,Workload,Pilot,9,23200,4096,5.66,0,0,0,0
PrimitiveBenchmarks.DllImport_Byte_NoMarshalling,PInvokeBench,PrimitiveBenchmarks,DllImport_Byte_NoMarshalling,ShortRun,Default,Default,Default,Default,Default,Default,Default,Default,Default,Default,Default,Default,Default,Default,Default,Default,Default,Default,Default,Default,Default,Default,Default,Default,Default,Default,Default,Default,Default,Default,Default,3,Default,1,Default,Default,Default,Default,Default,Default,Default,3,"ShortRun(IterationCount=3, LaunchCount=1, WarmupCount=3)",,1,Workload,Pilot,10,46300,8192,5.65,0,0,0,0
PrimitiveBenchmarks.DllImport_Byte_NoMarshalling,PInvokeBench,PrimitiveBenchmarks,DllImport_Byte_NoMarshalling,ShortRun,Default,Default,Default,Default,Default,Default,Default,Default,Default,Default,Default,Default,Default,Default,Default,Default,Default,Default,Default,Default,Default,Default,Default,Default,Default,Default,Default,Default,Default,Default,Default,3,Default,1,Default,Default,Default,Default,Default,Default,Default,3,"ShortRun(IterationCount=3, LaunchCount=1, WarmupCount=3)",,1,Workload,Pilot,11,92700,16384,5.66,0,0,0,0
PrimitiveBenchmarks.DllImport_Byte_NoMarshalling,PInvokeBench,PrimitiveBenchmarks,DllImport_Byte_NoMarshalling,ShortRun,Default,Default,Default,Default,Default,Default,Default,Default,Default,Default,Default,Default,Default,Default,Default,Default,Default,Default,Default,Default,Default,Default,Default,Default,Default,Default,Default,Default,Default,Default,Default,3,Default,1,Default,Default,Default,Default,Default,Default,Default,3,"ShortRun(IterationCount=3, LaunchCount=1, WarmupCount=3)",,1,Workload,Pilot,12,181700,32768,5.55,0,0,0,0
PrimitiveBenchmarks.DllImport_Byte_NoMarshalling,PInvokeBench,PrimitiveBenchmarks,DllImport_Byte_NoMarshalling,ShortRun,Default,Default,Default,Default,Default,Default,Default,Default,Default,Default,Default,Default,Default,Default,Default,Default,Default,Default,Default,Default,Default,Default,Default,Default,Default,Default,Default,Default,Default,Default,Default,3,Default,1,Default,Default,Default,Default,Default,Default,Default,3,"ShortRun(IterationCount=3, LaunchCount=1, WarmupCount=3)",,1,Workload,Pilot,13,376500,65536,5.74,0,0,0,0
PrimitiveBenchmarks.DllImport_Byte_NoMarshalling,PInvokeBench,PrimitiveBenchmarks,DllImport_Byte_NoMarshalling,ShortRun,Default,Default,Default,Default,Default,Default,Default,Default,Default,Default,Default,Default,Default,Default,Default,Default,Default,Default,Default,Default,Default,Default,Default,Default,Default,Default,Default,Default,Default,Default,Default,3,Default,1,Default,Default,Default,Default,Default,Default,Default,3,"ShortRun(IterationCount=3, LaunchCount=1, WarmupCount=3)",,1,Workload,Pilot,14,758300,131072,5.79,0,0,0,0
PrimitiveBenchmarks.DllImport_Byte_NoMarshalling,PInvokeBench,PrimitiveBenchmarks,DllImport_Byte_NoMarshalling,ShortRun,Default,Default,Default,Default,Default,Default,Default,Default,Default,Default,Default,Default,Default,Default,Default,Default,Default,Default,Default,Default,Default,Default,Default,Default,Default,Default,Default,Default,Default,Default,Default,3,Default,1,Default,Default,Default,Default,Default,Default,Default,3,"ShortRun(IterationCount=3, LaunchCount=1, WarmupCount=3)",,1,Workload,Pilot,15,1715100,262144,6.54,0,0,0,0
PrimitiveBenchmarks.DllImport_Byte_NoMarshalling,PInvokeBench,PrimitiveBenchmarks,DllImport_Byte_NoMarshalling,ShortRun,Default,Default,Default,Default,Default,Default,Default,Default,Default,Default,Default,Default,Default,Default,Default,Default,Default,Default,Default,Default,Default,Default,Default,Default,Default,Default,Default,Default,Default,Default,Default,3,Default,1,Default,Default,Default,Default,Default,Default,Default,3,"ShortRun(IterationCount=3, LaunchCount=1, WarmupCount=3)",,1,Workload,Pilot,16,3625300,524288,6.91,0,0,0,0
PrimitiveBenchmarks.DllImport_Byte_NoMarshalling,PInvokeBench,PrimitiveBenchmarks,DllImport_Byte_NoMarshalling,ShortRun,Default,Default,Default,Default,Default,Default,Default,Default,Default,Default,Default,Default,Default,Default,Default,Default,Default,Default,Default,Default,Default,Default,Default,Default,Default,Default,Default,Default,Default,Default,Default,3,Default,1,Default,Default,Default,Default,Default,Default,Default,3,"ShortRun(IterationCount=3, LaunchCount=1, WarmupCount=3)",,1,Workload,Pilot,17,7465800,1048576,7.12,0,0,0,0
PrimitiveBenchmarks.DllImport_Byte_NoMarshalling,PInvokeBench,PrimitiveBenchmarks,DllImport_Byte_NoMarshalling,ShortRun,Default,Default,Default,Default,Default,Default,Default,Default,Default,Default,Default,Default,Default,Default,Default,Default,Default,Default,Default,Default,Default,Default,Default,Default,Default,Default,Default,Default,Default,Default,Default,3,Default,1,Default,Default,Default,Default,Default,Default,Default,3,"ShortRun(IterationCount=3, LaunchCount=1, WarmupCount=3)",,1,Workload,Pilot,18,16376100,2097152,7.81,0,0,0,0
PrimitiveBenchmarks.DllImport_Byte_NoMarshalling,PInvokeBench,PrimitiveBenchmarks,DllImport_Byte_NoMarshalling,ShortRun,Default,Default,Default,Default,Default,Default,Default,Default,Default,Default,Default,Default,Default,Default,Default,Default,Default,Default,Default,Default,Default,Default,Default,Default,Default,Default,Default,Default,Default,Default,Default,3,Default,1,Default,Default,Default,Default,Default,Default,Default,3,"ShortRun(IterationCount=3, LaunchCount=1, WarmupCount=3)",,1,Workload,Pilot,19,30102000,4194304,7.18,0,0,0,0
PrimitiveBenchmarks.DllImport_Byte_NoMarshalling,PInvokeBench,PrimitiveBenchmarks,DllImport_Byte_NoMarshalling,ShortRun,Default,Default,Default,Default,Default,Default,Default,Default,Default,Default,Default,Default,Default,Default,Default,Default,Default,Default,Default,Default,Default,Default,Default,Default,Default,Default,Default,Default,Default,Default,Default,3,Default,1,Default,Default,Default,Default,Default,Default,Default,3,"ShortRun(IterationCount=3, LaunchCount=1, WarmupCount=3)",,1,Workload,Pilot,20,60299200,8388608,7.19,0,0,0,0
PrimitiveBenchmarks.DllImport_Byte_NoMarshalling,PInvokeBench,PrimitiveBenchmarks,DllImport_Byte_NoMarshalling,ShortRun,Default,Default,Default,Default,Default,Default,Default,Default,Default,Default,Default,Default,Default,Default,Default,Default,Default,Default,Default,Default,Default,Default,Default,Default,Default,Default,Default,Default,Default,Default,Default,3,Default,1,Default,Default,Default,Default,Default,Default,Default,3,"ShortRun(IterationCount=3, LaunchCount=1, WarmupCount=3)",,1,Workload,Pilot,21,109825300,16777216,6.55,0,0,0,0
PrimitiveBenchmarks.DllImport_Byte_NoMarshalling,PInvokeBench,PrimitiveBenchmarks,DllImport_Byte_NoMarshalling,ShortRun,Default,Default,Default,Default,Default,Default,Default,Default,Default,Default,Default,Default,Default,Default,Default,Default,Default,Default,Default,Default,Default,Default,Default,Default,Default,Default,Default,Default,Default,Default,Default,3,Default,1,Default,Default,Default,Default,Default,Default,Default,3,"ShortRun(IterationCount=3, LaunchCount=1, WarmupCount=3)",,1,Workload,Pilot,22,209441000,33554432,6.24,0,0,0,0
PrimitiveBenchmarks.DllImport_Byte_NoMarshalling,PInvokeBench,PrimitiveBenchmarks,DllImport_Byte_NoMarshalling,ShortRun,Default,Default,Default,Default,Default,Default,Default,Default,Default,Default,Default,Default,Default,Default,Default,Default,Default,Default,Default,Default,Default,Default,Default,Default,Default,Default,Default,Default,Default,Default,Default,3,Default,1,Default,Default,Default,Default,Default,Default,Default,3,"ShortRun(IterationCount=3, LaunchCount=1, WarmupCount=3)",,1,Workload,Pilot,23,410142100,67108864,6.11,0,0,0,0
PrimitiveBenchmarks.DllImport_Byte_NoMarshalling,PInvokeBench,PrimitiveBenchmarks,DllImport_Byte_NoMarshalling,ShortRun,Default,Default,Default,Default,Default,Default,Default,Default,Default,Default,Default,Default,Default,Default,Default,Default,Default,Default,Default,Default,Default,Default,Default,Default,Default,Default,Default,Default,Default,Default,Default,3,Default,1,Default,Default,Default,Default,Default,Default,Default,3,"ShortRun(IterationCount=3, LaunchCount=1, WarmupCount=3)",,1,Workload,Pilot,24,811133300,134217728,6.04,0,0,0,0
PrimitiveBenchmarks.DllImport_Byte_NoMarshalling,PInvokeBench,PrimitiveBenchmarks,DllImport_Byte_NoMarshalling,ShortRun,Default,Default,Default,Default,Default,Default,Default,Default,Default,Default,Default,Default,Default,Default,Default,Default,Default,Default,Default,Default,Default,Default,Default,Default,Default,Default,Default,Default,Default,Default,Default,3,Default,1,Default,Default,Default,Default,Default,Default,Default,3,"ShortRun(IterationCount=3, LaunchCount=1, WarmupCount=3)",,1,Overhead,Warmup,1,310247400,134217728,2.31,0,0,0,0
PrimitiveBenchmarks.DllImport_Byte_NoMarshalling,PInvokeBench,PrimitiveBenchmarks,DllImport_Byte_NoMarshalling,ShortRun,Default,Default,Default,Default,Default,Default,Default,Default,Default,Default,Default,Default,Default,Default,Default,Default,Default,Default,Default,Default,Default,Default,Default,Default,Default,Default,Default,Default,Default,Default,Default,3,Default,1,Default,Default,Default,Default,Default,Default,Default,3,"ShortRun(IterationCount=3, LaunchCount=1, WarmupCount=3)",,1,Overhead,Warmup,2,267643400,134217728,1.99,0,0,0,0
PrimitiveBenchmarks.DllImport_Byte_NoMarshalling,PInvokeBench,PrimitiveBenchmarks,DllImport_Byte_NoMarshalling,ShortRun,Default,Default,Default,Default,Default,Default,Default,Default,Default,Default,Default,Default,Default,Default,Default,Default,Default,Default,Default,Default,Default,Default,Default,Default,Default,Default,Default,Default,Default,Default,Default,3,Default,1,Default,Default,Default,Default,Default,Default,Default,3,"ShortRun(IterationCount=3, LaunchCount=1, WarmupCount=3)",,1,Overhead,Warmup,3,255244200,134217728,1.9,0,0,0,0
PrimitiveBenchmarks.DllImport_Byte_NoMarshalling,PInvokeBench,PrimitiveBenchmarks,DllImport_Byte_NoMarshalling,ShortRun,Default,Default,Default,Default,Default,Default,Default,Default,Default,Default,Default,Default,Default,Default,Default,Default,Default,Default,Default,Default,Default,Default,Default,Default,Default,Default,Default,Default,Default,Default,Default,3,Default,1,Default,Default,Default,Default,Default,Default,Default,3,"ShortRun(IterationCount=3, LaunchCount=1, WarmupCount=3)",,1,Overhead,Warmup,4,246609400,134217728,1.84,0,0,0,0
PrimitiveBenchmarks.DllImport_Byte_NoMarshalling,PInvokeBench,PrimitiveBenchmarks,DllImport_Byte_NoMarshalling,ShortRun,Default,Default,Default,Default,Default,Default,Default,Default,Default,Default,Default,Default,Default,Default,Default,Default,Default,Default,Default,Default,Default,Default,Default,Default,Default,Default,Default,Default,Default,Default,Default,3,Default,1,Default,Default,Default,Default,Default,Default,Default,3,"ShortRun(IterationCount=3, LaunchCount=1, WarmupCount=3)",,1,Overhead,Warmup,5,246618700,134217728,1.84,0,0,0,0
PrimitiveBenchmarks.DllImport_Byte_NoMarshalling,PInvokeBench,PrimitiveBenchmarks,DllImport_Byte_NoMarshalling,ShortRun,Default,Default,Default,Default,Default,Default,Default,Default,Default,Default,Default,Default,Default,Default,Default,Default,Default,Default,Default,Default,Default,Default,Default,Default,Default,Default,Default,Default,Default,Default,Default,3,Default,1,Default,Default,Default,Default,Default,Default,Default,3,"ShortRun(IterationCount=3, LaunchCount=1, WarmupCount=3)",,1,Overhead,Warmup,6,246633300,134217728,1.84,0,0,0,0
PrimitiveBenchmarks.DllImport_Byte_NoMarshalling,PInvokeBench,PrimitiveBenchmarks,DllImport_Byte_NoMarshalling,ShortRun,Default,Default,Default,Default,Default,Default,Default,Default,Default,Default,Default,Default,Default,Default,Default,Default,Default,Default,Default,Default,Default,Default,Default,Default,Default,Default,Default,Default,Default,Default,Default,3,Default,1,Default,Default,Default,Default,Default,Default,Default,3,"ShortRun(IterationCount=3, LaunchCount=1, WarmupCount=3)",,1,Overhead,Warmup,7,253055700,134217728,1.89,0,0,0,0
PrimitiveBenchmarks.DllImport_Byte_NoMarshalling,PInvokeBench,PrimitiveBenchmarks,DllImport_Byte_NoMarshalling,ShortRun,Default,Default,Default,Default,Default,Default,Default,Default,Default,Default,Default,Default,Default,Default,Default,Default,Default,Default,Default,Default,Default,Default,Default,Default,Default,Default,Default,Default,Default,Default,Default,3,Default,1,Default,Default,Default,Default,Default,Default,Default,3,"ShortRun(IterationCount=3, LaunchCount=1, WarmupCount=3)",,1,Overhead,Warmup,8,258112200,134217728,1.92,0,0,0,0
PrimitiveBenchmarks.DllImport_Byte_NoMarshalling,PInvokeBench,PrimitiveBenchmarks,DllImport_Byte_NoMarshalling,ShortRun,Default,Default,Default,Default,Default,Default,Default,Default,Default,Default,Default,Default,Default,Default,Default,Default,Default,Default,Default,Default,Default,Default,Default,Default,Default,Default,Default,Default,Default,Default,Default,3,Default,1,Default,Default,Default,Default,Default,Default,Default,3,"ShortRun(IterationCount=3, LaunchCount=1, WarmupCount=3)",,1,Overhead,Warmup,9,260586600,134217728,1.94,0,0,0,0
PrimitiveBenchmarks.DllImport_Byte_NoMarshalling,PInvokeBench,PrimitiveBenchmarks,DllImport_Byte_NoMarshalling,ShortRun,Default,Default,Default,Default,Default,Default,Default,Default,Default,Default,Default,Default,Default,Default,Default,Default,Default,Default,Default,Default,Default,Default,Default,Default,Default,Default,Default,Default,Default,Default,Default,3,Default,1,Default,Default,Default,Default,Default,Default,Default,3,"ShortRun(IterationCount=3, LaunchCount=1, WarmupCount=3)",,1,Overhead,Warmup,10,261237500,134217728,1.95,0,0,0,0
PrimitiveBenchmarks.DllImport_Byte_NoMarshalling,PInvokeBench,PrimitiveBenchmarks,DllImport_Byte_NoMarshalling,ShortRun,Default,Default,Default,Default,Default,Default,Default,Default,Default,Default,Default,Default,Default,Default,Default,Default,Default,Default,Default,Default,Default,Default,Default,Default,Default,Default,Default,Default,Default,Default,Default,3,Default,1,Default,Default,Default,Default,Default,Default,Default,3,"ShortRun(IterationCount=3, LaunchCount=1, WarmupCount=3)",,1,Overhead,Actual,1,253085100,134217728,1.89,0,0,0,0
PrimitiveBenchmarks.DllImport_Byte_NoMarshalling,PInvokeBench,PrimitiveBenchmarks,DllImport_Byte_NoMarshalling,ShortRun,Default,Default,Default,Default,Default,Default,Default,Default,Default,Default,Default,Default,Default,Default,Default,Default,Default,Default,Default,Default,Default,Default,Default,Default,Default,Default,Default,Default,Default,Default,Default,3,Default,1,Default,Default,Default,Default,Default,Default,Default,3,"ShortRun(IterationCount=3, LaunchCount=1, WarmupCount=3)",,1,Overhead,Actual,2,264893000,134217728,1.97,0,0,0,0
PrimitiveBenchmarks.DllImport_Byte_NoMarshalling,PInvokeBench,PrimitiveBenchmarks,DllImport_Byte_NoMarshalling,ShortRun,Default,Default,Default,Default,Default,Default,Default,Default,Default,Default,Default,Default,Default,Default,Default,Default,Default,Default,Default,Default,Default,Default,Default,Default,Default,Default,Default,Default,Default,Default,Default,3,Default,1,Default,Default,Default,Default,Default,Default,Default,3,"ShortRun(IterationCount=3, LaunchCount=1, WarmupCount=3)",,1,Overhead,Actual,3,259191700,134217728,1.93,0,0,0,0
PrimitiveBenchmarks.DllImport_Byte_NoMarshalling,PInvokeBench,PrimitiveBenchmarks,DllImport_Byte_NoMarshalling,ShortRun,Default,Default,Default,Default,Default,Default,Default,Default,Default,Default,Default,Default,Default,Default,Default,Default,Default,Default,Default,Default,Default,Default,Default,Default,Default,Default,Default,Default,Default,Default,Default,3,Default,1,Default,Default,Default,Default,Default,Default,Default,3,"ShortRun(IterationCount=3, LaunchCount=1, WarmupCount=3)",,1,Overhead,Actual,4,258819100,134217728,1.93,0,0,0,0
PrimitiveBenchmarks.DllImport_Byte_NoMarshalling,PInvokeBench,PrimitiveBenchmarks,DllImport_Byte_NoMarshalling,ShortRun,Default,Default,Default,Default,Default,Default,Default,Default,Default,Default,Default,Default,Default,Default,Default,Default,Default,Default,Default,Default,Default,Default,Default,Default,Default,Default,Default,Default,Default,Default,Default,3,Default,1,Default,Default,Default,Default,Default,Default,Default,3,"ShortRun(IterationCount=3, LaunchCount=1, WarmupCount=3)",,1,Overhead,Actual,5,252545000,134217728,1.88,0,0,0,0
PrimitiveBenchmarks.DllImport_Byte_NoMarshalling,PInvokeBench,PrimitiveBenchmarks,DllImport_Byte_NoMarshalling,ShortRun,Default,Default,Default,Default,Default,Default,Default,Default,Default,Default,Default,Default,Default,Default,Default,Default,Default,Default,Default,Default,Default,Default,Default,Default,Default,Default,Default,Default,Default,Default,Default,3,Default,1,Default,Default,Default,Default,Default,Default,Default,3,"ShortRun(IterationCount=3, LaunchCount=1, WarmupCount=3)",,1,Overhead,Actual,6,248907900,134217728,1.85,0,0,0,0
PrimitiveBenchmarks.DllImport_Byte_NoMarshalling,PInvokeBench,PrimitiveBenchmarks,DllImport_Byte_NoMarshalling,ShortRun,Default,Default,Default,Default,Default,Default,Default,Default,Default,Default,Default,Default,Default,Default,Default,Default,Default,Default,Default,Default,Default,Default,Default,Default,Default,Default,Default,Default,Default,Default,Default,3,Default,1,Default,Default,Default,Default,Default,Default,Default,3,"ShortRun(IterationCount=3, LaunchCount=1, WarmupCount=3)",,1,Overhead,Actual,7,246637300,134217728,1.84,0,0,0,0
PrimitiveBenchmarks.DllImport_Byte_NoMarshalling,PInvokeBench,PrimitiveBenchmarks,DllImport_Byte_NoMarshalling,ShortRun,Default,Default,Default,Default,Default,Default,Default,Default,Default,Default,Default,Default,Default,Default,Default,Default,Default,Default,Default,Default,Default,Default,Default,Default,Default,Default,Default,Default,Default,Default,Default,3,Default,1,Default,Default,Default,Default,Default,Default,Default,3,"ShortRun(IterationCount=3, LaunchCount=1, WarmupCount=3)",,1,Overhead,Actual,8,249142500,134217728,1.86,0,0,0,0
PrimitiveBenchmarks.DllImport_Byte_NoMarshalling,PInvokeBench,PrimitiveBenchmarks,DllImport_Byte_NoMarshalling,ShortRun,Default,Default,Default,Default,Default,Default,Default,Default,Default,Default,Default,Default,Default,Default,Default,Default,Default,Default,Default,Default,Default,Default,Default,Default,Default,Default,Default,Default,Default,Default,Default,3,Default,1,Default,Default,Default,Default,Default,Default,Default,3,"ShortRun(IterationCount=3, LaunchCount=1, WarmupCount=3)",,1,Overhead,Actual,9,248585900,134217728,1.85,0,0,0,0
PrimitiveBenchmarks.DllImport_Byte_NoMarshalling,PInvokeBench,PrimitiveBenchmarks,DllImport_Byte_NoMarshalling,ShortRun,Default,Default,Default,Default,Default,Default,Default,Default,Default,Default,Default,Default,Default,Default,Default,Default,Default,Default,Default,Default,Default,Default,Default,Default,Default,Default,Default,Default,Default,Default,Default,3,Default,1,Default,Default,Default,Default,Default,Default,Default,3,"ShortRun(IterationCount=3, LaunchCount=1, WarmupCount=3)",,1,Overhead,Actual,10,249571500,134217728,1.86,0,0,0,0
PrimitiveBenchmarks.DllImport_Byte_NoMarshalling,PInvokeBench,PrimitiveBenchmarks,DllImport_Byte_NoMarshalling,ShortRun,Default,Default,Default,Default,Default,Default,Default,Default,Default,Default,Default,Default,Default,Default,Default,Default,Default,Default,Default,Default,Default,Default,Default,Default,Default,Default,Default,Default,Default,Default,Default,3,Default,1,Default,Default,Default,Default,Default,Default,Default,3,"ShortRun(IterationCount=3, LaunchCount=1, WarmupCount=3)",,1,Overhead,Actual,11,247176400,134217728,1.84,0,0,0,0
PrimitiveBenchmarks.DllImport_Byte_NoMarshalling,PInvokeBench,PrimitiveBenchmarks,DllImport_Byte_NoMarshalling,ShortRun,Default,Default,Default,Default,Default,Default,Default,Default,Default,Default,Default,Default,Default,Default,Default,Default,Default,Default,Default,Default,Default,Default,Default,Default,Default,Default,Default,Default,Default,Default,Default,3,Default,1,Default,Default,Default,Default,Default,Default,Default,3,"ShortRun(IterationCount=3, LaunchCount=1, WarmupCount=3)",,1,Overhead,Actual,12,264800800,134217728,1.97,0,0,0,0
PrimitiveBenchmarks.DllImport_Byte_NoMarshalling,PInvokeBench,PrimitiveBenchmarks,DllImport_Byte_NoMarshalling,ShortRun,Default,Default,Default,Default,Default,Default,Default,Default,Default,Default,Default,Default,Default,Default,Default,Default,Default,Default,Default,Default,Default,Default,Default,Default,Default,Default,Default,Default,Default,Default,Default,3,Default,1,Default,Default,Default,Default,Default,Default,Default,3,"ShortRun(IterationCount=3, LaunchCount=1, WarmupCount=3)",,1,Overhead,Actual,13,252238200,134217728,1.88,0,0,0,0
PrimitiveBenchmarks.DllImport_Byte_NoMarshalling,PInvokeBench,PrimitiveBenchmarks,DllImport_Byte_NoMarshalling,ShortRun,Default,Default,Default,Default,Default,Default,Default,Default,Default,Default,Default,Default,Default,Default,Default,Default,Default,Default,Default,Default,Default,Default,Default,Default,Default,Default,Default,Default,Default,Default,Default,3,Default,1,Default,Default,Default,Default,Default,Default,Default,3,"ShortRun(IterationCount=3, LaunchCount=1, WarmupCount=3)",,1,Overhead,Actual,14,247610500,134217728,1.84,0,0,0,0
PrimitiveBenchmarks.DllImport_Byte_NoMarshalling,PInvokeBench,PrimitiveBenchmarks,DllImport_Byte_NoMarshalling,ShortRun,Default,Default,Default,Default,Default,Default,Default,Default,Default,Default,Default,Default,Default,Default,Default,Default,Default,Default,Default,Default,Default,Default,Default,Default,Default,Default,Default,Default,Default,Default,Default,3,Default,1,Default,Default,Default,Default,Default,Default,Default,3,"ShortRun(IterationCount=3, LaunchCount=1, WarmupCount=3)",,1,Overhead,Actual,15,262898000,134217728,1.96,0,0,0,0
PrimitiveBenchmarks.DllImport_Byte_NoMarshalling,PInvokeBench,PrimitiveBenchmarks,DllImport_Byte_NoMarshalling,ShortRun,Default,Default,Default,Default,Default,Default,Default,Default,Default,Default,Default,Default,Default,Default,Default,Default,Default,Default,Default,Default,Default,Default,Default,Default,Default,Default,Default,Default,Default,Default,Default,3,Default,1,Default,Default,Default,Default,Default,Default,Default,3,"ShortRun(IterationCount=3, LaunchCount=1, WarmupCount=3)",,1,Workload,Warmup,1,844777900,134217728,6.29,0,0,0,0
PrimitiveBenchmarks.DllImport_Byte_NoMarshalling,PInvokeBench,PrimitiveBenchmarks,DllImport_Byte_NoMarshalling,ShortRun,Default,Default,Default,Default,Default,Default,Default,Default,Default,Default,Default,Default,Default,Default,Default,Default,Default,Default,Default,Default,Default,Default,Default,Default,Default,Default,Default,Default,Default,Default,Default,3,Default,1,Default,Default,Default,Default,Default,Default,Default,3,"ShortRun(IterationCount=3, LaunchCount=1, WarmupCount=3)",,1,Workload,Warmup,2,853987400,134217728,6.36,0,0,0,0
PrimitiveBenchmarks.DllImport_Byte_NoMarshalling,PInvokeBench,PrimitiveBenchmarks,DllImport_Byte_NoMarshalling,ShortRun,Default,Default,Default,Default,Default,Default,Default,Default,Default,Default,Default,Default,Default,Default,Default,Default,Default,Default,Default,Default,Default,Default,Default,Default,Default,Default,Default,Default,Default,Default,Default,3,Default,1,Default,Default,Default,Default,Default,Default,Default,3,"ShortRun(IterationCount=3, LaunchCount=1, WarmupCount=3)",,1,Workload,Warmup,3,934041000,134217728,6.96,0,0,0,0
PrimitiveBenchmarks.DllImport_Byte_NoMarshalling,PInvokeBench,PrimitiveBenchmarks,DllImport_Byte_NoMarshalling,ShortRun,Default,Default,Default,Default,Default,Default,Default,Default,Default,Default,Default,Default,Default,Default,Default,Default,Default,Default,Default,Default,Default,Default,Default,Default,Default,Default,Default,Default,Default,Default,Default,3,Default,1,Default,Default,Default,Default,Default,Default,Default,3,"ShortRun(IterationCount=3, LaunchCount=1, WarmupCount=3)",,1,Workload,Actual,1,806975800,134217728,6.01,0,0,0,0
PrimitiveBenchmarks.DllImport_Byte_NoMarshalling,PInvokeBench,PrimitiveBenchmarks,DllImport_Byte_NoMarshalling,ShortRun,Default,Default,Default,Default,Default,Default,Default,Default,Default,Default,Default,Default,Default,Default,Default,Default,Default,Default,Default,Default,Default,Default,Default,Default,Default,Default,Default,Default,Default,Default,Default,3,Default,1,Default,Default,Default,Default,Default,Default,Default,3,"ShortRun(IterationCount=3, LaunchCount=1, WarmupCount=3)",,1,Workload,Actual,2,810299500,134217728,6.04,0,0,0,0
PrimitiveBenchmarks.DllImport_Byte_NoMarshalling,PInvokeBench,PrimitiveBenchmarks,DllImport_Byte_NoMarshalling,ShortRun,Default,Default,Default,Default,Default,Default,Default,Default,Default,Default,Default,Default,Default,Default,Default,Default,Default,Default,Default,Default,Default,Default,Default,Default,Default,Default,Default,Default,Default,Default,Default,3,Default,1,Default,Default,Default,Default,Default,Default,Default,3,"ShortRun(IterationCount=3, LaunchCount=1, WarmupCount=3)",,1,Workload,Actual,3,810847500,134217728,6.04,0,0,0,0
PrimitiveBenchmarks.DllImport_Byte_NoMarshalling,PInvokeBench,PrimitiveBenchmarks,DllImport_Byte_NoMarshalling,ShortRun,Default,Default,Default,Default,Default,Default,Default,Default,Default,Default,Default,Default,Default,Default,Default,Default,Default,Default,Default,Default,Default,Default,Default,Default,Default,Default,Default,Default,Default,Default,Default,3,Default,1,Default,Default,Default,Default,Default,Default,Default,3,"ShortRun(IterationCount=3, LaunchCount=1, WarmupCount=3)",,1,Workload,Result,1,554737600,134217728,4.13,0,0,0,0
PrimitiveBenchmarks.DllImport_Byte_NoMarshalling,PInvokeBench,PrimitiveBenchmarks,DllImport_Byte_NoMarshalling,ShortRun,Default,Default,Default,Default,Default,Default,Default,Default,Default,Default,Default,Default,Default,Default,Default,Default,Default,Default,Default,Default,Default,Default,Default,Default,Default,Default,Default,Default,Default,Default,Default,3,Default,1,Default,Default,Default,Default,Default,Default,Default,3,"ShortRun(IterationCount=3, LaunchCount=1, WarmupCount=3)",,1,Workload,Result,2,558061300,134217728,4.16,0,0,0,0
PrimitiveBenchmarks.DllImport_Byte_NoMarshalling,PInvokeBench,PrimitiveBenchmarks,DllImport_Byte_NoMarshalling,ShortRun,Default,Default,Default,Default,Default,Default,Default,Default,Default,Default,Default,Default,Default,Default,Default,Default,Default,Default,Default,Default,Default,Default,Default,Default,Default,Default,Default,Default,Default,Default,Default,3,Default,1,Default,Default,Default,Default,Default,Default,Default,3,"ShortRun(IterationCount=3, LaunchCount=1, WarmupCount=3)",,1,Workload,Result,3,558609300,134217728,4.16,0,0,0,0
PrimitiveBenchmarks.DllImport_Int32,PInvokeBench,PrimitiveBenchmarks,DllImport_Int32,ShortRun,Default,Default,Default,Default,Default,Default,Default,Default,Default,Default,Default,Default,Default,Default,Default,Default,Default,Default,Default,Default,Default,Default,Default,Default,Default,Default,Default,Default,Default,Default,Default,3,Default,1,Default,Default,Default,Default,Default,Default,Default,3,"ShortRun(IterationCount=3, LaunchCount=1, WarmupCount=3)",,1,Overhead,Jitting,1,323200,1,323200,0,0,0,0
PrimitiveBenchmarks.DllImport_Int32,PInvokeBench,PrimitiveBenchmarks,DllImport_Int32,ShortRun,Default,Default,Default,Default,Default,Default,Default,Default,Default,Default,Default,Default,Default,Default,Default,Default,Default,Default,Default,Default,Default,Default,Default,Default,Default,Default,Default,Default,Default,Default,Default,3,Default,1,Default,Default,Default,Default,Default,Default,Default,3,"ShortRun(IterationCount=3, LaunchCount=1, WarmupCount=3)",,1,Workload,Jitting,1,573900,1,573900,0,0,0,0
PrimitiveBenchmarks.DllImport_Int32,PInvokeBench,PrimitiveBenchmarks,DllImport_Int32,ShortRun,Default,Default,Default,Default,Default,Default,Default,Default,Default,Default,Default,Default,Default,Default,Default,Default,Default,Default,Default,Default,Default,Default,Default,Default,Default,Default,Default,Default,Default,Default,Default,3,Default,1,Default,Default,Default,Default,Default,Default,Default,3,"ShortRun(IterationCount=3, LaunchCount=1, WarmupCount=3)",,1,Overhead,Jitting,2,299400,16,18712.5,0,0,0,0
PrimitiveBenchmarks.DllImport_Int32,PInvokeBench,PrimitiveBenchmarks,DllImport_Int32,ShortRun,Default,Default,Default,Default,Default,Default,Default,Default,Default,Default,Default,Default,Default,Default,Default,Default,Default,Default,Default,Default,Default,Default,Default,Default,Default,Default,Default,Default,Default,Default,Default,3,Default,1,Default,Default,Default,Default,Default,Default,Default,3,"ShortRun(IterationCount=3, LaunchCount=1, WarmupCount=3)",,1,Workload,Jitting,2,319500,16,19968.75,0,0,0,0
PrimitiveBenchmarks.DllImport_Int32,PInvokeBench,PrimitiveBenchmarks,DllImport_Int32,ShortRun,Default,Default,Default,Default,Default,Default,Default,Default,Default,Default,Default,Default,Default,Default,Default,Default,Default,Default,Default,Default,Default,Default,Default,Default,Default,Default,Default,Default,Default,Default,Default,3,Default,1,Default,Default,Default,Default,Default,Default,Default,3,"ShortRun(IterationCount=3, LaunchCount=1, WarmupCount=3)",,1,Workload,Pilot,1,1200,16,75,0,0,0,0
PrimitiveBenchmarks.DllImport_Int32,PInvokeBench,PrimitiveBenchmarks,DllImport_Int32,ShortRun,Default,Default,Default,Default,Default,Default,Default,Default,Default,Default,Default,Default,Default,Default,Default,Default,Default,Default,Default,Default,Default,Default,Default,Default,Default,Default,Default,Default,Default,Default,Default,3,Default,1,Default,Default,Default,Default,Default,Default,Default,3,"ShortRun(IterationCount=3, LaunchCount=1, WarmupCount=3)",,1,Workload,Pilot,2,1100,32,34.38,0,0,0,0
PrimitiveBenchmarks.DllImport_Int32,PInvokeBench,PrimitiveBenchmarks,DllImport_Int32,ShortRun,Default,Default,Default,Default,Default,Default,Default,Default,Default,Default,Default,Default,Default,Default,Default,Default,Default,Default,Default,Default,Default,Default,Default,Default,Default,Default,Default,Default,Default,Default,Default,3,Default,1,Default,Default,Default,Default,Default,Default,Default,3,"ShortRun(IterationCount=3, LaunchCount=1, WarmupCount=3)",,1,Workload,Pilot,3,700,64,10.94,0,0,0,0
PrimitiveBenchmarks.DllImport_Int32,PInvokeBench,PrimitiveBenchmarks,DllImport_Int32,ShortRun,Default,Default,Default,Default,Default,Default,Default,Default,Default,Default,Default,Default,Default,Default,Default,Default,Default,Default,Default,Default,Default,Default,Default,Default,Default,Default,Default,Default,Default,Default,Default,3,Default,1,Default,Default,Default,Default,Default,Default,Default,3,"ShortRun(IterationCount=3, LaunchCount=1, WarmupCount=3)",,1,Workload,Pilot,4,1000,128,7.81,0,0,0,0
PrimitiveBenchmarks.DllImport_Int32,PInvokeBench,PrimitiveBenchmarks,DllImport_Int32,ShortRun,Default,Default,Default,Default,Default,Default,Default,Default,Default,Default,Default,Default,Default,Default,Default,Default,Default,Default,Default,Default,Default,Default,Default,Default,Default,Default,Default,Default,Default,Default,Default,3,Default,1,Default,Default,Default,Default,Default,Default,Default,3,"ShortRun(IterationCount=3, LaunchCount=1, WarmupCount=3)",,1,Workload,Pilot,5,1900,256,7.42,0,0,0,0
PrimitiveBenchmarks.DllImport_Int32,PInvokeBench,PrimitiveBenchmarks,DllImport_Int32,ShortRun,Default,Default,Default,Default,Default,Default,Default,Default,Default,Default,Default,Default,Default,Default,Default,Default,Default,Default,Default,Default,Default,Default,Default,Default,Default,Default,Default,Default,Default,Default,Default,3,Default,1,Default,Default,Default,Default,Default,Default,Default,3,"ShortRun(IterationCount=3, LaunchCount=1, WarmupCount=3)",,1,Workload,Pilot,6,3300,512,6.45,0,0,0,0
PrimitiveBenchmarks.DllImport_Int32,PInvokeBench,PrimitiveBenchmarks,DllImport_Int32,ShortRun,Default,Default,Default,Default,Default,Default,Default,Default,Default,Default,Default,Default,Default,Default,Default,Default,Default,Default,Default,Default,Default,Default,Default,Default,Default,Default,Default,Default,Default,Default,Default,3,Default,1,Default,Default,Default,Default,Default,Default,Default,3,"ShortRun(IterationCount=3, LaunchCount=1, WarmupCount=3)",,1,Workload,Pilot,7,6400,1024,6.25,0,0,0,0
PrimitiveBenchmarks.DllImport_Int32,PInvokeBench,PrimitiveBenchmarks,DllImport_Int32,ShortRun,Default,Default,Default,Default,Default,Default,Default,Default,Default,Default,Default,Default,Default,Default,Default,Default,Default,Default,Default,Default,Default,Default,Default,Default,Default,Default,Default,Default,Default,Default,Default,3,Default,1,Default,Default,Default,Default,Default,Default,Default,3,"ShortRun(IterationCount=3, LaunchCount=1, WarmupCount=3)",,1,Workload,Pilot,8,12200,2048,5.96,0,0,0,0
PrimitiveBenchmarks.DllImport_Int32,PInvokeBench,PrimitiveBenchmarks,DllImport_Int32,ShortRun,Default,Default,Default,Default,Default,Default,Default,Default,Default,Default,Default,Default,Default,Default,Default,Default,Default,Default,Default,Default,Default,Default,Default,Default,Default,Default,Default,Default,Default,Default,Default,3,Default,1,Default,Default,Default,Default,Default,Default,Default,3,"ShortRun(IterationCount=3, LaunchCount=1, WarmupCount=3)",,1,Workload,Pilot,9,24100,4096,5.88,0,0,0,0
PrimitiveBenchmarks.DllImport_Int32,PInvokeBench,PrimitiveBenchmarks,DllImport_Int32,ShortRun,Default,Default,Default,Default,Default,Default,Default,Default,Default,Default,Default,Default,Default,Default,Default,Default,Default,Default,Default,Default,Default,Default,Default,Default,Default,Default,Default,Default,Default,Default,Default,3,Default,1,Default,Default,Default,Default,Default,Default,Default,3,"ShortRun(IterationCount=3, LaunchCount=1, WarmupCount=3)",,1,Workload,Pilot,10,47400,8192,5.79,0,0,0,0
PrimitiveBenchmarks.DllImport_Int32,PInvokeBench,PrimitiveBenchmarks,DllImport_Int32,ShortRun,Default,Default,Default,Default,Default,Default,Default,Default,Default,Default,Default,Default,Default,Default,Default,Default,Default,Default,Default,Default,Default,Default,Default,Default,Default,Default,Default,Default,Default,Default,Default,3,Default,1,Default,Default,Default,Default,Default,Default,Default,3,"ShortRun(IterationCount=3, LaunchCount=1, WarmupCount=3)",,1,Workload,Pilot,11,95100,16384,5.8,0,0,0,0
PrimitiveBenchmarks.DllImport_Int32,PInvokeBench,PrimitiveBenchmarks,DllImport_Int32,ShortRun,Default,Default,Default,Default,Default,Default,Default,Default,Default,Default,Default,Default,Default,Default,Default,Default,Default,Default,Default,Default,Default,Default,Default,Default,Default,Default,Default,Default,Default,Default,Default,3,Default,1,Default,Default,Default,Default,Default,Default,Default,3,"ShortRun(IterationCount=3, LaunchCount=1, WarmupCount=3)",,1,Workload,Pilot,12,188600,32768,5.76,0,0,0,0
PrimitiveBenchmarks.DllImport_Int32,PInvokeBench,PrimitiveBenchmarks,DllImport_Int32,ShortRun,Default,Default,Default,Default,Default,Default,Default,Default,Default,Default,Default,Default,Default,Default,Default,Default,Default,Default,Default,Default,Default,Default,Default,Default,Default,Default,Default,Default,Default,Default,Default,3,Default,1,Default,Default,Default,Default,Default,Default,Default,3,"ShortRun(IterationCount=3, LaunchCount=1, WarmupCount=3)",,1,Workload,Pilot,13,471500,65536,7.19,0,0,0,0
PrimitiveBenchmarks.DllImport_Int32,PInvokeBench,PrimitiveBenchmarks,DllImport_Int32,ShortRun,Default,Default,Default,Default,Default,Default,Default,Default,Default,Default,Default,Default,Default,Default,Default,Default,Default,Default,Default,Default,Default,Default,Default,Default,Default,Default,Default,Default,Default,Default,Default,3,Default,1,Default,Default,Default,Default,Default,Default,Default,3,"ShortRun(IterationCount=3, LaunchCount=1, WarmupCount=3)",,1,Workload,Pilot,14,849100,131072,6.48,0,0,0,0
PrimitiveBenchmarks.DllImport_Int32,PInvokeBench,PrimitiveBenchmarks,DllImport_Int32,ShortRun,Default,Default,Default,Default,Default,Default,Default,Default,Default,Default,Default,Default,Default,Default,Default,Default,Default,Default,Default,Default,Default,Default,Default,Default,Default,Default,Default,Default,Default,Default,Default,3,Default,1,Default,Default,Default,Default,Default,Default,Default,3,"ShortRun(IterationCount=3, LaunchCount=1, WarmupCount=3)",,1,Workload,Pilot,15,1760400,262144,6.72,0,0,0,0
PrimitiveBenchmarks.DllImport_Int32,PInvokeBench,PrimitiveBenchmarks,DllImport_Int32,ShortRun,Default,Default,Default,Default,Default,Default,Default,Default,Default,Default,Default,Default,Default,Default,Default,Default,Default,Default,Default,Default,Default,Default,Default,Default,Default,Default,Default,Default,Default,Default,Default,3,Default,1,Default,Default,Default,Default,Default,Default,Default,3,"ShortRun(IterationCount=3, LaunchCount=1, WarmupCount=3)",,1,Workload,Pilot,16,3678800,524288,7.02,0,0,0,0
PrimitiveBenchmarks.DllImport_Int32,PInvokeBench,PrimitiveBenchmarks,DllImport_Int32,ShortRun,Default,Default,Default,Default,Default,Default,Default,Default,Default,Default,Default,Default,Default,Default,Default,Default,Default,Default,Default,Default,Default,Default,Default,Default,Default,Default,Default,Default,Default,Default,Default,3,Default,1,Default,Default,Default,Default,Default,Default,Default,3,"ShortRun(IterationCount=3, LaunchCount=1, WarmupCount=3)",,1,Workload,Pilot,17,7627400,1048576,7.27,0,0,0,0
PrimitiveBenchmarks.DllImport_Int32,PInvokeBench,PrimitiveBenchmarks,DllImport_Int32,ShortRun,Default,Default,Default,Default,Default,Default,Default,Default,Default,Default,Default,Default,Default,Default,Default,Default,Default,Default,Default,Default,Default,Default,Default,Default,Default,Default,Default,Default,Default,Default,Default,3,Default,1,Default,Default,Default,Default,Default,Default,Default,3,"ShortRun(IterationCount=3, LaunchCount=1, WarmupCount=3)",,1,Workload,Pilot,18,15192000,2097152,7.24,0,0,0,0
PrimitiveBenchmarks.DllImport_Int32,PInvokeBench,PrimitiveBenchmarks,DllImport_Int32,ShortRun,Default,Default,Default,Default,Default,Default,Default,Default,Default,Default,Default,Default,Default,Default,Default,Default,Default,Default,Default,Default,Default,Default,Default,Default,Default,Default,Default,Default,Default,Default,Default,3,Default,1,Default,Default,Default,Default,Default,Default,Default,3,"ShortRun(IterationCount=3, LaunchCount=1, WarmupCount=3)",,1,Workload,Pilot,19,30540700,4194304,7.28,0,0,0,0
PrimitiveBenchmarks.DllImport_Int32,PInvokeBench,PrimitiveBenchmarks,DllImport_Int32,ShortRun,Default,Default,Default,Default,Default,Default,Default,Default,Default,Default,Default,Default,Default,Default,Default,Default,Default,Default,Default,Default,Default,Default,Default,Default,Default,Default,Default,Default,Default,Default,Default,3,Default,1,Default,Default,Default,Default,Default,Default,Default,3,"ShortRun(IterationCount=3, LaunchCount=1, WarmupCount=3)",,1,Workload,Pilot,20,61428100,8388608,7.32,0,0,0,0
PrimitiveBenchmarks.DllImport_Int32,PInvokeBench,PrimitiveBenchmarks,DllImport_Int32,ShortRun,Default,Default,Default,Default,Default,Default,Default,Default,Default,Default,Default,Default,Default,Default,Default,Default,Default,Default,Default,Default,Default,Default,Default,Default,Default,Default,Default,Default,Default,Default,Default,3,Default,1,Default,Default,Default,Default,Default,Default,Default,3,"ShortRun(IterationCount=3, LaunchCount=1, WarmupCount=3)",,1,Workload,Pilot,21,111691400,16777216,6.66,0,0,0,0
PrimitiveBenchmarks.DllImport_Int32,PInvokeBench,PrimitiveBenchmarks,DllImport_Int32,ShortRun,Default,Default,Default,Default,Default,Default,Default,Default,Default,Default,Default,Default,Default,Default,Default,Default,Default,Default,Default,Default,Default,Default,Default,Default,Default,Default,Default,Default,Default,Default,Default,3,Default,1,Default,Default,Default,Default,Default,Default,Default,3,"ShortRun(IterationCount=3, LaunchCount=1, WarmupCount=3)",,1,Workload,Pilot,22,202393700,33554432,6.03,0,0,0,0
PrimitiveBenchmarks.DllImport_Int32,PInvokeBench,PrimitiveBenchmarks,DllImport_Int32,ShortRun,Default,Default,Default,Default,Default,Default,Default,Default,Default,Default,Default,Default,Default,Default,Default,Default,Default,Default,Default,Default,Default,Default,Default,Default,Default,Default,Default,Default,Default,Default,Default,3,Default,1,Default,Default,Default,Default,Default,Default,Default,3,"ShortRun(IterationCount=3, LaunchCount=1, WarmupCount=3)",,1,Workload,Pilot,23,412954900,67108864,6.15,0,0,0,0
PrimitiveBenchmarks.DllImport_Int32,PInvokeBench,PrimitiveBenchmarks,DllImport_Int32,ShortRun,Default,Default,Default,Default,Default,Default,Default,Default,Default,Default,Default,Default,Default,Default,Default,Default,Default,Default,Default,Default,Default,Default,Default,Default,Default,Default,Default,Default,Default,Default,Default,3,Default,1,Default,Default,Default,Default,Default,Default,Default,3,"ShortRun(IterationCount=3, LaunchCount=1, WarmupCount=3)",,1,Workload,Pilot,24,848822300,134217728,6.32,0,0,0,0
PrimitiveBenchmarks.DllImport_Int32,PInvokeBench,PrimitiveBenchmarks,DllImport_Int32,ShortRun,Default,Default,Default,Default,Default,Default,Default,Default,Default,Default,Default,Default,Default,Default,Default,Default,Default,Default,Default,Default,Default,Default,Default,Default,Default,Default,Default,Default,Default,Default,Default,3,Default,1,Default,Default,Default,Default,Default,Default,Default,3,"ShortRun(IterationCount=3, LaunchCount=1, WarmupCount=3)",,1,Overhead,Warmup,1,302599000,134217728,2.25,0,0,0,0
PrimitiveBenchmarks.DllImport_Int32,PInvokeBench,PrimitiveBenchmarks,DllImport_Int32,ShortRun,Default,Default,Default,Default,Default,Default,Default,Default,Default,Default,Default,Default,Default,Default,Default,Default,Default,Default,Default,Default,Default,Default,Default,Default,Default,Default,Default,Default,Default,Default,Default,3,Default,1,Default,Default,Default,Default,Default,Default,Default,3,"ShortRun(IterationCount=3, LaunchCount=1, WarmupCount=3)",,1,Overhead,Warmup,2,253586600,134217728,1.89,0,0,0,0
PrimitiveBenchmarks.DllImport_Int32,PInvokeBench,PrimitiveBenchmarks,DllImport_Int32,ShortRun,Default,Default,Default,Default,Default,Default,Default,Default,Default,Default,Default,Default,Default,Default,Default,Default,Default,Default,Default,Default,Default,Default,Default,Default,Default,Default,Default,Default,Default,Default,Default,3,Default,1,Default,Default,Default,Default,Default,Default,Default,3,"ShortRun(IterationCount=3, LaunchCount=1, WarmupCount=3)",,1,Overhead,Warmup,3,248271700,134217728,1.85,0,0,0,0
PrimitiveBenchmarks.DllImport_Int32,PInvokeBench,PrimitiveBenchmarks,DllImport_Int32,ShortRun,Default,Default,Default,Default,Default,Default,Default,Default,Default,Default,Default,Default,Default,Default,Default,Default,Default,Default,Default,Default,Default,Default,Default,Default,Default,Default,Default,Default,Default,Default,Default,3,Default,1,Default,Default,Default,Default,Default,Default,Default,3,"ShortRun(IterationCount=3, LaunchCount=1, WarmupCount=3)",,1,Overhead,Warmup,4,247672100,134217728,1.85,0,0,0,0
PrimitiveBenchmarks.DllImport_Int32,PInvokeBench,PrimitiveBenchmarks,DllImport_Int32,ShortRun,Default,Default,Default,Default,Default,Default,Default,Default,Default,Default,Default,Default,Default,Default,Default,Default,Default,Default,Default,Default,Default,Default,Default,Default,Default,Default,Default,Default,Default,Default,Default,3,Default,1,Default,Default,Default,Default,Default,Default,Default,3,"ShortRun(IterationCount=3, LaunchCount=1, WarmupCount=3)",,1,Overhead,Warmup,5,252331900,134217728,1.88,0,0,0,0
PrimitiveBenchmarks.DllImport_Int32,PInvokeBench,PrimitiveBenchmarks,DllImport_Int32,ShortRun,Default,Default,Default,Default,Default,Default,Default,Default,Default,Default,Default,Default,Default,Default,Default,Default,Default,Default,Default,Default,Default,Default,Default,Default,Default,Default,Default,Default,Default,Default,Default,3,Default,1,Default,Default,Default,Default,Default,Default,Default,3,"ShortRun(IterationCount=3, LaunchCount=1, WarmupCount=3)",,1,Overhead,Warmup,6,248905400,134217728,1.85,0,0,0,0
PrimitiveBenchmarks.DllImport_Int32,PInvokeBench,PrimitiveBenchmarks,DllImport_Int32,ShortRun,Default,Default,Default,Default,Default,Default,Default,Default,Default,Default,Default,Default,Default,Default,Default,Default,Default,Default,Default,Default,Default,Default,Default,Default,Default,Default,Default,Default,Default,Default,Default,3,Default,1,Default,Default,Default,Default,Default,Default,Default,3,"ShortRun(IterationCount=3, LaunchCount=1, WarmupCount=3)",,1,Overhead,Warmup,7,254568400,134217728,1.9,0,0,0,0
PrimitiveBenchmarks.DllImport_Int32,PInvokeBench,PrimitiveBenchmarks,DllImport_Int32,ShortRun,Default,Default,Default,Default,Default,Default,Default,Default,Default,Default,Default,Default,Default,Default,Default,Default,Default,Default,Default,Default,Default,Default,Default,Default,Default,Default,Default,Default,Default,Default,Default,3,Default,1,Default,Default,Default,Default,Default,Default,Default,3,"ShortRun(IterationCount=3, LaunchCount=1, WarmupCount=3)",,1,Overhead,Warmup,8,263507800,134217728,1.96,0,0,0,0
PrimitiveBenchmarks.DllImport_Int32,PInvokeBench,PrimitiveBenchmarks,DllImport_Int32,ShortRun,Default,Default,Default,Default,Default,Default,Default,Default,Default,Default,Default,Default,Default,Default,Default,Default,Default,Default,Default,Default,Default,Default,Default,Default,Default,Default,Default,Default,Default,Default,Default,3,Default,1,Default,Default,Default,Default,Default,Default,Default,3,"ShortRun(IterationCount=3, LaunchCount=1, WarmupCount=3)",,1,Overhead,Warmup,9,257693200,134217728,1.92,0,0,0,0
PrimitiveBenchmarks.DllImport_Int32,PInvokeBench,PrimitiveBenchmarks,DllImport_Int32,ShortRun,Default,Default,Default,Default,Default,Default,Default,Default,Default,Default,Default,Default,Default,Default,Default,Default,Default,Default,Default,Default,Default,Default,Default,Default,Default,Default,Default,Default,Default,Default,Default,3,Default,1,Default,Default,Default,Default,Default,Default,Default,3,"ShortRun(IterationCount=3, LaunchCount=1, WarmupCount=3)",,1,Overhead,Actual,1,258496900,134217728,1.93,0,0,0,0
PrimitiveBenchmarks.DllImport_Int32,PInvokeBench,PrimitiveBenchmarks,DllImport_Int32,ShortRun,Default,Default,Default,Default,Default,Default,Default,Default,Default,Default,Default,Default,Default,Default,Default,Default,Default,Default,Default,Default,Default,Default,Default,Default,Default,Default,Default,Default,Default,Default,Default,3,Default,1,Default,Default,Default,Default,Default,Default,Default,3,"ShortRun(IterationCount=3, LaunchCount=1, WarmupCount=3)",,1,Overhead,Actual,2,248500600,134217728,1.85,0,0,0,0
PrimitiveBenchmarks.DllImport_Int32,PInvokeBench,PrimitiveBenchmarks,DllImport_Int32,ShortRun,Default,Default,Default,Default,Default,Default,Default,Default,Default,Default,Default,Default,Default,Default,Default,Default,Default,Default,Default,Default,Default,Default,Default,Default,Default,Default,Default,Default,Default,Default,Default,3,Default,1,Default,Default,Default,Default,Default,Default,Default,3,"ShortRun(IterationCount=3, LaunchCount=1, WarmupCount=3)",,1,Overhead,Actual,3,285847800,134217728,2.13,0,0,0,0
PrimitiveBenchmarks.DllImport_Int32,PInvokeBench,PrimitiveBenchmarks,DllImport_Int32,ShortRun,Default,Default,Default,Default,Default,Default,Default,Default,Default,Default,Default,Default,Default,Default,Default,Default,Default,Default,Default,Default,Default,Default,Default,Default,Default,Default,Default,Default,Default,Default,Default,3,Default,1,Default,Default,Default,Default,Default,Default,Default,3,"ShortRun(IterationCount=3, LaunchCount=1, WarmupCount=3)",,1,Overhead,Actual,4,329557800,134217728,2.46,0,0,0,0
PrimitiveBenchmarks.DllImport_Int32,PInvokeBench,PrimitiveBenchmarks,DllImport_Int32,ShortRun,Default,Default,Default,Default,Default,Default,Default,Default,Default,Default,Default,Default,Default,Default,Default,Default,Default,Default,Default,Default,Default,Default,Default,Default,Default,Default,Default,Default,Default,Default,Default,3,Default,1,Default,Default,Default,Default,Default,Default,Default,3,"ShortRun(IterationCount=3, LaunchCount=1, WarmupCount=3)",,1,Overhead,Actual,5,282381100,134217728,2.1,0,0,0,0
PrimitiveBenchmarks.DllImport_Int32,PInvokeBench,PrimitiveBenchmarks,DllImport_Int32,ShortRun,Default,Default,Default,Default,Default,Default,Default,Default,Default,Default,Default,Default,Default,Default,Default,Default,Default,Default,Default,Default,Default,Default,Default,Default,Default,Default,Default,Default,Default,Default,Default,3,Default,1,Default,Default,Default,Default,Default,Default,Default,3,"ShortRun(IterationCount=3, LaunchCount=1, WarmupCount=3)",,1,Overhead,Actual,6,258709300,134217728,1.93,0,0,0,0
PrimitiveBenchmarks.DllImport_Int32,PInvokeBench,PrimitiveBenchmarks,DllImport_Int32,ShortRun,Default,Default,Default,Default,Default,Default,Default,Default,Default,Default,Default,Default,Default,Default,Default,Default,Default,Default,Default,Default,Default,Default,Default,Default,Default,Default,Default,Default,Default,Default,Default,3,Default,1,Default,Default,Default,Default,Default,Default,Default,3,"ShortRun(IterationCount=3, LaunchCount=1, WarmupCount=3)",,1,Overhead,Actual,7,268116900,134217728,2,0,0,0,0
PrimitiveBenchmarks.DllImport_Int32,PInvokeBench,PrimitiveBenchmarks,DllImport_Int32,ShortRun,Default,Default,Default,Default,Default,Default,Default,Default,Default,Default,Default,Default,Default,Default,Default,Default,Default,Default,Default,Default,Default,Default,Default,Default,Default,Default,Default,Default,Default,Default,Default,3,Default,1,Default,Default,Default,Default,Default,Default,Default,3,"ShortRun(IterationCount=3, LaunchCount=1, WarmupCount=3)",,1,Overhead,Actual,8,266423200,134217728,1.99,0,0,0,0
PrimitiveBenchmarks.DllImport_Int32,PInvokeBench,PrimitiveBenchmarks,DllImport_Int32,ShortRun,Default,Default,Default,Default,Default,Default,Default,Default,Default,Default,Default,Default,Default,Default,Default,Default,Default,Default,Default,Default,Default,Default,Default,Default,Default,Default,Default,Default,Default,Default,Default,3,Default,1,Default,Default,Default,Default,Default,Default,Default,3,"ShortRun(IterationCount=3, LaunchCount=1, WarmupCount=3)",,1,Overhead,Actual,9,263322300,134217728,1.96,0,0,0,0
PrimitiveBenchmarks.DllImport_Int32,PInvokeBench,PrimitiveBenchmarks,DllImport_Int32,ShortRun,Default,Default,Default,Default,Default,Default,Default,Default,Default,Default,Default,Default,Default,Default,Default,Default,Default,Default,Default,Default,Default,Default,Default,Default,Default,Default,Default,Default,Default,Default,Default,3,Default,1,Default,Default,Default,Default,Default,Default,Default,3,"ShortRun(IterationCount=3, LaunchCount=1, WarmupCount=3)",,1,Overhead,Actual,10,261956600,134217728,1.95,0,0,0,0
PrimitiveBenchmarks.DllImport_Int32,PInvokeBench,PrimitiveBenchmarks,DllImport_Int32,ShortRun,Default,Default,Default,Default,Default,Default,Default,Default,Default,Default,Default,Default,Default,Default,Default,Default,Default,Default,Default,Default,Default,Default,Default,Default,Default,Default,Default,Default,Default,Default,Default,3,Default,1,Default,Default,Default,Default,Default,Default,Default,3,"ShortRun(IterationCount=3, LaunchCount=1, WarmupCount=3)",,1,Overhead,Actual,11,262244300,134217728,1.95,0,0,0,0
PrimitiveBenchmarks.DllImport_Int32,PInvokeBench,PrimitiveBenchmarks,DllImport_Int32,ShortRun,Default,Default,Default,Default,Default,Default,Default,Default,Default,Default,Default,Default,Default,Default,Default,Default,Default,Default,Default,Default,Default,Default,Default,Default,Default,Default,Default,Default,Default,Default,Default,3,Default,1,Default,Default,Default,Default,Default,Default,Default,3,"ShortRun(IterationCount=3, LaunchCount=1, WarmupCount=3)",,1,Overhead,Actual,12,245780400,134217728,1.83,0,0,0,0
PrimitiveBenchmarks.DllImport_Int32,PInvokeBench,PrimitiveBenchmarks,DllImport_Int32,ShortRun,Default,Default,Default,Default,Default,Default,Default,Default,Default,Default,Default,Default,Default,Default,Default,Default,Default,Default,Default,Default,Default,Default,Default,Default,Default,Default,Default,Default,Default,Default,Default,3,Default,1,Default,Default,Default,Default,Default,Default,Default,3,"ShortRun(IterationCount=3, LaunchCount=1, WarmupCount=3)",,1,Overhead,Actual,13,247568400,134217728,1.84,0,0,0,0
PrimitiveBenchmarks.DllImport_Int32,PInvokeBench,PrimitiveBenchmarks,DllImport_Int32,ShortRun,Default,Default,Default,Default,Default,Default,Default,Default,Default,Default,Default,Default,Default,Default,Default,Default,Default,Default,Default,Default,Default,Default,Default,Default,Default,Default,Default,Default,Default,Default,Default,3,Default,1,Default,Default,Default,Default,Default,Default,Default,3,"ShortRun(IterationCount=3, LaunchCount=1, WarmupCount=3)",,1,Overhead,Actual,14,247681600,134217728,1.85,0,0,0,0
PrimitiveBenchmarks.DllImport_Int32,PInvokeBench,PrimitiveBenchmarks,DllImport_Int32,ShortRun,Default,Default,Default,Default,Default,Default,Default,Default,Default,Default,Default,Default,Default,Default,Default,Default,Default,Default,Default,Default,Default,Default,Default,Default,Default,Default,Default,Default,Default,Default,Default,3,Default,1,Default,Default,Default,Default,Default,Default,Default,3,"ShortRun(IterationCount=3, LaunchCount=1, WarmupCount=3)",,1,Overhead,Actual,15,261509800,134217728,1.95,0,0,0,0
PrimitiveBenchmarks.DllImport_Int32,PInvokeBench,PrimitiveBenchmarks,DllImport_Int32,ShortRun,Default,Default,Default,Default,Default,Default,Default,Default,Default,Default,Default,Default,Default,Default,Default,Default,Default,Default,Default,Default,Default,Default,Default,Default,Default,Default,Default,Default,Default,Default,Default,3,Default,1,Default,Default,Default,Default,Default,Default,Default,3,"ShortRun(IterationCount=3, LaunchCount=1, WarmupCount=3)",,1,Overhead,Actual,16,247595800,134217728,1.84,0,0,0,0
PrimitiveBenchmarks.DllImport_Int32,PInvokeBench,PrimitiveBenchmarks,DllImport_Int32,ShortRun,Default,Default,Default,Default,Default,Default,Default,Default,Default,Default,Default,Default,Default,Default,Default,Default,Default,Default,Default,Default,Default,Default,Default,Default,Default,Default,Default,Default,Default,Default,Default,3,Default,1,Default,Default,Default,Default,Default,Default,Default,3,"ShortRun(IterationCount=3, LaunchCount=1, WarmupCount=3)",,1,Overhead,Actual,17,247597600,134217728,1.84,0,0,0,0
PrimitiveBenchmarks.DllImport_Int32,PInvokeBench,PrimitiveBenchmarks,DllImport_Int32,ShortRun,Default,Default,Default,Default,Default,Default,Default,Default,Default,Default,Default,Default,Default,Default,Default,Default,Default,Default,Default,Default,Default,Default,Default,Default,Default,Default,Default,Default,Default,Default,Default,3,Default,1,Default,Default,Default,Default,Default,Default,Default,3,"ShortRun(IterationCount=3, LaunchCount=1, WarmupCount=3)",,1,Workload,Warmup,1,846336800,134217728,6.31,0,0,0,0
PrimitiveBenchmarks.DllImport_Int32,PInvokeBench,PrimitiveBenchmarks,DllImport_Int32,ShortRun,Default,Default,Default,Default,Default,Default,Default,Default,Default,Default,Default,Default,Default,Default,Default,Default,Default,Default,Default,Default,Default,Default,Default,Default,Default,Default,Default,Default,Default,Default,Default,3,Default,1,Default,Default,Default,Default,Default,Default,Default,3,"ShortRun(IterationCount=3, LaunchCount=1, WarmupCount=3)",,1,Workload,Warmup,2,863260000,134217728,6.43,0,0,0,0
PrimitiveBenchmarks.DllImport_Int32,PInvokeBench,PrimitiveBenchmarks,DllImport_Int32,ShortRun,Default,Default,Default,Default,Default,Default,Default,Default,Default,Default,Default,Default,Default,Default,Default,Default,Default,Default,Default,Default,Default,Default,Default,Default,Default,Default,Default,Default,Default,Default,Default,3,Default,1,Default,Default,Default,Default,Default,Default,Default,3,"ShortRun(IterationCount=3, LaunchCount=1, WarmupCount=3)",,1,Workload,Warmup,3,877873400,134217728,6.54,0,0,0,0
PrimitiveBenchmarks.DllImport_Int32,PInvokeBench,PrimitiveBenchmarks,DllImport_Int32,ShortRun,Default,Default,Default,Default,Default,Default,Default,Default,Default,Default,Default,Default,Default,Default,Default,Default,Default,Default,Default,Default,Default,Default,Default,Default,Default,Default,Default,Default,Default,Default,Default,3,Default,1,Default,Default,Default,Default,Default,Default,Default,3,"ShortRun(IterationCount=3, LaunchCount=1, WarmupCount=3)",,1,Workload,Actual,1,813872600,134217728,6.06,0,0,0,0
PrimitiveBenchmarks.DllImport_Int32,PInvokeBench,PrimitiveBenchmarks,DllImport_Int32,ShortRun,Default,Default,Default,Default,Default,Default,Default,Default,Default,Default,Default,Default,Default,Default,Default,Default,Default,Default,Default,Default,Default,Default,Default,Default,Default,Default,Default,Default,Default,Default,Default,3,Default,1,Default,Default,Default,Default,Default,Default,Default,3,"ShortRun(IterationCount=3, LaunchCount=1, WarmupCount=3)",,1,Workload,Actual,2,812737700,134217728,6.06,0,0,0,0
PrimitiveBenchmarks.DllImport_Int32,PInvokeBench,PrimitiveBenchmarks,DllImport_Int32,ShortRun,Default,Default,Default,Default,Default,Default,Default,Default,Default,Default,Default,Default,Default,Default,Default,Default,Default,Default,Default,Default,Default,Default,Default,Default,Default,Default,Default,Default,Default,Default,Default,3,Default,1,Default,Default,Default,Default,Default,Default,Default,3,"ShortRun(IterationCount=3, LaunchCount=1, WarmupCount=3)",,1,Workload,Actual,3,809534100,134217728,6.03,0,0,0,0
PrimitiveBenchmarks.DllImport_Int32,PInvokeBench,PrimitiveBenchmarks,DllImport_Int32,ShortRun,Default,Default,Default,Default,Default,Default,Default,Default,Default,Default,Default,Default,Default,Default,Default,Default,Default,Default,Default,Default,Default,Default,Default,Default,Default,Default,Default,Default,Default,Default,Default,3,Default,1,Default,Default,Default,Default,Default,Default,Default,3,"ShortRun(IterationCount=3, LaunchCount=1, WarmupCount=3)",,1,Workload,Result,1,552362800,134217728,4.12,0,0,0,0
PrimitiveBenchmarks.DllImport_Int32,PInvokeBench,PrimitiveBenchmarks,DllImport_Int32,ShortRun,Default,Default,Default,Default,Default,Default,Default,Default,Default,Default,Default,Default,Default,Default,Default,Default,Default,Default,Default,Default,Default,Default,Default,Default,Default,Default,Default,Default,Default,Default,Default,3,Default,1,Default,Default,Default,Default,Default,Default,Default,3,"ShortRun(IterationCount=3, LaunchCount=1, WarmupCount=3)",,1,Workload,Result,2,551227900,134217728,4.11,0,0,0,0
PrimitiveBenchmarks.DllImport_Int32,PInvokeBench,PrimitiveBenchmarks,DllImport_Int32,ShortRun,Default,Default,Default,Default,Default,Default,Default,Default,Default,Default,Default,Default,Default,Default,Default,Default,Default,Default,Default,Default,Default,Default,Default,Default,Default,Default,Default,Default,Default,Default,Default,3,Default,1,Default,Default,Default,Default,Default,Default,Default,3,"ShortRun(IterationCount=3, LaunchCount=1, WarmupCount=3)",,1,Workload,Result,3,548024300,134217728,4.08,0,0,0,0
PrimitiveBenchmarks.DllImport_Int64,PInvokeBench,PrimitiveBenchmarks,DllImport_Int64,ShortRun,Default,Default,Default,Default,Default,Default,Default,Default,Default,Default,Default,Default,Default,Default,Default,Default,Default,Default,Default,Default,Default,Default,Default,Default,Default,Default,Default,Default,Default,Default,Default,3,Default,1,Default,Default,Default,Default,Default,Default,Default,3,"ShortRun(IterationCount=3, LaunchCount=1, WarmupCount=3)",,1,Overhead,Jitting,1,1371300,1,1371300,0,0,0,0
PrimitiveBenchmarks.DllImport_Int64,PInvokeBench,PrimitiveBenchmarks,DllImport_Int64,ShortRun,Default,Default,Default,Default,Default,Default,Default,Default,Default,Default,Default,Default,Default,Default,Default,Default,Default,Default,Default,Default,Default,Default,Default,Default,Default,Default,Default,Default,Default,Default,Default,3,Default,1,Default,Default,Default,Default,Default,Default,Default,3,"ShortRun(IterationCount=3, LaunchCount=1, WarmupCount=3)",,1,Workload,Jitting,1,467800,1,467800,0,0,0,0
PrimitiveBenchmarks.DllImport_Int64,PInvokeBench,PrimitiveBenchmarks,DllImport_Int64,ShortRun,Default,Default,Default,Default,Default,Default,Default,Default,Default,Default,Default,Default,Default,Default,Default,Default,Default,Default,Default,Default,Default,Default,Default,Default,Default,Default,Default,Default,Default,Default,Default,3,Default,1,Default,Default,Default,Default,Default,Default,Default,3,"ShortRun(IterationCount=3, LaunchCount=1, WarmupCount=3)",,1,Overhead,Jitting,2,346500,16,21656.25,0,0,0,0
PrimitiveBenchmarks.DllImport_Int64,PInvokeBench,PrimitiveBenchmarks,DllImport_Int64,ShortRun,Default,Default,Default,Default,Default,Default,Default,Default,Default,Default,Default,Default,Default,Default,Default,Default,Default,Default,Default,Default,Default,Default,Default,Default,Default,Default,Default,Default,Default,Default,Default,3,Default,1,Default,Default,Default,Default,Default,Default,Default,3,"ShortRun(IterationCount=3, LaunchCount=1, WarmupCount=3)",,1,Workload,Jitting,2,298200,16,18637.5,0,0,0,0
PrimitiveBenchmarks.DllImport_Int64,PInvokeBench,PrimitiveBenchmarks,DllImport_Int64,ShortRun,Default,Default,Default,Default,Default,Default,Default,Default,Default,Default,Default,Default,Default,Default,Default,Default,Default,Default,Default,Default,Default,Default,Default,Default,Default,Default,Default,Default,Default,Default,Default,3,Default,1,Default,Default,Default,Default,Default,Default,Default,3,"ShortRun(IterationCount=3, LaunchCount=1, WarmupCount=3)",,1,Workload,Pilot,1,600,16,37.5,0,0,0,0
PrimitiveBenchmarks.DllImport_Int64,PInvokeBench,PrimitiveBenchmarks,DllImport_Int64,ShortRun,Default,Default,Default,Default,Default,Default,Default,Default,Default,Default,Default,Default,Default,Default,Default,Default,Default,Default,Default,Default,Default,Default,Default,Default,Default,Default,Default,Default,Default,Default,Default,3,Default,1,Default,Default,Default,Default,Default,Default,Default,3,"ShortRun(IterationCount=3, LaunchCount=1, WarmupCount=3)",,1,Workload,Pilot,2,800,32,25,0,0,0,0
PrimitiveBenchmarks.DllImport_Int64,PInvokeBench,PrimitiveBenchmarks,DllImport_Int64,ShortRun,Default,Default,Default,Default,Default,Default,Default,Default,Default,Default,Default,Default,Default,Default,Default,Default,Default,Default,Default,Default,Default,Default,Default,Default,Default,Default,Default,Default,Default,Default,Default,3,Default,1,Default,Default,Default,Default,Default,Default,Default,3,"ShortRun(IterationCount=3, LaunchCount=1, WarmupCount=3)",,1,Workload,Pilot,3,800,64,12.5,0,0,0,0
PrimitiveBenchmarks.DllImport_Int64,PInvokeBench,PrimitiveBenchmarks,DllImport_Int64,ShortRun,Default,Default,Default,Default,Default,Default,Default,Default,Default,Default,Default,Default,Default,Default,Default,Default,Default,Default,Default,Default,Default,Default,Default,Default,Default,Default,Default,Default,Default,Default,Default,3,Default,1,Default,Default,Default,Default,Default,Default,Default,3,"ShortRun(IterationCount=3, LaunchCount=1, WarmupCount=3)",,1,Workload,Pilot,4,1000,128,7.81,0,0,0,0
PrimitiveBenchmarks.DllImport_Int64,PInvokeBench,PrimitiveBenchmarks,DllImport_Int64,ShortRun,Default,Default,Default,Default,Default,Default,Default,Default,Default,Default,Default,Default,Default,Default,Default,Default,Default,Default,Default,Default,Default,Default,Default,Default,Default,Default,Default,Default,Default,Default,Default,3,Default,1,Default,Default,Default,Default,Default,Default,Default,3,"ShortRun(IterationCount=3, LaunchCount=1, WarmupCount=3)",,1,Workload,Pilot,5,2000,256,7.81,0,0,0,0
PrimitiveBenchmarks.DllImport_Int64,PInvokeBench,PrimitiveBenchmarks,DllImport_Int64,ShortRun,Default,Default,Default,Default,Default,Default,Default,Default,Default,Default,Default,Default,Default,Default,Default,Default,Default,Default,Default,Default,Default,Default,Default,Default,Default,Default,Default,Default,Default,Default,Default,3,Default,1,Default,Default,Default,Default,Default,Default,Default,3,"ShortRun(IterationCount=3, LaunchCount=1, WarmupCount=3)",,1,Workload,Pilot,6,3500,512,6.84,0,0,0,0
PrimitiveBenchmarks.DllImport_Int64,PInvokeBench,PrimitiveBenchmarks,DllImport_Int64,ShortRun,Default,Default,Default,Default,Default,Default,Default,Default,Default,Default,Default,Default,Default,Default,Default,Default,Default,Default,Default,Default,Default,Default,Default,Default,Default,Default,Default,Default,Default,Default,Default,3,Default,1,Default,Default,Default,Default,Default,Default,Default,3,"ShortRun(IterationCount=3, LaunchCount=1, WarmupCount=3)",,1,Workload,Pilot,7,7800,1024,7.62,0,0,0,0
PrimitiveBenchmarks.DllImport_Int64,PInvokeBench,PrimitiveBenchmarks,DllImport_Int64,ShortRun,Default,Default,Default,Default,Default,Default,Default,Default,Default,Default,Default,Default,Default,Default,Default,Default,Default,Default,Default,Default,Default,Default,Default,Default,Default,Default,Default,Default,Default,Default,Default,3,Default,1,Default,Default,Default,Default,Default,Default,Default,3,"ShortRun(IterationCount=3, LaunchCount=1, WarmupCount=3)",,1,Workload,Pilot,8,11900,2048,5.81,0,0,0,0
PrimitiveBenchmarks.DllImport_Int64,PInvokeBench,PrimitiveBenchmarks,DllImport_Int64,ShortRun,Default,Default,Default,Default,Default,Default,Default,Default,Default,Default,Default,Default,Default,Default,Default,Default,Default,Default,Default,Default,Default,Default,Default,Default,Default,Default,Default,Default,Default,Default,Default,3,Default,1,Default,Default,Default,Default,Default,Default,Default,3,"ShortRun(IterationCount=3, LaunchCount=1, WarmupCount=3)",,1,Workload,Pilot,9,23900,4096,5.83,0,0,0,0
PrimitiveBenchmarks.DllImport_Int64,PInvokeBench,PrimitiveBenchmarks,DllImport_Int64,ShortRun,Default,Default,Default,Default,Default,Default,Default,Default,Default,Default,Default,Default,Default,Default,Default,Default,Default,Default,Default,Default,Default,Default,Default,Default,Default,Default,Default,Default,Default,Default,Default,3,Default,1,Default,Default,Default,Default,Default,Default,Default,3,"ShortRun(IterationCount=3, LaunchCount=1, WarmupCount=3)",,1,Workload,Pilot,10,46300,8192,5.65,0,0,0,0
PrimitiveBenchmarks.DllImport_Int64,PInvokeBench,PrimitiveBenchmarks,DllImport_Int64,ShortRun,Default,Default,Default,Default,Default,Default,Default,Default,Default,Default,Default,Default,Default,Default,Default,Default,Default,Default,Default,Default,Default,Default,Default,Default,Default,Default,Default,Default,Default,Default,Default,3,Default,1,Default,Default,Default,Default,Default,Default,Default,3,"ShortRun(IterationCount=3, LaunchCount=1, WarmupCount=3)",,1,Workload,Pilot,11,116500,16384,7.11,0,0,0,0
PrimitiveBenchmarks.DllImport_Int64,PInvokeBench,PrimitiveBenchmarks,DllImport_Int64,ShortRun,Default,Default,Default,Default,Default,Default,Default,Default,Default,Default,Default,Default,Default,Default,Default,Default,Default,Default,Default,Default,Default,Default,Default,Default,Default,Default,Default,Default,Default,Default,Default,3,Default,1,Default,Default,Default,Default,Default,Default,Default,3,"ShortRun(IterationCount=3, LaunchCount=1, WarmupCount=3)",,1,Workload,Pilot,12,186400,32768,5.69,0,0,0,0
PrimitiveBenchmarks.DllImport_Int64,PInvokeBench,PrimitiveBenchmarks,DllImport_Int64,ShortRun,Default,Default,Default,Default,Default,Default,Default,Default,Default,Default,Default,Default,Default,Default,Default,Default,Default,Default,Default,Default,Default,Default,Default,Default,Default,Default,Default,Default,Default,Default,Default,3,Default,1,Default,Default,Default,Default,Default,Default,Default,3,"ShortRun(IterationCount=3, LaunchCount=1, WarmupCount=3)",,1,Workload,Pilot,13,439900,65536,6.71,0,0,0,0
PrimitiveBenchmarks.DllImport_Int64,PInvokeBench,PrimitiveBenchmarks,DllImport_Int64,ShortRun,Default,Default,Default,Default,Default,Default,Default,Default,Default,Default,Default,Default,Default,Default,Default,Default,Default,Default,Default,Default,Default,Default,Default,Default,Default,Default,Default,Default,Default,Default,Default,3,Default,1,Default,Default,Default,Default,Default,Default,Default,3,"ShortRun(IterationCount=3, LaunchCount=1, WarmupCount=3)",,1,Workload,Pilot,14,754300,131072,5.75,0,0,0,0
PrimitiveBenchmarks.DllImport_Int64,PInvokeBench,PrimitiveBenchmarks,DllImport_Int64,ShortRun,Default,Default,Default,Default,Default,Default,Default,Default,Default,Default,Default,Default,Default,Default,Default,Default,Default,Default,Default,Default,Default,Default,Default,Default,Default,Default,Default,Default,Default,Default,Default,3,Default,1,Default,Default,Default,Default,Default,Default,Default,3,"ShortRun(IterationCount=3, LaunchCount=1, WarmupCount=3)",,1,Workload,Pilot,15,1759000,262144,6.71,0,0,0,0
PrimitiveBenchmarks.DllImport_Int64,PInvokeBench,PrimitiveBenchmarks,DllImport_Int64,ShortRun,Default,Default,Default,Default,Default,Default,Default,Default,Default,Default,Default,Default,Default,Default,Default,Default,Default,Default,Default,Default,Default,Default,Default,Default,Default,Default,Default,Default,Default,Default,Default,3,Default,1,Default,Default,Default,Default,Default,Default,Default,3,"ShortRun(IterationCount=3, LaunchCount=1, WarmupCount=3)",,1,Workload,Pilot,16,3649000,524288,6.96,0,0,0,0
PrimitiveBenchmarks.DllImport_Int64,PInvokeBench,PrimitiveBenchmarks,DllImport_Int64,ShortRun,Default,Default,Default,Default,Default,Default,Default,Default,Default,Default,Default,Default,Default,Default,Default,Default,Default,Default,Default,Default,Default,Default,Default,Default,Default,Default,Default,Default,Default,Default,Default,3,Default,1,Default,Default,Default,Default,Default,Default,Default,3,"ShortRun(IterationCount=3, LaunchCount=1, WarmupCount=3)",,1,Workload,Pilot,17,7354700,1048576,7.01,0,0,0,0
PrimitiveBenchmarks.DllImport_Int64,PInvokeBench,PrimitiveBenchmarks,DllImport_Int64,ShortRun,Default,Default,Default,Default,Default,Default,Default,Default,Default,Default,Default,Default,Default,Default,Default,Default,Default,Default,Default,Default,Default,Default,Default,Default,Default,Default,Default,Default,Default,Default,Default,3,Default,1,Default,Default,Default,Default,Default,Default,Default,3,"ShortRun(IterationCount=3, LaunchCount=1, WarmupCount=3)",,1,Workload,Pilot,18,15039500,2097152,7.17,0,0,0,0
PrimitiveBenchmarks.DllImport_Int64,PInvokeBench,PrimitiveBenchmarks,DllImport_Int64,ShortRun,Default,Default,Default,Default,Default,Default,Default,Default,Default,Default,Default,Default,Default,Default,Default,Default,Default,Default,Default,Default,Default,Default,Default,Default,Default,Default,Default,Default,Default,Default,Default,3,Default,1,Default,Default,Default,Default,Default,Default,Default,3,"ShortRun(IterationCount=3, LaunchCount=1, WarmupCount=3)",,1,Workload,Pilot,19,30215500,4194304,7.2,0,0,0,0
PrimitiveBenchmarks.DllImport_Int64,PInvokeBench,PrimitiveBenchmarks,DllImport_Int64,ShortRun,Default,Default,Default,Default,Default,Default,Default,Default,Default,Default,Default,Default,Default,Default,Default,Default,Default,Default,Default,Default,Default,Default,Default,Default,Default,Default,Default,Default,Default,Default,Default,3,Default,1,Default,Default,Default,Default,Default,Default,Default,3,"ShortRun(IterationCount=3, LaunchCount=1, WarmupCount=3)",,1,Workload,Pilot,20,60441300,8388608,7.21,0,0,0,0
PrimitiveBenchmarks.DllImport_Int64,PInvokeBench,PrimitiveBenchmarks,DllImport_Int64,ShortRun,Default,Default,Default,Default,Default,Default,Default,Default,Default,Default,Default,Default,Default,Default,Default,Default,Default,Default,Default,Default,Default,Default,Default,Default,Default,Default,Default,Default,Default,Default,Default,3,Default,1,Default,Default,Default,Default,Default,Default,Default,3,"ShortRun(IterationCount=3, LaunchCount=1, WarmupCount=3)",,1,Workload,Pilot,21,111526800,16777216,6.65,0,0,0,0
PrimitiveBenchmarks.DllImport_Int64,PInvokeBench,PrimitiveBenchmarks,DllImport_Int64,ShortRun,Default,Default,Default,Default,Default,Default,Default,Default,Default,Default,Default,Default,Default,Default,Default,Default,Default,Default,Default,Default,Default,Default,Default,Default,Default,Default,Default,Default,Default,Default,Default,3,Default,1,Default,Default,Default,Default,Default,Default,Default,3,"ShortRun(IterationCount=3, LaunchCount=1, WarmupCount=3)",,1,Workload,Pilot,22,222393300,33554432,6.63,0,0,0,0
PrimitiveBenchmarks.DllImport_Int64,PInvokeBench,PrimitiveBenchmarks,DllImport_Int64,ShortRun,Default,Default,Default,Default,Default,Default,Default,Default,Default,Default,Default,Default,Default,Default,Default,Default,Default,Default,Default,Default,Default,Default,Default,Default,Default,Default,Default,Default,Default,Default,Default,3,Default,1,Default,Default,Default,Default,Default,Default,Default,3,"ShortRun(IterationCount=3, LaunchCount=1, WarmupCount=3)",,1,Workload,Pilot,23,430198500,67108864,6.41,0,0,0,0
PrimitiveBenchmarks.DllImport_Int64,PInvokeBench,PrimitiveBenchmarks,DllImport_Int64,ShortRun,Default,Default,Default,Default,Default,Default,Default,Default,Default,Default,Default,Default,Default,Default,Default,Default,Default,Default,Default,Default,Default,Default,Default,Default,Default,Default,Default,Default,Default,Default,Default,3,Default,1,Default,Default,Default,Default,Default,Default,Default,3,"ShortRun(IterationCount=3, LaunchCount=1, WarmupCount=3)",,1,Workload,Pilot,24,838038900,134217728,6.24,0,0,0,0
PrimitiveBenchmarks.DllImport_Int64,PInvokeBench,PrimitiveBenchmarks,DllImport_Int64,ShortRun,Default,Default,Default,Default,Default,Default,Default,Default,Default,Default,Default,Default,Default,Default,Default,Default,Default,Default,Default,Default,Default,Default,Default,Default,Default,Default,Default,Default,Default,Default,Default,3,Default,1,Default,Default,Default,Default,Default,Default,Default,3,"ShortRun(IterationCount=3, LaunchCount=1, WarmupCount=3)",,1,Overhead,Warmup,1,310981000,134217728,2.32,0,0,0,0
PrimitiveBenchmarks.DllImport_Int64,PInvokeBench,PrimitiveBenchmarks,DllImport_Int64,ShortRun,Default,Default,Default,Default,Default,Default,Default,Default,Default,Default,Default,Default,Default,Default,Default,Default,Default,Default,Default,Default,Default,Default,Default,Default,Default,Default,Default,Default,Default,Default,Default,3,Default,1,Default,Default,Default,Default,Default,Default,Default,3,"ShortRun(IterationCount=3, LaunchCount=1, WarmupCount=3)",,1,Overhead,Warmup,2,252793600,134217728,1.88,0,0,0,0
PrimitiveBenchmarks.DllImport_Int64,PInvokeBench,PrimitiveBenchmarks,DllImport_Int64,ShortRun,Default,Default,Default,Default,Default,Default,Default,Default,Default,Default,Default,Default,Default,Default,Default,Default,Default,Default,Default,Default,Default,Default,Default,Default,Default,Default,Default,Default,Default,Default,Default,3,Default,1,Default,Default,Default,Default,Default,Default,Default,3,"ShortRun(IterationCount=3, LaunchCount=1, WarmupCount=3)",,1,Overhead,Warmup,3,248517900,134217728,1.85,0,0,0,0
PrimitiveBenchmarks.DllImport_Int64,PInvokeBench,PrimitiveBenchmarks,DllImport_Int64,ShortRun,Default,Default,Default,Default,Default,Default,Default,Default,Default,Default,Default,Default,Default,Default,Default,Default,Default,Default,Default,Default,Default,Default,Default,Default,Default,Default,Default,Default,Default,Default,Default,3,Default,1,Default,Default,Default,Default,Default,Default,Default,3,"ShortRun(IterationCount=3, LaunchCount=1, WarmupCount=3)",,1,Overhead,Warmup,4,250290900,134217728,1.86,0,0,0,0
PrimitiveBenchmarks.DllImport_Int64,PInvokeBench,PrimitiveBenchmarks,DllImport_Int64,ShortRun,Default,Default,Default,Default,Default,Default,Default,Default,Default,Default,Default,Default,Default,Default,Default,Default,Default,Default,Default,Default,Default,Default,Default,Default,Default,Default,Default,Default,Default,Default,Default,3,Default,1,Default,Default,Default,Default,Default,Default,Default,3,"ShortRun(IterationCount=3, LaunchCount=1, WarmupCount=3)",,1,Overhead,Warmup,5,247280100,134217728,1.84,0,0,0,0
PrimitiveBenchmarks.DllImport_Int64,PInvokeBench,PrimitiveBenchmarks,DllImport_Int64,ShortRun,Default,Default,Default,Default,Default,Default,Default,Default,Default,Default,Default,Default,Default,Default,Default,Default,Default,Default,Default,Default,Default,Default,Default,Default,Default,Default,Default,Default,Default,Default,Default,3,Default,1,Default,Default,Default,Default,Default,Default,Default,3,"ShortRun(IterationCount=3, LaunchCount=1, WarmupCount=3)",,1,Overhead,Warmup,6,248083800,134217728,1.85,0,0,0,0
PrimitiveBenchmarks.DllImport_Int64,PInvokeBench,PrimitiveBenchmarks,DllImport_Int64,ShortRun,Default,Default,Default,Default,Default,Default,Default,Default,Default,Default,Default,Default,Default,Default,Default,Default,Default,Default,Default,Default,Default,Default,Default,Default,Default,Default,Default,Default,Default,Default,Default,3,Default,1,Default,Default,Default,Default,Default,Default,Default,3,"ShortRun(IterationCount=3, LaunchCount=1, WarmupCount=3)",,1,Overhead,Warmup,7,246401700,134217728,1.84,0,0,0,0
PrimitiveBenchmarks.DllImport_Int64,PInvokeBench,PrimitiveBenchmarks,DllImport_Int64,ShortRun,Default,Default,Default,Default,Default,Default,Default,Default,Default,Default,Default,Default,Default,Default,Default,Default,Default,Default,Default,Default,Default,Default,Default,Default,Default,Default,Default,Default,Default,Default,Default,3,Default,1,Default,Default,Default,Default,Default,Default,Default,3,"ShortRun(IterationCount=3, LaunchCount=1, WarmupCount=3)",,1,Overhead,Actual,1,247468300,134217728,1.84,0,0,0,0
PrimitiveBenchmarks.DllImport_Int64,PInvokeBench,PrimitiveBenchmarks,DllImport_Int64,ShortRun,Default,Default,Default,Default,Default,Default,Default,Default,Default,Default,Default,Default,Default,Default,Default,Default,Default,Default,Default,Default,Default,Default,Default,Default,Default,Default,Default,Default,Default,Default,Default,3,Default,1,Default,Default,Default,Default,Default,Default,Default,3,"ShortRun(IterationCount=3, LaunchCount=1, WarmupCount=3)",,1,Overhead,Actual,2,249438400,134217728,1.86,0,0,0,0
PrimitiveBenchmarks.DllImport_Int64,PInvokeBench,PrimitiveBenchmarks,DllImport_Int64,ShortRun,Default,Default,Default,Default,Default,Default,Default,Default,Default,Default,Default,Default,Default,Default,Default,Default,Default,Default,Default,Default,Default,Default,Default,Default,Default,Default,Default,Default,Default,Default,Default,3,Default,1,Default,Default,Default,Default,Default,Default,Default,3,"ShortRun(IterationCount=3, LaunchCount=1, WarmupCount=3)",,1,Overhead,Actual,3,248283800,134217728,1.85,0,0,0,0
PrimitiveBenchmarks.DllImport_Int64,PInvokeBench,PrimitiveBenchmarks,DllImport_Int64,ShortRun,Default,Default,Default,Default,Default,Default,Default,Default,Default,Default,Default,Default,Default,Default,Default,Default,Default,Default,Default,Default,Default,Default,Default,Default,Default,Default,Default,Default,Default,Default,Default,3,Default,1,Default,Default,Default,Default,Default,Default,Default,3,"ShortRun(IterationCount=3, LaunchCount=1, WarmupCount=3)",,1,Overhead,Actual,4,265233800,134217728,1.98,0,0,0,0
PrimitiveBenchmarks.DllImport_Int64,PInvokeBench,PrimitiveBenchmarks,DllImport_Int64,ShortRun,Default,Default,Default,Default,Default,Default,Default,Default,Default,Default,Default,Default,Default,Default,Default,Default,Default,Default,Default,Default,Default,Default,Default,Default,Default,Default,Default,Default,Default,Default,Default,3,Default,1,Default,Default,Default,Default,Default,Default,Default,3,"ShortRun(IterationCount=3, LaunchCount=1, WarmupCount=3)",,1,Overhead,Actual,5,263208500,134217728,1.96,0,0,0,0
PrimitiveBenchmarks.DllImport_Int64,PInvokeBench,PrimitiveBenchmarks,DllImport_Int64,ShortRun,Default,Default,Default,Default,Default,Default,Default,Default,Default,Default,Default,Default,Default,Default,Default,Default,Default,Default,Default,Default,Default,Default,Default,Default,Default,Default,Default,Default,Default,Default,Default,3,Default,1,Default,Default,Default,Default,Default,Default,Default,3,"ShortRun(IterationCount=3, LaunchCount=1, WarmupCount=3)",,1,Overhead,Actual,6,246958800,134217728,1.84,0,0,0,0
PrimitiveBenchmarks.DllImport_Int64,PInvokeBench,PrimitiveBenchmarks,DllImport_Int64,ShortRun,Default,Default,Default,Default,Default,Default,Default,Default,Default,Default,Default,Default,Default,Default,Default,Default,Default,Default,Default,Default,Default,Default,Default,Default,Default,Default,Default,Default,Default,Default,Default,3,Default,1,Default,Default,Default,Default,Default,Default,Default,3,"ShortRun(IterationCount=3, LaunchCount=1, WarmupCount=3)",,1,Overhead,Actual,7,246798000,134217728,1.84,0,0,0,0
PrimitiveBenchmarks.DllImport_Int64,PInvokeBench,PrimitiveBenchmarks,DllImport_Int64,ShortRun,Default,Default,Default,Default,Default,Default,Default,Default,Default,Default,Default,Default,Default,Default,Default,Default,Default,Default,Default,Default,Default,Default,Default,Default,Default,Default,Default,Default,Default,Default,Default,3,Default,1,Default,Default,Default,Default,Default,Default,Default,3,"ShortRun(IterationCount=3, LaunchCount=1, WarmupCount=3)",,1,Overhead,Actual,8,246692500,134217728,1.84,0,0,0,0
PrimitiveBenchmarks.DllImport_Int64,PInvokeBench,PrimitiveBenchmarks,DllImport_Int64,ShortRun,Default,Default,Default,Default,Default,Default,Default,Default,Default,Default,Default,Default,Default,Default,Default,Default,Default,Default,Default,Default,Default,Default,Default,Default,Default,Default,Default,Default,Default,Default,Default,3,Default,1,Default,Default,Default,Default,Default,Default,Default,3,"ShortRun(IterationCount=3, LaunchCount=1, WarmupCount=3)",,1,Overhead,Actual,9,247644000,134217728,1.85,0,0,0,0
PrimitiveBenchmarks.DllImport_Int64,PInvokeBench,PrimitiveBenchmarks,DllImport_Int64,ShortRun,Default,Default,Default,Default,Default,Default,Default,Default,Default,Default,Default,Default,Default,Default,Default,Default,Default,Default,Default,Default,Default,Default,Default,Default,Default,Default,Default,Default,Default,Default,Default,3,Default,1,Default,Default,Default,Default,Default,Default,Default,3,"ShortRun(IterationCount=3, LaunchCount=1, WarmupCount=3)",,1,Overhead,Actual,10,268812700,134217728,2,0,0,0,0
PrimitiveBenchmarks.DllImport_Int64,PInvokeBench,PrimitiveBenchmarks,DllImport_Int64,ShortRun,Default,Default,Default,Default,Default,Default,Default,Default,Default,Default,Default,Default,Default,Default,Default,Default,Default,Default,Default,Default,Default,Default,Default,Default,Default,Default,Default,Default,Default,Default,Default,3,Default,1,Default,Default,Default,Default,Default,Default,Default,3,"ShortRun(IterationCount=3, LaunchCount=1, WarmupCount=3)",,1,Overhead,Actual,11,245682800,134217728,1.83,0,0,0,0
PrimitiveBenchmarks.DllImport_Int64,PInvokeBench,PrimitiveBenchmarks,DllImport_Int64,ShortRun,Default,Default,Default,Default,Default,Default,Default,Default,Default,Default,Default,Default,Default,Default,Default,Default,Default,Default,Default,Default,Default,Default,Default,Default,Default,Default,Default,Default,Default,Default,Default,3,Default,1,Default,Default,Default,Default,Default,Default,Default,3,"ShortRun(IterationCount=3, LaunchCount=1, WarmupCount=3)",,1,Overhead,Actual,12,254214700,134217728,1.89,0,0,0,0
PrimitiveBenchmarks.DllImport_Int64,PInvokeBench,PrimitiveBenchmarks,DllImport_Int64,ShortRun,Default,Default,Default,Default,Default,Default,Default,Default,Default,Default,Default,Default,Default,Default,Default,Default,Default,Default,Default,Default,Default,Default,Default,Default,Default,Default,Default,Default,Default,Default,Default,3,Default,1,Default,Default,Default,Default,Default,Default,Default,3,"ShortRun(IterationCount=3, LaunchCount=1, WarmupCount=3)",,1,Overhead,Actual,13,257504000,134217728,1.92,0,0,0,0
PrimitiveBenchmarks.DllImport_Int64,PInvokeBench,PrimitiveBenchmarks,DllImport_Int64,ShortRun,Default,Default,Default,Default,Default,Default,Default,Default,Default,Default,Default,Default,Default,Default,Default,Default,Default,Default,Default,Default,Default,Default,Default,Default,Default,Default,Default,Default,Default,Default,Default,3,Default,1,Default,Default,Default,Default,Default,Default,Default,3,"ShortRun(IterationCount=3, LaunchCount=1, WarmupCount=3)",,1,Overhead,Actual,14,252278700,134217728,1.88,0,0,0,0
PrimitiveBenchmarks.DllImport_Int64,PInvokeBench,PrimitiveBenchmarks,DllImport_Int64,ShortRun,Default,Default,Default,Default,Default,Default,Default,Default,Default,Default,Default,Default,Default,Default,Default,Default,Default,Default,Default,Default,Default,Default,Default,Default,Default,Default,Default,Default,Default,Default,Default,3,Default,1,Default,Default,Default,Default,Default,Default,Default,3,"ShortRun(IterationCount=3, LaunchCount=1, WarmupCount=3)",,1,Overhead,Actual,15,265359200,134217728,1.98,0,0,0,0
PrimitiveBenchmarks.DllImport_Int64,PInvokeBench,PrimitiveBenchmarks,DllImport_Int64,ShortRun,Default,Default,Default,Default,Default,Default,Default,Default,Default,Default,Default,Default,Default,Default,Default,Default,Default,Default,Default,Default,Default,Default,Default,Default,Default,Default,Default,Default,Default,Default,Default,3,Default,1,Default,Default,Default,Default,Default,Default,Default,3,"ShortRun(IterationCount=3, LaunchCount=1, WarmupCount=3)",,1,Workload,Warmup,1,843756600,134217728,6.29,0,0,0,0
PrimitiveBenchmarks.DllImport_Int64,PInvokeBench,PrimitiveBenchmarks,DllImport_Int64,ShortRun,Default,Default,Default,Default,Default,Default,Default,Default,Default,Default,Default,Default,Default,Default,Default,Default,Default,Default,Default,Default,Default,Default,Default,Default,Default,Default,Default,Default,Default,Default,Default,3,Default,1,Default,Default,Default,Default,Default,Default,Default,3,"ShortRun(IterationCount=3, LaunchCount=1, WarmupCount=3)",,1,Workload,Warmup,2,795701300,134217728,5.93,0,0,0,0
PrimitiveBenchmarks.DllImport_Int64,PInvokeBench,PrimitiveBenchmarks,DllImport_Int64,ShortRun,Default,Default,Default,Default,Default,Default,Default,Default,Default,Default,Default,Default,Default,Default,Default,Default,Default,Default,Default,Default,Default,Default,Default,Default,Default,Default,Default,Default,Default,Default,Default,3,Default,1,Default,Default,Default,Default,Default,Default,Default,3,"ShortRun(IterationCount=3, LaunchCount=1, WarmupCount=3)",,1,Workload,Warmup,3,811041100,134217728,6.04,0,0,0,0
PrimitiveBenchmarks.DllImport_Int64,PInvokeBench,PrimitiveBenchmarks,DllImport_Int64,ShortRun,Default,Default,Default,Default,Default,Default,Default,Default,Default,Default,Default,Default,Default,Default,Default,Default,Default,Default,Default,Default,Default,Default,Default,Default,Default,Default,Default,Default,Default,Default,Default,3,Default,1,Default,Default,Default,Default,Default,Default,Default,3,"ShortRun(IterationCount=3, LaunchCount=1, WarmupCount=3)",,1,Workload,Actual,1,887981900,134217728,6.62,0,0,0,0
PrimitiveBenchmarks.DllImport_Int64,PInvokeBench,PrimitiveBenchmarks,DllImport_Int64,ShortRun,Default,Default,Default,Default,Default,Default,Default,Default,Default,Default,Default,Default,Default,Default,Default,Default,Default,Default,Default,Default,Default,Default,Default,Default,Default,Default,Default,Default,Default,Default,Default,3,Default,1,Default,Default,Default,Default,Default,Default,Default,3,"ShortRun(IterationCount=3, LaunchCount=1, WarmupCount=3)",,1,Workload,Actual,2,850704700,134217728,6.34,0,0,0,0
PrimitiveBenchmarks.DllImport_Int64,PInvokeBench,PrimitiveBenchmarks,DllImport_Int64,ShortRun,Default,Default,Default,Default,Default,Default,Default,Default,Default,Default,Default,Default,Default,Default,Default,Default,Default,Default,Default,Default,Default,Default,Default,Default,Default,Default,Default,Default,Default,Default,Default,3,Default,1,Default,Default,Default,Default,Default,Default,Default,3,"ShortRun(IterationCount=3, LaunchCount=1, WarmupCount=3)",,1,Workload,Actual,3,849342300,134217728,6.33,0,0,0,0
PrimitiveBenchmarks.DllImport_Int64,PInvokeBench,PrimitiveBenchmarks,DllImport_Int64,ShortRun,Default,Default,Default,Default,Default,Default,Default,Default,Default,Default,Default,Default,Default,Default,Default,Default,Default,Default,Default,Default,Default,Default,Default,Default,Default,Default,Default,Default,Default,Default,Default,3,Default,1,Default,Default,Default,Default,Default,Default,Default,3,"ShortRun(IterationCount=3, LaunchCount=1, WarmupCount=3)",,1,Workload,Result,1,638543500,134217728,4.76,0,0,0,0
PrimitiveBenchmarks.DllImport_Int64,PInvokeBench,PrimitiveBenchmarks,DllImport_Int64,ShortRun,Default,Default,Default,Default,Default,Default,Default,Default,Default,Default,Default,Default,Default,Default,Default,Default,Default,Default,Default,Default,Default,Default,Default,Default,Default,Default,Default,Default,Default,Default,Default,3,Default,1,Default,Default,Default,Default,Default,Default,Default,3,"ShortRun(IterationCount=3, LaunchCount=1, WarmupCount=3)",,1,Workload,Result,2,601266300,134217728,4.48,0,0,0,0
PrimitiveBenchmarks.DllImport_Int64,PInvokeBench,PrimitiveBenchmarks,DllImport_Int64,ShortRun,Default,Default,Default,Default,Default,Default,Default,Default,Default,Default,Default,Default,Default,Default,Default,Default,Default,Default,Default,Default,Default,Default,Default,Default,Default,Default,Default,Default,Default,Default,Default,3,Default,1,Default,Default,Default,Default,Default,Default,Default,3,"ShortRun(IterationCount=3, LaunchCount=1, WarmupCount=3)",,1,Workload,Result,3,599903900,134217728,4.47,0,0,0,0
PrimitiveBenchmarks.DllImport_Float,PInvokeBench,PrimitiveBenchmarks,DllImport_Float,ShortRun,Default,Default,Default,Default,Default,Default,Default,Default,Default,Default,Default,Default,Default,Default,Default,Default,Default,Default,Default,Default,Default,Default,Default,Default,Default,Default,Default,Default,Default,Default,Default,3,Default,1,Default,Default,Default,Default,Default,Default,Default,3,"ShortRun(IterationCount=3, LaunchCount=1, WarmupCount=3)",,1,Overhead,Jitting,1,208100,1,208100,0,0,0,0
PrimitiveBenchmarks.DllImport_Float,PInvokeBench,PrimitiveBenchmarks,DllImport_Float,ShortRun,Default,Default,Default,Default,Default,Default,Default,Default,Default,Default,Default,Default,Default,Default,Default,Default,Default,Default,Default,Default,Default,Default,Default,Default,Default,Default,Default,Default,Default,Default,Default,3,Default,1,Default,Default,Default,Default,Default,Default,Default,3,"ShortRun(IterationCount=3, LaunchCount=1, WarmupCount=3)",,1,Workload,Jitting,1,521700,1,521700,0,0,0,0
PrimitiveBenchmarks.DllImport_Float,PInvokeBench,PrimitiveBenchmarks,DllImport_Float,ShortRun,Default,Default,Default,Default,Default,Default,Default,Default,Default,Default,Default,Default,Default,Default,Default,Default,Default,Default,Default,Default,Default,Default,Default,Default,Default,Default,Default,Default,Default,Default,Default,3,Default,1,Default,Default,Default,Default,Default,Default,Default,3,"ShortRun(IterationCount=3, LaunchCount=1, WarmupCount=3)",,1,Overhead,Jitting,2,327100,16,20443.75,0,0,0,0
PrimitiveBenchmarks.DllImport_Float,PInvokeBench,PrimitiveBenchmarks,DllImport_Float,ShortRun,Default,Default,Default,Default,Default,Default,Default,Default,Default,Default,Default,Default,Default,Default,Default,Default,Default,Default,Default,Default,Default,Default,Default,Default,Default,Default,Default,Default,Default,Default,Default,3,Default,1,Default,Default,Default,Default,Default,Default,Default,3,"ShortRun(IterationCount=3, LaunchCount=1, WarmupCount=3)",,1,Workload,Jitting,2,304600,16,19037.5,0,0,0,0
PrimitiveBenchmarks.DllImport_Float,PInvokeBench,PrimitiveBenchmarks,DllImport_Float,ShortRun,Default,Default,Default,Default,Default,Default,Default,Default,Default,Default,Default,Default,Default,Default,Default,Default,Default,Default,Default,Default,Default,Default,Default,Default,Default,Default,Default,Default,Default,Default,Default,3,Default,1,Default,Default,Default,Default,Default,Default,Default,3,"ShortRun(IterationCount=3, LaunchCount=1, WarmupCount=3)",,1,Workload,Pilot,1,600,16,37.5,0,0,0,0
PrimitiveBenchmarks.DllImport_Float,PInvokeBench,PrimitiveBenchmarks,DllImport_Float,ShortRun,Default,Default,Default,Default,Default,Default,Default,Default,Default,Default,Default,Default,Default,Default,Default,Default,Default,Default,Default,Default,Default,Default,Default,Default,Default,Default,Default,Default,Default,Default,Default,3,Default,1,Default,Default,Default,Default,Default,Default,Default,3,"ShortRun(IterationCount=3, LaunchCount=1, WarmupCount=3)",,1,Workload,Pilot,2,700,32,21.88,0,0,0,0
PrimitiveBenchmarks.DllImport_Float,PInvokeBench,PrimitiveBenchmarks,DllImport_Float,ShortRun,Default,Default,Default,Default,Default,Default,Default,Default,Default,Default,Default,Default,Default,Default,Default,Default,Default,Default,Default,Default,Default,Default,Default,Default,Default,Default,Default,Default,Default,Default,Default,3,Default,1,Default,Default,Default,Default,Default,Default,Default,3,"ShortRun(IterationCount=3, LaunchCount=1, WarmupCount=3)",,1,Workload,Pilot,3,900,64,14.06,0,0,0,0
PrimitiveBenchmarks.DllImport_Float,PInvokeBench,PrimitiveBenchmarks,DllImport_Float,ShortRun,Default,Default,Default,Default,Default,Default,Default,Default,Default,Default,Default,Default,Default,Default,Default,Default,Default,Default,Default,Default,Default,Default,Default,Default,Default,Default,Default,Default,Default,Default,Default,3,Default,1,Default,Default,Default,Default,Default,Default,Default,3,"ShortRun(IterationCount=3, LaunchCount=1, WarmupCount=3)",,1,Workload,Pilot,4,1300,128,10.16,0,0,0,0
PrimitiveBenchmarks.DllImport_Float,PInvokeBench,PrimitiveBenchmarks,DllImport_Float,ShortRun,Default,Default,Default,Default,Default,Default,Default,Default,Default,Default,Default,Default,Default,Default,Default,Default,Default,Default,Default,Default,Default,Default,Default,Default,Default,Default,Default,Default,Default,Default,Default,3,Default,1,Default,Default,Default,Default,Default,Default,Default,3,"ShortRun(IterationCount=3, LaunchCount=1, WarmupCount=3)",,1,Workload,Pilot,5,2000,256,7.81,0,0,0,0
PrimitiveBenchmarks.DllImport_Float,PInvokeBench,PrimitiveBenchmarks,DllImport_Float,ShortRun,Default,Default,Default,Default,Default,Default,Default,Default,Default,Default,Default,Default,Default,Default,Default,Default,Default,Default,Default,Default,Default,Default,Default,Default,Default,Default,Default,Default,Default,Default,Default,3,Default,1,Default,Default,Default,Default,Default,Default,Default,3,"ShortRun(IterationCount=3, LaunchCount=1, WarmupCount=3)",,1,Workload,Pilot,6,3400,512,6.64,0,0,0,0
PrimitiveBenchmarks.DllImport_Float,PInvokeBench,PrimitiveBenchmarks,DllImport_Float,ShortRun,Default,Default,Default,Default,Default,Default,Default,Default,Default,Default,Default,Default,Default,Default,Default,Default,Default,Default,Default,Default,Default,Default,Default,Default,Default,Default,Default,Default,Default,Default,Default,3,Default,1,Default,Default,Default,Default,Default,Default,Default,3,"ShortRun(IterationCount=3, LaunchCount=1, WarmupCount=3)",,1,Workload,Pilot,7,6800,1024,6.64,0,0,0,0
PrimitiveBenchmarks.DllImport_Float,PInvokeBench,PrimitiveBenchmarks,DllImport_Float,ShortRun,Default,Default,Default,Default,Default,Default,Default,Default,Default,Default,Default,Default,Default,Default,Default,Default,Default,Default,Default,Default,Default,Default,Default,Default,Default,Default,Default,Default,Default,Default,Default,3,Default,1,Default,Default,Default,Default,Default,Default,Default,3,"ShortRun(IterationCount=3, LaunchCount=1, WarmupCount=3)",,1,Workload,Pilot,8,12900,2048,6.3,0,0,0,0
PrimitiveBenchmarks.DllImport_Float,PInvokeBench,PrimitiveBenchmarks,DllImport_Float,ShortRun,Default,Default,Default,Default,Default,Default,Default,Default,Default,Default,Default,Default,Default,Default,Default,Default,Default,Default,Default,Default,Default,Default,Default,Default,Default,Default,Default,Default,Default,Default,Default,3,Default,1,Default,Default,Default,Default,Default,Default,Default,3,"ShortRun(IterationCount=3, LaunchCount=1, WarmupCount=3)",,1,Workload,Pilot,9,25600,4096,6.25,0,0,0,0
PrimitiveBenchmarks.DllImport_Float,PInvokeBench,PrimitiveBenchmarks,DllImport_Float,ShortRun,Default,Default,Default,Default,Default,Default,Default,Default,Default,Default,Default,Default,Default,Default,Default,Default,Default,Default,Default,Default,Default,Default,Default,Default,Default,Default,Default,Default,Default,Default,Default,3,Default,1,Default,Default,Default,Default,Default,Default,Default,3,"ShortRun(IterationCount=3, LaunchCount=1, WarmupCount=3)",,1,Workload,Pilot,10,50400,8192,6.15,0,0,0,0
PrimitiveBenchmarks.DllImport_Float,PInvokeBench,PrimitiveBenchmarks,DllImport_Float,ShortRun,Default,Default,Default,Default,Default,Default,Default,Default,Default,Default,Default,Default,Default,Default,Default,Default,Default,Default,Default,Default,Default,Default,Default,Default,Default,Default,Default,Default,Default,Default,Default,3,Default,1,Default,Default,Default,Default,Default,Default,Default,3,"ShortRun(IterationCount=3, LaunchCount=1, WarmupCount=3)",,1,Workload,Pilot,11,100100,16384,6.11,0,0,0,0
PrimitiveBenchmarks.DllImport_Float,PInvokeBench,PrimitiveBenchmarks,DllImport_Float,ShortRun,Default,Default,Default,Default,Default,Default,Default,Default,Default,Default,Default,Default,Default,Default,Default,Default,Default,Default,Default,Default,Default,Default,Default,Default,Default,Default,Default,Default,Default,Default,Default,3,Default,1,Default,Default,Default,Default,Default,Default,Default,3,"ShortRun(IterationCount=3, LaunchCount=1, WarmupCount=3)",,1,Workload,Pilot,12,199700,32768,6.09,0,0,0,0
PrimitiveBenchmarks.DllImport_Float,PInvokeBench,PrimitiveBenchmarks,DllImport_Float,ShortRun,Default,Default,Default,Default,Default,Default,Default,Default,Default,Default,Default,Default,Default,Default,Default,Default,Default,Default,Default,Default,Default,Default,Default,Default,Default,Default,Default,Default,Default,Default,Default,3,Default,1,Default,Default,Default,Default,Default,Default,Default,3,"ShortRun(IterationCount=3, LaunchCount=1, WarmupCount=3)",,1,Workload,Pilot,13,398000,65536,6.07,0,0,0,0
PrimitiveBenchmarks.DllImport_Float,PInvokeBench,PrimitiveBenchmarks,DllImport_Float,ShortRun,Default,Default,Default,Default,Default,Default,Default,Default,Default,Default,Default,Default,Default,Default,Default,Default,Default,Default,Default,Default,Default,Default,Default,Default,Default,Default,Default,Default,Default,Default,Default,3,Default,1,Default,Default,Default,Default,Default,Default,Default,3,"ShortRun(IterationCount=3, LaunchCount=1, WarmupCount=3)",,1,Workload,Pilot,14,829600,131072,6.33,0,0,0,0
PrimitiveBenchmarks.DllImport_Float,PInvokeBench,PrimitiveBenchmarks,DllImport_Float,ShortRun,Default,Default,Default,Default,Default,Default,Default,Default,Default,Default,Default,Default,Default,Default,Default,Default,Default,Default,Default,Default,Default,Default,Default,Default,Default,Default,Default,Default,Default,Default,Default,3,Default,1,Default,Default,Default,Default,Default,Default,Default,3,"ShortRun(IterationCount=3, LaunchCount=1, WarmupCount=3)",,1,Workload,Pilot,15,1826800,262144,6.97,0,0,0,0
PrimitiveBenchmarks.DllImport_Float,PInvokeBench,PrimitiveBenchmarks,DllImport_Float,ShortRun,Default,Default,Default,Default,Default,Default,Default,Default,Default,Default,Default,Default,Default,Default,Default,Default,Default,Default,Default,Default,Default,Default,Default,Default,Default,Default,Default,Default,Default,Default,Default,3,Default,1,Default,Default,Default,Default,Default,Default,Default,3,"ShortRun(IterationCount=3, LaunchCount=1, WarmupCount=3)",,1,Workload,Pilot,16,3823400,524288,7.29,0,0,0,0
PrimitiveBenchmarks.DllImport_Float,PInvokeBench,PrimitiveBenchmarks,DllImport_Float,ShortRun,Default,Default,Default,Default,Default,Default,Default,Default,Default,Default,Default,Default,Default,Default,Default,Default,Default,Default,Default,Default,Default,Default,Default,Default,Default,Default,Default,Default,Default,Default,Default,3,Default,1,Default,Default,Default,Default,Default,Default,Default,3,"ShortRun(IterationCount=3, LaunchCount=1, WarmupCount=3)",,1,Workload,Pilot,17,7669900,1048576,7.31,0,0,0,0
PrimitiveBenchmarks.DllImport_Float,PInvokeBench,PrimitiveBenchmarks,DllImport_Float,ShortRun,Default,Default,Default,Default,Default,Default,Default,Default,Default,Default,Default,Default,Default,Default,Default,Default,Default,Default,Default,Default,Default,Default,Default,Default,Default,Default,Default,Default,Default,Default,Default,3,Default,1,Default,Default,Default,Default,Default,Default,Default,3,"ShortRun(IterationCount=3, LaunchCount=1, WarmupCount=3)",,1,Workload,Pilot,18,15657800,2097152,7.47,0,0,0,0
PrimitiveBenchmarks.DllImport_Float,PInvokeBench,PrimitiveBenchmarks,DllImport_Float,ShortRun,Default,Default,Default,Default,Default,Default,Default,Default,Default,Default,Default,Default,Default,Default,Default,Default,Default,Default,Default,Default,Default,Default,Default,Default,Default,Default,Default,Default,Default,Default,Default,3,Default,1,Default,Default,Default,Default,Default,Default,Default,3,"ShortRun(IterationCount=3, LaunchCount=1, WarmupCount=3)",,1,Workload,Pilot,19,31408500,4194304,7.49,0,0,0,0
PrimitiveBenchmarks.DllImport_Float,PInvokeBench,PrimitiveBenchmarks,DllImport_Float,ShortRun,Default,Default,Default,Default,Default,Default,Default,Default,Default,Default,Default,Default,Default,Default,Default,Default,Default,Default,Default,Default,Default,Default,Default,Default,Default,Default,Default,Default,Default,Default,Default,3,Default,1,Default,Default,Default,Default,Default,Default,Default,3,"ShortRun(IterationCount=3, LaunchCount=1, WarmupCount=3)",,1,Workload,Pilot,20,62353100,8388608,7.43,0,0,0,0
PrimitiveBenchmarks.DllImport_Float,PInvokeBench,PrimitiveBenchmarks,DllImport_Float,ShortRun,Default,Default,Default,Default,Default,Default,Default,Default,Default,Default,Default,Default,Default,Default,Default,Default,Default,Default,Default,Default,Default,Default,Default,Default,Default,Default,Default,Default,Default,Default,Default,3,Default,1,Default,Default,Default,Default,Default,Default,Default,3,"ShortRun(IterationCount=3, LaunchCount=1, WarmupCount=3)",,1,Workload,Pilot,21,105056200,16777216,6.26,0,0,0,0
PrimitiveBenchmarks.DllImport_Float,PInvokeBench,PrimitiveBenchmarks,DllImport_Float,ShortRun,Default,Default,Default,Default,Default,Default,Default,Default,Default,Default,Default,Default,Default,Default,Default,Default,Default,Default,Default,Default,Default,Default,Default,Default,Default,Default,Default,Default,Default,Default,Default,3,Default,1,Default,Default,Default,Default,Default,Default,Default,3,"ShortRun(IterationCount=3, LaunchCount=1, WarmupCount=3)",,1,Workload,Pilot,22,212618000,33554432,6.34,0,0,0,0
PrimitiveBenchmarks.DllImport_Float,PInvokeBench,PrimitiveBenchmarks,DllImport_Float,ShortRun,Default,Default,Default,Default,Default,Default,Default,Default,Default,Default,Default,Default,Default,Default,Default,Default,Default,Default,Default,Default,Default,Default,Default,Default,Default,Default,Default,Default,Default,Default,Default,3,Default,1,Default,Default,Default,Default,Default,Default,Default,3,"ShortRun(IterationCount=3, LaunchCount=1, WarmupCount=3)",,1,Workload,Pilot,23,419311900,67108864,6.25,0,0,0,0
PrimitiveBenchmarks.DllImport_Float,PInvokeBench,PrimitiveBenchmarks,DllImport_Float,ShortRun,Default,Default,Default,Default,Default,Default,Default,Default,Default,Default,Default,Default,Default,Default,Default,Default,Default,Default,Default,Default,Default,Default,Default,Default,Default,Default,Default,Default,Default,Default,Default,3,Default,1,Default,Default,Default,Default,Default,Default,Default,3,"ShortRun(IterationCount=3, LaunchCount=1, WarmupCount=3)",,1,Workload,Pilot,24,841993100,134217728,6.27,0,0,0,0
PrimitiveBenchmarks.DllImport_Float,PInvokeBench,PrimitiveBenchmarks,DllImport_Float,ShortRun,Default,Default,Default,Default,Default,Default,Default,Default,Default,Default,Default,Default,Default,Default,Default,Default,Default,Default,Default,Default,Default,Default,Default,Default,Default,Default,Default,Default,Default,Default,Default,3,Default,1,Default,Default,Default,Default,Default,Default,Default,3,"ShortRun(IterationCount=3, LaunchCount=1, WarmupCount=3)",,1,Overhead,Warmup,1,309619100,134217728,2.31,0,0,0,0
PrimitiveBenchmarks.DllImport_Float,PInvokeBench,PrimitiveBenchmarks,DllImport_Float,ShortRun,Default,Default,Default,Default,Default,Default,Default,Default,Default,Default,Default,Default,Default,Default,Default,Default,Default,Default,Default,Default,Default,Default,Default,Default,Default,Default,Default,Default,Default,Default,Default,3,Default,1,Default,Default,Default,Default,Default,Default,Default,3,"ShortRun(IterationCount=3, LaunchCount=1, WarmupCount=3)",,1,Overhead,Warmup,2,267797300,134217728,2,0,0,0,0
PrimitiveBenchmarks.DllImport_Float,PInvokeBench,PrimitiveBenchmarks,DllImport_Float,ShortRun,Default,Default,Default,Default,Default,Default,Default,Default,Default,Default,Default,Default,Default,Default,Default,Default,Default,Default,Default,Default,Default,Default,Default,Default,Default,Default,Default,Default,Default,Default,Default,3,Default,1,Default,Default,Default,Default,Default,Default,Default,3,"ShortRun(IterationCount=3, LaunchCount=1, WarmupCount=3)",,1,Overhead,Warmup,3,261515700,134217728,1.95,0,0,0,0
PrimitiveBenchmarks.DllImport_Float,PInvokeBench,PrimitiveBenchmarks,DllImport_Float,ShortRun,Default,Default,Default,Default,Default,Default,Default,Default,Default,Default,Default,Default,Default,Default,Default,Default,Default,Default,Default,Default,Default,Default,Default,Default,Default,Default,Default,Default,Default,Default,Default,3,Default,1,Default,Default,Default,Default,Default,Default,Default,3,"ShortRun(IterationCount=3, LaunchCount=1, WarmupCount=3)",,1,Overhead,Warmup,4,247208500,134217728,1.84,0,0,0,0
PrimitiveBenchmarks.DllImport_Float,PInvokeBench,PrimitiveBenchmarks,DllImport_Float,ShortRun,Default,Default,Default,Default,Default,Default,Default,Default,Default,Default,Default,Default,Default,Default,Default,Default,Default,Default,Default,Default,Default,Default,Default,Default,Default,Default,Default,Default,Default,Default,Default,3,Default,1,Default,Default,Default,Default,Default,Default,Default,3,"ShortRun(IterationCount=3, LaunchCount=1, WarmupCount=3)",,1,Overhead,Warmup,5,251236100,134217728,1.87,0,0,0,0
PrimitiveBenchmarks.DllImport_Float,PInvokeBench,PrimitiveBenchmarks,DllImport_Float,ShortRun,Default,Default,Default,Default,Default,Default,Default,Default,Default,Default,Default,Default,Default,Default,Default,Default,Default,Default,Default,Default,Default,Default,Default,Default,Default,Default,Default,Default,Default,Default,Default,3,Default,1,Default,Default,Default,Default,Default,Default,Default,3,"ShortRun(IterationCount=3, LaunchCount=1, WarmupCount=3)",,1,Overhead,Warmup,6,278326300,134217728,2.07,0,0,0,0
PrimitiveBenchmarks.DllImport_Float,PInvokeBench,PrimitiveBenchmarks,DllImport_Float,ShortRun,Default,Default,Default,Default,Default,Default,Default,Default,Default,Default,Default,Default,Default,Default,Default,Default,Default,Default,Default,Default,Default,Default,Default,Default,Default,Default,Default,Default,Default,Default,Default,3,Default,1,Default,Default,Default,Default,Default,Default,Default,3,"ShortRun(IterationCount=3, LaunchCount=1, WarmupCount=3)",,1,Overhead,Warmup,7,260280600,134217728,1.94,0,0,0,0
PrimitiveBenchmarks.DllImport_Float,PInvokeBench,PrimitiveBenchmarks,DllImport_Float,ShortRun,Default,Default,Default,Default,Default,Default,Default,Default,Default,Default,Default,Default,Default,Default,Default,Default,Default,Default,Default,Default,Default,Default,Default,Default,Default,Default,Default,Default,Default,Default,Default,3,Default,1,Default,Default,Default,Default,Default,Default,Default,3,"ShortRun(IterationCount=3, LaunchCount=1, WarmupCount=3)",,1,Overhead,Warmup,8,250048700,134217728,1.86,0,0,0,0
PrimitiveBenchmarks.DllImport_Float,PInvokeBench,PrimitiveBenchmarks,DllImport_Float,ShortRun,Default,Default,Default,Default,Default,Default,Default,Default,Default,Default,Default,Default,Default,Default,Default,Default,Default,Default,Default,Default,Default,Default,Default,Default,Default,Default,Default,Default,Default,Default,Default,3,Default,1,Default,Default,Default,Default,Default,Default,Default,3,"ShortRun(IterationCount=3, LaunchCount=1, WarmupCount=3)",,1,Overhead,Warmup,9,248401200,134217728,1.85,0,0,0,0
PrimitiveBenchmarks.DllImport_Float,PInvokeBench,PrimitiveBenchmarks,DllImport_Float,ShortRun,Default,Default,Default,Default,Default,Default,Default,Default,Default,Default,Default,Default,Default,Default,Default,Default,Default,Default,Default,Default,Default,Default,Default,Default,Default,Default,Default,Default,Default,Default,Default,3,Default,1,Default,Default,Default,Default,Default,Default,Default,3,"ShortRun(IterationCount=3, LaunchCount=1, WarmupCount=3)",,1,Overhead,Warmup,10,248675000,134217728,1.85,0,0,0,0
PrimitiveBenchmarks.DllImport_Float,PInvokeBench,PrimitiveBenchmarks,DllImport_Float,ShortRun,Default,Default,Default,Default,Default,Default,Default,Default,Default,Default,Default,Default,Default,Default,Default,Default,Default,Default,Default,Default,Default,Default,Default,Default,Default,Default,Default,Default,Default,Default,Default,3,Default,1,Default,Default,Default,Default,Default,Default,Default,3,"ShortRun(IterationCount=3, LaunchCount=1, WarmupCount=3)",,1,Overhead,Actual,1,263406100,134217728,1.96,0,0,0,0
PrimitiveBenchmarks.DllImport_Float,PInvokeBench,PrimitiveBenchmarks,DllImport_Float,ShortRun,Default,Default,Default,Default,Default,Default,Default,Default,Default,Default,Default,Default,Default,Default,Default,Default,Default,Default,Default,Default,Default,Default,Default,Default,Default,Default,Default,Default,Default,Default,Default,3,Default,1,Default,Default,Default,Default,Default,Default,Default,3,"ShortRun(IterationCount=3, LaunchCount=1, WarmupCount=3)",,1,Overhead,Actual,2,267539800,134217728,1.99,0,0,0,0
PrimitiveBenchmarks.DllImport_Float,PInvokeBench,PrimitiveBenchmarks,DllImport_Float,ShortRun,Default,Default,Default,Default,Default,Default,Default,Default,Default,Default,Default,Default,Default,Default,Default,Default,Default,Default,Default,Default,Default,Default,Default,Default,Default,Default,Default,Default,Default,Default,Default,3,Default,1,Default,Default,Default,Default,Default,Default,Default,3,"ShortRun(IterationCount=3, LaunchCount=1, WarmupCount=3)",,1,Overhead,Actual,3,244772900,134217728,1.82,0,0,0,0
PrimitiveBenchmarks.DllImport_Float,PInvokeBench,PrimitiveBenchmarks,DllImport_Float,ShortRun,Default,Default,Default,Default,Default,Default,Default,Default,Default,Default,Default,Default,Default,Default,Default,Default,Default,Default,Default,Default,Default,Default,Default,Default,Default,Default,Default,Default,Default,Default,Default,3,Default,1,Default,Default,Default,Default,Default,Default,Default,3,"ShortRun(IterationCount=3, LaunchCount=1, WarmupCount=3)",,1,Overhead,Actual,4,247768500,134217728,1.85,0,0,0,0
PrimitiveBenchmarks.DllImport_Float,PInvokeBench,PrimitiveBenchmarks,DllImport_Float,ShortRun,Default,Default,Default,Default,Default,Default,Default,Default,Default,Default,Default,Default,Default,Default,Default,Default,Default,Default,Default,Default,Default,Default,Default,Default,Default,Default,Default,Default,Default,Default,Default,3,Default,1,Default,Default,Default,Default,Default,Default,Default,3,"ShortRun(IterationCount=3, LaunchCount=1, WarmupCount=3)",,1,Overhead,Actual,5,249313500,134217728,1.86,0,0,0,0
PrimitiveBenchmarks.DllImport_Float,PInvokeBench,PrimitiveBenchmarks,DllImport_Float,ShortRun,Default,Default,Default,Default,Default,Default,Default,Default,Default,Default,Default,Default,Default,Default,Default,Default,Default,Default,Default,Default,Default,Default,Default,Default,Default,Default,Default,Default,Default,Default,Default,3,Default,1,Default,Default,Default,Default,Default,Default,Default,3,"ShortRun(IterationCount=3, LaunchCount=1, WarmupCount=3)",,1,Overhead,Actual,6,249442200,134217728,1.86,0,0,0,0
PrimitiveBenchmarks.DllImport_Float,PInvokeBench,PrimitiveBenchmarks,DllImport_Float,ShortRun,Default,Default,Default,Default,Default,Default,Default,Default,Default,Default,Default,Default,Default,Default,Default,Default,Default,Default,Default,Default,Default,Default,Default,Default,Default,Default,Default,Default,Default,Default,Default,3,Default,1,Default,Default,Default,Default,Default,Default,Default,3,"ShortRun(IterationCount=3, LaunchCount=1, WarmupCount=3)",,1,Overhead,Actual,7,261807200,134217728,1.95,0,0,0,0
PrimitiveBenchmarks.DllImport_Float,PInvokeBench,PrimitiveBenchmarks,DllImport_Float,ShortRun,Default,Default,Default,Default,Default,Default,Default,Default,Default,Default,Default,Default,Default,Default,Default,Default,Default,Default,Default,Default,Default,Default,Default,Default,Default,Default,Default,Default,Default,Default,Default,3,Default,1,Default,Default,Default,Default,Default,Default,Default,3,"ShortRun(IterationCount=3, LaunchCount=1, WarmupCount=3)",,1,Overhead,Actual,8,265335000,134217728,1.98,0,0,0,0
PrimitiveBenchmarks.DllImport_Float,PInvokeBench,PrimitiveBenchmarks,DllImport_Float,ShortRun,Default,Default,Default,Default,Default,Default,Default,Default,Default,Default,Default,Default,Default,Default,Default,Default,Default,Default,Default,Default,Default,Default,Default,Default,Default,Default,Default,Default,Default,Default,Default,3,Default,1,Default,Default,Default,Default,Default,Default,Default,3,"ShortRun(IterationCount=3, LaunchCount=1, WarmupCount=3)",,1,Overhead,Actual,9,260356900,134217728,1.94,0,0,0,0
PrimitiveBenchmarks.DllImport_Float,PInvokeBench,PrimitiveBenchmarks,DllImport_Float,ShortRun,Default,Default,Default,Default,Default,Default,Default,Default,Default,Default,Default,Default,Default,Default,Default,Default,Default,Default,Default,Default,Default,Default,Default,Default,Default,Default,Default,Default,Default,Default,Default,3,Default,1,Default,Default,Default,Default,Default,Default,Default,3,"ShortRun(IterationCount=3, LaunchCount=1, WarmupCount=3)",,1,Overhead,Actual,10,250242200,134217728,1.86,0,0,0,0
PrimitiveBenchmarks.DllImport_Float,PInvokeBench,PrimitiveBenchmarks,DllImport_Float,ShortRun,Default,Default,Default,Default,Default,Default,Default,Default,Default,Default,Default,Default,Default,Default,Default,Default,Default,Default,Default,Default,Default,Default,Default,Default,Default,Default,Default,Default,Default,Default,Default,3,Default,1,Default,Default,Default,Default,Default,Default,Default,3,"ShortRun(IterationCount=3, LaunchCount=1, WarmupCount=3)",,1,Overhead,Actual,11,296783500,134217728,2.21,0,0,0,0
PrimitiveBenchmarks.DllImport_Float,PInvokeBench,PrimitiveBenchmarks,DllImport_Float,ShortRun,Default,Default,Default,Default,Default,Default,Default,Default,Default,Default,Default,Default,Default,Default,Default,Default,Default,Default,Default,Default,Default,Default,Default,Default,Default,Default,Default,Default,Default,Default,Default,3,Default,1,Default,Default,Default,Default,Default,Default,Default,3,"ShortRun(IterationCount=3, LaunchCount=1, WarmupCount=3)",,1,Overhead,Actual,12,321692700,134217728,2.4,0,0,0,0
PrimitiveBenchmarks.DllImport_Float,PInvokeBench,PrimitiveBenchmarks,DllImport_Float,ShortRun,Default,Default,Default,Default,Default,Default,Default,Default,Default,Default,Default,Default,Default,Default,Default,Default,Default,Default,Default,Default,Default,Default,Default,Default,Default,Default,Default,Default,Default,Default,Default,3,Default,1,Default,Default,Default,Default,Default,Default,Default,3,"ShortRun(IterationCount=3, LaunchCount=1, WarmupCount=3)",,1,Overhead,Actual,13,285042800,134217728,2.12,0,0,0,0
PrimitiveBenchmarks.DllImport_Float,PInvokeBench,PrimitiveBenchmarks,DllImport_Float,ShortRun,Default,Default,Default,Default,Default,Default,Default,Default,Default,Default,Default,Default,Default,Default,Default,Default,Default,Default,Default,Default,Default,Default,Default,Default,Default,Default,Default,Default,Default,Default,Default,3,Default,1,Default,Default,Default,Default,Default,Default,Default,3,"ShortRun(IterationCount=3, LaunchCount=1, WarmupCount=3)",,1,Overhead,Actual,14,272300300,134217728,2.03,0,0,0,0
PrimitiveBenchmarks.DllImport_Float,PInvokeBench,PrimitiveBenchmarks,DllImport_Float,ShortRun,Default,Default,Default,Default,Default,Default,Default,Default,Default,Default,Default,Default,Default,Default,Default,Default,Default,Default,Default,Default,Default,Default,Default,Default,Default,Default,Default,Default,Default,Default,Default,3,Default,1,Default,Default,Default,Default,Default,Default,Default,3,"ShortRun(IterationCount=3, LaunchCount=1, WarmupCount=3)",,1,Overhead,Actual,15,248448500,134217728,1.85,0,0,0,0
PrimitiveBenchmarks.DllImport_Float,PInvokeBench,PrimitiveBenchmarks,DllImport_Float,ShortRun,Default,Default,Default,Default,Default,Default,Default,Default,Default,Default,Default,Default,Default,Default,Default,Default,Default,Default,Default,Default,Default,Default,Default,Default,Default,Default,Default,Default,Default,Default,Default,3,Default,1,Default,Default,Default,Default,Default,Default,Default,3,"ShortRun(IterationCount=3, LaunchCount=1, WarmupCount=3)",,1,Overhead,Actual,16,270680800,134217728,2.02,0,0,0,0
PrimitiveBenchmarks.DllImport_Float,PInvokeBench,PrimitiveBenchmarks,DllImport_Float,ShortRun,Default,Default,Default,Default,Default,Default,Default,Default,Default,Default,Default,Default,Default,Default,Default,Default,Default,Default,Default,Default,Default,Default,Default,Default,Default,Default,Default,Default,Default,Default,Default,3,Default,1,Default,Default,Default,Default,Default,Default,Default,3,"ShortRun(IterationCount=3, LaunchCount=1, WarmupCount=3)",,1,Overhead,Actual,17,250999400,134217728,1.87,0,0,0,0
PrimitiveBenchmarks.DllImport_Float,PInvokeBench,PrimitiveBenchmarks,DllImport_Float,ShortRun,Default,Default,Default,Default,Default,Default,Default,Default,Default,Default,Default,Default,Default,Default,Default,Default,Default,Default,Default,Default,Default,Default,Default,Default,Default,Default,Default,Default,Default,Default,Default,3,Default,1,Default,Default,Default,Default,Default,Default,Default,3,"ShortRun(IterationCount=3, LaunchCount=1, WarmupCount=3)",,1,Overhead,Actual,18,249073400,134217728,1.86,0,0,0,0
PrimitiveBenchmarks.DllImport_Float,PInvokeBench,PrimitiveBenchmarks,DllImport_Float,ShortRun,Default,Default,Default,Default,Default,Default,Default,Default,Default,Default,Default,Default,Default,Default,Default,Default,Default,Default,Default,Default,Default,Default,Default,Default,Default,Default,Default,Default,Default,Default,Default,3,Default,1,Default,Default,Default,Default,Default,Default,Default,3,"ShortRun(IterationCount=3, LaunchCount=1, WarmupCount=3)",,1,Overhead,Actual,19,263338500,134217728,1.96,0,0,0,0
PrimitiveBenchmarks.DllImport_Float,PInvokeBench,PrimitiveBenchmarks,DllImport_Float,ShortRun,Default,Default,Default,Default,Default,Default,Default,Default,Default,Default,Default,Default,Default,Default,Default,Default,Default,Default,Default,Default,Default,Default,Default,Default,Default,Default,Default,Default,Default,Default,Default,3,Default,1,Default,Default,Default,Default,Default,Default,Default,3,"ShortRun(IterationCount=3, LaunchCount=1, WarmupCount=3)",,1,Overhead,Actual,20,261230500,134217728,1.95,0,0,0,0
PrimitiveBenchmarks.DllImport_Float,PInvokeBench,PrimitiveBenchmarks,DllImport_Float,ShortRun,Default,Default,Default,Default,Default,Default,Default,Default,Default,Default,Default,Default,Default,Default,Default,Default,Default,Default,Default,Default,Default,Default,Default,Default,Default,Default,Default,Default,Default,Default,Default,3,Default,1,Default,Default,Default,Default,Default,Default,Default,3,"ShortRun(IterationCount=3, LaunchCount=1, WarmupCount=3)",,1,Workload,Warmup,1,850455000,134217728,6.34,0,0,0,0
PrimitiveBenchmarks.DllImport_Float,PInvokeBench,PrimitiveBenchmarks,DllImport_Float,ShortRun,Default,Default,Default,Default,Default,Default,Default,Default,Default,Default,Default,Default,Default,Default,Default,Default,Default,Default,Default,Default,Default,Default,Default,Default,Default,Default,Default,Default,Default,Default,Default,3,Default,1,Default,Default,Default,Default,Default,Default,Default,3,"ShortRun(IterationCount=3, LaunchCount=1, WarmupCount=3)",,1,Workload,Warmup,2,837988600,134217728,6.24,0,0,0,0
PrimitiveBenchmarks.DllImport_Float,PInvokeBench,PrimitiveBenchmarks,DllImport_Float,ShortRun,Default,Default,Default,Default,Default,Default,Default,Default,Default,Default,Default,Default,Default,Default,Default,Default,Default,Default,Default,Default,Default,Default,Default,Default,Default,Default,Default,Default,Default,Default,Default,3,Default,1,Default,Default,Default,Default,Default,Default,Default,3,"ShortRun(IterationCount=3, LaunchCount=1, WarmupCount=3)",,1,Workload,Warmup,3,824062300,134217728,6.14,0,0,0,0
PrimitiveBenchmarks.DllImport_Float,PInvokeBench,PrimitiveBenchmarks,DllImport_Float,ShortRun,Default,Default,Default,Default,Default,Default,Default,Default,Default,Default,Default,Default,Default,Default,Default,Default,Default,Default,Default,Default,Default,Default,Default,Default,Default,Default,Default,Default,Default,Default,Default,3,Default,1,Default,Default,Default,Default,Default,Default,Default,3,"ShortRun(IterationCount=3, LaunchCount=1, WarmupCount=3)",,1,Workload,Actual,1,840698800,134217728,6.26,0,0,0,0
PrimitiveBenchmarks.DllImport_Float,PInvokeBench,PrimitiveBenchmarks,DllImport_Float,ShortRun,Default,Default,Default,Default,Default,Default,Default,Default,Default,Default,Default,Default,Default,Default,Default,Default,Default,Default,Default,Default,Default,Default,Default,Default,Default,Default,Default,Default,Default,Default,Default,3,Default,1,Default,Default,Default,Default,Default,Default,Default,3,"ShortRun(IterationCount=3, LaunchCount=1, WarmupCount=3)",,1,Workload,Actual,2,854803400,134217728,6.37,0,0,0,0
PrimitiveBenchmarks.DllImport_Float,PInvokeBench,PrimitiveBenchmarks,DllImport_Float,ShortRun,Default,Default,Default,Default,Default,Default,Default,Default,Default,Default,Default,Default,Default,Default,Default,Default,Default,Default,Default,Default,Default,Default,Default,Default,Default,Default,Default,Default,Default,Default,Default,3,Default,1,Default,Default,Default,Default,Default,Default,Default,3,"ShortRun(IterationCount=3, LaunchCount=1, WarmupCount=3)",,1,Workload,Actual,3,842349200,134217728,6.28,0,0,0,0
PrimitiveBenchmarks.DllImport_Float,PInvokeBench,PrimitiveBenchmarks,DllImport_Float,ShortRun,Default,Default,Default,Default,Default,Default,Default,Default,Default,Default,Default,Default,Default,Default,Default,Default,Default,Default,Default,Default,Default,Default,Default,Default,Default,Default,Default,Default,Default,Default,Default,3,Default,1,Default,Default,Default,Default,Default,Default,Default,3,"ShortRun(IterationCount=3, LaunchCount=1, WarmupCount=3)",,1,Workload,Result,1,579179950,134217728,4.32,0,0,0,0
PrimitiveBenchmarks.DllImport_Float,PInvokeBench,PrimitiveBenchmarks,DllImport_Float,ShortRun,Default,Default,Default,Default,Default,Default,Default,Default,Default,Default,Default,Default,Default,Default,Default,Default,Default,Default,Default,Default,Default,Default,Default,Default,Default,Default,Default,Default,Default,Default,Default,3,Default,1,Default,Default,Default,Default,Default,Default,Default,3,"ShortRun(IterationCount=3, LaunchCount=1, WarmupCount=3)",,1,Workload,Result,2,593284550,134217728,4.42,0,0,0,0
PrimitiveBenchmarks.DllImport_Float,PInvokeBench,PrimitiveBenchmarks,DllImport_Float,ShortRun,Default,Default,Default,Default,Default,Default,Default,Default,Default,Default,Default,Default,Default,Default,Default,Default,Default,Default,Default,Default,Default,Default,Default,Default,Default,Default,Default,Default,Default,Default,Default,3,Default,1,Default,Default,Default,Default,Default,Default,Default,3,"ShortRun(IterationCount=3, LaunchCount=1, WarmupCount=3)",,1,Workload,Result,3,580830350,134217728,4.33,0,0,0,0
PrimitiveBenchmarks.DllImport_Double,PInvokeBench,PrimitiveBenchmarks,DllImport_Double,ShortRun,Default,Default,Default,Default,Default,Default,Default,Default,Default,Default,Default,Default,Default,Default,Default,Default,Default,Default,Default,Default,Default,Default,Default,Default,Default,Default,Default,Default,Default,Default,Default,3,Default,1,Default,Default,Default,Default,Default,Default,Default,3,"ShortRun(IterationCount=3, LaunchCount=1, WarmupCount=3)",,1,Overhead,Jitting,1,523600,1,523600,0,0,0,0
PrimitiveBenchmarks.DllImport_Double,PInvokeBench,PrimitiveBenchmarks,DllImport_Double,ShortRun,Default,Default,Default,Default,Default,Default,Default,Default,Default,Default,Default,Default,Default,Default,Default,Default,Default,Default,Default,Default,Default,Default,Default,Default,Default,Default,Default,Default,Default,Default,Default,3,Default,1,Default,Default,Default,Default,Default,Default,Default,3,"ShortRun(IterationCount=3, LaunchCount=1, WarmupCount=3)",,1,Workload,Jitting,1,504600,1,504600,0,0,0,0
PrimitiveBenchmarks.DllImport_Double,PInvokeBench,PrimitiveBenchmarks,DllImport_Double,ShortRun,Default,Default,Default,Default,Default,Default,Default,Default,Default,Default,Default,Default,Default,Default,Default,Default,Default,Default,Default,Default,Default,Default,Default,Default,Default,Default,Default,Default,Default,Default,Default,3,Default,1,Default,Default,Default,Default,Default,Default,Default,3,"ShortRun(IterationCount=3, LaunchCount=1, WarmupCount=3)",,1,Overhead,Jitting,2,317900,16,19868.75,0,0,0,0
PrimitiveBenchmarks.DllImport_Double,PInvokeBench,PrimitiveBenchmarks,DllImport_Double,ShortRun,Default,Default,Default,Default,Default,Default,Default,Default,Default,Default,Default,Default,Default,Default,Default,Default,Default,Default,Default,Default,Default,Default,Default,Default,Default,Default,Default,Default,Default,Default,Default,3,Default,1,Default,Default,Default,Default,Default,Default,Default,3,"ShortRun(IterationCount=3, LaunchCount=1, WarmupCount=3)",,1,Workload,Jitting,2,320800,16,20050,0,0,0,0
PrimitiveBenchmarks.DllImport_Double,PInvokeBench,PrimitiveBenchmarks,DllImport_Double,ShortRun,Default,Default,Default,Default,Default,Default,Default,Default,Default,Default,Default,Default,Default,Default,Default,Default,Default,Default,Default,Default,Default,Default,Default,Default,Default,Default,Default,Default,Default,Default,Default,3,Default,1,Default,Default,Default,Default,Default,Default,Default,3,"ShortRun(IterationCount=3, LaunchCount=1, WarmupCount=3)",,1,Workload,Pilot,1,900,16,56.25,0,0,0,0
PrimitiveBenchmarks.DllImport_Double,PInvokeBench,PrimitiveBenchmarks,DllImport_Double,ShortRun,Default,Default,Default,Default,Default,Default,Default,Default,Default,Default,Default,Default,Default,Default,Default,Default,Default,Default,Default,Default,Default,Default,Default,Default,Default,Default,Default,Default,Default,Default,Default,3,Default,1,Default,Default,Default,Default,Default,Default,Default,3,"ShortRun(IterationCount=3, LaunchCount=1, WarmupCount=3)",,1,Workload,Pilot,2,700,32,21.88,0,0,0,0
PrimitiveBenchmarks.DllImport_Double,PInvokeBench,PrimitiveBenchmarks,DllImport_Double,ShortRun,Default,Default,Default,Default,Default,Default,Default,Default,Default,Default,Default,Default,Default,Default,Default,Default,Default,Default,Default,Default,Default,Default,Default,Default,Default,Default,Default,Default,Default,Default,Default,3,Default,1,Default,Default,Default,Default,Default,Default,Default,3,"ShortRun(IterationCount=3, LaunchCount=1, WarmupCount=3)",,1,Workload,Pilot,3,1000,64,15.63,0,0,0,0
PrimitiveBenchmarks.DllImport_Double,PInvokeBench,PrimitiveBenchmarks,DllImport_Double,ShortRun,Default,Default,Default,Default,Default,Default,Default,Default,Default,Default,Default,Default,Default,Default,Default,Default,Default,Default,Default,Default,Default,Default,Default,Default,Default,Default,Default,Default,Default,Default,Default,3,Default,1,Default,Default,Default,Default,Default,Default,Default,3,"ShortRun(IterationCount=3, LaunchCount=1, WarmupCount=3)",,1,Workload,Pilot,4,1300,128,10.16,0,0,0,0
PrimitiveBenchmarks.DllImport_Double,PInvokeBench,PrimitiveBenchmarks,DllImport_Double,ShortRun,Default,Default,Default,Default,Default,Default,Default,Default,Default,Default,Default,Default,Default,Default,Default,Default,Default,Default,Default,Default,Default,Default,Default,Default,Default,Default,Default,Default,Default,Default,Default,3,Default,1,Default,Default,Default,Default,Default,Default,Default,3,"ShortRun(IterationCount=3, LaunchCount=1, WarmupCount=3)",,1,Workload,Pilot,5,1700,256,6.64,0,0,0,0
PrimitiveBenchmarks.DllImport_Double,PInvokeBench,PrimitiveBenchmarks,DllImport_Double,ShortRun,Default,Default,Default,Default,Default,Default,Default,Default,Default,Default,Default,Default,Default,Default,Default,Default,Default,Default,Default,Default,Default,Default,Default,Default,Default,Default,Default,Default,Default,Default,Default,3,Default,1,Default,Default,Default,Default,Default,Default,Default,3,"ShortRun(IterationCount=3, LaunchCount=1, WarmupCount=3)",,1,Workload,Pilot,6,3500,512,6.84,0,0,0,0
PrimitiveBenchmarks.DllImport_Double,PInvokeBench,PrimitiveBenchmarks,DllImport_Double,ShortRun,Default,Default,Default,Default,Default,Default,Default,Default,Default,Default,Default,Default,Default,Default,Default,Default,Default,Default,Default,Default,Default,Default,Default,Default,Default,Default,Default,Default,Default,Default,Default,3,Default,1,Default,Default,Default,Default,Default,Default,Default,3,"ShortRun(IterationCount=3, LaunchCount=1, WarmupCount=3)",,1,Workload,Pilot,7,6400,1024,6.25,0,0,0,0
PrimitiveBenchmarks.DllImport_Double,PInvokeBench,PrimitiveBenchmarks,DllImport_Double,ShortRun,Default,Default,Default,Default,Default,Default,Default,Default,Default,Default,Default,Default,Default,Default,Default,Default,Default,Default,Default,Default,Default,Default,Default,Default,Default,Default,Default,Default,Default,Default,Default,3,Default,1,Default,Default,Default,Default,Default,Default,Default,3,"ShortRun(IterationCount=3, LaunchCount=1, WarmupCount=3)",,1,Workload,Pilot,8,11800,2048,5.76,0,0,0,0
PrimitiveBenchmarks.DllImport_Double,PInvokeBench,PrimitiveBenchmarks,DllImport_Double,ShortRun,Default,Default,Default,Default,Default,Default,Default,Default,Default,Default,Default,Default,Default,Default,Default,Default,Default,Default,Default,Default,Default,Default,Default,Default,Default,Default,Default,Default,Default,Default,Default,3,Default,1,Default,Default,Default,Default,Default,Default,Default,3,"ShortRun(IterationCount=3, LaunchCount=1, WarmupCount=3)",,1,Workload,Pilot,9,23400,4096,5.71,0,0,0,0
PrimitiveBenchmarks.DllImport_Double,PInvokeBench,PrimitiveBenchmarks,DllImport_Double,ShortRun,Default,Default,Default,Default,Default,Default,Default,Default,Default,Default,Default,Default,Default,Default,Default,Default,Default,Default,Default,Default,Default,Default,Default,Default,Default,Default,Default,Default,Default,Default,Default,3,Default,1,Default,Default,Default,Default,Default,Default,Default,3,"ShortRun(IterationCount=3, LaunchCount=1, WarmupCount=3)",,1,Workload,Pilot,10,47000,8192,5.74,0,0,0,0
PrimitiveBenchmarks.DllImport_Double,PInvokeBench,PrimitiveBenchmarks,DllImport_Double,ShortRun,Default,Default,Default,Default,Default,Default,Default,Default,Default,Default,Default,Default,Default,Default,Default,Default,Default,Default,Default,Default,Default,Default,Default,Default,Default,Default,Default,Default,Default,Default,Default,3,Default,1,Default,Default,Default,Default,Default,Default,Default,3,"ShortRun(IterationCount=3, LaunchCount=1, WarmupCount=3)",,1,Workload,Pilot,11,92300,16384,5.63,0,0,0,0
PrimitiveBenchmarks.DllImport_Double,PInvokeBench,PrimitiveBenchmarks,DllImport_Double,ShortRun,Default,Default,Default,Default,Default,Default,Default,Default,Default,Default,Default,Default,Default,Default,Default,Default,Default,Default,Default,Default,Default,Default,Default,Default,Default,Default,Default,Default,Default,Default,Default,3,Default,1,Default,Default,Default,Default,Default,Default,Default,3,"ShortRun(IterationCount=3, LaunchCount=1, WarmupCount=3)",,1,Workload,Pilot,12,235200,32768,7.18,0,0,0,0
PrimitiveBenchmarks.DllImport_Double,PInvokeBench,PrimitiveBenchmarks,DllImport_Double,ShortRun,Default,Default,Default,Default,Default,Default,Default,Default,Default,Default,Default,Default,Default,Default,Default,Default,Default,Default,Default,Default,Default,Default,Default,Default,Default,Default,Default,Default,Default,Default,Default,3,Default,1,Default,Default,Default,Default,Default,Default,Default,3,"ShortRun(IterationCount=3, LaunchCount=1, WarmupCount=3)",,1,Workload,Pilot,13,363000,65536,5.54,0,0,0,0
PrimitiveBenchmarks.DllImport_Double,PInvokeBench,PrimitiveBenchmarks,DllImport_Double,ShortRun,Default,Default,Default,Default,Default,Default,Default,Default,Default,Default,Default,Default,Default,Default,Default,Default,Default,Default,Default,Default,Default,Default,Default,Default,Default,Default,Default,Default,Default,Default,Default,3,Default,1,Default,Default,Default,Default,Default,Default,Default,3,"ShortRun(IterationCount=3, LaunchCount=1, WarmupCount=3)",,1,Workload,Pilot,14,772900,131072,5.9,0,0,0,0
PrimitiveBenchmarks.DllImport_Double,PInvokeBench,PrimitiveBenchmarks,DllImport_Double,ShortRun,Default,Default,Default,Default,Default,Default,Default,Default,Default,Default,Default,Default,Default,Default,Default,Default,Default,Default,Default,Default,Default,Default,Default,Default,Default,Default,Default,Default,Default,Default,Default,3,Default,1,Default,Default,Default,Default,Default,Default,Default,3,"ShortRun(IterationCount=3, LaunchCount=1, WarmupCount=3)",,1,Workload,Pilot,15,1711000,262144,6.53,0,0,0,0
PrimitiveBenchmarks.DllImport_Double,PInvokeBench,PrimitiveBenchmarks,DllImport_Double,ShortRun,Default,Default,Default,Default,Default,Default,Default,Default,Default,Default,Default,Default,Default,Default,Default,Default,Default,Default,Default,Default,Default,Default,Default,Default,Default,Default,Default,Default,Default,Default,Default,3,Default,1,Default,Default,Default,Default,Default,Default,Default,3,"ShortRun(IterationCount=3, LaunchCount=1, WarmupCount=3)",,1,Workload,Pilot,16,3705900,524288,7.07,0,0,0,0
PrimitiveBenchmarks.DllImport_Double,PInvokeBench,PrimitiveBenchmarks,DllImport_Double,ShortRun,Default,Default,Default,Default,Default,Default,Default,Default,Default,Default,Default,Default,Default,Default,Default,Default,Default,Default,Default,Default,Default,Default,Default,Default,Default,Default,Default,Default,Default,Default,Default,3,Default,1,Default,Default,Default,Default,Default,Default,Default,3,"ShortRun(IterationCount=3, LaunchCount=1, WarmupCount=3)",,1,Workload,Pilot,17,7620800,1048576,7.27,0,0,0,0
PrimitiveBenchmarks.DllImport_Double,PInvokeBench,PrimitiveBenchmarks,DllImport_Double,ShortRun,Default,Default,Default,Default,Default,Default,Default,Default,Default,Default,Default,Default,Default,Default,Default,Default,Default,Default,Default,Default,Default,Default,Default,Default,Default,Default,Default,Default,Default,Default,Default,3,Default,1,Default,Default,Default,Default,Default,Default,Default,3,"ShortRun(IterationCount=3, LaunchCount=1, WarmupCount=3)",,1,Workload,Pilot,18,16028800,2097152,7.64,0,0,0,0
PrimitiveBenchmarks.DllImport_Double,PInvokeBench,PrimitiveBenchmarks,DllImport_Double,ShortRun,Default,Default,Default,Default,Default,Default,Default,Default,Default,Default,Default,Default,Default,Default,Default,Default,Default,Default,Default,Default,Default,Default,Default,Default,Default,Default,Default,Default,Default,Default,Default,3,Default,1,Default,Default,Default,Default,Default,Default,Default,3,"ShortRun(IterationCount=3, LaunchCount=1, WarmupCount=3)",,1,Workload,Pilot,19,30504500,4194304,7.27,0,0,0,0
PrimitiveBenchmarks.DllImport_Double,PInvokeBench,PrimitiveBenchmarks,DllImport_Double,ShortRun,Default,Default,Default,Default,Default,Default,Default,Default,Default,Default,Default,Default,Default,Default,Default,Default,Default,Default,Default,Default,Default,Default,Default,Default,Default,Default,Default,Default,Default,Default,Default,3,Default,1,Default,Default,Default,Default,Default,Default,Default,3,"ShortRun(IterationCount=3, LaunchCount=1, WarmupCount=3)",,1,Workload,Pilot,20,61261100,8388608,7.3,0,0,0,0
PrimitiveBenchmarks.DllImport_Double,PInvokeBench,PrimitiveBenchmarks,DllImport_Double,ShortRun,Default,Default,Default,Default,Default,Default,Default,Default,Default,Default,Default,Default,Default,Default,Default,Default,Default,Default,Default,Default,Default,Default,Default,Default,Default,Default,Default,Default,Default,Default,Default,3,Default,1,Default,Default,Default,Default,Default,Default,Default,3,"ShortRun(IterationCount=3, LaunchCount=1, WarmupCount=3)",,1,Workload,Pilot,21,110569100,16777216,6.59,0,0,0,0
PrimitiveBenchmarks.DllImport_Double,PInvokeBench,PrimitiveBenchmarks,DllImport_Double,ShortRun,Default,Default,Default,Default,Default,Default,Default,Default,Default,Default,Default,Default,Default,Default,Default,Default,Default,Default,Default,Default,Default,Default,Default,Default,Default,Default,Default,Default,Default,Default,Default,3,Default,1,Default,Default,Default,Default,Default,Default,Default,3,"ShortRun(IterationCount=3, LaunchCount=1, WarmupCount=3)",,1,Workload,Pilot,22,223479500,33554432,6.66,0,0,0,0
PrimitiveBenchmarks.DllImport_Double,PInvokeBench,PrimitiveBenchmarks,DllImport_Double,ShortRun,Default,Default,Default,Default,Default,Default,Default,Default,Default,Default,Default,Default,Default,Default,Default,Default,Default,Default,Default,Default,Default,Default,Default,Default,Default,Default,Default,Default,Default,Default,Default,3,Default,1,Default,Default,Default,Default,Default,Default,Default,3,"ShortRun(IterationCount=3, LaunchCount=1, WarmupCount=3)",,1,Workload,Pilot,23,436241600,67108864,6.5,0,0,0,0
PrimitiveBenchmarks.DllImport_Double,PInvokeBench,PrimitiveBenchmarks,DllImport_Double,ShortRun,Default,Default,Default,Default,Default,Default,Default,Default,Default,Default,Default,Default,Default,Default,Default,Default,Default,Default,Default,Default,Default,Default,Default,Default,Default,Default,Default,Default,Default,Default,Default,3,Default,1,Default,Default,Default,Default,Default,Default,Default,3,"ShortRun(IterationCount=3, LaunchCount=1, WarmupCount=3)",,1,Workload,Pilot,24,830721200,134217728,6.19,0,0,0,0
PrimitiveBenchmarks.DllImport_Double,PInvokeBench,PrimitiveBenchmarks,DllImport_Double,ShortRun,Default,Default,Default,Default,Default,Default,Default,Default,Default,Default,Default,Default,Default,Default,Default,Default,Default,Default,Default,Default,Default,Default,Default,Default,Default,Default,Default,Default,Default,Default,Default,3,Default,1,Default,Default,Default,Default,Default,Default,Default,3,"ShortRun(IterationCount=3, LaunchCount=1, WarmupCount=3)",,1,Overhead,Warmup,1,302884000,134217728,2.26,0,0,0,0
PrimitiveBenchmarks.DllImport_Double,PInvokeBench,PrimitiveBenchmarks,DllImport_Double,ShortRun,Default,Default,Default,Default,Default,Default,Default,Default,Default,Default,Default,Default,Default,Default,Default,Default,Default,Default,Default,Default,Default,Default,Default,Default,Default,Default,Default,Default,Default,Default,Default,3,Default,1,Default,Default,Default,Default,Default,Default,Default,3,"ShortRun(IterationCount=3, LaunchCount=1, WarmupCount=3)",,1,Overhead,Warmup,2,250867200,134217728,1.87,0,0,0,0
PrimitiveBenchmarks.DllImport_Double,PInvokeBench,PrimitiveBenchmarks,DllImport_Double,ShortRun,Default,Default,Default,Default,Default,Default,Default,Default,Default,Default,Default,Default,Default,Default,Default,Default,Default,Default,Default,Default,Default,Default,Default,Default,Default,Default,Default,Default,Default,Default,Default,3,Default,1,Default,Default,Default,Default,Default,Default,Default,3,"ShortRun(IterationCount=3, LaunchCount=1, WarmupCount=3)",,1,Overhead,Warmup,3,263687600,134217728,1.96,0,0,0,0
PrimitiveBenchmarks.DllImport_Double,PInvokeBench,PrimitiveBenchmarks,DllImport_Double,ShortRun,Default,Default,Default,Default,Default,Default,Default,Default,Default,Default,Default,Default,Default,Default,Default,Default,Default,Default,Default,Default,Default,Default,Default,Default,Default,Default,Default,Default,Default,Default,Default,3,Default,1,Default,Default,Default,Default,Default,Default,Default,3,"ShortRun(IterationCount=3, LaunchCount=1, WarmupCount=3)",,1,Overhead,Warmup,4,264771000,134217728,1.97,0,0,0,0
PrimitiveBenchmarks.DllImport_Double,PInvokeBench,PrimitiveBenchmarks,DllImport_Double,ShortRun,Default,Default,Default,Default,Default,Default,Default,Default,Default,Default,Default,Default,Default,Default,Default,Default,Default,Default,Default,Default,Default,Default,Default,Default,Default,Default,Default,Default,Default,Default,Default,3,Default,1,Default,Default,Default,Default,Default,Default,Default,3,"ShortRun(IterationCount=3, LaunchCount=1, WarmupCount=3)",,1,Overhead,Warmup,5,262722300,134217728,1.96,0,0,0,0
PrimitiveBenchmarks.DllImport_Double,PInvokeBench,PrimitiveBenchmarks,DllImport_Double,ShortRun,Default,Default,Default,Default,Default,Default,Default,Default,Default,Default,Default,Default,Default,Default,Default,Default,Default,Default,Default,Default,Default,Default,Default,Default,Default,Default,Default,Default,Default,Default,Default,3,Default,1,Default,Default,Default,Default,Default,Default,Default,3,"ShortRun(IterationCount=3, LaunchCount=1, WarmupCount=3)",,1,Overhead,Warmup,6,258077700,134217728,1.92,0,0,0,0
PrimitiveBenchmarks.DllImport_Double,PInvokeBench,PrimitiveBenchmarks,DllImport_Double,ShortRun,Default,Default,Default,Default,Default,Default,Default,Default,Default,Default,Default,Default,Default,Default,Default,Default,Default,Default,Default,Default,Default,Default,Default,Default,Default,Default,Default,Default,Default,Default,Default,3,Default,1,Default,Default,Default,Default,Default,Default,Default,3,"ShortRun(IterationCount=3, LaunchCount=1, WarmupCount=3)",,1,Overhead,Warmup,7,260004300,134217728,1.94,0,0,0,0
PrimitiveBenchmarks.DllImport_Double,PInvokeBench,PrimitiveBenchmarks,DllImport_Double,ShortRun,Default,Default,Default,Default,Default,Default,Default,Default,Default,Default,Default,Default,Default,Default,Default,Default,Default,Default,Default,Default,Default,Default,Default,Default,Default,Default,Default,Default,Default,Default,Default,3,Default,1,Default,Default,Default,Default,Default,Default,Default,3,"ShortRun(IterationCount=3, LaunchCount=1, WarmupCount=3)",,1,Overhead,Warmup,8,260403400,134217728,1.94,0,0,0,0
PrimitiveBenchmarks.DllImport_Double,PInvokeBench,PrimitiveBenchmarks,DllImport_Double,ShortRun,Default,Default,Default,Default,Default,Default,Default,Default,Default,Default,Default,Default,Default,Default,Default,Default,Default,Default,Default,Default,Default,Default,Default,Default,Default,Default,Default,Default,Default,Default,Default,3,Default,1,Default,Default,Default,Default,Default,Default,Default,3,"ShortRun(IterationCount=3, LaunchCount=1, WarmupCount=3)",,1,Overhead,Warmup,9,244640200,134217728,1.82,0,0,0,0
PrimitiveBenchmarks.DllImport_Double,PInvokeBench,PrimitiveBenchmarks,DllImport_Double,ShortRun,Default,Default,Default,Default,Default,Default,Default,Default,Default,Default,Default,Default,Default,Default,Default,Default,Default,Default,Default,Default,Default,Default,Default,Default,Default,Default,Default,Default,Default,Default,Default,3,Default,1,Default,Default,Default,Default,Default,Default,Default,3,"ShortRun(IterationCount=3, LaunchCount=1, WarmupCount=3)",,1,Overhead,Actual,1,245488500,134217728,1.83,0,0,0,0
PrimitiveBenchmarks.DllImport_Double,PInvokeBench,PrimitiveBenchmarks,DllImport_Double,ShortRun,Default,Default,Default,Default,Default,Default,Default,Default,Default,Default,Default,Default,Default,Default,Default,Default,Default,Default,Default,Default,Default,Default,Default,Default,Default,Default,Default,Default,Default,Default,Default,3,Default,1,Default,Default,Default,Default,Default,Default,Default,3,"ShortRun(IterationCount=3, LaunchCount=1, WarmupCount=3)",,1,Overhead,Actual,2,247861400,134217728,1.85,0,0,0,0
PrimitiveBenchmarks.DllImport_Double,PInvokeBench,PrimitiveBenchmarks,DllImport_Double,ShortRun,Default,Default,Default,Default,Default,Default,Default,Default,Default,Default,Default,Default,Default,Default,Default,Default,Default,Default,Default,Default,Default,Default,Default,Default,Default,Default,Default,Default,Default,Default,Default,3,Default,1,Default,Default,Default,Default,Default,Default,Default,3,"ShortRun(IterationCount=3, LaunchCount=1, WarmupCount=3)",,1,Overhead,Actual,3,266167300,134217728,1.98,0,0,0,0
PrimitiveBenchmarks.DllImport_Double,PInvokeBench,PrimitiveBenchmarks,DllImport_Double,ShortRun,Default,Default,Default,Default,Default,Default,Default,Default,Default,Default,Default,Default,Default,Default,Default,Default,Default,Default,Default,Default,Default,Default,Default,Default,Default,Default,Default,Default,Default,Default,Default,3,Default,1,Default,Default,Default,Default,Default,Default,Default,3,"ShortRun(IterationCount=3, LaunchCount=1, WarmupCount=3)",,1,Overhead,Actual,4,249880000,134217728,1.86,0,0,0,0
PrimitiveBenchmarks.DllImport_Double,PInvokeBench,PrimitiveBenchmarks,DllImport_Double,ShortRun,Default,Default,Default,Default,Default,Default,Default,Default,Default,Default,Default,Default,Default,Default,Default,Default,Default,Default,Default,Default,Default,Default,Default,Default,Default,Default,Default,Default,Default,Default,Default,3,Default,1,Default,Default,Default,Default,Default,Default,Default,3,"ShortRun(IterationCount=3, LaunchCount=1, WarmupCount=3)",,1,Overhead,Actual,5,247223600,134217728,1.84,0,0,0,0
PrimitiveBenchmarks.DllImport_Double,PInvokeBench,PrimitiveBenchmarks,DllImport_Double,ShortRun,Default,Default,Default,Default,Default,Default,Default,Default,Default,Default,Default,Default,Default,Default,Default,Default,Default,Default,Default,Default,Default,Default,Default,Default,Default,Default,Default,Default,Default,Default,Default,3,Default,1,Default,Default,Default,Default,Default,Default,Default,3,"ShortRun(IterationCount=3, LaunchCount=1, WarmupCount=3)",,1,Overhead,Actual,6,249093100,134217728,1.86,0,0,0,0
PrimitiveBenchmarks.DllImport_Double,PInvokeBench,PrimitiveBenchmarks,DllImport_Double,ShortRun,Default,Default,Default,Default,Default,Default,Default,Default,Default,Default,Default,Default,Default,Default,Default,Default,Default,Default,Default,Default,Default,Default,Default,Default,Default,Default,Default,Default,Default,Default,Default,3,Default,1,Default,Default,Default,Default,Default,Default,Default,3,"ShortRun(IterationCount=3, LaunchCount=1, WarmupCount=3)",,1,Overhead,Actual,7,248400800,134217728,1.85,0,0,0,0
PrimitiveBenchmarks.DllImport_Double,PInvokeBench,PrimitiveBenchmarks,DllImport_Double,ShortRun,Default,Default,Default,Default,Default,Default,Default,Default,Default,Default,Default,Default,Default,Default,Default,Default,Default,Default,Default,Default,Default,Default,Default,Default,Default,Default,Default,Default,Default,Default,Default,3,Default,1,Default,Default,Default,Default,Default,Default,Default,3,"ShortRun(IterationCount=3, LaunchCount=1, WarmupCount=3)",,1,Overhead,Actual,8,249947100,134217728,1.86,0,0,0,0
PrimitiveBenchmarks.DllImport_Double,PInvokeBench,PrimitiveBenchmarks,DllImport_Double,ShortRun,Default,Default,Default,Default,Default,Default,Default,Default,Default,Default,Default,Default,Default,Default,Default,Default,Default,Default,Default,Default,Default,Default,Default,Default,Default,Default,Default,Default,Default,Default,Default,3,Default,1,Default,Default,Default,Default,Default,Default,Default,3,"ShortRun(IterationCount=3, LaunchCount=1, WarmupCount=3)",,1,Overhead,Actual,9,248925700,134217728,1.85,0,0,0,0
PrimitiveBenchmarks.DllImport_Double,PInvokeBench,PrimitiveBenchmarks,DllImport_Double,ShortRun,Default,Default,Default,Default,Default,Default,Default,Default,Default,Default,Default,Default,Default,Default,Default,Default,Default,Default,Default,Default,Default,Default,Default,Default,Default,Default,Default,Default,Default,Default,Default,3,Default,1,Default,Default,Default,Default,Default,Default,Default,3,"ShortRun(IterationCount=3, LaunchCount=1, WarmupCount=3)",,1,Overhead,Actual,10,249851600,134217728,1.86,0,0,0,0
PrimitiveBenchmarks.DllImport_Double,PInvokeBench,PrimitiveBenchmarks,DllImport_Double,ShortRun,Default,Default,Default,Default,Default,Default,Default,Default,Default,Default,Default,Default,Default,Default,Default,Default,Default,Default,Default,Default,Default,Default,Default,Default,Default,Default,Default,Default,Default,Default,Default,3,Default,1,Default,Default,Default,Default,Default,Default,Default,3,"ShortRun(IterationCount=3, LaunchCount=1, WarmupCount=3)",,1,Overhead,Actual,11,262691800,134217728,1.96,0,0,0,0
PrimitiveBenchmarks.DllImport_Double,PInvokeBench,PrimitiveBenchmarks,DllImport_Double,ShortRun,Default,Default,Default,Default,Default,Default,Default,Default,Default,Default,Default,Default,Default,Default,Default,Default,Default,Default,Default,Default,Default,Default,Default,Default,Default,Default,Default,Default,Default,Default,Default,3,Default,1,Default,Default,Default,Default,Default,Default,Default,3,"ShortRun(IterationCount=3, LaunchCount=1, WarmupCount=3)",,1,Overhead,Actual,12,260955800,134217728,1.94,0,0,0,0
PrimitiveBenchmarks.DllImport_Double,PInvokeBench,PrimitiveBenchmarks,DllImport_Double,ShortRun,Default,Default,Default,Default,Default,Default,Default,Default,Default,Default,Default,Default,Default,Default,Default,Default,Default,Default,Default,Default,Default,Default,Default,Default,Default,Default,Default,Default,Default,Default,Default,3,Default,1,Default,Default,Default,Default,Default,Default,Default,3,"ShortRun(IterationCount=3, LaunchCount=1, WarmupCount=3)",,1,Overhead,Actual,13,244740000,134217728,1.82,0,0,0,0
PrimitiveBenchmarks.DllImport_Double,PInvokeBench,PrimitiveBenchmarks,DllImport_Double,ShortRun,Default,Default,Default,Default,Default,Default,Default,Default,Default,Default,Default,Default,Default,Default,Default,Default,Default,Default,Default,Default,Default,Default,Default,Default,Default,Default,Default,Default,Default,Default,Default,3,Default,1,Default,Default,Default,Default,Default,Default,Default,3,"ShortRun(IterationCount=3, LaunchCount=1, WarmupCount=3)",,1,Overhead,Actual,14,259570400,134217728,1.93,0,0,0,0
PrimitiveBenchmarks.DllImport_Double,PInvokeBench,PrimitiveBenchmarks,DllImport_Double,ShortRun,Default,Default,Default,Default,Default,Default,Default,Default,Default,Default,Default,Default,Default,Default,Default,Default,Default,Default,Default,Default,Default,Default,Default,Default,Default,Default,Default,Default,Default,Default,Default,3,Default,1,Default,Default,Default,Default,Default,Default,Default,3,"ShortRun(IterationCount=3, LaunchCount=1, WarmupCount=3)",,1,Overhead,Actual,15,254426200,134217728,1.9,0,0,0,0
PrimitiveBenchmarks.DllImport_Double,PInvokeBench,PrimitiveBenchmarks,DllImport_Double,ShortRun,Default,Default,Default,Default,Default,Default,Default,Default,Default,Default,Default,Default,Default,Default,Default,Default,Default,Default,Default,Default,Default,Default,Default,Default,Default,Default,Default,Default,Default,Default,Default,3,Default,1,Default,Default,Default,Default,Default,Default,Default,3,"ShortRun(IterationCount=3, LaunchCount=1, WarmupCount=3)",,1,Workload,Warmup,1,873520300,134217728,6.51,0,0,0,0
PrimitiveBenchmarks.DllImport_Double,PInvokeBench,PrimitiveBenchmarks,DllImport_Double,ShortRun,Default,Default,Default,Default,Default,Default,Default,Default,Default,Default,Default,Default,Default,Default,Default,Default,Default,Default,Default,Default,Default,Default,Default,Default,Default,Default,Default,Default,Default,Default,Default,3,Default,1,Default,Default,Default,Default,Default,Default,Default,3,"ShortRun(IterationCount=3, LaunchCount=1, WarmupCount=3)",,1,Workload,Warmup,2,873353600,134217728,6.51,0,0,0,0
PrimitiveBenchmarks.DllImport_Double,PInvokeBench,PrimitiveBenchmarks,DllImport_Double,ShortRun,Default,Default,Default,Default,Default,Default,Default,Default,Default,Default,Default,Default,Default,Default,Default,Default,Default,Default,Default,Default,Default,Default,Default,Default,Default,Default,Default,Default,Default,Default,Default,3,Default,1,Default,Default,Default,Default,Default,Default,Default,3,"ShortRun(IterationCount=3, LaunchCount=1, WarmupCount=3)",,1,Workload,Warmup,3,879787000,134217728,6.55,0,0,0,0
PrimitiveBenchmarks.DllImport_Double,PInvokeBench,PrimitiveBenchmarks,DllImport_Double,ShortRun,Default,Default,Default,Default,Default,Default,Default,Default,Default,Default,Default,Default,Default,Default,Default,Default,Default,Default,Default,Default,Default,Default,Default,Default,Default,Default,Default,Default,Default,Default,Default,3,Default,1,Default,Default,Default,Default,Default,Default,Default,3,"ShortRun(IterationCount=3, LaunchCount=1, WarmupCount=3)",,1,Workload,Actual,1,819041000,134217728,6.1,0,0,0,0
PrimitiveBenchmarks.DllImport_Double,PInvokeBench,PrimitiveBenchmarks,DllImport_Double,ShortRun,Default,Default,Default,Default,Default,Default,Default,Default,Default,Default,Default,Default,Default,Default,Default,Default,Default,Default,Default,Default,Default,Default,Default,Default,Default,Default,Default,Default,Default,Default,Default,3,Default,1,Default,Default,Default,Default,Default,Default,Default,3,"ShortRun(IterationCount=3, LaunchCount=1, WarmupCount=3)",,1,Workload,Actual,2,871032300,134217728,6.49,0,0,0,0
PrimitiveBenchmarks.DllImport_Double,PInvokeBench,PrimitiveBenchmarks,DllImport_Double,ShortRun,Default,Default,Default,Default,Default,Default,Default,Default,Default,Default,Default,Default,Default,Default,Default,Default,Default,Default,Default,Default,Default,Default,Default,Default,Default,Default,Default,Default,Default,Default,Default,3,Default,1,Default,Default,Default,Default,Default,Default,Default,3,"ShortRun(IterationCount=3, LaunchCount=1, WarmupCount=3)",,1,Workload,Actual,3,870220100,134217728,6.48,0,0,0,0
PrimitiveBenchmarks.DllImport_Double,PInvokeBench,PrimitiveBenchmarks,DllImport_Double,ShortRun,Default,Default,Default,Default,Default,Default,Default,Default,Default,Default,Default,Default,Default,Default,Default,Default,Default,Default,Default,Default,Default,Default,Default,Default,Default,Default,Default,Default,Default,Default,Default,3,Default,1,Default,Default,Default,Default,Default,Default,Default,3,"ShortRun(IterationCount=3, LaunchCount=1, WarmupCount=3)",,1,Workload,Result,1,569189400,134217728,4.24,0,0,0,0
PrimitiveBenchmarks.DllImport_Double,PInvokeBench,PrimitiveBenchmarks,DllImport_Double,ShortRun,Default,Default,Default,Default,Default,Default,Default,Default,Default,Default,Default,Default,Default,Default,Default,Default,Default,Default,Default,Default,Default,Default,Default,Default,Default,Default,Default,Default,Default,Default,Default,3,Default,1,Default,Default,Default,Default,Default,Default,Default,3,"ShortRun(IterationCount=3, LaunchCount=1, WarmupCount=3)",,1,Workload,Result,2,621180700,134217728,4.63,0,0,0,0
PrimitiveBenchmarks.DllImport_Double,PInvokeBench,PrimitiveBenchmarks,DllImport_Double,ShortRun,Default,Default,Default,Default,Default,Default,Default,Default,Default,Default,Default,Default,Default,Default,Default,Default,Default,Default,Default,Default,Default,Default,Default,Default,Default,Default,Default,Default,Default,Default,Default,3,Default,1,Default,Default,Default,Default,Default,Default,Default,3,"ShortRun(IterationCount=3, LaunchCount=1, WarmupCount=3)",,1,Workload,Result,3,620368500,134217728,4.62,0,0,0,0
PrimitiveBenchmarks.LibraryImport_Bool_U1,PInvokeBench,PrimitiveBenchmarks,LibraryImport_Bool_U1,ShortRun,Default,Default,Default,Default,Default,Default,Default,Default,Default,Default,Default,Default,Default,Default,Default,Default,Default,Default,Default,Default,Default,Default,Default,Default,Default,Default,Default,Default,Default,Default,Default,3,Default,1,Default,Default,Default,Default,Default,Default,Default,3,"ShortRun(IterationCount=3, LaunchCount=1, WarmupCount=3)",,1,Overhead,Jitting,1,191700,1,191700,0,0,0,0
PrimitiveBenchmarks.LibraryImport_Bool_U1,PInvokeBench,PrimitiveBenchmarks,LibraryImport_Bool_U1,ShortRun,Default,Default,Default,Default,Default,Default,Default,Default,Default,Default,Default,Default,Default,Default,Default,Default,Default,Default,Default,Default,Default,Default,Default,Default,Default,Default,Default,Default,Default,Default,Default,3,Default,1,Default,Default,Default,Default,Default,Default,Default,3,"ShortRun(IterationCount=3, LaunchCount=1, WarmupCount=3)",,1,Workload,Jitting,1,502200,1,502200,0,0,0,0
PrimitiveBenchmarks.LibraryImport_Bool_U1,PInvokeBench,PrimitiveBenchmarks,LibraryImport_Bool_U1,ShortRun,Default,Default,Default,Default,Default,Default,Default,Default,Default,Default,Default,Default,Default,Default,Default,Default,Default,Default,Default,Default,Default,Default,Default,Default,Default,Default,Default,Default,Default,Default,Default,3,Default,1,Default,Default,Default,Default,Default,Default,Default,3,"ShortRun(IterationCount=3, LaunchCount=1, WarmupCount=3)",,1,Overhead,Jitting,2,986700,16,61668.75,0,0,0,0
PrimitiveBenchmarks.LibraryImport_Bool_U1,PInvokeBench,PrimitiveBenchmarks,LibraryImport_Bool_U1,ShortRun,Default,Default,Default,Default,Default,Default,Default,Default,Default,Default,Default,Default,Default,Default,Default,Default,Default,Default,Default,Default,Default,Default,Default,Default,Default,Default,Default,Default,Default,Default,Default,3,Default,1,Default,Default,Default,Default,Default,Default,Default,3,"ShortRun(IterationCount=3, LaunchCount=1, WarmupCount=3)",,1,Workload,Jitting,2,282600,16,17662.5,0,0,0,0
PrimitiveBenchmarks.LibraryImport_Bool_U1,PInvokeBench,PrimitiveBenchmarks,LibraryImport_Bool_U1,ShortRun,Default,Default,Default,Default,Default,Default,Default,Default,Default,Default,Default,Default,Default,Default,Default,Default,Default,Default,Default,Default,Default,Default,Default,Default,Default,Default,Default,Default,Default,Default,Default,3,Default,1,Default,Default,Default,Default,Default,Default,Default,3,"ShortRun(IterationCount=3, LaunchCount=1, WarmupCount=3)",,1,Workload,Pilot,1,800,16,50,0,0,0,0
PrimitiveBenchmarks.LibraryImport_Bool_U1,PInvokeBench,PrimitiveBenchmarks,LibraryImport_Bool_U1,ShortRun,Default,Default,Default,Default,Default,Default,Default,Default,Default,Default,Default,Default,Default,Default,Default,Default,Default,Default,Default,Default,Default,Default,Default,Default,Default,Default,Default,Default,Default,Default,Default,3,Default,1,Default,Default,Default,Default,Default,Default,Default,3,"ShortRun(IterationCount=3, LaunchCount=1, WarmupCount=3)",,1,Workload,Pilot,2,700,32,21.88,0,0,0,0
PrimitiveBenchmarks.LibraryImport_Bool_U1,PInvokeBench,PrimitiveBenchmarks,LibraryImport_Bool_U1,ShortRun,Default,Default,Default,Default,Default,Default,Default,Default,Default,Default,Default,Default,Default,Default,Default,Default,Default,Default,Default,Default,Default,Default,Default,Default,Default,Default,Default,Default,Default,Default,Default,3,Default,1,Default,Default,Default,Default,Default,Default,Default,3,"ShortRun(IterationCount=3, LaunchCount=1, WarmupCount=3)",,1,Workload,Pilot,3,1000,64,15.63,0,0,0,0
PrimitiveBenchmarks.LibraryImport_Bool_U1,PInvokeBench,PrimitiveBenchmarks,LibraryImport_Bool_U1,ShortRun,Default,Default,Default,Default,Default,Default,Default,Default,Default,Default,Default,Default,Default,Default,Default,Default,Default,Default,Default,Default,Default,Default,Default,Default,Default,Default,Default,Default,Default,Default,Default,3,Default,1,Default,Default,Default,Default,Default,Default,Default,3,"ShortRun(IterationCount=3, LaunchCount=1, WarmupCount=3)",,1,Workload,Pilot,4,1500,128,11.72,0,0,0,0
PrimitiveBenchmarks.LibraryImport_Bool_U1,PInvokeBench,PrimitiveBenchmarks,LibraryImport_Bool_U1,ShortRun,Default,Default,Default,Default,Default,Default,Default,Default,Default,Default,Default,Default,Default,Default,Default,Default,Default,Default,Default,Default,Default,Default,Default,Default,Default,Default,Default,Default,Default,Default,Default,3,Default,1,Default,Default,Default,Default,Default,Default,Default,3,"ShortRun(IterationCount=3, LaunchCount=1, WarmupCount=3)",,1,Workload,Pilot,5,2500,256,9.77,0,0,0,0
PrimitiveBenchmarks.LibraryImport_Bool_U1,PInvokeBench,PrimitiveBenchmarks,LibraryImport_Bool_U1,ShortRun,Default,Default,Default,Default,Default,Default,Default,Default,Default,Default,Default,Default,Default,Default,Default,Default,Default,Default,Default,Default,Default,Default,Default,Default,Default,Default,Default,Default,Default,Default,Default,3,Default,1,Default,Default,Default,Default,Default,Default,Default,3,"ShortRun(IterationCount=3, LaunchCount=1, WarmupCount=3)",,1,Workload,Pilot,6,4200,512,8.2,0,0,0,0
PrimitiveBenchmarks.LibraryImport_Bool_U1,PInvokeBench,PrimitiveBenchmarks,LibraryImport_Bool_U1,ShortRun,Default,Default,Default,Default,Default,Default,Default,Default,Default,Default,Default,Default,Default,Default,Default,Default,Default,Default,Default,Default,Default,Default,Default,Default,Default,Default,Default,Default,Default,Default,Default,3,Default,1,Default,Default,Default,Default,Default,Default,Default,3,"ShortRun(IterationCount=3, LaunchCount=1, WarmupCount=3)",,1,Workload,Pilot,7,8900,1024,8.69,0,0,0,0
PrimitiveBenchmarks.LibraryImport_Bool_U1,PInvokeBench,PrimitiveBenchmarks,LibraryImport_Bool_U1,ShortRun,Default,Default,Default,Default,Default,Default,Default,Default,Default,Default,Default,Default,Default,Default,Default,Default,Default,Default,Default,Default,Default,Default,Default,Default,Default,Default,Default,Default,Default,Default,Default,3,Default,1,Default,Default,Default,Default,Default,Default,Default,3,"ShortRun(IterationCount=3, LaunchCount=1, WarmupCount=3)",,1,Workload,Pilot,8,14700,2048,7.18,0,0,0,0
PrimitiveBenchmarks.LibraryImport_Bool_U1,PInvokeBench,PrimitiveBenchmarks,LibraryImport_Bool_U1,ShortRun,Default,Default,Default,Default,Default,Default,Default,Default,Default,Default,Default,Default,Default,Default,Default,Default,Default,Default,Default,Default,Default,Default,Default,Default,Default,Default,Default,Default,Default,Default,Default,3,Default,1,Default,Default,Default,Default,Default,Default,Default,3,"ShortRun(IterationCount=3, LaunchCount=1, WarmupCount=3)",,1,Workload,Pilot,9,28400,4096,6.93,0,0,0,0
PrimitiveBenchmarks.LibraryImport_Bool_U1,PInvokeBench,PrimitiveBenchmarks,LibraryImport_Bool_U1,ShortRun,Default,Default,Default,Default,Default,Default,Default,Default,Default,Default,Default,Default,Default,Default,Default,Default,Default,Default,Default,Default,Default,Default,Default,Default,Default,Default,Default,Default,Default,Default,Default,3,Default,1,Default,Default,Default,Default,Default,Default,Default,3,"ShortRun(IterationCount=3, LaunchCount=1, WarmupCount=3)",,1,Workload,Pilot,10,58200,8192,7.1,0,0,0,0
PrimitiveBenchmarks.LibraryImport_Bool_U1,PInvokeBench,PrimitiveBenchmarks,LibraryImport_Bool_U1,ShortRun,Default,Default,Default,Default,Default,Default,Default,Default,Default,Default,Default,Default,Default,Default,Default,Default,Default,Default,Default,Default,Default,Default,Default,Default,Default,Default,Default,Default,Default,Default,Default,3,Default,1,Default,Default,Default,Default,Default,Default,Default,3,"ShortRun(IterationCount=3, LaunchCount=1, WarmupCount=3)",,1,Workload,Pilot,11,116600,16384,7.12,0,0,0,0
PrimitiveBenchmarks.LibraryImport_Bool_U1,PInvokeBench,PrimitiveBenchmarks,LibraryImport_Bool_U1,ShortRun,Default,Default,Default,Default,Default,Default,Default,Default,Default,Default,Default,Default,Default,Default,Default,Default,Default,Default,Default,Default,Default,Default,Default,Default,Default,Default,Default,Default,Default,Default,Default,3,Default,1,Default,Default,Default,Default,Default,Default,Default,3,"ShortRun(IterationCount=3, LaunchCount=1, WarmupCount=3)",,1,Workload,Pilot,12,225400,32768,6.88,0,0,0,0
PrimitiveBenchmarks.LibraryImport_Bool_U1,PInvokeBench,PrimitiveBenchmarks,LibraryImport_Bool_U1,ShortRun,Default,Default,Default,Default,Default,Default,Default,Default,Default,Default,Default,Default,Default,Default,Default,Default,Default,Default,Default,Default,Default,Default,Default,Default,Default,Default,Default,Default,Default,Default,Default,3,Default,1,Default,Default,Default,Default,Default,Default,Default,3,"ShortRun(IterationCount=3, LaunchCount=1, WarmupCount=3)",,1,Workload,Pilot,13,474800,65536,7.24,0,0,0,0
PrimitiveBenchmarks.LibraryImport_Bool_U1,PInvokeBench,PrimitiveBenchmarks,LibraryImport_Bool_U1,ShortRun,Default,Default,Default,Default,Default,Default,Default,Default,Default,Default,Default,Default,Default,Default,Default,Default,Default,Default,Default,Default,Default,Default,Default,Default,Default,Default,Default,Default,Default,Default,Default,3,Default,1,Default,Default,Default,Default,Default,Default,Default,3,"ShortRun(IterationCount=3, LaunchCount=1, WarmupCount=3)",,1,Workload,Pilot,14,963900,131072,7.35,0,0,0,0
PrimitiveBenchmarks.LibraryImport_Bool_U1,PInvokeBench,PrimitiveBenchmarks,LibraryImport_Bool_U1,ShortRun,Default,Default,Default,Default,Default,Default,Default,Default,Default,Default,Default,Default,Default,Default,Default,Default,Default,Default,Default,Default,Default,Default,Default,Default,Default,Default,Default,Default,Default,Default,Default,3,Default,1,Default,Default,Default,Default,Default,Default,Default,3,"ShortRun(IterationCount=3, LaunchCount=1, WarmupCount=3)",,1,Workload,Pilot,15,2062100,262144,7.87,0,0,0,0
PrimitiveBenchmarks.LibraryImport_Bool_U1,PInvokeBench,PrimitiveBenchmarks,LibraryImport_Bool_U1,ShortRun,Default,Default,Default,Default,Default,Default,Default,Default,Default,Default,Default,Default,Default,Default,Default,Default,Default,Default,Default,Default,Default,Default,Default,Default,Default,Default,Default,Default,Default,Default,Default,3,Default,1,Default,Default,Default,Default,Default,Default,Default,3,"ShortRun(IterationCount=3, LaunchCount=1, WarmupCount=3)",,1,Workload,Pilot,16,4217200,524288,8.04,0,0,0,0
PrimitiveBenchmarks.LibraryImport_Bool_U1,PInvokeBench,PrimitiveBenchmarks,LibraryImport_Bool_U1,ShortRun,Default,Default,Default,Default,Default,Default,Default,Default,Default,Default,Default,Default,Default,Default,Default,Default,Default,Default,Default,Default,Default,Default,Default,Default,Default,Default,Default,Default,Default,Default,Default,3,Default,1,Default,Default,Default,Default,Default,Default,Default,3,"ShortRun(IterationCount=3, LaunchCount=1, WarmupCount=3)",,1,Workload,Pilot,17,8526700,1048576,8.13,0,0,0,0
PrimitiveBenchmarks.LibraryImport_Bool_U1,PInvokeBench,PrimitiveBenchmarks,LibraryImport_Bool_U1,ShortRun,Default,Default,Default,Default,Default,Default,Default,Default,Default,Default,Default,Default,Default,Default,Default,Default,Default,Default,Default,Default,Default,Default,Default,Default,Default,Default,Default,Default,Default,Default,Default,3,Default,1,Default,Default,Default,Default,Default,Default,Default,3,"ShortRun(IterationCount=3, LaunchCount=1, WarmupCount=3)",,1,Workload,Pilot,18,17317700,2097152,8.26,0,0,0,0
PrimitiveBenchmarks.LibraryImport_Bool_U1,PInvokeBench,PrimitiveBenchmarks,LibraryImport_Bool_U1,ShortRun,Default,Default,Default,Default,Default,Default,Default,Default,Default,Default,Default,Default,Default,Default,Default,Default,Default,Default,Default,Default,Default,Default,Default,Default,Default,Default,Default,Default,Default,Default,Default,3,Default,1,Default,Default,Default,Default,Default,Default,Default,3,"ShortRun(IterationCount=3, LaunchCount=1, WarmupCount=3)",,1,Workload,Pilot,19,36238800,4194304,8.64,0,0,0,0
PrimitiveBenchmarks.LibraryImport_Bool_U1,PInvokeBench,PrimitiveBenchmarks,LibraryImport_Bool_U1,ShortRun,Default,Default,Default,Default,Default,Default,Default,Default,Default,Default,Default,Default,Default,Default,Default,Default,Default,Default,Default,Default,Default,Default,Default,Default,Default,Default,Default,Default,Default,Default,Default,3,Default,1,Default,Default,Default,Default,Default,Default,Default,3,"ShortRun(IterationCount=3, LaunchCount=1, WarmupCount=3)",,1,Workload,Pilot,20,71290200,8388608,8.5,0,0,0,0
PrimitiveBenchmarks.LibraryImport_Bool_U1,PInvokeBench,PrimitiveBenchmarks,LibraryImport_Bool_U1,ShortRun,Default,Default,Default,Default,Default,Default,Default,Default,Default,Default,Default,Default,Default,Default,Default,Default,Default,Default,Default,Default,Default,Default,Default,Default,Default,Default,Default,Default,Default,Default,Default,3,Default,1,Default,Default,Default,Default,Default,Default,Default,3,"ShortRun(IterationCount=3, LaunchCount=1, WarmupCount=3)",,1,Workload,Pilot,21,112153800,16777216,6.68,0,0,0,0
PrimitiveBenchmarks.LibraryImport_Bool_U1,PInvokeBench,PrimitiveBenchmarks,LibraryImport_Bool_U1,ShortRun,Default,Default,Default,Default,Default,Default,Default,Default,Default,Default,Default,Default,Default,Default,Default,Default,Default,Default,Default,Default,Default,Default,Default,Default,Default,Default,Default,Default,Default,Default,Default,3,Default,1,Default,Default,Default,Default,Default,Default,Default,3,"ShortRun(IterationCount=3, LaunchCount=1, WarmupCount=3)",,1,Workload,Pilot,22,233545100,33554432,6.96,0,0,0,0
PrimitiveBenchmarks.LibraryImport_Bool_U1,PInvokeBench,PrimitiveBenchmarks,LibraryImport_Bool_U1,ShortRun,Default,Default,Default,Default,Default,Default,Default,Default,Default,Default,Default,Default,Default,Default,Default,Default,Default,Default,Default,Default,Default,Default,Default,Default,Default,Default,Default,Default,Default,Default,Default,3,Default,1,Default,Default,Default,Default,Default,Default,Default,3,"ShortRun(IterationCount=3, LaunchCount=1, WarmupCount=3)",,1,Workload,Pilot,23,425289800,67108864,6.34,0,0,0,0
PrimitiveBenchmarks.LibraryImport_Bool_U1,PInvokeBench,PrimitiveBenchmarks,LibraryImport_Bool_U1,ShortRun,Default,Default,Default,Default,Default,Default,Default,Default,Default,Default,Default,Default,Default,Default,Default,Default,Default,Default,Default,Default,Default,Default,Default,Default,Default,Default,Default,Default,Default,Default,Default,3,Default,1,Default,Default,Default,Default,Default,Default,Default,3,"ShortRun(IterationCount=3, LaunchCount=1, WarmupCount=3)",,1,Workload,Pilot,24,885782300,134217728,6.6,0,0,0,0
PrimitiveBenchmarks.LibraryImport_Bool_U1,PInvokeBench,PrimitiveBenchmarks,LibraryImport_Bool_U1,ShortRun,Default,Default,Default,Default,Default,Default,Default,Default,Default,Default,Default,Default,Default,Default,Default,Default,Default,Default,Default,Default,Default,Default,Default,Default,Default,Default,Default,Default,Default,Default,Default,3,Default,1,Default,Default,Default,Default,Default,Default,Default,3,"ShortRun(IterationCount=3, LaunchCount=1, WarmupCount=3)",,1,Overhead,Warmup,1,298702100,134217728,2.23,0,0,0,0
PrimitiveBenchmarks.LibraryImport_Bool_U1,PInvokeBench,PrimitiveBenchmarks,LibraryImport_Bool_U1,ShortRun,Default,Default,Default,Default,Default,Default,Default,Default,Default,Default,Default,Default,Default,Default,Default,Default,Default,Default,Default,Default,Default,Default,Default,Default,Default,Default,Default,Default,Default,Default,Default,3,Default,1,Default,Default,Default,Default,Default,Default,Default,3,"ShortRun(IterationCount=3, LaunchCount=1, WarmupCount=3)",,1,Overhead,Warmup,2,248683200,134217728,1.85,0,0,0,0
PrimitiveBenchmarks.LibraryImport_Bool_U1,PInvokeBench,PrimitiveBenchmarks,LibraryImport_Bool_U1,ShortRun,Default,Default,Default,Default,Default,Default,Default,Default,Default,Default,Default,Default,Default,Default,Default,Default,Default,Default,Default,Default,Default,Default,Default,Default,Default,Default,Default,Default,Default,Default,Default,3,Default,1,Default,Default,Default,Default,Default,Default,Default,3,"ShortRun(IterationCount=3, LaunchCount=1, WarmupCount=3)",,1,Overhead,Warmup,3,250973800,134217728,1.87,0,0,0,0
PrimitiveBenchmarks.LibraryImport_Bool_U1,PInvokeBench,PrimitiveBenchmarks,LibraryImport_Bool_U1,ShortRun,Default,Default,Default,Default,Default,Default,Default,Default,Default,Default,Default,Default,Default,Default,Default,Default,Default,Default,Default,Default,Default,Default,Default,Default,Default,Default,Default,Default,Default,Default,Default,3,Default,1,Default,Default,Default,Default,Default,Default,Default,3,"ShortRun(IterationCount=3, LaunchCount=1, WarmupCount=3)",,1,Overhead,Warmup,4,249615600,134217728,1.86,0,0,0,0
PrimitiveBenchmarks.LibraryImport_Bool_U1,PInvokeBench,PrimitiveBenchmarks,LibraryImport_Bool_U1,ShortRun,Default,Default,Default,Default,Default,Default,Default,Default,Default,Default,Default,Default,Default,Default,Default,Default,Default,Default,Default,Default,Default,Default,Default,Default,Default,Default,Default,Default,Default,Default,Default,3,Default,1,Default,Default,Default,Default,Default,Default,Default,3,"ShortRun(IterationCount=3, LaunchCount=1, WarmupCount=3)",,1,Overhead,Warmup,5,246968300,134217728,1.84,0,0,0,0
PrimitiveBenchmarks.LibraryImport_Bool_U1,PInvokeBench,PrimitiveBenchmarks,LibraryImport_Bool_U1,ShortRun,Default,Default,Default,Default,Default,Default,Default,Default,Default,Default,Default,Default,Default,Default,Default,Default,Default,Default,Default,Default,Default,Default,Default,Default,Default,Default,Default,Default,Default,Default,Default,3,Default,1,Default,Default,Default,Default,Default,Default,Default,3,"ShortRun(IterationCount=3, LaunchCount=1, WarmupCount=3)",,1,Overhead,Warmup,6,274315700,134217728,2.04,0,0,0,0
PrimitiveBenchmarks.LibraryImport_Bool_U1,PInvokeBench,PrimitiveBenchmarks,LibraryImport_Bool_U1,ShortRun,Default,Default,Default,Default,Default,Default,Default,Default,Default,Default,Default,Default,Default,Default,Default,Default,Default,Default,Default,Default,Default,Default,Default,Default,Default,Default,Default,Default,Default,Default,Default,3,Default,1,Default,Default,Default,Default,Default,Default,Default,3,"ShortRun(IterationCount=3, LaunchCount=1, WarmupCount=3)",,1,Overhead,Warmup,7,269744600,134217728,2.01,0,0,0,0
PrimitiveBenchmarks.LibraryImport_Bool_U1,PInvokeBench,PrimitiveBenchmarks,LibraryImport_Bool_U1,ShortRun,Default,Default,Default,Default,Default,Default,Default,Default,Default,Default,Default,Default,Default,Default,Default,Default,Default,Default,Default,Default,Default,Default,Default,Default,Default,Default,Default,Default,Default,Default,Default,3,Default,1,Default,Default,Default,Default,Default,Default,Default,3,"ShortRun(IterationCount=3, LaunchCount=1, WarmupCount=3)",,1,Overhead,Actual,1,252970400,134217728,1.88,0,0,0,0
PrimitiveBenchmarks.LibraryImport_Bool_U1,PInvokeBench,PrimitiveBenchmarks,LibraryImport_Bool_U1,ShortRun,Default,Default,Default,Default,Default,Default,Default,Default,Default,Default,Default,Default,Default,Default,Default,Default,Default,Default,Default,Default,Default,Default,Default,Default,Default,Default,Default,Default,Default,Default,Default,3,Default,1,Default,Default,Default,Default,Default,Default,Default,3,"ShortRun(IterationCount=3, LaunchCount=1, WarmupCount=3)",,1,Overhead,Actual,2,245868700,134217728,1.83,0,0,0,0
PrimitiveBenchmarks.LibraryImport_Bool_U1,PInvokeBench,PrimitiveBenchmarks,LibraryImport_Bool_U1,ShortRun,Default,Default,Default,Default,Default,Default,Default,Default,Default,Default,Default,Default,Default,Default,Default,Default,Default,Default,Default,Default,Default,Default,Default,Default,Default,Default,Default,Default,Default,Default,Default,3,Default,1,Default,Default,Default,Default,Default,Default,Default,3,"ShortRun(IterationCount=3, LaunchCount=1, WarmupCount=3)",,1,Overhead,Actual,3,247899800,134217728,1.85,0,0,0,0
PrimitiveBenchmarks.LibraryImport_Bool_U1,PInvokeBench,PrimitiveBenchmarks,LibraryImport_Bool_U1,ShortRun,Default,Default,Default,Default,Default,Default,Default,Default,Default,Default,Default,Default,Default,Default,Default,Default,Default,Default,Default,Default,Default,Default,Default,Default,Default,Default,Default,Default,Default,Default,Default,3,Default,1,Default,Default,Default,Default,Default,Default,Default,3,"ShortRun(IterationCount=3, LaunchCount=1, WarmupCount=3)",,1,Overhead,Actual,4,265814100,134217728,1.98,0,0,0,0
PrimitiveBenchmarks.LibraryImport_Bool_U1,PInvokeBench,PrimitiveBenchmarks,LibraryImport_Bool_U1,ShortRun,Default,Default,Default,Default,Default,Default,Default,Default,Default,Default,Default,Default,Default,Default,Default,Default,Default,Default,Default,Default,Default,Default,Default,Default,Default,Default,Default,Default,Default,Default,Default,3,Default,1,Default,Default,Default,Default,Default,Default,Default,3,"ShortRun(IterationCount=3, LaunchCount=1, WarmupCount=3)",,1,Overhead,Actual,5,250484100,134217728,1.87,0,0,0,0
PrimitiveBenchmarks.LibraryImport_Bool_U1,PInvokeBench,PrimitiveBenchmarks,LibraryImport_Bool_U1,ShortRun,Default,Default,Default,Default,Default,Default,Default,Default,Default,Default,Default,Default,Default,Default,Default,Default,Default,Default,Default,Default,Default,Default,Default,Default,Default,Default,Default,Default,Default,Default,Default,3,Default,1,Default,Default,Default,Default,Default,Default,Default,3,"ShortRun(IterationCount=3, LaunchCount=1, WarmupCount=3)",,1,Overhead,Actual,6,246973000,134217728,1.84,0,0,0,0
PrimitiveBenchmarks.LibraryImport_Bool_U1,PInvokeBench,PrimitiveBenchmarks,LibraryImport_Bool_U1,ShortRun,Default,Default,Default,Default,Default,Default,Default,Default,Default,Default,Default,Default,Default,Default,Default,Default,Default,Default,Default,Default,Default,Default,Default,Default,Default,Default,Default,Default,Default,Default,Default,3,Default,1,Default,Default,Default,Default,Default,Default,Default,3,"ShortRun(IterationCount=3, LaunchCount=1, WarmupCount=3)",,1,Overhead,Actual,7,246978400,134217728,1.84,0,0,0,0
PrimitiveBenchmarks.LibraryImport_Bool_U1,PInvokeBench,PrimitiveBenchmarks,LibraryImport_Bool_U1,ShortRun,Default,Default,Default,Default,Default,Default,Default,Default,Default,Default,Default,Default,Default,Default,Default,Default,Default,Default,Default,Default,Default,Default,Default,Default,Default,Default,Default,Default,Default,Default,Default,3,Default,1,Default,Default,Default,Default,Default,Default,Default,3,"ShortRun(IterationCount=3, LaunchCount=1, WarmupCount=3)",,1,Overhead,Actual,8,247803800,134217728,1.85,0,0,0,0
PrimitiveBenchmarks.LibraryImport_Bool_U1,PInvokeBench,PrimitiveBenchmarks,LibraryImport_Bool_U1,ShortRun,Default,Default,Default,Default,Default,Default,Default,Default,Default,Default,Default,Default,Default,Default,Default,Default,Default,Default,Default,Default,Default,Default,Default,Default,Default,Default,Default,Default,Default,Default,Default,3,Default,1,Default,Default,Default,Default,Default,Default,Default,3,"ShortRun(IterationCount=3, LaunchCount=1, WarmupCount=3)",,1,Overhead,Actual,9,248203300,134217728,1.85,0,0,0,0
PrimitiveBenchmarks.LibraryImport_Bool_U1,PInvokeBench,PrimitiveBenchmarks,LibraryImport_Bool_U1,ShortRun,Default,Default,Default,Default,Default,Default,Default,Default,Default,Default,Default,Default,Default,Default,Default,Default,Default,Default,Default,Default,Default,Default,Default,Default,Default,Default,Default,Default,Default,Default,Default,3,Default,1,Default,Default,Default,Default,Default,Default,Default,3,"ShortRun(IterationCount=3, LaunchCount=1, WarmupCount=3)",,1,Overhead,Actual,10,247239700,134217728,1.84,0,0,0,0
PrimitiveBenchmarks.LibraryImport_Bool_U1,PInvokeBench,PrimitiveBenchmarks,LibraryImport_Bool_U1,ShortRun,Default,Default,Default,Default,Default,Default,Default,Default,Default,Default,Default,Default,Default,Default,Default,Default,Default,Default,Default,Default,Default,Default,Default,Default,Default,Default,Default,Default,Default,Default,Default,3,Default,1,Default,Default,Default,Default,Default,Default,Default,3,"ShortRun(IterationCount=3, LaunchCount=1, WarmupCount=3)",,1,Overhead,Actual,11,248213500,134217728,1.85,0,0,0,0
PrimitiveBenchmarks.LibraryImport_Bool_U1,PInvokeBench,PrimitiveBenchmarks,LibraryImport_Bool_U1,ShortRun,Default,Default,Default,Default,Default,Default,Default,Default,Default,Default,Default,Default,Default,Default,Default,Default,Default,Default,Default,Default,Default,Default,Default,Default,Default,Default,Default,Default,Default,Default,Default,3,Default,1,Default,Default,Default,Default,Default,Default,Default,3,"ShortRun(IterationCount=3, LaunchCount=1, WarmupCount=3)",,1,Overhead,Actual,12,249196000,134217728,1.86,0,0,0,0
PrimitiveBenchmarks.LibraryImport_Bool_U1,PInvokeBench,PrimitiveBenchmarks,LibraryImport_Bool_U1,ShortRun,Default,Default,Default,Default,Default,Default,Default,Default,Default,Default,Default,Default,Default,Default,Default,Default,Default,Default,Default,Default,Default,Default,Default,Default,Default,Default,Default,Default,Default,Default,Default,3,Default,1,Default,Default,Default,Default,Default,Default,Default,3,"ShortRun(IterationCount=3, LaunchCount=1, WarmupCount=3)",,1,Overhead,Actual,13,265836400,134217728,1.98,0,0,0,0
PrimitiveBenchmarks.LibraryImport_Bool_U1,PInvokeBench,PrimitiveBenchmarks,LibraryImport_Bool_U1,ShortRun,Default,Default,Default,Default,Default,Default,Default,Default,Default,Default,Default,Default,Default,Default,Default,Default,Default,Default,Default,Default,Default,Default,Default,Default,Default,Default,Default,Default,Default,Default,Default,3,Default,1,Default,Default,Default,Default,Default,Default,Default,3,"ShortRun(IterationCount=3, LaunchCount=1, WarmupCount=3)",,1,Overhead,Actual,14,280216100,134217728,2.09,0,0,0,0
PrimitiveBenchmarks.LibraryImport_Bool_U1,PInvokeBench,PrimitiveBenchmarks,LibraryImport_Bool_U1,ShortRun,Default,Default,Default,Default,Default,Default,Default,Default,Default,Default,Default,Default,Default,Default,Default,Default,Default,Default,Default,Default,Default,Default,Default,Default,Default,Default,Default,Default,Default,Default,Default,3,Default,1,Default,Default,Default,Default,Default,Default,Default,3,"ShortRun(IterationCount=3, LaunchCount=1, WarmupCount=3)",,1,Overhead,Actual,15,304620300,134217728,2.27,0,0,0,0
PrimitiveBenchmarks.LibraryImport_Bool_U1,PInvokeBench,PrimitiveBenchmarks,LibraryImport_Bool_U1,ShortRun,Default,Default,Default,Default,Default,Default,Default,Default,Default,Default,Default,Default,Default,Default,Default,Default,Default,Default,Default,Default,Default,Default,Default,Default,Default,Default,Default,Default,Default,Default,Default,3,Default,1,Default,Default,Default,Default,Default,Default,Default,3,"ShortRun(IterationCount=3, LaunchCount=1, WarmupCount=3)",,1,Workload,Warmup,1,965281600,134217728,7.19,0,0,0,0
PrimitiveBenchmarks.LibraryImport_Bool_U1,PInvokeBench,PrimitiveBenchmarks,LibraryImport_Bool_U1,ShortRun,Default,Default,Default,Default,Default,Default,Default,Default,Default,Default,Default,Default,Default,Default,Default,Default,Default,Default,Default,Default,Default,Default,Default,Default,Default,Default,Default,Default,Default,Default,Default,3,Default,1,Default,Default,Default,Default,Default,Default,Default,3,"ShortRun(IterationCount=3, LaunchCount=1, WarmupCount=3)",,1,Workload,Warmup,2,899956500,134217728,6.71,0,0,0,0
PrimitiveBenchmarks.LibraryImport_Bool_U1,PInvokeBench,PrimitiveBenchmarks,LibraryImport_Bool_U1,ShortRun,Default,Default,Default,Default,Default,Default,Default,Default,Default,Default,Default,Default,Default,Default,Default,Default,Default,Default,Default,Default,Default,Default,Default,Default,Default,Default,Default,Default,Default,Default,Default,3,Default,1,Default,Default,Default,Default,Default,Default,Default,3,"ShortRun(IterationCount=3, LaunchCount=1, WarmupCount=3)",,1,Workload,Warmup,3,855139000,134217728,6.37,0,0,0,0
PrimitiveBenchmarks.LibraryImport_Bool_U1,PInvokeBench,PrimitiveBenchmarks,LibraryImport_Bool_U1,ShortRun,Default,Default,Default,Default,Default,Default,Default,Default,Default,Default,Default,Default,Default,Default,Default,Default,Default,Default,Default,Default,Default,Default,Default,Default,Default,Default,Default,Default,Default,Default,Default,3,Default,1,Default,Default,Default,Default,Default,Default,Default,3,"ShortRun(IterationCount=3, LaunchCount=1, WarmupCount=3)",,1,Workload,Actual,1,910713200,134217728,6.79,0,0,0,0
PrimitiveBenchmarks.LibraryImport_Bool_U1,PInvokeBench,PrimitiveBenchmarks,LibraryImport_Bool_U1,ShortRun,Default,Default,Default,Default,Default,Default,Default,Default,Default,Default,Default,Default,Default,Default,Default,Default,Default,Default,Default,Default,Default,Default,Default,Default,Default,Default,Default,Default,Default,Default,Default,3,Default,1,Default,Default,Default,Default,Default,Default,Default,3,"ShortRun(IterationCount=3, LaunchCount=1, WarmupCount=3)",,1,Workload,Actual,2,868884200,134217728,6.47,0,0,0,0
PrimitiveBenchmarks.LibraryImport_Bool_U1,PInvokeBench,PrimitiveBenchmarks,LibraryImport_Bool_U1,ShortRun,Default,Default,Default,Default,Default,Default,Default,Default,Default,Default,Default,Default,Default,Default,Default,Default,Default,Default,Default,Default,Default,Default,Default,Default,Default,Default,Default,Default,Default,Default,Default,3,Default,1,Default,Default,Default,Default,Default,Default,Default,3,"ShortRun(IterationCount=3, LaunchCount=1, WarmupCount=3)",,1,Workload,Actual,3,860537400,134217728,6.41,0,0,0,0
PrimitiveBenchmarks.LibraryImport_Bool_U1,PInvokeBench,PrimitiveBenchmarks,LibraryImport_Bool_U1,ShortRun,Default,Default,Default,Default,Default,Default,Default,Default,Default,Default,Default,Default,Default,Default,Default,Default,Default,Default,Default,Default,Default,Default,Default,Default,Default,Default,Default,Default,Default,Default,Default,3,Default,1,Default,Default,Default,Default,Default,Default,Default,3,"ShortRun(IterationCount=3, LaunchCount=1, WarmupCount=3)",,1,Workload,Result,1,662499700,134217728,4.94,0,0,0,0
PrimitiveBenchmarks.LibraryImport_Bool_U1,PInvokeBench,PrimitiveBenchmarks,LibraryImport_Bool_U1,ShortRun,Default,Default,Default,Default,Default,Default,Default,Default,Default,Default,Default,Default,Default,Default,Default,Default,Default,Default,Default,Default,Default,Default,Default,Default,Default,Default,Default,Default,Default,Default,Default,3,Default,1,Default,Default,Default,Default,Default,Default,Default,3,"ShortRun(IterationCount=3, LaunchCount=1, WarmupCount=3)",,1,Workload,Result,2,620670700,134217728,4.62,0,0,0,0
PrimitiveBenchmarks.LibraryImport_Bool_U1,PInvokeBench,PrimitiveBenchmarks,LibraryImport_Bool_U1,ShortRun,Default,Default,Default,Default,Default,Default,Default,Default,Default,Default,Default,Default,Default,Default,Default,Default,Default,Default,Default,Default,Default,Default,Default,Default,Default,Default,Default,Default,Default,Default,Default,3,Default,1,Default,Default,Default,Default,Default,Default,Default,3,"ShortRun(IterationCount=3, LaunchCount=1, WarmupCount=3)",,1,Workload,Result,3,612323900,134217728,4.56,0,0,0,0
PrimitiveBenchmarks.LibraryImport_Bool_4Byte,PInvokeBench,PrimitiveBenchmarks,LibraryImport_Bool_4Byte,ShortRun,Default,Default,Default,Default,Default,Default,Default,Default,Default,Default,Default,Default,Default,Default,Default,Default,Default,Default,Default,Default,Default,Default,Default,Default,Default,Default,Default,Default,Default,Default,Default,3,Default,1,Default,Default,Default,Default,Default,Default,Default,3,"ShortRun(IterationCount=3, LaunchCount=1, WarmupCount=3)",,1,Overhead,Jitting,1,189600,1,189600,0,0,0,0
PrimitiveBenchmarks.LibraryImport_Bool_4Byte,PInvokeBench,PrimitiveBenchmarks,LibraryImport_Bool_4Byte,ShortRun,Default,Default,Default,Default,Default,Default,Default,Default,Default,Default,Default,Default,Default,Default,Default,Default,Default,Default,Default,Default,Default,Default,Default,Default,Default,Default,Default,Default,Default,Default,Default,3,Default,1,Default,Default,Default,Default,Default,Default,Default,3,"ShortRun(IterationCount=3, LaunchCount=1, WarmupCount=3)",,1,Workload,Jitting,1,468200,1,468200,0,0,0,0
PrimitiveBenchmarks.LibraryImport_Bool_4Byte,PInvokeBench,PrimitiveBenchmarks,LibraryImport_Bool_4Byte,ShortRun,Default,Default,Default,Default,Default,Default,Default,Default,Default,Default,Default,Default,Default,Default,Default,Default,Default,Default,Default,Default,Default,Default,Default,Default,Default,Default,Default,Default,Default,Default,Default,3,Default,1,Default,Default,Default,Default,Default,Default,Default,3,"ShortRun(IterationCount=3, LaunchCount=1, WarmupCount=3)",,1,Overhead,Jitting,2,290300,16,18143.75,0,0,0,0
PrimitiveBenchmarks.LibraryImport_Bool_4Byte,PInvokeBench,PrimitiveBenchmarks,LibraryImport_Bool_4Byte,ShortRun,Default,Default,Default,Default,Default,Default,Default,Default,Default,Default,Default,Default,Default,Default,Default,Default,Default,Default,Default,Default,Default,Default,Default,Default,Default,Default,Default,Default,Default,Default,Default,3,Default,1,Default,Default,Default,Default,Default,Default,Default,3,"ShortRun(IterationCount=3, LaunchCount=1, WarmupCount=3)",,1,Workload,Jitting,2,317500,16,19843.75,0,0,0,0
PrimitiveBenchmarks.LibraryImport_Bool_4Byte,PInvokeBench,PrimitiveBenchmarks,LibraryImport_Bool_4Byte,ShortRun,Default,Default,Default,Default,Default,Default,Default,Default,Default,Default,Default,Default,Default,Default,Default,Default,Default,Default,Default,Default,Default,Default,Default,Default,Default,Default,Default,Default,Default,Default,Default,3,Default,1,Default,Default,Default,Default,Default,Default,Default,3,"ShortRun(IterationCount=3, LaunchCount=1, WarmupCount=3)",,1,Workload,Pilot,1,800,16,50,0,0,0,0
PrimitiveBenchmarks.LibraryImport_Bool_4Byte,PInvokeBench,PrimitiveBenchmarks,LibraryImport_Bool_4Byte,ShortRun,Default,Default,Default,Default,Default,Default,Default,Default,Default,Default,Default,Default,Default,Default,Default,Default,Default,Default,Default,Default,Default,Default,Default,Default,Default,Default,Default,Default,Default,Default,Default,3,Default,1,Default,Default,Default,Default,Default,Default,Default,3,"ShortRun(IterationCount=3, LaunchCount=1, WarmupCount=3)",,1,Workload,Pilot,2,700,32,21.88,0,0,0,0
PrimitiveBenchmarks.LibraryImport_Bool_4Byte,PInvokeBench,PrimitiveBenchmarks,LibraryImport_Bool_4Byte,ShortRun,Default,Default,Default,Default,Default,Default,Default,Default,Default,Default,Default,Default,Default,Default,Default,Default,Default,Default,Default,Default,Default,Default,Default,Default,Default,Default,Default,Default,Default,Default,Default,3,Default,1,Default,Default,Default,Default,Default,Default,Default,3,"ShortRun(IterationCount=3, LaunchCount=1, WarmupCount=3)",,1,Workload,Pilot,3,1100,64,17.19,0,0,0,0
PrimitiveBenchmarks.LibraryImport_Bool_4Byte,PInvokeBench,PrimitiveBenchmarks,LibraryImport_Bool_4Byte,ShortRun,Default,Default,Default,Default,Default,Default,Default,Default,Default,Default,Default,Default,Default,Default,Default,Default,Default,Default,Default,Default,Default,Default,Default,Default,Default,Default,Default,Default,Default,Default,Default,3,Default,1,Default,Default,Default,Default,Default,Default,Default,3,"ShortRun(IterationCount=3, LaunchCount=1, WarmupCount=3)",,1,Workload,Pilot,4,1200,128,9.38,0,0,0,0
PrimitiveBenchmarks.LibraryImport_Bool_4Byte,PInvokeBench,PrimitiveBenchmarks,LibraryImport_Bool_4Byte,ShortRun,Default,Default,Default,Default,Default,Default,Default,Default,Default,Default,Default,Default,Default,Default,Default,Default,Default,Default,Default,Default,Default,Default,Default,Default,Default,Default,Default,Default,Default,Default,Default,3,Default,1,Default,Default,Default,Default,Default,Default,Default,3,"ShortRun(IterationCount=3, LaunchCount=1, WarmupCount=3)",,1,Workload,Pilot,5,2000,256,7.81,0,0,0,0
PrimitiveBenchmarks.LibraryImport_Bool_4Byte,PInvokeBench,PrimitiveBenchmarks,LibraryImport_Bool_4Byte,ShortRun,Default,Default,Default,Default,Default,Default,Default,Default,Default,Default,Default,Default,Default,Default,Default,Default,Default,Default,Default,Default,Default,Default,Default,Default,Default,Default,Default,Default,Default,Default,Default,3,Default,1,Default,Default,Default,Default,Default,Default,Default,3,"ShortRun(IterationCount=3, LaunchCount=1, WarmupCount=3)",,1,Workload,Pilot,6,4200,512,8.2,0,0,0,0
PrimitiveBenchmarks.LibraryImport_Bool_4Byte,PInvokeBench,PrimitiveBenchmarks,LibraryImport_Bool_4Byte,ShortRun,Default,Default,Default,Default,Default,Default,Default,Default,Default,Default,Default,Default,Default,Default,Default,Default,Default,Default,Default,Default,Default,Default,Default,Default,Default,Default,Default,Default,Default,Default,Default,3,Default,1,Default,Default,Default,Default,Default,Default,Default,3,"ShortRun(IterationCount=3, LaunchCount=1, WarmupCount=3)",,1,Workload,Pilot,7,7800,1024,7.62,0,0,0,0
PrimitiveBenchmarks.LibraryImport_Bool_4Byte,PInvokeBench,PrimitiveBenchmarks,LibraryImport_Bool_4Byte,ShortRun,Default,Default,Default,Default,Default,Default,Default,Default,Default,Default,Default,Default,Default,Default,Default,Default,Default,Default,Default,Default,Default,Default,Default,Default,Default,Default,Default,Default,Default,Default,Default,3,Default,1,Default,Default,Default,Default,Default,Default,Default,3,"ShortRun(IterationCount=3, LaunchCount=1, WarmupCount=3)",,1,Workload,Pilot,8,14600,2048,7.13,0,0,0,0
PrimitiveBenchmarks.LibraryImport_Bool_4Byte,PInvokeBench,PrimitiveBenchmarks,LibraryImport_Bool_4Byte,ShortRun,Default,Default,Default,Default,Default,Default,Default,Default,Default,Default,Default,Default,Default,Default,Default,Default,Default,Default,Default,Default,Default,Default,Default,Default,Default,Default,Default,Default,Default,Default,Default,3,Default,1,Default,Default,Default,Default,Default,Default,Default,3,"ShortRun(IterationCount=3, LaunchCount=1, WarmupCount=3)",,1,Workload,Pilot,9,35200,4096,8.59,0,0,0,0
PrimitiveBenchmarks.LibraryImport_Bool_4Byte,PInvokeBench,PrimitiveBenchmarks,LibraryImport_Bool_4Byte,ShortRun,Default,Default,Default,Default,Default,Default,Default,Default,Default,Default,Default,Default,Default,Default,Default,Default,Default,Default,Default,Default,Default,Default,Default,Default,Default,Default,Default,Default,Default,Default,Default,3,Default,1,Default,Default,Default,Default,Default,Default,Default,3,"ShortRun(IterationCount=3, LaunchCount=1, WarmupCount=3)",,1,Workload,Pilot,10,56300,8192,6.87,0,0,0,0
PrimitiveBenchmarks.LibraryImport_Bool_4Byte,PInvokeBench,PrimitiveBenchmarks,LibraryImport_Bool_4Byte,ShortRun,Default,Default,Default,Default,Default,Default,Default,Default,Default,Default,Default,Default,Default,Default,Default,Default,Default,Default,Default,Default,Default,Default,Default,Default,Default,Default,Default,Default,Default,Default,Default,3,Default,1,Default,Default,Default,Default,Default,Default,Default,3,"ShortRun(IterationCount=3, LaunchCount=1, WarmupCount=3)",,1,Workload,Pilot,11,112100,16384,6.84,0,0,0,0
PrimitiveBenchmarks.LibraryImport_Bool_4Byte,PInvokeBench,PrimitiveBenchmarks,LibraryImport_Bool_4Byte,ShortRun,Default,Default,Default,Default,Default,Default,Default,Default,Default,Default,Default,Default,Default,Default,Default,Default,Default,Default,Default,Default,Default,Default,Default,Default,Default,Default,Default,Default,Default,Default,Default,3,Default,1,Default,Default,Default,Default,Default,Default,Default,3,"ShortRun(IterationCount=3, LaunchCount=1, WarmupCount=3)",,1,Workload,Pilot,12,224200,32768,6.84,0,0,0,0
PrimitiveBenchmarks.LibraryImport_Bool_4Byte,PInvokeBench,PrimitiveBenchmarks,LibraryImport_Bool_4Byte,ShortRun,Default,Default,Default,Default,Default,Default,Default,Default,Default,Default,Default,Default,Default,Default,Default,Default,Default,Default,Default,Default,Default,Default,Default,Default,Default,Default,Default,Default,Default,Default,Default,3,Default,1,Default,Default,Default,Default,Default,Default,Default,3,"ShortRun(IterationCount=3, LaunchCount=1, WarmupCount=3)",,1,Workload,Pilot,13,446400,65536,6.81,0,0,0,0
PrimitiveBenchmarks.LibraryImport_Bool_4Byte,PInvokeBench,PrimitiveBenchmarks,LibraryImport_Bool_4Byte,ShortRun,Default,Default,Default,Default,Default,Default,Default,Default,Default,Default,Default,Default,Default,Default,Default,Default,Default,Default,Default,Default,Default,Default,Default,Default,Default,Default,Default,Default,Default,Default,Default,3,Default,1,Default,Default,Default,Default,Default,Default,Default,3,"ShortRun(IterationCount=3, LaunchCount=1, WarmupCount=3)",,1,Workload,Pilot,14,950700,131072,7.25,0,0,0,0
PrimitiveBenchmarks.LibraryImport_Bool_4Byte,PInvokeBench,PrimitiveBenchmarks,LibraryImport_Bool_4Byte,ShortRun,Default,Default,Default,Default,Default,Default,Default,Default,Default,Default,Default,Default,Default,Default,Default,Default,Default,Default,Default,Default,Default,Default,Default,Default,Default,Default,Default,Default,Default,Default,Default,3,Default,1,Default,Default,Default,Default,Default,Default,Default,3,"ShortRun(IterationCount=3, LaunchCount=1, WarmupCount=3)",,1,Workload,Pilot,15,2046700,262144,7.81,0,0,0,0
PrimitiveBenchmarks.LibraryImport_Bool_4Byte,PInvokeBench,PrimitiveBenchmarks,LibraryImport_Bool_4Byte,ShortRun,Default,Default,Default,Default,Default,Default,Default,Default,Default,Default,Default,Default,Default,Default,Default,Default,Default,Default,Default,Default,Default,Default,Default,Default,Default,Default,Default,Default,Default,Default,Default,3,Default,1,Default,Default,Default,Default,Default,Default,Default,3,"ShortRun(IterationCount=3, LaunchCount=1, WarmupCount=3)",,1,Workload,Pilot,16,4251300,524288,8.11,0,0,0,0
PrimitiveBenchmarks.LibraryImport_Bool_4Byte,PInvokeBench,PrimitiveBenchmarks,LibraryImport_Bool_4Byte,ShortRun,Default,Default,Default,Default,Default,Default,Default,Default,Default,Default,Default,Default,Default,Default,Default,Default,Default,Default,Default,Default,Default,Default,Default,Default,Default,Default,Default,Default,Default,Default,Default,3,Default,1,Default,Default,Default,Default,Default,Default,Default,3,"ShortRun(IterationCount=3, LaunchCount=1, WarmupCount=3)",,1,Workload,Pilot,17,8595800,1048576,8.2,0,0,0,0
PrimitiveBenchmarks.LibraryImport_Bool_4Byte,PInvokeBench,PrimitiveBenchmarks,LibraryImport_Bool_4Byte,ShortRun,Default,Default,Default,Default,Default,Default,Default,Default,Default,Default,Default,Default,Default,Default,Default,Default,Default,Default,Default,Default,Default,Default,Default,Default,Default,Default,Default,Default,Default,Default,Default,3,Default,1,Default,Default,Default,Default,Default,Default,Default,3,"ShortRun(IterationCount=3, LaunchCount=1, WarmupCount=3)",,1,Workload,Pilot,18,17684400,2097152,8.43,0,0,0,0
PrimitiveBenchmarks.LibraryImport_Bool_4Byte,PInvokeBench,PrimitiveBenchmarks,LibraryImport_Bool_4Byte,ShortRun,Default,Default,Default,Default,Default,Default,Default,Default,Default,Default,Default,Default,Default,Default,Default,Default,Default,Default,Default,Default,Default,Default,Default,Default,Default,Default,Default,Default,Default,Default,Default,3,Default,1,Default,Default,Default,Default,Default,Default,Default,3,"ShortRun(IterationCount=3, LaunchCount=1, WarmupCount=3)",,1,Workload,Pilot,19,35056000,4194304,8.36,0,0,0,0
PrimitiveBenchmarks.LibraryImport_Bool_4Byte,PInvokeBench,PrimitiveBenchmarks,LibraryImport_Bool_4Byte,ShortRun,Default,Default,Default,Default,Default,Default,Default,Default,Default,Default,Default,Default,Default,Default,Default,Default,Default,Default,Default,Default,Default,Default,Default,Default,Default,Default,Default,Default,Default,Default,Default,3,Default,1,Default,Default,Default,Default,Default,Default,Default,3,"ShortRun(IterationCount=3, LaunchCount=1, WarmupCount=3)",,1,Workload,Pilot,20,68757500,8388608,8.2,0,0,0,0
PrimitiveBenchmarks.LibraryImport_Bool_4Byte,PInvokeBench,PrimitiveBenchmarks,LibraryImport_Bool_4Byte,ShortRun,Default,Default,Default,Default,Default,Default,Default,Default,Default,Default,Default,Default,Default,Default,Default,Default,Default,Default,Default,Default,Default,Default,Default,Default,Default,Default,Default,Default,Default,Default,Default,3,Default,1,Default,Default,Default,Default,Default,Default,Default,3,"ShortRun(IterationCount=3, LaunchCount=1, WarmupCount=3)",,1,Workload,Pilot,21,116156600,16777216,6.92,0,0,0,0
PrimitiveBenchmarks.LibraryImport_Bool_4Byte,PInvokeBench,PrimitiveBenchmarks,LibraryImport_Bool_4Byte,ShortRun,Default,Default,Default,Default,Default,Default,Default,Default,Default,Default,Default,Default,Default,Default,Default,Default,Default,Default,Default,Default,Default,Default,Default,Default,Default,Default,Default,Default,Default,Default,Default,3,Default,1,Default,Default,Default,Default,Default,Default,Default,3,"ShortRun(IterationCount=3, LaunchCount=1, WarmupCount=3)",,1,Workload,Pilot,22,231024500,33554432,6.89,0,0,0,0
PrimitiveBenchmarks.LibraryImport_Bool_4Byte,PInvokeBench,PrimitiveBenchmarks,LibraryImport_Bool_4Byte,ShortRun,Default,Default,Default,Default,Default,Default,Default,Default,Default,Default,Default,Default,Default,Default,Default,Default,Default,Default,Default,Default,Default,Default,Default,Default,Default,Default,Default,Default,Default,Default,Default,3,Default,1,Default,Default,Default,Default,Default,Default,Default,3,"ShortRun(IterationCount=3, LaunchCount=1, WarmupCount=3)",,1,Workload,Pilot,23,437116100,67108864,6.51,0,0,0,0
PrimitiveBenchmarks.LibraryImport_Bool_4Byte,PInvokeBench,PrimitiveBenchmarks,LibraryImport_Bool_4Byte,ShortRun,Default,Default,Default,Default,Default,Default,Default,Default,Default,Default,Default,Default,Default,Default,Default,Default,Default,Default,Default,Default,Default,Default,Default,Default,Default,Default,Default,Default,Default,Default,Default,3,Default,1,Default,Default,Default,Default,Default,Default,Default,3,"ShortRun(IterationCount=3, LaunchCount=1, WarmupCount=3)",,1,Workload,Pilot,24,863214100,134217728,6.43,0,0,0,0
PrimitiveBenchmarks.LibraryImport_Bool_4Byte,PInvokeBench,PrimitiveBenchmarks,LibraryImport_Bool_4Byte,ShortRun,Default,Default,Default,Default,Default,Default,Default,Default,Default,Default,Default,Default,Default,Default,Default,Default,Default,Default,Default,Default,Default,Default,Default,Default,Default,Default,Default,Default,Default,Default,Default,3,Default,1,Default,Default,Default,Default,Default,Default,Default,3,"ShortRun(IterationCount=3, LaunchCount=1, WarmupCount=3)",,1,Overhead,Warmup,1,301378000,134217728,2.25,0,0,0,0
PrimitiveBenchmarks.LibraryImport_Bool_4Byte,PInvokeBench,PrimitiveBenchmarks,LibraryImport_Bool_4Byte,ShortRun,Default,Default,Default,Default,Default,Default,Default,Default,Default,Default,Default,Default,Default,Default,Default,Default,Default,Default,Default,Default,Default,Default,Default,Default,Default,Default,Default,Default,Default,Default,Default,3,Default,1,Default,Default,Default,Default,Default,Default,Default,3,"ShortRun(IterationCount=3, LaunchCount=1, WarmupCount=3)",,1,Overhead,Warmup,2,251767000,134217728,1.88,0,0,0,0
PrimitiveBenchmarks.LibraryImport_Bool_4Byte,PInvokeBench,PrimitiveBenchmarks,LibraryImport_Bool_4Byte,ShortRun,Default,Default,Default,Default,Default,Default,Default,Default,Default,Default,Default,Default,Default,Default,Default,Default,Default,Default,Default,Default,Default,Default,Default,Default,Default,Default,Default,Default,Default,Default,Default,3,Default,1,Default,Default,Default,Default,Default,Default,Default,3,"ShortRun(IterationCount=3, LaunchCount=1, WarmupCount=3)",,1,Overhead,Warmup,3,246683400,134217728,1.84,0,0,0,0
PrimitiveBenchmarks.LibraryImport_Bool_4Byte,PInvokeBench,PrimitiveBenchmarks,LibraryImport_Bool_4Byte,ShortRun,Default,Default,Default,Default,Default,Default,Default,Default,Default,Default,Default,Default,Default,Default,Default,Default,Default,Default,Default,Default,Default,Default,Default,Default,Default,Default,Default,Default,Default,Default,Default,3,Default,1,Default,Default,Default,Default,Default,Default,Default,3,"ShortRun(IterationCount=3, LaunchCount=1, WarmupCount=3)",,1,Overhead,Warmup,4,268112000,134217728,2,0,0,0,0
PrimitiveBenchmarks.LibraryImport_Bool_4Byte,PInvokeBench,PrimitiveBenchmarks,LibraryImport_Bool_4Byte,ShortRun,Default,Default,Default,Default,Default,Default,Default,Default,Default,Default,Default,Default,Default,Default,Default,Default,Default,Default,Default,Default,Default,Default,Default,Default,Default,Default,Default,Default,Default,Default,Default,3,Default,1,Default,Default,Default,Default,Default,Default,Default,3,"ShortRun(IterationCount=3, LaunchCount=1, WarmupCount=3)",,1,Overhead,Warmup,5,246736200,134217728,1.84,0,0,0,0
PrimitiveBenchmarks.LibraryImport_Bool_4Byte,PInvokeBench,PrimitiveBenchmarks,LibraryImport_Bool_4Byte,ShortRun,Default,Default,Default,Default,Default,Default,Default,Default,Default,Default,Default,Default,Default,Default,Default,Default,Default,Default,Default,Default,Default,Default,Default,Default,Default,Default,Default,Default,Default,Default,Default,3,Default,1,Default,Default,Default,Default,Default,Default,Default,3,"ShortRun(IterationCount=3, LaunchCount=1, WarmupCount=3)",,1,Overhead,Warmup,6,246683500,134217728,1.84,0,0,0,0
PrimitiveBenchmarks.LibraryImport_Bool_4Byte,PInvokeBench,PrimitiveBenchmarks,LibraryImport_Bool_4Byte,ShortRun,Default,Default,Default,Default,Default,Default,Default,Default,Default,Default,Default,Default,Default,Default,Default,Default,Default,Default,Default,Default,Default,Default,Default,Default,Default,Default,Default,Default,Default,Default,Default,3,Default,1,Default,Default,Default,Default,Default,Default,Default,3,"ShortRun(IterationCount=3, LaunchCount=1, WarmupCount=3)",,1,Overhead,Warmup,7,270160200,134217728,2.01,0,0,0,0
PrimitiveBenchmarks.LibraryImport_Bool_4Byte,PInvokeBench,PrimitiveBenchmarks,LibraryImport_Bool_4Byte,ShortRun,Default,Default,Default,Default,Default,Default,Default,Default,Default,Default,Default,Default,Default,Default,Default,Default,Default,Default,Default,Default,Default,Default,Default,Default,Default,Default,Default,Default,Default,Default,Default,3,Default,1,Default,Default,Default,Default,Default,Default,Default,3,"ShortRun(IterationCount=3, LaunchCount=1, WarmupCount=3)",,1,Overhead,Warmup,8,259996200,134217728,1.94,0,0,0,0
PrimitiveBenchmarks.LibraryImport_Bool_4Byte,PInvokeBench,PrimitiveBenchmarks,LibraryImport_Bool_4Byte,ShortRun,Default,Default,Default,Default,Default,Default,Default,Default,Default,Default,Default,Default,Default,Default,Default,Default,Default,Default,Default,Default,Default,Default,Default,Default,Default,Default,Default,Default,Default,Default,Default,3,Default,1,Default,Default,Default,Default,Default,Default,Default,3,"ShortRun(IterationCount=3, LaunchCount=1, WarmupCount=3)",,1,Overhead,Actual,1,245810900,134217728,1.83,0,0,0,0
PrimitiveBenchmarks.LibraryImport_Bool_4Byte,PInvokeBench,PrimitiveBenchmarks,LibraryImport_Bool_4Byte,ShortRun,Default,Default,Default,Default,Default,Default,Default,Default,Default,Default,Default,Default,Default,Default,Default,Default,Default,Default,Default,Default,Default,Default,Default,Default,Default,Default,Default,Default,Default,Default,Default,3,Default,1,Default,Default,Default,Default,Default,Default,Default,3,"ShortRun(IterationCount=3, LaunchCount=1, WarmupCount=3)",,1,Overhead,Actual,2,247512800,134217728,1.84,0,0,0,0
PrimitiveBenchmarks.LibraryImport_Bool_4Byte,PInvokeBench,PrimitiveBenchmarks,LibraryImport_Bool_4Byte,ShortRun,Default,Default,Default,Default,Default,Default,Default,Default,Default,Default,Default,Default,Default,Default,Default,Default,Default,Default,Default,Default,Default,Default,Default,Default,Default,Default,Default,Default,Default,Default,Default,3,Default,1,Default,Default,Default,Default,Default,Default,Default,3,"ShortRun(IterationCount=3, LaunchCount=1, WarmupCount=3)",,1,Overhead,Actual,3,265273900,134217728,1.98,0,0,0,0
PrimitiveBenchmarks.LibraryImport_Bool_4Byte,PInvokeBench,PrimitiveBenchmarks,LibraryImport_Bool_4Byte,ShortRun,Default,Default,Default,Default,Default,Default,Default,Default,Default,Default,Default,Default,Default,Default,Default,Default,Default,Default,Default,Default,Default,Default,Default,Default,Default,Default,Default,Default,Default,Default,Default,3,Default,1,Default,Default,Default,Default,Default,Default,Default,3,"ShortRun(IterationCount=3, LaunchCount=1, WarmupCount=3)",,1,Overhead,Actual,4,247703100,134217728,1.85,0,0,0,0
PrimitiveBenchmarks.LibraryImport_Bool_4Byte,PInvokeBench,PrimitiveBenchmarks,LibraryImport_Bool_4Byte,ShortRun,Default,Default,Default,Default,Default,Default,Default,Default,Default,Default,Default,Default,Default,Default,Default,Default,Default,Default,Default,Default,Default,Default,Default,Default,Default,Default,Default,Default,Default,Default,Default,3,Default,1,Default,Default,Default,Default,Default,Default,Default,3,"ShortRun(IterationCount=3, LaunchCount=1, WarmupCount=3)",,1,Overhead,Actual,5,265938300,134217728,1.98,0,0,0,0
PrimitiveBenchmarks.LibraryImport_Bool_4Byte,PInvokeBench,PrimitiveBenchmarks,LibraryImport_Bool_4Byte,ShortRun,Default,Default,Default,Default,Default,Default,Default,Default,Default,Default,Default,Default,Default,Default,Default,Default,Default,Default,Default,Default,Default,Default,Default,Default,Default,Default,Default,Default,Default,Default,Default,3,Default,1,Default,Default,Default,Default,Default,Default,Default,3,"ShortRun(IterationCount=3, LaunchCount=1, WarmupCount=3)",,1,Overhead,Actual,6,260871600,134217728,1.94,0,0,0,0
PrimitiveBenchmarks.LibraryImport_Bool_4Byte,PInvokeBench,PrimitiveBenchmarks,LibraryImport_Bool_4Byte,ShortRun,Default,Default,Default,Default,Default,Default,Default,Default,Default,Default,Default,Default,Default,Default,Default,Default,Default,Default,Default,Default,Default,Default,Default,Default,Default,Default,Default,Default,Default,Default,Default,3,Default,1,Default,Default,Default,Default,Default,Default,Default,3,"ShortRun(IterationCount=3, LaunchCount=1, WarmupCount=3)",,1,Overhead,Actual,7,261390100,134217728,1.95,0,0,0,0
PrimitiveBenchmarks.LibraryImport_Bool_4Byte,PInvokeBench,PrimitiveBenchmarks,LibraryImport_Bool_4Byte,ShortRun,Default,Default,Default,Default,Default,Default,Default,Default,Default,Default,Default,Default,Default,Default,Default,Default,Default,Default,Default,Default,Default,Default,Default,Default,Default,Default,Default,Default,Default,Default,Default,3,Default,1,Default,Default,Default,Default,Default,Default,Default,3,"ShortRun(IterationCount=3, LaunchCount=1, WarmupCount=3)",,1,Overhead,Actual,8,263267900,134217728,1.96,0,0,0,0
PrimitiveBenchmarks.LibraryImport_Bool_4Byte,PInvokeBench,PrimitiveBenchmarks,LibraryImport_Bool_4Byte,ShortRun,Default,Default,Default,Default,Default,Default,Default,Default,Default,Default,Default,Default,Default,Default,Default,Default,Default,Default,Default,Default,Default,Default,Default,Default,Default,Default,Default,Default,Default,Default,Default,3,Default,1,Default,Default,Default,Default,Default,Default,Default,3,"ShortRun(IterationCount=3, LaunchCount=1, WarmupCount=3)",,1,Overhead,Actual,9,252519200,134217728,1.88,0,0,0,0
PrimitiveBenchmarks.LibraryImport_Bool_4Byte,PInvokeBench,PrimitiveBenchmarks,LibraryImport_Bool_4Byte,ShortRun,Default,Default,Default,Default,Default,Default,Default,Default,Default,Default,Default,Default,Default,Default,Default,Default,Default,Default,Default,Default,Default,Default,Default,Default,Default,Default,Default,Default,Default,Default,Default,3,Default,1,Default,Default,Default,Default,Default,Default,Default,3,"ShortRun(IterationCount=3, LaunchCount=1, WarmupCount=3)",,1,Overhead,Actual,10,252840200,134217728,1.88,0,0,0,0
PrimitiveBenchmarks.LibraryImport_Bool_4Byte,PInvokeBench,PrimitiveBenchmarks,LibraryImport_Bool_4Byte,ShortRun,Default,Default,Default,Default,Default,Default,Default,Default,Default,Default,Default,Default,Default,Default,Default,Default,Default,Default,Default,Default,Default,Default,Default,Default,Default,Default,Default,Default,Default,Default,Default,3,Default,1,Default,Default,Default,Default,Default,Default,Default,3,"ShortRun(IterationCount=3, LaunchCount=1, WarmupCount=3)",,1,Overhead,Actual,11,254391500,134217728,1.9,0,0,0,0
PrimitiveBenchmarks.LibraryImport_Bool_4Byte,PInvokeBench,PrimitiveBenchmarks,LibraryImport_Bool_4Byte,ShortRun,Default,Default,Default,Default,Default,Default,Default,Default,Default,Default,Default,Default,Default,Default,Default,Default,Default,Default,Default,Default,Default,Default,Default,Default,Default,Default,Default,Default,Default,Default,Default,3,Default,1,Default,Default,Default,Default,Default,Default,Default,3,"ShortRun(IterationCount=3, LaunchCount=1, WarmupCount=3)",,1,Overhead,Actual,12,250296600,134217728,1.86,0,0,0,0
PrimitiveBenchmarks.LibraryImport_Bool_4Byte,PInvokeBench,PrimitiveBenchmarks,LibraryImport_Bool_4Byte,ShortRun,Default,Default,Default,Default,Default,Default,Default,Default,Default,Default,Default,Default,Default,Default,Default,Default,Default,Default,Default,Default,Default,Default,Default,Default,Default,Default,Default,Default,Default,Default,Default,3,Default,1,Default,Default,Default,Default,Default,Default,Default,3,"ShortRun(IterationCount=3, LaunchCount=1, WarmupCount=3)",,1,Overhead,Actual,13,265218500,134217728,1.98,0,0,0,0
PrimitiveBenchmarks.LibraryImport_Bool_4Byte,PInvokeBench,PrimitiveBenchmarks,LibraryImport_Bool_4Byte,ShortRun,Default,Default,Default,Default,Default,Default,Default,Default,Default,Default,Default,Default,Default,Default,Default,Default,Default,Default,Default,Default,Default,Default,Default,Default,Default,Default,Default,Default,Default,Default,Default,3,Default,1,Default,Default,Default,Default,Default,Default,Default,3,"ShortRun(IterationCount=3, LaunchCount=1, WarmupCount=3)",,1,Overhead,Actual,14,262267500,134217728,1.95,0,0,0,0
PrimitiveBenchmarks.LibraryImport_Bool_4Byte,PInvokeBench,PrimitiveBenchmarks,LibraryImport_Bool_4Byte,ShortRun,Default,Default,Default,Default,Default,Default,Default,Default,Default,Default,Default,Default,Default,Default,Default,Default,Default,Default,Default,Default,Default,Default,Default,Default,Default,Default,Default,Default,Default,Default,Default,3,Default,1,Default,Default,Default,Default,Default,Default,Default,3,"ShortRun(IterationCount=3, LaunchCount=1, WarmupCount=3)",,1,Overhead,Actual,15,246887700,134217728,1.84,0,0,0,0
PrimitiveBenchmarks.LibraryImport_Bool_4Byte,PInvokeBench,PrimitiveBenchmarks,LibraryImport_Bool_4Byte,ShortRun,Default,Default,Default,Default,Default,Default,Default,Default,Default,Default,Default,Default,Default,Default,Default,Default,Default,Default,Default,Default,Default,Default,Default,Default,Default,Default,Default,Default,Default,Default,Default,3,Default,1,Default,Default,Default,Default,Default,Default,Default,3,"ShortRun(IterationCount=3, LaunchCount=1, WarmupCount=3)",,1,Workload,Warmup,1,858652200,134217728,6.4,0,0,0,0
PrimitiveBenchmarks.LibraryImport_Bool_4Byte,PInvokeBench,PrimitiveBenchmarks,LibraryImport_Bool_4Byte,ShortRun,Default,Default,Default,Default,Default,Default,Default,Default,Default,Default,Default,Default,Default,Default,Default,Default,Default,Default,Default,Default,Default,Default,Default,Default,Default,Default,Default,Default,Default,Default,Default,3,Default,1,Default,Default,Default,Default,Default,Default,Default,3,"ShortRun(IterationCount=3, LaunchCount=1, WarmupCount=3)",,1,Workload,Warmup,2,924301900,134217728,6.89,0,0,0,0
PrimitiveBenchmarks.LibraryImport_Bool_4Byte,PInvokeBench,PrimitiveBenchmarks,LibraryImport_Bool_4Byte,ShortRun,Default,Default,Default,Default,Default,Default,Default,Default,Default,Default,Default,Default,Default,Default,Default,Default,Default,Default,Default,Default,Default,Default,Default,Default,Default,Default,Default,Default,Default,Default,Default,3,Default,1,Default,Default,Default,Default,Default,Default,Default,3,"ShortRun(IterationCount=3, LaunchCount=1, WarmupCount=3)",,1,Workload,Warmup,3,906312200,134217728,6.75,0,0,0,0
PrimitiveBenchmarks.LibraryImport_Bool_4Byte,PInvokeBench,PrimitiveBenchmarks,LibraryImport_Bool_4Byte,ShortRun,Default,Default,Default,Default,Default,Default,Default,Default,Default,Default,Default,Default,Default,Default,Default,Default,Default,Default,Default,Default,Default,Default,Default,Default,Default,Default,Default,Default,Default,Default,Default,3,Default,1,Default,Default,Default,Default,Default,Default,Default,3,"ShortRun(IterationCount=3, LaunchCount=1, WarmupCount=3)",,1,Workload,Actual,1,922617900,134217728,6.87,0,0,0,0
PrimitiveBenchmarks.LibraryImport_Bool_4Byte,PInvokeBench,PrimitiveBenchmarks,LibraryImport_Bool_4Byte,ShortRun,Default,Default,Default,Default,Default,Default,Default,Default,Default,Default,Default,Default,Default,Default,Default,Default,Default,Default,Default,Default,Default,Default,Default,Default,Default,Default,Default,Default,Default,Default,Default,3,Default,1,Default,Default,Default,Default,Default,Default,Default,3,"ShortRun(IterationCount=3, LaunchCount=1, WarmupCount=3)",,1,Workload,Actual,2,925993900,134217728,6.9,0,0,0,0
PrimitiveBenchmarks.LibraryImport_Bool_4Byte,PInvokeBench,PrimitiveBenchmarks,LibraryImport_Bool_4Byte,ShortRun,Default,Default,Default,Default,Default,Default,Default,Default,Default,Default,Default,Default,Default,Default,Default,Default,Default,Default,Default,Default,Default,Default,Default,Default,Default,Default,Default,Default,Default,Default,Default,3,Default,1,Default,Default,Default,Default,Default,Default,Default,3,"ShortRun(IterationCount=3, LaunchCount=1, WarmupCount=3)",,1,Workload,Actual,3,909809200,134217728,6.78,0,0,0,0
PrimitiveBenchmarks.LibraryImport_Bool_4Byte,PInvokeBench,PrimitiveBenchmarks,LibraryImport_Bool_4Byte,ShortRun,Default,Default,Default,Default,Default,Default,Default,Default,Default,Default,Default,Default,Default,Default,Default,Default,Default,Default,Default,Default,Default,Default,Default,Default,Default,Default,Default,Default,Default,Default,Default,3,Default,1,Default,Default,Default,Default,Default,Default,Default,3,"ShortRun(IterationCount=3, LaunchCount=1, WarmupCount=3)",,1,Workload,Result,1,668226400,134217728,4.98,0,0,0,0
PrimitiveBenchmarks.LibraryImport_Bool_4Byte,PInvokeBench,PrimitiveBenchmarks,LibraryImport_Bool_4Byte,ShortRun,Default,Default,Default,Default,Default,Default,Default,Default,Default,Default,Default,Default,Default,Default,Default,Default,Default,Default,Default,Default,Default,Default,Default,Default,Default,Default,Default,Default,Default,Default,Default,3,Default,1,Default,Default,Default,Default,Default,Default,Default,3,"ShortRun(IterationCount=3, LaunchCount=1, WarmupCount=3)",,1,Workload,Result,2,671602400,134217728,5,0,0,0,0
PrimitiveBenchmarks.LibraryImport_Bool_4Byte,PInvokeBench,PrimitiveBenchmarks,LibraryImport_Bool_4Byte,ShortRun,Default,Default,Default,Default,Default,Default,Default,Default,Default,Default,Default,Default,Default,Default,Default,Default,Default,Default,Default,Default,Default,Default,Default,Default,Default,Default,Default,Default,Default,Default,Default,3,Default,1,Default,Default,Default,Default,Default,Default,Default,3,"ShortRun(IterationCount=3, LaunchCount=1, WarmupCount=3)",,1,Workload,Result,3,655417700,134217728,4.88,0,0,0,0
PrimitiveBenchmarks.LibraryImport_Byte_NoMarshalling,PInvokeBench,PrimitiveBenchmarks,LibraryImport_Byte_NoMarshalling,ShortRun,Default,Default,Default,Default,Default,Default,Default,Default,Default,Default,Default,Default,Default,Default,Default,Default,Default,Default,Default,Default,Default,Default,Default,Default,Default,Default,Default,Default,Default,Default,Default,3,Default,1,Default,Default,Default,Default,Default,Default,Default,3,"ShortRun(IterationCount=3, LaunchCount=1, WarmupCount=3)",,1,Overhead,Jitting,1,190400,1,190400,0,0,0,0
PrimitiveBenchmarks.LibraryImport_Byte_NoMarshalling,PInvokeBench,PrimitiveBenchmarks,LibraryImport_Byte_NoMarshalling,ShortRun,Default,Default,Default,Default,Default,Default,Default,Default,Default,Default,Default,Default,Default,Default,Default,Default,Default,Default,Default,Default,Default,Default,Default,Default,Default,Default,Default,Default,Default,Default,Default,3,Default,1,Default,Default,Default,Default,Default,Default,Default,3,"ShortRun(IterationCount=3, LaunchCount=1, WarmupCount=3)",,1,Workload,Jitting,1,471100,1,471100,0,0,0,0
PrimitiveBenchmarks.LibraryImport_Byte_NoMarshalling,PInvokeBench,PrimitiveBenchmarks,LibraryImport_Byte_NoMarshalling,ShortRun,Default,Default,Default,Default,Default,Default,Default,Default,Default,Default,Default,Default,Default,Default,Default,Default,Default,Default,Default,Default,Default,Default,Default,Default,Default,Default,Default,Default,Default,Default,Default,3,Default,1,Default,Default,Default,Default,Default,Default,Default,3,"ShortRun(IterationCount=3, LaunchCount=1, WarmupCount=3)",,1,Overhead,Jitting,2,304600,16,19037.5,0,0,0,0
PrimitiveBenchmarks.LibraryImport_Byte_NoMarshalling,PInvokeBench,PrimitiveBenchmarks,LibraryImport_Byte_NoMarshalling,ShortRun,Default,Default,Default,Default,Default,Default,Default,Default,Default,Default,Default,Default,Default,Default,Default,Default,Default,Default,Default,Default,Default,Default,Default,Default,Default,Default,Default,Default,Default,Default,Default,3,Default,1,Default,Default,Default,Default,Default,Default,Default,3,"ShortRun(IterationCount=3, LaunchCount=1, WarmupCount=3)",,1,Workload,Jitting,2,294400,16,18400,0,0,0,0
PrimitiveBenchmarks.LibraryImport_Byte_NoMarshalling,PInvokeBench,PrimitiveBenchmarks,LibraryImport_Byte_NoMarshalling,ShortRun,Default,Default,Default,Default,Default,Default,Default,Default,Default,Default,Default,Default,Default,Default,Default,Default,Default,Default,Default,Default,Default,Default,Default,Default,Default,Default,Default,Default,Default,Default,Default,3,Default,1,Default,Default,Default,Default,Default,Default,Default,3,"ShortRun(IterationCount=3, LaunchCount=1, WarmupCount=3)",,1,Workload,Pilot,1,500,16,31.25,0,0,0,0
PrimitiveBenchmarks.LibraryImport_Byte_NoMarshalling,PInvokeBench,PrimitiveBenchmarks,LibraryImport_Byte_NoMarshalling,ShortRun,Default,Default,Default,Default,Default,Default,Default,Default,Default,Default,Default,Default,Default,Default,Default,Default,Default,Default,Default,Default,Default,Default,Default,Default,Default,Default,Default,Default,Default,Default,Default,3,Default,1,Default,Default,Default,Default,Default,Default,Default,3,"ShortRun(IterationCount=3, LaunchCount=1, WarmupCount=3)",,1,Workload,Pilot,2,700,32,21.88,0,0,0,0
PrimitiveBenchmarks.LibraryImport_Byte_NoMarshalling,PInvokeBench,PrimitiveBenchmarks,LibraryImport_Byte_NoMarshalling,ShortRun,Default,Default,Default,Default,Default,Default,Default,Default,Default,Default,Default,Default,Default,Default,Default,Default,Default,Default,Default,Default,Default,Default,Default,Default,Default,Default,Default,Default,Default,Default,Default,3,Default,1,Default,Default,Default,Default,Default,Default,Default,3,"ShortRun(IterationCount=3, LaunchCount=1, WarmupCount=3)",,1,Workload,Pilot,3,800,64,12.5,0,0,0,0
PrimitiveBenchmarks.LibraryImport_Byte_NoMarshalling,PInvokeBench,PrimitiveBenchmarks,LibraryImport_Byte_NoMarshalling,ShortRun,Default,Default,Default,Default,Default,Default,Default,Default,Default,Default,Default,Default,Default,Default,Default,Default,Default,Default,Default,Default,Default,Default,Default,Default,Default,Default,Default,Default,Default,Default,Default,3,Default,1,Default,Default,Default,Default,Default,Default,Default,3,"ShortRun(IterationCount=3, LaunchCount=1, WarmupCount=3)",,1,Workload,Pilot,4,1200,128,9.38,0,0,0,0
PrimitiveBenchmarks.LibraryImport_Byte_NoMarshalling,PInvokeBench,PrimitiveBenchmarks,LibraryImport_Byte_NoMarshalling,ShortRun,Default,Default,Default,Default,Default,Default,Default,Default,Default,Default,Default,Default,Default,Default,Default,Default,Default,Default,Default,Default,Default,Default,Default,Default,Default,Default,Default,Default,Default,Default,Default,3,Default,1,Default,Default,Default,Default,Default,Default,Default,3,"ShortRun(IterationCount=3, LaunchCount=1, WarmupCount=3)",,1,Workload,Pilot,5,2000,256,7.81,0,0,0,0
PrimitiveBenchmarks.LibraryImport_Byte_NoMarshalling,PInvokeBench,PrimitiveBenchmarks,LibraryImport_Byte_NoMarshalling,ShortRun,Default,Default,Default,Default,Default,Default,Default,Default,Default,Default,Default,Default,Default,Default,Default,Default,Default,Default,Default,Default,Default,Default,Default,Default,Default,Default,Default,Default,Default,Default,Default,3,Default,1,Default,Default,Default,Default,Default,Default,Default,3,"ShortRun(IterationCount=3, LaunchCount=1, WarmupCount=3)",,1,Workload,Pilot,6,3200,512,6.25,0,0,0,0
PrimitiveBenchmarks.LibraryImport_Byte_NoMarshalling,PInvokeBench,PrimitiveBenchmarks,LibraryImport_Byte_NoMarshalling,ShortRun,Default,Default,Default,Default,Default,Default,Default,Default,Default,Default,Default,Default,Default,Default,Default,Default,Default,Default,Default,Default,Default,Default,Default,Default,Default,Default,Default,Default,Default,Default,Default,3,Default,1,Default,Default,Default,Default,Default,Default,Default,3,"ShortRun(IterationCount=3, LaunchCount=1, WarmupCount=3)",,1,Workload,Pilot,7,7800,1024,7.62,0,0,0,0
PrimitiveBenchmarks.LibraryImport_Byte_NoMarshalling,PInvokeBench,PrimitiveBenchmarks,LibraryImport_Byte_NoMarshalling,ShortRun,Default,Default,Default,Default,Default,Default,Default,Default,Default,Default,Default,Default,Default,Default,Default,Default,Default,Default,Default,Default,Default,Default,Default,Default,Default,Default,Default,Default,Default,Default,Default,3,Default,1,Default,Default,Default,Default,Default,Default,Default,3,"ShortRun(IterationCount=3, LaunchCount=1, WarmupCount=3)",,1,Workload,Pilot,8,12200,2048,5.96,0,0,0,0
PrimitiveBenchmarks.LibraryImport_Byte_NoMarshalling,PInvokeBench,PrimitiveBenchmarks,LibraryImport_Byte_NoMarshalling,ShortRun,Default,Default,Default,Default,Default,Default,Default,Default,Default,Default,Default,Default,Default,Default,Default,Default,Default,Default,Default,Default,Default,Default,Default,Default,Default,Default,Default,Default,Default,Default,Default,3,Default,1,Default,Default,Default,Default,Default,Default,Default,3,"ShortRun(IterationCount=3, LaunchCount=1, WarmupCount=3)",,1,Workload,Pilot,9,23100,4096,5.64,0,0,0,0
PrimitiveBenchmarks.LibraryImport_Byte_NoMarshalling,PInvokeBench,PrimitiveBenchmarks,LibraryImport_Byte_NoMarshalling,ShortRun,Default,Default,Default,Default,Default,Default,Default,Default,Default,Default,Default,Default,Default,Default,Default,Default,Default,Default,Default,Default,Default,Default,Default,Default,Default,Default,Default,Default,Default,Default,Default,3,Default,1,Default,Default,Default,Default,Default,Default,Default,3,"ShortRun(IterationCount=3, LaunchCount=1, WarmupCount=3)",,1,Workload,Pilot,10,46300,8192,5.65,0,0,0,0
PrimitiveBenchmarks.LibraryImport_Byte_NoMarshalling,PInvokeBench,PrimitiveBenchmarks,LibraryImport_Byte_NoMarshalling,ShortRun,Default,Default,Default,Default,Default,Default,Default,Default,Default,Default,Default,Default,Default,Default,Default,Default,Default,Default,Default,Default,Default,Default,Default,Default,Default,Default,Default,Default,Default,Default,Default,3,Default,1,Default,Default,Default,Default,Default,Default,Default,3,"ShortRun(IterationCount=3, LaunchCount=1, WarmupCount=3)",,1,Workload,Pilot,11,93200,16384,5.69,0,0,0,0
PrimitiveBenchmarks.LibraryImport_Byte_NoMarshalling,PInvokeBench,PrimitiveBenchmarks,LibraryImport_Byte_NoMarshalling,ShortRun,Default,Default,Default,Default,Default,Default,Default,Default,Default,Default,Default,Default,Default,Default,Default,Default,Default,Default,Default,Default,Default,Default,Default,Default,Default,Default,Default,Default,Default,Default,Default,3,Default,1,Default,Default,Default,Default,Default,Default,Default,3,"ShortRun(IterationCount=3, LaunchCount=1, WarmupCount=3)",,1,Workload,Pilot,12,184500,32768,5.63,0,0,0,0
PrimitiveBenchmarks.LibraryImport_Byte_NoMarshalling,PInvokeBench,PrimitiveBenchmarks,LibraryImport_Byte_NoMarshalling,ShortRun,Default,Default,Default,Default,Default,Default,Default,Default,Default,Default,Default,Default,Default,Default,Default,Default,Default,Default,Default,Default,Default,Default,Default,Default,Default,Default,Default,Default,Default,Default,Default,3,Default,1,Default,Default,Default,Default,Default,Default,Default,3,"ShortRun(IterationCount=3, LaunchCount=1, WarmupCount=3)",,1,Workload,Pilot,13,367300,65536,5.6,0,0,0,0
PrimitiveBenchmarks.LibraryImport_Byte_NoMarshalling,PInvokeBench,PrimitiveBenchmarks,LibraryImport_Byte_NoMarshalling,ShortRun,Default,Default,Default,Default,Default,Default,Default,Default,Default,Default,Default,Default,Default,Default,Default,Default,Default,Default,Default,Default,Default,Default,Default,Default,Default,Default,Default,Default,Default,Default,Default,3,Default,1,Default,Default,Default,Default,Default,Default,Default,3,"ShortRun(IterationCount=3, LaunchCount=1, WarmupCount=3)",,1,Workload,Pilot,14,769600,131072,5.87,0,0,0,0
PrimitiveBenchmarks.LibraryImport_Byte_NoMarshalling,PInvokeBench,PrimitiveBenchmarks,LibraryImport_Byte_NoMarshalling,ShortRun,Default,Default,Default,Default,Default,Default,Default,Default,Default,Default,Default,Default,Default,Default,Default,Default,Default,Default,Default,Default,Default,Default,Default,Default,Default,Default,Default,Default,Default,Default,Default,3,Default,1,Default,Default,Default,Default,Default,Default,Default,3,"ShortRun(IterationCount=3, LaunchCount=1, WarmupCount=3)",,1,Workload,Pilot,15,1736700,262144,6.62,0,0,0,0
PrimitiveBenchmarks.LibraryImport_Byte_NoMarshalling,PInvokeBench,PrimitiveBenchmarks,LibraryImport_Byte_NoMarshalling,ShortRun,Default,Default,Default,Default,Default,Default,Default,Default,Default,Default,Default,Default,Default,Default,Default,Default,Default,Default,Default,Default,Default,Default,Default,Default,Default,Default,Default,Default,Default,Default,Default,3,Default,1,Default,Default,Default,Default,Default,Default,Default,3,"ShortRun(IterationCount=3, LaunchCount=1, WarmupCount=3)",,1,Workload,Pilot,16,3568100,524288,6.81,0,0,0,0
PrimitiveBenchmarks.LibraryImport_Byte_NoMarshalling,PInvokeBench,PrimitiveBenchmarks,LibraryImport_Byte_NoMarshalling,ShortRun,Default,Default,Default,Default,Default,Default,Default,Default,Default,Default,Default,Default,Default,Default,Default,Default,Default,Default,Default,Default,Default,Default,Default,Default,Default,Default,Default,Default,Default,Default,Default,3,Default,1,Default,Default,Default,Default,Default,Default,Default,3,"ShortRun(IterationCount=3, LaunchCount=1, WarmupCount=3)",,1,Workload,Pilot,17,7315500,1048576,6.98,0,0,0,0
PrimitiveBenchmarks.LibraryImport_Byte_NoMarshalling,PInvokeBench,PrimitiveBenchmarks,LibraryImport_Byte_NoMarshalling,ShortRun,Default,Default,Default,Default,Default,Default,Default,Default,Default,Default,Default,Default,Default,Default,Default,Default,Default,Default,Default,Default,Default,Default,Default,Default,Default,Default,Default,Default,Default,Default,Default,3,Default,1,Default,Default,Default,Default,Default,Default,Default,3,"ShortRun(IterationCount=3, LaunchCount=1, WarmupCount=3)",,1,Workload,Pilot,18,15039400,2097152,7.17,0,0,0,0
PrimitiveBenchmarks.LibraryImport_Byte_NoMarshalling,PInvokeBench,PrimitiveBenchmarks,LibraryImport_Byte_NoMarshalling,ShortRun,Default,Default,Default,Default,Default,Default,Default,Default,Default,Default,Default,Default,Default,Default,Default,Default,Default,Default,Default,Default,Default,Default,Default,Default,Default,Default,Default,Default,Default,Default,Default,3,Default,1,Default,Default,Default,Default,Default,Default,Default,3,"ShortRun(IterationCount=3, LaunchCount=1, WarmupCount=3)",,1,Workload,Pilot,19,30521000,4194304,7.28,0,0,0,0
PrimitiveBenchmarks.LibraryImport_Byte_NoMarshalling,PInvokeBench,PrimitiveBenchmarks,LibraryImport_Byte_NoMarshalling,ShortRun,Default,Default,Default,Default,Default,Default,Default,Default,Default,Default,Default,Default,Default,Default,Default,Default,Default,Default,Default,Default,Default,Default,Default,Default,Default,Default,Default,Default,Default,Default,Default,3,Default,1,Default,Default,Default,Default,Default,Default,Default,3,"ShortRun(IterationCount=3, LaunchCount=1, WarmupCount=3)",,1,Workload,Pilot,20,60297500,8388608,7.19,0,0,0,0
PrimitiveBenchmarks.LibraryImport_Byte_NoMarshalling,PInvokeBench,PrimitiveBenchmarks,LibraryImport_Byte_NoMarshalling,ShortRun,Default,Default,Default,Default,Default,Default,Default,Default,Default,Default,Default,Default,Default,Default,Default,Default,Default,Default,Default,Default,Default,Default,Default,Default,Default,Default,Default,Default,Default,Default,Default,3,Default,1,Default,Default,Default,Default,Default,Default,Default,3,"ShortRun(IterationCount=3, LaunchCount=1, WarmupCount=3)",,1,Workload,Pilot,21,108937700,16777216,6.49,0,0,0,0
PrimitiveBenchmarks.LibraryImport_Byte_NoMarshalling,PInvokeBench,PrimitiveBenchmarks,LibraryImport_Byte_NoMarshalling,ShortRun,Default,Default,Default,Default,Default,Default,Default,Default,Default,Default,Default,Default,Default,Default,Default,Default,Default,Default,Default,Default,Default,Default,Default,Default,Default,Default,Default,Default,Default,Default,Default,3,Default,1,Default,Default,Default,Default,Default,Default,Default,3,"ShortRun(IterationCount=3, LaunchCount=1, WarmupCount=3)",,1,Workload,Pilot,22,217892500,33554432,6.49,0,0,0,0
PrimitiveBenchmarks.LibraryImport_Byte_NoMarshalling,PInvokeBench,PrimitiveBenchmarks,LibraryImport_Byte_NoMarshalling,ShortRun,Default,Default,Default,Default,Default,Default,Default,Default,Default,Default,Default,Default,Default,Default,Default,Default,Default,Default,Default,Default,Default,Default,Default,Default,Default,Default,Default,Default,Default,Default,Default,3,Default,1,Default,Default,Default,Default,Default,Default,Default,3,"ShortRun(IterationCount=3, LaunchCount=1, WarmupCount=3)",,1,Workload,Pilot,23,414305800,67108864,6.17,0,0,0,0
PrimitiveBenchmarks.LibraryImport_Byte_NoMarshalling,PInvokeBench,PrimitiveBenchmarks,LibraryImport_Byte_NoMarshalling,ShortRun,Default,Default,Default,Default,Default,Default,Default,Default,Default,Default,Default,Default,Default,Default,Default,Default,Default,Default,Default,Default,Default,Default,Default,Default,Default,Default,Default,Default,Default,Default,Default,3,Default,1,Default,Default,Default,Default,Default,Default,Default,3,"ShortRun(IterationCount=3, LaunchCount=1, WarmupCount=3)",,1,Workload,Pilot,24,809220800,134217728,6.03,0,0,0,0
PrimitiveBenchmarks.LibraryImport_Byte_NoMarshalling,PInvokeBench,PrimitiveBenchmarks,LibraryImport_Byte_NoMarshalling,ShortRun,Default,Default,Default,Default,Default,Default,Default,Default,Default,Default,Default,Default,Default,Default,Default,Default,Default,Default,Default,Default,Default,Default,Default,Default,Default,Default,Default,Default,Default,Default,Default,3,Default,1,Default,Default,Default,Default,Default,Default,Default,3,"ShortRun(IterationCount=3, LaunchCount=1, WarmupCount=3)",,1,Overhead,Warmup,1,306462500,134217728,2.28,0,0,0,0
PrimitiveBenchmarks.LibraryImport_Byte_NoMarshalling,PInvokeBench,PrimitiveBenchmarks,LibraryImport_Byte_NoMarshalling,ShortRun,Default,Default,Default,Default,Default,Default,Default,Default,Default,Default,Default,Default,Default,Default,Default,Default,Default,Default,Default,Default,Default,Default,Default,Default,Default,Default,Default,Default,Default,Default,Default,3,Default,1,Default,Default,Default,Default,Default,Default,Default,3,"ShortRun(IterationCount=3, LaunchCount=1, WarmupCount=3)",,1,Overhead,Warmup,2,252637100,134217728,1.88,0,0,0,0
PrimitiveBenchmarks.LibraryImport_Byte_NoMarshalling,PInvokeBench,PrimitiveBenchmarks,LibraryImport_Byte_NoMarshalling,ShortRun,Default,Default,Default,Default,Default,Default,Default,Default,Default,Default,Default,Default,Default,Default,Default,Default,Default,Default,Default,Default,Default,Default,Default,Default,Default,Default,Default,Default,Default,Default,Default,3,Default,1,Default,Default,Default,Default,Default,Default,Default,3,"ShortRun(IterationCount=3, LaunchCount=1, WarmupCount=3)",,1,Overhead,Warmup,3,249556200,134217728,1.86,0,0,0,0
PrimitiveBenchmarks.LibraryImport_Byte_NoMarshalling,PInvokeBench,PrimitiveBenchmarks,LibraryImport_Byte_NoMarshalling,ShortRun,Default,Default,Default,Default,Default,Default,Default,Default,Default,Default,Default,Default,Default,Default,Default,Default,Default,Default,Default,Default,Default,Default,Default,Default,Default,Default,Default,Default,Default,Default,Default,3,Default,1,Default,Default,Default,Default,Default,Default,Default,3,"ShortRun(IterationCount=3, LaunchCount=1, WarmupCount=3)",,1,Overhead,Warmup,4,249400400,134217728,1.86,0,0,0,0
PrimitiveBenchmarks.LibraryImport_Byte_NoMarshalling,PInvokeBench,PrimitiveBenchmarks,LibraryImport_Byte_NoMarshalling,ShortRun,Default,Default,Default,Default,Default,Default,Default,Default,Default,Default,Default,Default,Default,Default,Default,Default,Default,Default,Default,Default,Default,Default,Default,Default,Default,Default,Default,Default,Default,Default,Default,3,Default,1,Default,Default,Default,Default,Default,Default,Default,3,"ShortRun(IterationCount=3, LaunchCount=1, WarmupCount=3)",,1,Overhead,Warmup,5,246972100,134217728,1.84,0,0,0,0
PrimitiveBenchmarks.LibraryImport_Byte_NoMarshalling,PInvokeBench,PrimitiveBenchmarks,LibraryImport_Byte_NoMarshalling,ShortRun,Default,Default,Default,Default,Default,Default,Default,Default,Default,Default,Default,Default,Default,Default,Default,Default,Default,Default,Default,Default,Default,Default,Default,Default,Default,Default,Default,Default,Default,Default,Default,3,Default,1,Default,Default,Default,Default,Default,Default,Default,3,"ShortRun(IterationCount=3, LaunchCount=1, WarmupCount=3)",,1,Overhead,Warmup,6,248259100,134217728,1.85,0,0,0,0
PrimitiveBenchmarks.LibraryImport_Byte_NoMarshalling,PInvokeBench,PrimitiveBenchmarks,LibraryImport_Byte_NoMarshalling,ShortRun,Default,Default,Default,Default,Default,Default,Default,Default,Default,Default,Default,Default,Default,Default,Default,Default,Default,Default,Default,Default,Default,Default,Default,Default,Default,Default,Default,Default,Default,Default,Default,3,Default,1,Default,Default,Default,Default,Default,Default,Default,3,"ShortRun(IterationCount=3, LaunchCount=1, WarmupCount=3)",,1,Overhead,Warmup,7,247408400,134217728,1.84,0,0,0,0
PrimitiveBenchmarks.LibraryImport_Byte_NoMarshalling,PInvokeBench,PrimitiveBenchmarks,LibraryImport_Byte_NoMarshalling,ShortRun,Default,Default,Default,Default,Default,Default,Default,Default,Default,Default,Default,Default,Default,Default,Default,Default,Default,Default,Default,Default,Default,Default,Default,Default,Default,Default,Default,Default,Default,Default,Default,3,Default,1,Default,Default,Default,Default,Default,Default,Default,3,"ShortRun(IterationCount=3, LaunchCount=1, WarmupCount=3)",,1,Overhead,Warmup,8,254835300,134217728,1.9,0,0,0,0
PrimitiveBenchmarks.LibraryImport_Byte_NoMarshalling,PInvokeBench,PrimitiveBenchmarks,LibraryImport_Byte_NoMarshalling,ShortRun,Default,Default,Default,Default,Default,Default,Default,Default,Default,Default,Default,Default,Default,Default,Default,Default,Default,Default,Default,Default,Default,Default,Default,Default,Default,Default,Default,Default,Default,Default,Default,3,Default,1,Default,Default,Default,Default,Default,Default,Default,3,"ShortRun(IterationCount=3, LaunchCount=1, WarmupCount=3)",,1,Overhead,Warmup,9,249824100,134217728,1.86,0,0,0,0
PrimitiveBenchmarks.LibraryImport_Byte_NoMarshalling,PInvokeBench,PrimitiveBenchmarks,LibraryImport_Byte_NoMarshalling,ShortRun,Default,Default,Default,Default,Default,Default,Default,Default,Default,Default,Default,Default,Default,Default,Default,Default,Default,Default,Default,Default,Default,Default,Default,Default,Default,Default,Default,Default,Default,Default,Default,3,Default,1,Default,Default,Default,Default,Default,Default,Default,3,"ShortRun(IterationCount=3, LaunchCount=1, WarmupCount=3)",,1,Overhead,Actual,1,247316000,134217728,1.84,0,0,0,0
PrimitiveBenchmarks.LibraryImport_Byte_NoMarshalling,PInvokeBench,PrimitiveBenchmarks,LibraryImport_Byte_NoMarshalling,ShortRun,Default,Default,Default,Default,Default,Default,Default,Default,Default,Default,Default,Default,Default,Default,Default,Default,Default,Default,Default,Default,Default,Default,Default,Default,Default,Default,Default,Default,Default,Default,Default,3,Default,1,Default,Default,Default,Default,Default,Default,Default,3,"ShortRun(IterationCount=3, LaunchCount=1, WarmupCount=3)",,1,Overhead,Actual,2,247360300,134217728,1.84,0,0,0,0
PrimitiveBenchmarks.LibraryImport_Byte_NoMarshalling,PInvokeBench,PrimitiveBenchmarks,LibraryImport_Byte_NoMarshalling,ShortRun,Default,Default,Default,Default,Default,Default,Default,Default,Default,Default,Default,Default,Default,Default,Default,Default,Default,Default,Default,Default,Default,Default,Default,Default,Default,Default,Default,Default,Default,Default,Default,3,Default,1,Default,Default,Default,Default,Default,Default,Default,3,"ShortRun(IterationCount=3, LaunchCount=1, WarmupCount=3)",,1,Overhead,Actual,3,264300400,134217728,1.97,0,0,0,0
PrimitiveBenchmarks.LibraryImport_Byte_NoMarshalling,PInvokeBench,PrimitiveBenchmarks,LibraryImport_Byte_NoMarshalling,ShortRun,Default,Default,Default,Default,Default,Default,Default,Default,Default,Default,Default,Default,Default,Default,Default,Default,Default,Default,Default,Default,Default,Default,Default,Default,Default,Default,Default,Default,Default,Default,Default,3,Default,1,Default,Default,Default,Default,Default,Default,Default,3,"ShortRun(IterationCount=3, LaunchCount=1, WarmupCount=3)",,1,Overhead,Actual,4,249103000,134217728,1.86,0,0,0,0
PrimitiveBenchmarks.LibraryImport_Byte_NoMarshalling,PInvokeBench,PrimitiveBenchmarks,LibraryImport_Byte_NoMarshalling,ShortRun,Default,Default,Default,Default,Default,Default,Default,Default,Default,Default,Default,Default,Default,Default,Default,Default,Default,Default,Default,Default,Default,Default,Default,Default,Default,Default,Default,Default,Default,Default,Default,3,Default,1,Default,Default,Default,Default,Default,Default,Default,3,"ShortRun(IterationCount=3, LaunchCount=1, WarmupCount=3)",,1,Overhead,Actual,5,271567700,134217728,2.02,0,0,0,0
PrimitiveBenchmarks.LibraryImport_Byte_NoMarshalling,PInvokeBench,PrimitiveBenchmarks,LibraryImport_Byte_NoMarshalling,ShortRun,Default,Default,Default,Default,Default,Default,Default,Default,Default,Default,Default,Default,Default,Default,Default,Default,Default,Default,Default,Default,Default,Default,Default,Default,Default,Default,Default,Default,Default,Default,Default,3,Default,1,Default,Default,Default,Default,Default,Default,Default,3,"ShortRun(IterationCount=3, LaunchCount=1, WarmupCount=3)",,1,Overhead,Actual,6,253626700,134217728,1.89,0,0,0,0
PrimitiveBenchmarks.LibraryImport_Byte_NoMarshalling,PInvokeBench,PrimitiveBenchmarks,LibraryImport_Byte_NoMarshalling,ShortRun,Default,Default,Default,Default,Default,Default,Default,Default,Default,Default,Default,Default,Default,Default,Default,Default,Default,Default,Default,Default,Default,Default,Default,Default,Default,Default,Default,Default,Default,Default,Default,3,Default,1,Default,Default,Default,Default,Default,Default,Default,3,"ShortRun(IterationCount=3, LaunchCount=1, WarmupCount=3)",,1,Overhead,Actual,7,248685800,134217728,1.85,0,0,0,0
PrimitiveBenchmarks.LibraryImport_Byte_NoMarshalling,PInvokeBench,PrimitiveBenchmarks,LibraryImport_Byte_NoMarshalling,ShortRun,Default,Default,Default,Default,Default,Default,Default,Default,Default,Default,Default,Default,Default,Default,Default,Default,Default,Default,Default,Default,Default,Default,Default,Default,Default,Default,Default,Default,Default,Default,Default,3,Default,1,Default,Default,Default,Default,Default,Default,Default,3,"ShortRun(IterationCount=3, LaunchCount=1, WarmupCount=3)",,1,Overhead,Actual,8,247518600,134217728,1.84,0,0,0,0
PrimitiveBenchmarks.LibraryImport_Byte_NoMarshalling,PInvokeBench,PrimitiveBenchmarks,LibraryImport_Byte_NoMarshalling,ShortRun,Default,Default,Default,Default,Default,Default,Default,Default,Default,Default,Default,Default,Default,Default,Default,Default,Default,Default,Default,Default,Default,Default,Default,Default,Default,Default,Default,Default,Default,Default,Default,3,Default,1,Default,Default,Default,Default,Default,Default,Default,3,"ShortRun(IterationCount=3, LaunchCount=1, WarmupCount=3)",,1,Overhead,Actual,9,250260700,134217728,1.86,0,0,0,0
PrimitiveBenchmarks.LibraryImport_Byte_NoMarshalling,PInvokeBench,PrimitiveBenchmarks,LibraryImport_Byte_NoMarshalling,ShortRun,Default,Default,Default,Default,Default,Default,Default,Default,Default,Default,Default,Default,Default,Default,Default,Default,Default,Default,Default,Default,Default,Default,Default,Default,Default,Default,Default,Default,Default,Default,Default,3,Default,1,Default,Default,Default,Default,Default,Default,Default,3,"ShortRun(IterationCount=3, LaunchCount=1, WarmupCount=3)",,1,Overhead,Actual,10,265795200,134217728,1.98,0,0,0,0
PrimitiveBenchmarks.LibraryImport_Byte_NoMarshalling,PInvokeBench,PrimitiveBenchmarks,LibraryImport_Byte_NoMarshalling,ShortRun,Default,Default,Default,Default,Default,Default,Default,Default,Default,Default,Default,Default,Default,Default,Default,Default,Default,Default,Default,Default,Default,Default,Default,Default,Default,Default,Default,Default,Default,Default,Default,3,Default,1,Default,Default,Default,Default,Default,Default,Default,3,"ShortRun(IterationCount=3, LaunchCount=1, WarmupCount=3)",,1,Overhead,Actual,11,261799800,134217728,1.95,0,0,0,0
PrimitiveBenchmarks.LibraryImport_Byte_NoMarshalling,PInvokeBench,PrimitiveBenchmarks,LibraryImport_Byte_NoMarshalling,ShortRun,Default,Default,Default,Default,Default,Default,Default,Default,Default,Default,Default,Default,Default,Default,Default,Default,Default,Default,Default,Default,Default,Default,Default,Default,Default,Default,Default,Default,Default,Default,Default,3,Default,1,Default,Default,Default,Default,Default,Default,Default,3,"ShortRun(IterationCount=3, LaunchCount=1, WarmupCount=3)",,1,Overhead,Actual,12,259913800,134217728,1.94,0,0,0,0
PrimitiveBenchmarks.LibraryImport_Byte_NoMarshalling,PInvokeBench,PrimitiveBenchmarks,LibraryImport_Byte_NoMarshalling,ShortRun,Default,Default,Default,Default,Default,Default,Default,Default,Default,Default,Default,Default,Default,Default,Default,Default,Default,Default,Default,Default,Default,Default,Default,Default,Default,Default,Default,Default,Default,Default,Default,3,Default,1,Default,Default,Default,Default,Default,Default,Default,3,"ShortRun(IterationCount=3, LaunchCount=1, WarmupCount=3)",,1,Overhead,Actual,13,246958900,134217728,1.84,0,0,0,0
PrimitiveBenchmarks.LibraryImport_Byte_NoMarshalling,PInvokeBench,PrimitiveBenchmarks,LibraryImport_Byte_NoMarshalling,ShortRun,Default,Default,Default,Default,Default,Default,Default,Default,Default,Default,Default,Default,Default,Default,Default,Default,Default,Default,Default,Default,Default,Default,Default,Default,Default,Default,Default,Default,Default,Default,Default,3,Default,1,Default,Default,Default,Default,Default,Default,Default,3,"ShortRun(IterationCount=3, LaunchCount=1, WarmupCount=3)",,1,Overhead,Actual,14,247160300,134217728,1.84,0,0,0,0
PrimitiveBenchmarks.LibraryImport_Byte_NoMarshalling,PInvokeBench,PrimitiveBenchmarks,LibraryImport_Byte_NoMarshalling,ShortRun,Default,Default,Default,Default,Default,Default,Default,Default,Default,Default,Default,Default,Default,Default,Default,Default,Default,Default,Default,Default,Default,Default,Default,Default,Default,Default,Default,Default,Default,Default,Default,3,Default,1,Default,Default,Default,Default,Default,Default,Default,3,"ShortRun(IterationCount=3, LaunchCount=1, WarmupCount=3)",,1,Overhead,Actual,15,267934400,134217728,2,0,0,0,0
PrimitiveBenchmarks.LibraryImport_Byte_NoMarshalling,PInvokeBench,PrimitiveBenchmarks,LibraryImport_Byte_NoMarshalling,ShortRun,Default,Default,Default,Default,Default,Default,Default,Default,Default,Default,Default,Default,Default,Default,Default,Default,Default,Default,Default,Default,Default,Default,Default,Default,Default,Default,Default,Default,Default,Default,Default,3,Default,1,Default,Default,Default,Default,Default,Default,Default,3,"ShortRun(IterationCount=3, LaunchCount=1, WarmupCount=3)",,1,Workload,Warmup,1,886155100,134217728,6.6,0,0,0,0
PrimitiveBenchmarks.LibraryImport_Byte_NoMarshalling,PInvokeBench,PrimitiveBenchmarks,LibraryImport_Byte_NoMarshalling,ShortRun,Default,Default,Default,Default,Default,Default,Default,Default,Default,Default,Default,Default,Default,Default,Default,Default,Default,Default,Default,Default,Default,Default,Default,Default,Default,Default,Default,Default,Default,Default,Default,3,Default,1,Default,Default,Default,Default,Default,Default,Default,3,"ShortRun(IterationCount=3, LaunchCount=1, WarmupCount=3)",,1,Workload,Warmup,2,924589800,134217728,6.89,0,0,0,0
PrimitiveBenchmarks.LibraryImport_Byte_NoMarshalling,PInvokeBench,PrimitiveBenchmarks,LibraryImport_Byte_NoMarshalling,ShortRun,Default,Default,Default,Default,Default,Default,Default,Default,Default,Default,Default,Default,Default,Default,Default,Default,Default,Default,Default,Default,Default,Default,Default,Default,Default,Default,Default,Default,Default,Default,Default,3,Default,1,Default,Default,Default,Default,Default,Default,Default,3,"ShortRun(IterationCount=3, LaunchCount=1, WarmupCount=3)",,1,Workload,Warmup,3,909851800,134217728,6.78,0,0,0,0
PrimitiveBenchmarks.LibraryImport_Byte_NoMarshalling,PInvokeBench,PrimitiveBenchmarks,LibraryImport_Byte_NoMarshalling,ShortRun,Default,Default,Default,Default,Default,Default,Default,Default,Default,Default,Default,Default,Default,Default,Default,Default,Default,Default,Default,Default,Default,Default,Default,Default,Default,Default,Default,Default,Default,Default,Default,3,Default,1,Default,Default,Default,Default,Default,Default,Default,3,"ShortRun(IterationCount=3, LaunchCount=1, WarmupCount=3)",,1,Workload,Actual,1,851462000,134217728,6.34,0,0,0,0
PrimitiveBenchmarks.LibraryImport_Byte_NoMarshalling,PInvokeBench,PrimitiveBenchmarks,LibraryImport_Byte_NoMarshalling,ShortRun,Default,Default,Default,Default,Default,Default,Default,Default,Default,Default,Default,Default,Default,Default,Default,Default,Default,Default,Default,Default,Default,Default,Default,Default,Default,Default,Default,Default,Default,Default,Default,3,Default,1,Default,Default,Default,Default,Default,Default,Default,3,"ShortRun(IterationCount=3, LaunchCount=1, WarmupCount=3)",,1,Workload,Actual,2,859074200,134217728,6.4,0,0,0,0
PrimitiveBenchmarks.LibraryImport_Byte_NoMarshalling,PInvokeBench,PrimitiveBenchmarks,LibraryImport_Byte_NoMarshalling,ShortRun,Default,Default,Default,Default,Default,Default,Default,Default,Default,Default,Default,Default,Default,Default,Default,Default,Default,Default,Default,Default,Default,Default,Default,Default,Default,Default,Default,Default,Default,Default,Default,3,Default,1,Default,Default,Default,Default,Default,Default,Default,3,"ShortRun(IterationCount=3, LaunchCount=1, WarmupCount=3)",,1,Workload,Actual,3,840090700,134217728,6.26,0,0,0,0
PrimitiveBenchmarks.LibraryImport_Byte_NoMarshalling,PInvokeBench,PrimitiveBenchmarks,LibraryImport_Byte_NoMarshalling,ShortRun,Default,Default,Default,Default,Default,Default,Default,Default,Default,Default,Default,Default,Default,Default,Default,Default,Default,Default,Default,Default,Default,Default,Default,Default,Default,Default,Default,Default,Default,Default,Default,3,Default,1,Default,Default,Default,Default,Default,Default,Default,3,"ShortRun(IterationCount=3, LaunchCount=1, WarmupCount=3)",,1,Workload,Result,1,601201300,134217728,4.48,0,0,0,0
PrimitiveBenchmarks.LibraryImport_Byte_NoMarshalling,PInvokeBench,PrimitiveBenchmarks,LibraryImport_Byte_NoMarshalling,ShortRun,Default,Default,Default,Default,Default,Default,Default,Default,Default,Default,Default,Default,Default,Default,Default,Default,Default,Default,Default,Default,Default,Default,Default,Default,Default,Default,Default,Default,Default,Default,Default,3,Default,1,Default,Default,Default,Default,Default,Default,Default,3,"ShortRun(IterationCount=3, LaunchCount=1, WarmupCount=3)",,1,Workload,Result,2,608813500,134217728,4.54,0,0,0,0
PrimitiveBenchmarks.LibraryImport_Byte_NoMarshalling,PInvokeBench,PrimitiveBenchmarks,LibraryImport_Byte_NoMarshalling,ShortRun,Default,Default,Default,Default,Default,Default,Default,Default,Default,Default,Default,Default,Default,Default,Default,Default,Default,Default,Default,Default,Default,Default,Default,Default,Default,Default,Default,Default,Default,Default,Default,3,Default,1,Default,Default,Default,Default,Default,Default,Default,3,"ShortRun(IterationCount=3, LaunchCount=1, WarmupCount=3)",,1,Workload,Result,3,589830000,134217728,4.39,0,0,0,0
PrimitiveBenchmarks.LibraryImport_Byte_SuppressGC,PInvokeBench,PrimitiveBenchmarks,LibraryImport_Byte_SuppressGC,ShortRun,Default,Default,Default,Default,Default,Default,Default,Default,Default,Default,Default,Default,Default,Default,Default,Default,Default,Default,Default,Default,Default,Default,Default,Default,Default,Default,Default,Default,Default,Default,Default,3,Default,1,Default,Default,Default,Default,Default,Default,Default,3,"ShortRun(IterationCount=3, LaunchCount=1, WarmupCount=3)",,1,Overhead,Jitting,1,197700,1,197700,0,0,0,0
PrimitiveBenchmarks.LibraryImport_Byte_SuppressGC,PInvokeBench,PrimitiveBenchmarks,LibraryImport_Byte_SuppressGC,ShortRun,Default,Default,Default,Default,Default,Default,Default,Default,Default,Default,Default,Default,Default,Default,Default,Default,Default,Default,Default,Default,Default,Default,Default,Default,Default,Default,Default,Default,Default,Default,Default,3,Default,1,Default,Default,Default,Default,Default,Default,Default,3,"ShortRun(IterationCount=3, LaunchCount=1, WarmupCount=3)",,1,Workload,Jitting,1,505500,1,505500,0,0,0,0
PrimitiveBenchmarks.LibraryImport_Byte_SuppressGC,PInvokeBench,PrimitiveBenchmarks,LibraryImport_Byte_SuppressGC,ShortRun,Default,Default,Default,Default,Default,Default,Default,Default,Default,Default,Default,Default,Default,Default,Default,Default,Default,Default,Default,Default,Default,Default,Default,Default,Default,Default,Default,Default,Default,Default,Default,3,Default,1,Default,Default,Default,Default,Default,Default,Default,3,"ShortRun(IterationCount=3, LaunchCount=1, WarmupCount=3)",,1,Overhead,Jitting,2,311200,16,19450,0,0,0,0
PrimitiveBenchmarks.LibraryImport_Byte_SuppressGC,PInvokeBench,PrimitiveBenchmarks,LibraryImport_Byte_SuppressGC,ShortRun,Default,Default,Default,Default,Default,Default,Default,Default,Default,Default,Default,Default,Default,Default,Default,Default,Default,Default,Default,Default,Default,Default,Default,Default,Default,Default,Default,Default,Default,Default,Default,3,Default,1,Default,Default,Default,Default,Default,Default,Default,3,"ShortRun(IterationCount=3, LaunchCount=1, WarmupCount=3)",,1,Workload,Jitting,2,299100,16,18693.75,0,0,0,0
PrimitiveBenchmarks.LibraryImport_Byte_SuppressGC,PInvokeBench,PrimitiveBenchmarks,LibraryImport_Byte_SuppressGC,ShortRun,Default,Default,Default,Default,Default,Default,Default,Default,Default,Default,Default,Default,Default,Default,Default,Default,Default,Default,Default,Default,Default,Default,Default,Default,Default,Default,Default,Default,Default,Default,Default,3,Default,1,Default,Default,Default,Default,Default,Default,Default,3,"ShortRun(IterationCount=3, LaunchCount=1, WarmupCount=3)",,1,Workload,Pilot,1,700,16,43.75,0,0,0,0
PrimitiveBenchmarks.LibraryImport_Byte_SuppressGC,PInvokeBench,PrimitiveBenchmarks,LibraryImport_Byte_SuppressGC,ShortRun,Default,Default,Default,Default,Default,Default,Default,Default,Default,Default,Default,Default,Default,Default,Default,Default,Default,Default,Default,Default,Default,Default,Default,Default,Default,Default,Default,Default,Default,Default,Default,3,Default,1,Default,Default,Default,Default,Default,Default,Default,3,"ShortRun(IterationCount=3, LaunchCount=1, WarmupCount=3)",,1,Workload,Pilot,2,500,32,15.63,0,0,0,0
PrimitiveBenchmarks.LibraryImport_Byte_SuppressGC,PInvokeBench,PrimitiveBenchmarks,LibraryImport_Byte_SuppressGC,ShortRun,Default,Default,Default,Default,Default,Default,Default,Default,Default,Default,Default,Default,Default,Default,Default,Default,Default,Default,Default,Default,Default,Default,Default,Default,Default,Default,Default,Default,Default,Default,Default,3,Default,1,Default,Default,Default,Default,Default,Default,Default,3,"ShortRun(IterationCount=3, LaunchCount=1, WarmupCount=3)",,1,Workload,Pilot,3,500,64,7.81,0,0,0,0
PrimitiveBenchmarks.LibraryImport_Byte_SuppressGC,PInvokeBench,PrimitiveBenchmarks,LibraryImport_Byte_SuppressGC,ShortRun,Default,Default,Default,Default,Default,Default,Default,Default,Default,Default,Default,Default,Default,Default,Default,Default,Default,Default,Default,Default,Default,Default,Default,Default,Default,Default,Default,Default,Default,Default,Default,3,Default,1,Default,Default,Default,Default,Default,Default,Default,3,"ShortRun(IterationCount=3, LaunchCount=1, WarmupCount=3)",,1,Workload,Pilot,4,800,128,6.25,0,0,0,0
PrimitiveBenchmarks.LibraryImport_Byte_SuppressGC,PInvokeBench,PrimitiveBenchmarks,LibraryImport_Byte_SuppressGC,ShortRun,Default,Default,Default,Default,Default,Default,Default,Default,Default,Default,Default,Default,Default,Default,Default,Default,Default,Default,Default,Default,Default,Default,Default,Default,Default,Default,Default,Default,Default,Default,Default,3,Default,1,Default,Default,Default,Default,Default,Default,Default,3,"ShortRun(IterationCount=3, LaunchCount=1, WarmupCount=3)",,1,Workload,Pilot,5,1500,256,5.86,0,0,0,0
PrimitiveBenchmarks.LibraryImport_Byte_SuppressGC,PInvokeBench,PrimitiveBenchmarks,LibraryImport_Byte_SuppressGC,ShortRun,Default,Default,Default,Default,Default,Default,Default,Default,Default,Default,Default,Default,Default,Default,Default,Default,Default,Default,Default,Default,Default,Default,Default,Default,Default,Default,Default,Default,Default,Default,Default,3,Default,1,Default,Default,Default,Default,Default,Default,Default,3,"ShortRun(IterationCount=3, LaunchCount=1, WarmupCount=3)",,1,Workload,Pilot,6,2000,512,3.91,0,0,0,0
PrimitiveBenchmarks.LibraryImport_Byte_SuppressGC,PInvokeBench,PrimitiveBenchmarks,LibraryImport_Byte_SuppressGC,ShortRun,Default,Default,Default,Default,Default,Default,Default,Default,Default,Default,Default,Default,Default,Default,Default,Default,Default,Default,Default,Default,Default,Default,Default,Default,Default,Default,Default,Default,Default,Default,Default,3,Default,1,Default,Default,Default,Default,Default,Default,Default,3,"ShortRun(IterationCount=3, LaunchCount=1, WarmupCount=3)",,1,Workload,Pilot,7,4100,1024,4,0,0,0,0
PrimitiveBenchmarks.LibraryImport_Byte_SuppressGC,PInvokeBench,PrimitiveBenchmarks,LibraryImport_Byte_SuppressGC,ShortRun,Default,Default,Default,Default,Default,Default,Default,Default,Default,Default,Default,Default,Default,Default,Default,Default,Default,Default,Default,Default,Default,Default,Default,Default,Default,Default,Default,Default,Default,Default,Default,3,Default,1,Default,Default,Default,Default,Default,Default,Default,3,"ShortRun(IterationCount=3, LaunchCount=1, WarmupCount=3)",,1,Workload,Pilot,8,7600,2048,3.71,0,0,0,0
PrimitiveBenchmarks.LibraryImport_Byte_SuppressGC,PInvokeBench,PrimitiveBenchmarks,LibraryImport_Byte_SuppressGC,ShortRun,Default,Default,Default,Default,Default,Default,Default,Default,Default,Default,Default,Default,Default,Default,Default,Default,Default,Default,Default,Default,Default,Default,Default,Default,Default,Default,Default,Default,Default,Default,Default,3,Default,1,Default,Default,Default,Default,Default,Default,Default,3,"ShortRun(IterationCount=3, LaunchCount=1, WarmupCount=3)",,1,Workload,Pilot,9,14600,4096,3.56,0,0,0,0
PrimitiveBenchmarks.LibraryImport_Byte_SuppressGC,PInvokeBench,PrimitiveBenchmarks,LibraryImport_Byte_SuppressGC,ShortRun,Default,Default,Default,Default,Default,Default,Default,Default,Default,Default,Default,Default,Default,Default,Default,Default,Default,Default,Default,Default,Default,Default,Default,Default,Default,Default,Default,Default,Default,Default,Default,3,Default,1,Default,Default,Default,Default,Default,Default,Default,3,"ShortRun(IterationCount=3, LaunchCount=1, WarmupCount=3)",,1,Workload,Pilot,10,29400,8192,3.59,0,0,0,0
PrimitiveBenchmarks.LibraryImport_Byte_SuppressGC,PInvokeBench,PrimitiveBenchmarks,LibraryImport_Byte_SuppressGC,ShortRun,Default,Default,Default,Default,Default,Default,Default,Default,Default,Default,Default,Default,Default,Default,Default,Default,Default,Default,Default,Default,Default,Default,Default,Default,Default,Default,Default,Default,Default,Default,Default,3,Default,1,Default,Default,Default,Default,Default,Default,Default,3,"ShortRun(IterationCount=3, LaunchCount=1, WarmupCount=3)",,1,Workload,Pilot,11,58200,16384,3.55,0,0,0,0
PrimitiveBenchmarks.LibraryImport_Byte_SuppressGC,PInvokeBench,PrimitiveBenchmarks,LibraryImport_Byte_SuppressGC,ShortRun,Default,Default,Default,Default,Default,Default,Default,Default,Default,Default,Default,Default,Default,Default,Default,Default,Default,Default,Default,Default,Default,Default,Default,Default,Default,Default,Default,Default,Default,Default,Default,3,Default,1,Default,Default,Default,Default,Default,Default,Default,3,"ShortRun(IterationCount=3, LaunchCount=1, WarmupCount=3)",,1,Workload,Pilot,12,115400,32768,3.52,0,0,0,0
PrimitiveBenchmarks.LibraryImport_Byte_SuppressGC,PInvokeBench,PrimitiveBenchmarks,LibraryImport_Byte_SuppressGC,ShortRun,Default,Default,Default,Default,Default,Default,Default,Default,Default,Default,Default,Default,Default,Default,Default,Default,Default,Default,Default,Default,Default,Default,Default,Default,Default,Default,Default,Default,Default,Default,Default,3,Default,1,Default,Default,Default,Default,Default,Default,Default,3,"ShortRun(IterationCount=3, LaunchCount=1, WarmupCount=3)",,1,Workload,Pilot,13,230700,65536,3.52,0,0,0,0
PrimitiveBenchmarks.LibraryImport_Byte_SuppressGC,PInvokeBench,PrimitiveBenchmarks,LibraryImport_Byte_SuppressGC,ShortRun,Default,Default,Default,Default,Default,Default,Default,Default,Default,Default,Default,Default,Default,Default,Default,Default,Default,Default,Default,Default,Default,Default,Default,Default,Default,Default,Default,Default,Default,Default,Default,3,Default,1,Default,Default,Default,Default,Default,Default,Default,3,"ShortRun(IterationCount=3, LaunchCount=1, WarmupCount=3)",,1,Workload,Pilot,14,460600,131072,3.51,0,0,0,0
PrimitiveBenchmarks.LibraryImport_Byte_SuppressGC,PInvokeBench,PrimitiveBenchmarks,LibraryImport_Byte_SuppressGC,ShortRun,Default,Default,Default,Default,Default,Default,Default,Default,Default,Default,Default,Default,Default,Default,Default,Default,Default,Default,Default,Default,Default,Default,Default,Default,Default,Default,Default,Default,Default,Default,Default,3,Default,1,Default,Default,Default,Default,Default,Default,Default,3,"ShortRun(IterationCount=3, LaunchCount=1, WarmupCount=3)",,1,Workload,Pilot,15,928800,262144,3.54,0,0,0,0
PrimitiveBenchmarks.LibraryImport_Byte_SuppressGC,PInvokeBench,PrimitiveBenchmarks,LibraryImport_Byte_SuppressGC,ShortRun,Default,Default,Default,Default,Default,Default,Default,Default,Default,Default,Default,Default,Default,Default,Default,Default,Default,Default,Default,Default,Default,Default,Default,Default,Default,Default,Default,Default,Default,Default,Default,3,Default,1,Default,Default,Default,Default,Default,Default,Default,3,"ShortRun(IterationCount=3, LaunchCount=1, WarmupCount=3)",,1,Workload,Pilot,16,1846000,524288,3.52,0,0,0,0
PrimitiveBenchmarks.LibraryImport_Byte_SuppressGC,PInvokeBench,PrimitiveBenchmarks,LibraryImport_Byte_SuppressGC,ShortRun,Default,Default,Default,Default,Default,Default,Default,Default,Default,Default,Default,Default,Default,Default,Default,Default,Default,Default,Default,Default,Default,Default,Default,Default,Default,Default,Default,Default,Default,Default,Default,3,Default,1,Default,Default,Default,Default,Default,Default,Default,3,"ShortRun(IterationCount=3, LaunchCount=1, WarmupCount=3)",,1,Workload,Pilot,17,3737100,1048576,3.56,0,0,0,0
PrimitiveBenchmarks.LibraryImport_Byte_SuppressGC,PInvokeBench,PrimitiveBenchmarks,LibraryImport_Byte_SuppressGC,ShortRun,Default,Default,Default,Default,Default,Default,Default,Default,Default,Default,Default,Default,Default,Default,Default,Default,Default,Default,Default,Default,Default,Default,Default,Default,Default,Default,Default,Default,Default,Default,Default,3,Default,1,Default,Default,Default,Default,Default,Default,Default,3,"ShortRun(IterationCount=3, LaunchCount=1, WarmupCount=3)",,1,Workload,Pilot,18,7500600,2097152,3.58,0,0,0,0
PrimitiveBenchmarks.LibraryImport_Byte_SuppressGC,PInvokeBench,PrimitiveBenchmarks,LibraryImport_Byte_SuppressGC,ShortRun,Default,Default,Default,Default,Default,Default,Default,Default,Default,Default,Default,Default,Default,Default,Default,Default,Default,Default,Default,Default,Default,Default,Default,Default,Default,Default,Default,Default,Default,Default,Default,3,Default,1,Default,Default,Default,Default,Default,Default,Default,3,"ShortRun(IterationCount=3, LaunchCount=1, WarmupCount=3)",,1,Workload,Pilot,19,14965400,4194304,3.57,0,0,0,0
PrimitiveBenchmarks.LibraryImport_Byte_SuppressGC,PInvokeBench,PrimitiveBenchmarks,LibraryImport_Byte_SuppressGC,ShortRun,Default,Default,Default,Default,Default,Default,Default,Default,Default,Default,Default,Default,Default,Default,Default,Default,Default,Default,Default,Default,Default,Default,Default,Default,Default,Default,Default,Default,Default,Default,Default,3,Default,1,Default,Default,Default,Default,Default,Default,Default,3,"ShortRun(IterationCount=3, LaunchCount=1, WarmupCount=3)",,1,Workload,Pilot,20,29633700,8388608,3.53,0,0,0,0
PrimitiveBenchmarks.LibraryImport_Byte_SuppressGC,PInvokeBench,PrimitiveBenchmarks,LibraryImport_Byte_SuppressGC,ShortRun,Default,Default,Default,Default,Default,Default,Default,Default,Default,Default,Default,Default,Default,Default,Default,Default,Default,Default,Default,Default,Default,Default,Default,Default,Default,Default,Default,Default,Default,Default,Default,3,Default,1,Default,Default,Default,Default,Default,Default,Default,3,"ShortRun(IterationCount=3, LaunchCount=1, WarmupCount=3)",,1,Workload,Pilot,21,58329500,16777216,3.48,0,0,0,0
PrimitiveBenchmarks.LibraryImport_Byte_SuppressGC,PInvokeBench,PrimitiveBenchmarks,LibraryImport_Byte_SuppressGC,ShortRun,Default,Default,Default,Default,Default,Default,Default,Default,Default,Default,Default,Default,Default,Default,Default,Default,Default,Default,Default,Default,Default,Default,Default,Default,Default,Default,Default,Default,Default,Default,Default,3,Default,1,Default,Default,Default,Default,Default,Default,Default,3,"ShortRun(IterationCount=3, LaunchCount=1, WarmupCount=3)",,1,Workload,Pilot,22,98903800,33554432,2.95,0,0,0,0
PrimitiveBenchmarks.LibraryImport_Byte_SuppressGC,PInvokeBench,PrimitiveBenchmarks,LibraryImport_Byte_SuppressGC,ShortRun,Default,Default,Default,Default,Default,Default,Default,Default,Default,Default,Default,Default,Default,Default,Default,Default,Default,Default,Default,Default,Default,Default,Default,Default,Default,Default,Default,Default,Default,Default,Default,3,Default,1,Default,Default,Default,Default,Default,Default,Default,3,"ShortRun(IterationCount=3, LaunchCount=1, WarmupCount=3)",,1,Workload,Pilot,23,193102200,67108864,2.88,0,0,0,0
PrimitiveBenchmarks.LibraryImport_Byte_SuppressGC,PInvokeBench,PrimitiveBenchmarks,LibraryImport_Byte_SuppressGC,ShortRun,Default,Default,Default,Default,Default,Default,Default,Default,Default,Default,Default,Default,Default,Default,Default,Default,Default,Default,Default,Default,Default,Default,Default,Default,Default,Default,Default,Default,Default,Default,Default,3,Default,1,Default,Default,Default,Default,Default,Default,Default,3,"ShortRun(IterationCount=3, LaunchCount=1, WarmupCount=3)",,1,Workload,Pilot,24,370994700,134217728,2.76,0,0,0,0
PrimitiveBenchmarks.LibraryImport_Byte_SuppressGC,PInvokeBench,PrimitiveBenchmarks,LibraryImport_Byte_SuppressGC,ShortRun,Default,Default,Default,Default,Default,Default,Default,Default,Default,Default,Default,Default,Default,Default,Default,Default,Default,Default,Default,Default,Default,Default,Default,Default,Default,Default,Default,Default,Default,Default,Default,3,Default,1,Default,Default,Default,Default,Default,Default,Default,3,"ShortRun(IterationCount=3, LaunchCount=1, WarmupCount=3)",,1,Workload,Pilot,25,759798400,268435456,2.83,0,0,0,0
PrimitiveBenchmarks.LibraryImport_Byte_SuppressGC,PInvokeBench,PrimitiveBenchmarks,LibraryImport_Byte_SuppressGC,ShortRun,Default,Default,Default,Default,Default,Default,Default,Default,Default,Default,Default,Default,Default,Default,Default,Default,Default,Default,Default,Default,Default,Default,Default,Default,Default,Default,Default,Default,Default,Default,Default,3,Default,1,Default,Default,Default,Default,Default,Default,Default,3,"ShortRun(IterationCount=3, LaunchCount=1, WarmupCount=3)",,1,Overhead,Warmup,1,550716500,268435456,2.05,0,0,0,0
PrimitiveBenchmarks.LibraryImport_Byte_SuppressGC,PInvokeBench,PrimitiveBenchmarks,LibraryImport_Byte_SuppressGC,ShortRun,Default,Default,Default,Default,Default,Default,Default,Default,Default,Default,Default,Default,Default,Default,Default,Default,Default,Default,Default,Default,Default,Default,Default,Default,Default,Default,Default,Default,Default,Default,Default,3,Default,1,Default,Default,Default,Default,Default,Default,Default,3,"ShortRun(IterationCount=3, LaunchCount=1, WarmupCount=3)",,1,Overhead,Warmup,2,486139700,268435456,1.81,0,0,0,0
PrimitiveBenchmarks.LibraryImport_Byte_SuppressGC,PInvokeBench,PrimitiveBenchmarks,LibraryImport_Byte_SuppressGC,ShortRun,Default,Default,Default,Default,Default,Default,Default,Default,Default,Default,Default,Default,Default,Default,Default,Default,Default,Default,Default,Default,Default,Default,Default,Default,Default,Default,Default,Default,Default,Default,Default,3,Default,1,Default,Default,Default,Default,Default,Default,Default,3,"ShortRun(IterationCount=3, LaunchCount=1, WarmupCount=3)",,1,Overhead,Warmup,3,485658400,268435456,1.81,0,0,0,0
PrimitiveBenchmarks.LibraryImport_Byte_SuppressGC,PInvokeBench,PrimitiveBenchmarks,LibraryImport_Byte_SuppressGC,ShortRun,Default,Default,Default,Default,Default,Default,Default,Default,Default,Default,Default,Default,Default,Default,Default,Default,Default,Default,Default,Default,Default,Default,Default,Default,Default,Default,Default,Default,Default,Default,Default,3,Default,1,Default,Default,Default,Default,Default,Default,Default,3,"ShortRun(IterationCount=3, LaunchCount=1, WarmupCount=3)",,1,Overhead,Warmup,4,483282400,268435456,1.8,0,0,0,0
PrimitiveBenchmarks.LibraryImport_Byte_SuppressGC,PInvokeBench,PrimitiveBenchmarks,LibraryImport_Byte_SuppressGC,ShortRun,Default,Default,Default,Default,Default,Default,Default,Default,Default,Default,Default,Default,Default,Default,Default,Default,Default,Default,Default,Default,Default,Default,Default,Default,Default,Default,Default,Default,Default,Default,Default,3,Default,1,Default,Default,Default,Default,Default,Default,Default,3,"ShortRun(IterationCount=3, LaunchCount=1, WarmupCount=3)",,1,Overhead,Warmup,5,493107100,268435456,1.84,0,0,0,0
PrimitiveBenchmarks.LibraryImport_Byte_SuppressGC,PInvokeBench,PrimitiveBenchmarks,LibraryImport_Byte_SuppressGC,ShortRun,Default,Default,Default,Default,Default,Default,Default,Default,Default,Default,Default,Default,Default,Default,Default,Default,Default,Default,Default,Default,Default,Default,Default,Default,Default,Default,Default,Default,Default,Default,Default,3,Default,1,Default,Default,Default,Default,Default,Default,Default,3,"ShortRun(IterationCount=3, LaunchCount=1, WarmupCount=3)",,1,Overhead,Warmup,6,484461600,268435456,1.8,0,0,0,0
PrimitiveBenchmarks.LibraryImport_Byte_SuppressGC,PInvokeBench,PrimitiveBenchmarks,LibraryImport_Byte_SuppressGC,ShortRun,Default,Default,Default,Default,Default,Default,Default,Default,Default,Default,Default,Default,Default,Default,Default,Default,Default,Default,Default,Default,Default,Default,Default,Default,Default,Default,Default,Default,Default,Default,Default,3,Default,1,Default,Default,Default,Default,Default,Default,Default,3,"ShortRun(IterationCount=3, LaunchCount=1, WarmupCount=3)",,1,Overhead,Warmup,7,494572700,268435456,1.84,0,0,0,0
PrimitiveBenchmarks.LibraryImport_Byte_SuppressGC,PInvokeBench,PrimitiveBenchmarks,LibraryImport_Byte_SuppressGC,ShortRun,Default,Default,Default,Default,Default,Default,Default,Default,Default,Default,Default,Default,Default,Default,Default,Default,Default,Default,Default,Default,Default,Default,Default,Default,Default,Default,Default,Default,Default,Default,Default,3,Default,1,Default,Default,Default,Default,Default,Default,Default,3,"ShortRun(IterationCount=3, LaunchCount=1, WarmupCount=3)",,1,Overhead,Warmup,8,482368200,268435456,1.8,0,0,0,0
PrimitiveBenchmarks.LibraryImport_Byte_SuppressGC,PInvokeBench,PrimitiveBenchmarks,LibraryImport_Byte_SuppressGC,ShortRun,Default,Default,Default,Default,Default,Default,Default,Default,Default,Default,Default,Default,Default,Default,Default,Default,Default,Default,Default,Default,Default,Default,Default,Default,Default,Default,Default,Default,Default,Default,Default,3,Default,1,Default,Default,Default,Default,Default,Default,Default,3,"ShortRun(IterationCount=3, LaunchCount=1, WarmupCount=3)",,1,Overhead,Actual,1,482488500,268435456,1.8,0,0,0,0
PrimitiveBenchmarks.LibraryImport_Byte_SuppressGC,PInvokeBench,PrimitiveBenchmarks,LibraryImport_Byte_SuppressGC,ShortRun,Default,Default,Default,Default,Default,Default,Default,Default,Default,Default,Default,Default,Default,Default,Default,Default,Default,Default,Default,Default,Default,Default,Default,Default,Default,Default,Default,Default,Default,Default,Default,3,Default,1,Default,Default,Default,Default,Default,Default,Default,3,"ShortRun(IterationCount=3, LaunchCount=1, WarmupCount=3)",,1,Overhead,Actual,2,488132000,268435456,1.82,0,0,0,0
PrimitiveBenchmarks.LibraryImport_Byte_SuppressGC,PInvokeBench,PrimitiveBenchmarks,LibraryImport_Byte_SuppressGC,ShortRun,Default,Default,Default,Default,Default,Default,Default,Default,Default,Default,Default,Default,Default,Default,Default,Default,Default,Default,Default,Default,Default,Default,Default,Default,Default,Default,Default,Default,Default,Default,Default,3,Default,1,Default,Default,Default,Default,Default,Default,Default,3,"ShortRun(IterationCount=3, LaunchCount=1, WarmupCount=3)",,1,Overhead,Actual,3,485006300,268435456,1.81,0,0,0,0
PrimitiveBenchmarks.LibraryImport_Byte_SuppressGC,PInvokeBench,PrimitiveBenchmarks,LibraryImport_Byte_SuppressGC,ShortRun,Default,Default,Default,Default,Default,Default,Default,Default,Default,Default,Default,Default,Default,Default,Default,Default,Default,Default,Default,Default,Default,Default,Default,Default,Default,Default,Default,Default,Default,Default,Default,3,Default,1,Default,Default,Default,Default,Default,Default,Default,3,"ShortRun(IterationCount=3, LaunchCount=1, WarmupCount=3)",,1,Overhead,Actual,4,491994300,268435456,1.83,0,0,0,0
PrimitiveBenchmarks.LibraryImport_Byte_SuppressGC,PInvokeBench,PrimitiveBenchmarks,LibraryImport_Byte_SuppressGC,ShortRun,Default,Default,Default,Default,Default,Default,Default,Default,Default,Default,Default,Default,Default,Default,Default,Default,Default,Default,Default,Default,Default,Default,Default,Default,Default,Default,Default,Default,Default,Default,Default,3,Default,1,Default,Default,Default,Default,Default,Default,Default,3,"ShortRun(IterationCount=3, LaunchCount=1, WarmupCount=3)",,1,Overhead,Actual,5,483388500,268435456,1.8,0,0,0,0
PrimitiveBenchmarks.LibraryImport_Byte_SuppressGC,PInvokeBench,PrimitiveBenchmarks,LibraryImport_Byte_SuppressGC,ShortRun,Default,Default,Default,Default,Default,Default,Default,Default,Default,Default,Default,Default,Default,Default,Default,Default,Default,Default,Default,Default,Default,Default,Default,Default,Default,Default,Default,Default,Default,Default,Default,3,Default,1,Default,Default,Default,Default,Default,Default,Default,3,"ShortRun(IterationCount=3, LaunchCount=1, WarmupCount=3)",,1,Overhead,Actual,6,487836400,268435456,1.82,0,0,0,0
PrimitiveBenchmarks.LibraryImport_Byte_SuppressGC,PInvokeBench,PrimitiveBenchmarks,LibraryImport_Byte_SuppressGC,ShortRun,Default,Default,Default,Default,Default,Default,Default,Default,Default,Default,Default,Default,Default,Default,Default,Default,Default,Default,Default,Default,Default,Default,Default,Default,Default,Default,Default,Default,Default,Default,Default,3,Default,1,Default,Default,Default,Default,Default,Default,Default,3,"ShortRun(IterationCount=3, LaunchCount=1, WarmupCount=3)",,1,Overhead,Actual,7,521977500,268435456,1.94,0,0,0,0
PrimitiveBenchmarks.LibraryImport_Byte_SuppressGC,PInvokeBench,PrimitiveBenchmarks,LibraryImport_Byte_SuppressGC,ShortRun,Default,Default,Default,Default,Default,Default,Default,Default,Default,Default,Default,Default,Default,Default,Default,Default,Default,Default,Default,Default,Default,Default,Default,Default,Default,Default,Default,Default,Default,Default,Default,3,Default,1,Default,Default,Default,Default,Default,Default,Default,3,"ShortRun(IterationCount=3, LaunchCount=1, WarmupCount=3)",,1,Overhead,Actual,8,511544600,268435456,1.91,0,0,0,0
PrimitiveBenchmarks.LibraryImport_Byte_SuppressGC,PInvokeBench,PrimitiveBenchmarks,LibraryImport_Byte_SuppressGC,ShortRun,Default,Default,Default,Default,Default,Default,Default,Default,Default,Default,Default,Default,Default,Default,Default,Default,Default,Default,Default,Default,Default,Default,Default,Default,Default,Default,Default,Default,Default,Default,Default,3,Default,1,Default,Default,Default,Default,Default,Default,Default,3,"ShortRun(IterationCount=3, LaunchCount=1, WarmupCount=3)",,1,Overhead,Actual,9,483240200,268435456,1.8,0,0,0,0
PrimitiveBenchmarks.LibraryImport_Byte_SuppressGC,PInvokeBench,PrimitiveBenchmarks,LibraryImport_Byte_SuppressGC,ShortRun,Default,Default,Default,Default,Default,Default,Default,Default,Default,Default,Default,Default,Default,Default,Default,Default,Default,Default,Default,Default,Default,Default,Default,Default,Default,Default,Default,Default,Default,Default,Default,3,Default,1,Default,Default,Default,Default,Default,Default,Default,3,"ShortRun(IterationCount=3, LaunchCount=1, WarmupCount=3)",,1,Overhead,Actual,10,486268000,268435456,1.81,0,0,0,0
PrimitiveBenchmarks.LibraryImport_Byte_SuppressGC,PInvokeBench,PrimitiveBenchmarks,LibraryImport_Byte_SuppressGC,ShortRun,Default,Default,Default,Default,Default,Default,Default,Default,Default,Default,Default,Default,Default,Default,Default,Default,Default,Default,Default,Default,Default,Default,Default,Default,Default,Default,Default,Default,Default,Default,Default,3,Default,1,Default,Default,Default,Default,Default,Default,Default,3,"ShortRun(IterationCount=3, LaunchCount=1, WarmupCount=3)",,1,Overhead,Actual,11,485019100,268435456,1.81,0,0,0,0
PrimitiveBenchmarks.LibraryImport_Byte_SuppressGC,PInvokeBench,PrimitiveBenchmarks,LibraryImport_Byte_SuppressGC,ShortRun,Default,Default,Default,Default,Default,Default,Default,Default,Default,Default,Default,Default,Default,Default,Default,Default,Default,Default,Default,Default,Default,Default,Default,Default,Default,Default,Default,Default,Default,Default,Default,3,Default,1,Default,Default,Default,Default,Default,Default,Default,3,"ShortRun(IterationCount=3, LaunchCount=1, WarmupCount=3)",,1,Overhead,Actual,12,503382400,268435456,1.88,0,0,0,0
PrimitiveBenchmarks.LibraryImport_Byte_SuppressGC,PInvokeBench,PrimitiveBenchmarks,LibraryImport_Byte_SuppressGC,ShortRun,Default,Default,Default,Default,Default,Default,Default,Default,Default,Default,Default,Default,Default,Default,Default,Default,Default,Default,Default,Default,Default,Default,Default,Default,Default,Default,Default,Default,Default,Default,Default,3,Default,1,Default,Default,Default,Default,Default,Default,Default,3,"ShortRun(IterationCount=3, LaunchCount=1, WarmupCount=3)",,1,Overhead,Actual,13,491142700,268435456,1.83,0,0,0,0
PrimitiveBenchmarks.LibraryImport_Byte_SuppressGC,PInvokeBench,PrimitiveBenchmarks,LibraryImport_Byte_SuppressGC,ShortRun,Default,Default,Default,Default,Default,Default,Default,Default,Default,Default,Default,Default,Default,Default,Default,Default,Default,Default,Default,Default,Default,Default,Default,Default,Default,Default,Default,Default,Default,Default,Default,3,Default,1,Default,Default,Default,Default,Default,Default,Default,3,"ShortRun(IterationCount=3, LaunchCount=1, WarmupCount=3)",,1,Overhead,Actual,14,486333900,268435456,1.81,0,0,0,0
PrimitiveBenchmarks.LibraryImport_Byte_SuppressGC,PInvokeBench,PrimitiveBenchmarks,LibraryImport_Byte_SuppressGC,ShortRun,Default,Default,Default,Default,Default,Default,Default,Default,Default,Default,Default,Default,Default,Default,Default,Default,Default,Default,Default,Default,Default,Default,Default,Default,Default,Default,Default,Default,Default,Default,Default,3,Default,1,Default,Default,Default,Default,Default,Default,Default,3,"ShortRun(IterationCount=3, LaunchCount=1, WarmupCount=3)",,1,Overhead,Actual,15,485452900,268435456,1.81,0,0,0,0
PrimitiveBenchmarks.LibraryImport_Byte_SuppressGC,PInvokeBench,PrimitiveBenchmarks,LibraryImport_Byte_SuppressGC,ShortRun,Default,Default,Default,Default,Default,Default,Default,Default,Default,Default,Default,Default,Default,Default,Default,Default,Default,Default,Default,Default,Default,Default,Default,Default,Default,Default,Default,Default,Default,Default,Default,3,Default,1,Default,Default,Default,Default,Default,Default,Default,3,"ShortRun(IterationCount=3, LaunchCount=1, WarmupCount=3)",,1,Workload,Warmup,1,709817300,268435456,2.64,0,0,0,0
PrimitiveBenchmarks.LibraryImport_Byte_SuppressGC,PInvokeBench,PrimitiveBenchmarks,LibraryImport_Byte_SuppressGC,ShortRun,Default,Default,Default,Default,Default,Default,Default,Default,Default,Default,Default,Default,Default,Default,Default,Default,Default,Default,Default,Default,Default,Default,Default,Default,Default,Default,Default,Default,Default,Default,Default,3,Default,1,Default,Default,Default,Default,Default,Default,Default,3,"ShortRun(IterationCount=3, LaunchCount=1, WarmupCount=3)",,1,Workload,Warmup,2,725596400,268435456,2.7,0,0,0,0
PrimitiveBenchmarks.LibraryImport_Byte_SuppressGC,PInvokeBench,PrimitiveBenchmarks,LibraryImport_Byte_SuppressGC,ShortRun,Default,Default,Default,Default,Default,Default,Default,Default,Default,Default,Default,Default,Default,Default,Default,Default,Default,Default,Default,Default,Default,Default,Default,Default,Default,Default,Default,Default,Default,Default,Default,3,Default,1,Default,Default,Default,Default,Default,Default,Default,3,"ShortRun(IterationCount=3, LaunchCount=1, WarmupCount=3)",,1,Workload,Warmup,3,748828600,268435456,2.79,0,0,0,0
PrimitiveBenchmarks.LibraryImport_Byte_SuppressGC,PInvokeBench,PrimitiveBenchmarks,LibraryImport_Byte_SuppressGC,ShortRun,Default,Default,Default,Default,Default,Default,Default,Default,Default,Default,Default,Default,Default,Default,Default,Default,Default,Default,Default,Default,Default,Default,Default,Default,Default,Default,Default,Default,Default,Default,Default,3,Default,1,Default,Default,Default,Default,Default,Default,Default,3,"ShortRun(IterationCount=3, LaunchCount=1, WarmupCount=3)",,1,Workload,Actual,1,753835900,268435456,2.81,0,0,0,0
PrimitiveBenchmarks.LibraryImport_Byte_SuppressGC,PInvokeBench,PrimitiveBenchmarks,LibraryImport_Byte_SuppressGC,ShortRun,Default,Default,Default,Default,Default,Default,Default,Default,Default,Default,Default,Default,Default,Default,Default,Default,Default,Default,Default,Default,Default,Default,Default,Default,Default,Default,Default,Default,Default,Default,Default,3,Default,1,Default,Default,Default,Default,Default,Default,Default,3,"ShortRun(IterationCount=3, LaunchCount=1, WarmupCount=3)",,1,Workload,Actual,2,721217300,268435456,2.69,0,0,0,0
PrimitiveBenchmarks.LibraryImport_Byte_SuppressGC,PInvokeBench,PrimitiveBenchmarks,LibraryImport_Byte_SuppressGC,ShortRun,Default,Default,Default,Default,Default,Default,Default,Default,Default,Default,Default,Default,Default,Default,Default,Default,Default,Default,Default,Default,Default,Default,Default,Default,Default,Default,Default,Default,Default,Default,Default,3,Default,1,Default,Default,Default,Default,Default,Default,Default,3,"ShortRun(IterationCount=3, LaunchCount=1, WarmupCount=3)",,1,Workload,Actual,3,724107500,268435456,2.7,0,0,0,0
PrimitiveBenchmarks.LibraryImport_Byte_SuppressGC,PInvokeBench,PrimitiveBenchmarks,LibraryImport_Byte_SuppressGC,ShortRun,Default,Default,Default,Default,Default,Default,Default,Default,Default,Default,Default,Default,Default,Default,Default,Default,Default,Default,Default,Default,Default,Default,Default,Default,Default,Default,Default,Default,Default,Default,Default,3,Default,1,Default,Default,Default,Default,Default,Default,Default,3,"ShortRun(IterationCount=3, LaunchCount=1, WarmupCount=3)",,1,Workload,Result,1,267502000,268435456,1,0,0,0,0
PrimitiveBenchmarks.LibraryImport_Byte_SuppressGC,PInvokeBench,PrimitiveBenchmarks,LibraryImport_Byte_SuppressGC,ShortRun,Default,Default,Default,Default,Default,Default,Default,Default,Default,Default,Default,Default,Default,Default,Default,Default,Default,Default,Default,Default,Default,Default,Default,Default,Default,Default,Default,Default,Default,Default,Default,3,Default,1,Default,Default,Default,Default,Default,Default,Default,3,"ShortRun(IterationCount=3, LaunchCount=1, WarmupCount=3)",,1,Workload,Result,2,234883400,268435456,0.88,0,0,0,0
PrimitiveBenchmarks.LibraryImport_Byte_SuppressGC,PInvokeBench,PrimitiveBenchmarks,LibraryImport_Byte_SuppressGC,ShortRun,Default,Default,Default,Default,Default,Default,Default,Default,Default,Default,Default,Default,Default,Default,Default,Default,Default,Default,Default,Default,Default,Default,Default,Default,Default,Default,Default,Default,Default,Default,Default,3,Default,1,Default,Default,Default,Default,Default,Default,Default,3,"ShortRun(IterationCount=3, LaunchCount=1, WarmupCount=3)",,1,Workload,Result,3,237773600,268435456,0.89,0,0,0,0
PrimitiveBenchmarks.LibraryImport_Int64,PInvokeBench,PrimitiveBenchmarks,LibraryImport_Int64,ShortRun,Default,Default,Default,Default,Default,Default,Default,Default,Default,Default,Default,Default,Default,Default,Default,Default,Default,Default,Default,Default,Default,Default,Default,Default,Default,Default,Default,Default,Default,Default,Default,3,Default,1,Default,Default,Default,Default,Default,Default,Default,3,"ShortRun(IterationCount=3, LaunchCount=1, WarmupCount=3)",,1,Overhead,Jitting,1,538300,1,538300,0,0,0,0
PrimitiveBenchmarks.LibraryImport_Int64,PInvokeBench,PrimitiveBenchmarks,LibraryImport_Int64,ShortRun,Default,Default,Default,Default,Default,Default,Default,Default,Default,Default,Default,Default,Default,Default,Default,Default,Default,Default,Default,Default,Default,Default,Default,Default,Default,Default,Default,Default,Default,Default,Default,3,Default,1,Default,Default,Default,Default,Default,Default,Default,3,"ShortRun(IterationCount=3, LaunchCount=1, WarmupCount=3)",,1,Workload,Jitting,1,959700,1,959700,0,0,0,0
PrimitiveBenchmarks.LibraryImport_Int64,PInvokeBench,PrimitiveBenchmarks,LibraryImport_Int64,ShortRun,Default,Default,Default,Default,Default,Default,Default,Default,Default,Default,Default,Default,Default,Default,Default,Default,Default,Default,Default,Default,Default,Default,Default,Default,Default,Default,Default,Default,Default,Default,Default,3,Default,1,Default,Default,Default,Default,Default,Default,Default,3,"ShortRun(IterationCount=3, LaunchCount=1, WarmupCount=3)",,1,Overhead,Jitting,2,307300,16,19206.25,0,0,0,0
PrimitiveBenchmarks.LibraryImport_Int64,PInvokeBench,PrimitiveBenchmarks,LibraryImport_Int64,ShortRun,Default,Default,Default,Default,Default,Default,Default,Default,Default,Default,Default,Default,Default,Default,Default,Default,Default,Default,Default,Default,Default,Default,Default,Default,Default,Default,Default,Default,Default,Default,Default,3,Default,1,Default,Default,Default,Default,Default,Default,Default,3,"ShortRun(IterationCount=3, LaunchCount=1, WarmupCount=3)",,1,Workload,Jitting,2,304900,16,19056.25,0,0,0,0
PrimitiveBenchmarks.LibraryImport_Int64,PInvokeBench,PrimitiveBenchmarks,LibraryImport_Int64,ShortRun,Default,Default,Default,Default,Default,Default,Default,Default,Default,Default,Default,Default,Default,Default,Default,Default,Default,Default,Default,Default,Default,Default,Default,Default,Default,Default,Default,Default,Default,Default,Default,3,Default,1,Default,Default,Default,Default,Default,Default,Default,3,"ShortRun(IterationCount=3, LaunchCount=1, WarmupCount=3)",,1,Workload,Pilot,1,600,16,37.5,0,0,0,0
PrimitiveBenchmarks.LibraryImport_Int64,PInvokeBench,PrimitiveBenchmarks,LibraryImport_Int64,ShortRun,Default,Default,Default,Default,Default,Default,Default,Default,Default,Default,Default,Default,Default,Default,Default,Default,Default,Default,Default,Default,Default,Default,Default,Default,Default,Default,Default,Default,Default,Default,Default,3,Default,1,Default,Default,Default,Default,Default,Default,Default,3,"ShortRun(IterationCount=3, LaunchCount=1, WarmupCount=3)",,1,Workload,Pilot,2,700,32,21.88,0,0,0,0
PrimitiveBenchmarks.LibraryImport_Int64,PInvokeBench,PrimitiveBenchmarks,LibraryImport_Int64,ShortRun,Default,Default,Default,Default,Default,Default,Default,Default,Default,Default,Default,Default,Default,Default,Default,Default,Default,Default,Default,Default,Default,Default,Default,Default,Default,Default,Default,Default,Default,Default,Default,3,Default,1,Default,Default,Default,Default,Default,Default,Default,3,"ShortRun(IterationCount=3, LaunchCount=1, WarmupCount=3)",,1,Workload,Pilot,3,900,64,14.06,0,0,0,0
PrimitiveBenchmarks.LibraryImport_Int64,PInvokeBench,PrimitiveBenchmarks,LibraryImport_Int64,ShortRun,Default,Default,Default,Default,Default,Default,Default,Default,Default,Default,Default,Default,Default,Default,Default,Default,Default,Default,Default,Default,Default,Default,Default,Default,Default,Default,Default,Default,Default,Default,Default,3,Default,1,Default,Default,Default,Default,Default,Default,Default,3,"ShortRun(IterationCount=3, LaunchCount=1, WarmupCount=3)",,1,Workload,Pilot,4,1300,128,10.16,0,0,0,0
PrimitiveBenchmarks.LibraryImport_Int64,PInvokeBench,PrimitiveBenchmarks,LibraryImport_Int64,ShortRun,Default,Default,Default,Default,Default,Default,Default,Default,Default,Default,Default,Default,Default,Default,Default,Default,Default,Default,Default,Default,Default,Default,Default,Default,Default,Default,Default,Default,Default,Default,Default,3,Default,1,Default,Default,Default,Default,Default,Default,Default,3,"ShortRun(IterationCount=3, LaunchCount=1, WarmupCount=3)",,1,Workload,Pilot,5,1800,256,7.03,0,0,0,0
PrimitiveBenchmarks.LibraryImport_Int64,PInvokeBench,PrimitiveBenchmarks,LibraryImport_Int64,ShortRun,Default,Default,Default,Default,Default,Default,Default,Default,Default,Default,Default,Default,Default,Default,Default,Default,Default,Default,Default,Default,Default,Default,Default,Default,Default,Default,Default,Default,Default,Default,Default,3,Default,1,Default,Default,Default,Default,Default,Default,Default,3,"ShortRun(IterationCount=3, LaunchCount=1, WarmupCount=3)",,1,Workload,Pilot,6,3400,512,6.64,0,0,0,0
PrimitiveBenchmarks.LibraryImport_Int64,PInvokeBench,PrimitiveBenchmarks,LibraryImport_Int64,ShortRun,Default,Default,Default,Default,Default,Default,Default,Default,Default,Default,Default,Default,Default,Default,Default,Default,Default,Default,Default,Default,Default,Default,Default,Default,Default,Default,Default,Default,Default,Default,Default,3,Default,1,Default,Default,Default,Default,Default,Default,Default,3,"ShortRun(IterationCount=3, LaunchCount=1, WarmupCount=3)",,1,Workload,Pilot,7,6000,1024,5.86,0,0,0,0
PrimitiveBenchmarks.LibraryImport_Int64,PInvokeBench,PrimitiveBenchmarks,LibraryImport_Int64,ShortRun,Default,Default,Default,Default,Default,Default,Default,Default,Default,Default,Default,Default,Default,Default,Default,Default,Default,Default,Default,Default,Default,Default,Default,Default,Default,Default,Default,Default,Default,Default,Default,3,Default,1,Default,Default,Default,Default,Default,Default,Default,3,"ShortRun(IterationCount=3, LaunchCount=1, WarmupCount=3)",,1,Workload,Pilot,8,11800,2048,5.76,0,0,0,0
PrimitiveBenchmarks.LibraryImport_Int64,PInvokeBench,PrimitiveBenchmarks,LibraryImport_Int64,ShortRun,Default,Default,Default,Default,Default,Default,Default,Default,Default,Default,Default,Default,Default,Default,Default,Default,Default,Default,Default,Default,Default,Default,Default,Default,Default,Default,Default,Default,Default,Default,Default,3,Default,1,Default,Default,Default,Default,Default,Default,Default,3,"ShortRun(IterationCount=3, LaunchCount=1, WarmupCount=3)",,1,Workload,Pilot,9,23400,4096,5.71,0,0,0,0
PrimitiveBenchmarks.LibraryImport_Int64,PInvokeBench,PrimitiveBenchmarks,LibraryImport_Int64,ShortRun,Default,Default,Default,Default,Default,Default,Default,Default,Default,Default,Default,Default,Default,Default,Default,Default,Default,Default,Default,Default,Default,Default,Default,Default,Default,Default,Default,Default,Default,Default,Default,3,Default,1,Default,Default,Default,Default,Default,Default,Default,3,"ShortRun(IterationCount=3, LaunchCount=1, WarmupCount=3)",,1,Workload,Pilot,10,60200,8192,7.35,0,0,0,0
PrimitiveBenchmarks.LibraryImport_Int64,PInvokeBench,PrimitiveBenchmarks,LibraryImport_Int64,ShortRun,Default,Default,Default,Default,Default,Default,Default,Default,Default,Default,Default,Default,Default,Default,Default,Default,Default,Default,Default,Default,Default,Default,Default,Default,Default,Default,Default,Default,Default,Default,Default,3,Default,1,Default,Default,Default,Default,Default,Default,Default,3,"ShortRun(IterationCount=3, LaunchCount=1, WarmupCount=3)",,1,Workload,Pilot,11,99300,16384,6.06,0,0,0,0
PrimitiveBenchmarks.LibraryImport_Int64,PInvokeBench,PrimitiveBenchmarks,LibraryImport_Int64,ShortRun,Default,Default,Default,Default,Default,Default,Default,Default,Default,Default,Default,Default,Default,Default,Default,Default,Default,Default,Default,Default,Default,Default,Default,Default,Default,Default,Default,Default,Default,Default,Default,3,Default,1,Default,Default,Default,Default,Default,Default,Default,3,"ShortRun(IterationCount=3, LaunchCount=1, WarmupCount=3)",,1,Workload,Pilot,12,178700,32768,5.45,0,0,0,0
PrimitiveBenchmarks.LibraryImport_Int64,PInvokeBench,PrimitiveBenchmarks,LibraryImport_Int64,ShortRun,Default,Default,Default,Default,Default,Default,Default,Default,Default,Default,Default,Default,Default,Default,Default,Default,Default,Default,Default,Default,Default,Default,Default,Default,Default,Default,Default,Default,Default,Default,Default,3,Default,1,Default,Default,Default,Default,Default,Default,Default,3,"ShortRun(IterationCount=3, LaunchCount=1, WarmupCount=3)",,1,Workload,Pilot,13,366200,65536,5.59,0,0,0,0
PrimitiveBenchmarks.LibraryImport_Int64,PInvokeBench,PrimitiveBenchmarks,LibraryImport_Int64,ShortRun,Default,Default,Default,Default,Default,Default,Default,Default,Default,Default,Default,Default,Default,Default,Default,Default,Default,Default,Default,Default,Default,Default,Default,Default,Default,Default,Default,Default,Default,Default,Default,3,Default,1,Default,Default,Default,Default,Default,Default,Default,3,"ShortRun(IterationCount=3, LaunchCount=1, WarmupCount=3)",,1,Workload,Pilot,14,765000,131072,5.84,0,0,0,0
PrimitiveBenchmarks.LibraryImport_Int64,PInvokeBench,PrimitiveBenchmarks,LibraryImport_Int64,ShortRun,Default,Default,Default,Default,Default,Default,Default,Default,Default,Default,Default,Default,Default,Default,Default,Default,Default,Default,Default,Default,Default,Default,Default,Default,Default,Default,Default,Default,Default,Default,Default,3,Default,1,Default,Default,Default,Default,Default,Default,Default,3,"ShortRun(IterationCount=3, LaunchCount=1, WarmupCount=3)",,1,Workload,Pilot,15,1711400,262144,6.53,0,0,0,0
PrimitiveBenchmarks.LibraryImport_Int64,PInvokeBench,PrimitiveBenchmarks,LibraryImport_Int64,ShortRun,Default,Default,Default,Default,Default,Default,Default,Default,Default,Default,Default,Default,Default,Default,Default,Default,Default,Default,Default,Default,Default,Default,Default,Default,Default,Default,Default,Default,Default,Default,Default,3,Default,1,Default,Default,Default,Default,Default,Default,Default,3,"ShortRun(IterationCount=3, LaunchCount=1, WarmupCount=3)",,1,Workload,Pilot,16,3601800,524288,6.87,0,0,0,0
PrimitiveBenchmarks.LibraryImport_Int64,PInvokeBench,PrimitiveBenchmarks,LibraryImport_Int64,ShortRun,Default,Default,Default,Default,Default,Default,Default,Default,Default,Default,Default,Default,Default,Default,Default,Default,Default,Default,Default,Default,Default,Default,Default,Default,Default,Default,Default,Default,Default,Default,Default,3,Default,1,Default,Default,Default,Default,Default,Default,Default,3,"ShortRun(IterationCount=3, LaunchCount=1, WarmupCount=3)",,1,Workload,Pilot,17,7346400,1048576,7.01,0,0,0,0
PrimitiveBenchmarks.LibraryImport_Int64,PInvokeBench,PrimitiveBenchmarks,LibraryImport_Int64,ShortRun,Default,Default,Default,Default,Default,Default,Default,Default,Default,Default,Default,Default,Default,Default,Default,Default,Default,Default,Default,Default,Default,Default,Default,Default,Default,Default,Default,Default,Default,Default,Default,3,Default,1,Default,Default,Default,Default,Default,Default,Default,3,"ShortRun(IterationCount=3, LaunchCount=1, WarmupCount=3)",,1,Workload,Pilot,18,15906100,2097152,7.58,0,0,0,0
PrimitiveBenchmarks.LibraryImport_Int64,PInvokeBench,PrimitiveBenchmarks,LibraryImport_Int64,ShortRun,Default,Default,Default,Default,Default,Default,Default,Default,Default,Default,Default,Default,Default,Default,Default,Default,Default,Default,Default,Default,Default,Default,Default,Default,Default,Default,Default,Default,Default,Default,Default,3,Default,1,Default,Default,Default,Default,Default,Default,Default,3,"ShortRun(IterationCount=3, LaunchCount=1, WarmupCount=3)",,1,Workload,Pilot,19,31108300,4194304,7.42,0,0,0,0
PrimitiveBenchmarks.LibraryImport_Int64,PInvokeBench,PrimitiveBenchmarks,LibraryImport_Int64,ShortRun,Default,Default,Default,Default,Default,Default,Default,Default,Default,Default,Default,Default,Default,Default,Default,Default,Default,Default,Default,Default,Default,Default,Default,Default,Default,Default,Default,Default,Default,Default,Default,3,Default,1,Default,Default,Default,Default,Default,Default,Default,3,"ShortRun(IterationCount=3, LaunchCount=1, WarmupCount=3)",,1,Workload,Pilot,20,60371200,8388608,7.2,0,0,0,0
PrimitiveBenchmarks.LibraryImport_Int64,PInvokeBench,PrimitiveBenchmarks,LibraryImport_Int64,ShortRun,Default,Default,Default,Default,Default,Default,Default,Default,Default,Default,Default,Default,Default,Default,Default,Default,Default,Default,Default,Default,Default,Default,Default,Default,Default,Default,Default,Default,Default,Default,Default,3,Default,1,Default,Default,Default,Default,Default,Default,Default,3,"ShortRun(IterationCount=3, LaunchCount=1, WarmupCount=3)",,1,Workload,Pilot,21,102624500,16777216,6.12,0,0,0,0
PrimitiveBenchmarks.LibraryImport_Int64,PInvokeBench,PrimitiveBenchmarks,LibraryImport_Int64,ShortRun,Default,Default,Default,Default,Default,Default,Default,Default,Default,Default,Default,Default,Default,Default,Default,Default,Default,Default,Default,Default,Default,Default,Default,Default,Default,Default,Default,Default,Default,Default,Default,3,Default,1,Default,Default,Default,Default,Default,Default,Default,3,"ShortRun(IterationCount=3, LaunchCount=1, WarmupCount=3)",,1,Workload,Pilot,22,204146900,33554432,6.08,0,0,0,0
PrimitiveBenchmarks.LibraryImport_Int64,PInvokeBench,PrimitiveBenchmarks,LibraryImport_Int64,ShortRun,Default,Default,Default,Default,Default,Default,Default,Default,Default,Default,Default,Default,Default,Default,Default,Default,Default,Default,Default,Default,Default,Default,Default,Default,Default,Default,Default,Default,Default,Default,Default,3,Default,1,Default,Default,Default,Default,Default,Default,Default,3,"ShortRun(IterationCount=3, LaunchCount=1, WarmupCount=3)",,1,Workload,Pilot,23,404080600,67108864,6.02,0,0,0,0
PrimitiveBenchmarks.LibraryImport_Int64,PInvokeBench,PrimitiveBenchmarks,LibraryImport_Int64,ShortRun,Default,Default,Default,Default,Default,Default,Default,Default,Default,Default,Default,Default,Default,Default,Default,Default,Default,Default,Default,Default,Default,Default,Default,Default,Default,Default,Default,Default,Default,Default,Default,3,Default,1,Default,Default,Default,Default,Default,Default,Default,3,"ShortRun(IterationCount=3, LaunchCount=1, WarmupCount=3)",,1,Workload,Pilot,24,849091300,134217728,6.33,0,0,0,0
PrimitiveBenchmarks.LibraryImport_Int64,PInvokeBench,PrimitiveBenchmarks,LibraryImport_Int64,ShortRun,Default,Default,Default,Default,Default,Default,Default,Default,Default,Default,Default,Default,Default,Default,Default,Default,Default,Default,Default,Default,Default,Default,Default,Default,Default,Default,Default,Default,Default,Default,Default,3,Default,1,Default,Default,Default,Default,Default,Default,Default,3,"ShortRun(IterationCount=3, LaunchCount=1, WarmupCount=3)",,1,Overhead,Warmup,1,299852500,134217728,2.23,0,0,0,0
PrimitiveBenchmarks.LibraryImport_Int64,PInvokeBench,PrimitiveBenchmarks,LibraryImport_Int64,ShortRun,Default,Default,Default,Default,Default,Default,Default,Default,Default,Default,Default,Default,Default,Default,Default,Default,Default,Default,Default,Default,Default,Default,Default,Default,Default,Default,Default,Default,Default,Default,Default,3,Default,1,Default,Default,Default,Default,Default,Default,Default,3,"ShortRun(IterationCount=3, LaunchCount=1, WarmupCount=3)",,1,Overhead,Warmup,2,251016700,134217728,1.87,0,0,0,0
PrimitiveBenchmarks.LibraryImport_Int64,PInvokeBench,PrimitiveBenchmarks,LibraryImport_Int64,ShortRun,Default,Default,Default,Default,Default,Default,Default,Default,Default,Default,Default,Default,Default,Default,Default,Default,Default,Default,Default,Default,Default,Default,Default,Default,Default,Default,Default,Default,Default,Default,Default,3,Default,1,Default,Default,Default,Default,Default,Default,Default,3,"ShortRun(IterationCount=3, LaunchCount=1, WarmupCount=3)",,1,Overhead,Warmup,3,268681100,134217728,2,0,0,0,0
PrimitiveBenchmarks.LibraryImport_Int64,PInvokeBench,PrimitiveBenchmarks,LibraryImport_Int64,ShortRun,Default,Default,Default,Default,Default,Default,Default,Default,Default,Default,Default,Default,Default,Default,Default,Default,Default,Default,Default,Default,Default,Default,Default,Default,Default,Default,Default,Default,Default,Default,Default,3,Default,1,Default,Default,Default,Default,Default,Default,Default,3,"ShortRun(IterationCount=3, LaunchCount=1, WarmupCount=3)",,1,Overhead,Warmup,4,247760100,134217728,1.85,0,0,0,0
PrimitiveBenchmarks.LibraryImport_Int64,PInvokeBench,PrimitiveBenchmarks,LibraryImport_Int64,ShortRun,Default,Default,Default,Default,Default,Default,Default,Default,Default,Default,Default,Default,Default,Default,Default,Default,Default,Default,Default,Default,Default,Default,Default,Default,Default,Default,Default,Default,Default,Default,Default,3,Default,1,Default,Default,Default,Default,Default,Default,Default,3,"ShortRun(IterationCount=3, LaunchCount=1, WarmupCount=3)",,1,Overhead,Warmup,5,275675400,134217728,2.05,0,0,0,0
PrimitiveBenchmarks.LibraryImport_Int64,PInvokeBench,PrimitiveBenchmarks,LibraryImport_Int64,ShortRun,Default,Default,Default,Default,Default,Default,Default,Default,Default,Default,Default,Default,Default,Default,Default,Default,Default,Default,Default,Default,Default,Default,Default,Default,Default,Default,Default,Default,Default,Default,Default,3,Default,1,Default,Default,Default,Default,Default,Default,Default,3,"ShortRun(IterationCount=3, LaunchCount=1, WarmupCount=3)",,1,Overhead,Warmup,6,268226900,134217728,2,0,0,0,0
PrimitiveBenchmarks.LibraryImport_Int64,PInvokeBench,PrimitiveBenchmarks,LibraryImport_Int64,ShortRun,Default,Default,Default,Default,Default,Default,Default,Default,Default,Default,Default,Default,Default,Default,Default,Default,Default,Default,Default,Default,Default,Default,Default,Default,Default,Default,Default,Default,Default,Default,Default,3,Default,1,Default,Default,Default,Default,Default,Default,Default,3,"ShortRun(IterationCount=3, LaunchCount=1, WarmupCount=3)",,1,Overhead,Actual,1,260664900,134217728,1.94,0,0,0,0
PrimitiveBenchmarks.LibraryImport_Int64,PInvokeBench,PrimitiveBenchmarks,LibraryImport_Int64,ShortRun,Default,Default,Default,Default,Default,Default,Default,Default,Default,Default,Default,Default,Default,Default,Default,Default,Default,Default,Default,Default,Default,Default,Default,Default,Default,Default,Default,Default,Default,Default,Default,3,Default,1,Default,Default,Default,Default,Default,Default,Default,3,"ShortRun(IterationCount=3, LaunchCount=1, WarmupCount=3)",,1,Overhead,Actual,2,248125700,134217728,1.85,0,0,0,0
PrimitiveBenchmarks.LibraryImport_Int64,PInvokeBench,PrimitiveBenchmarks,LibraryImport_Int64,ShortRun,Default,Default,Default,Default,Default,Default,Default,Default,Default,Default,Default,Default,Default,Default,Default,Default,Default,Default,Default,Default,Default,Default,Default,Default,Default,Default,Default,Default,Default,Default,Default,3,Default,1,Default,Default,Default,Default,Default,Default,Default,3,"ShortRun(IterationCount=3, LaunchCount=1, WarmupCount=3)",,1,Overhead,Actual,3,246965300,134217728,1.84,0,0,0,0
PrimitiveBenchmarks.LibraryImport_Int64,PInvokeBench,PrimitiveBenchmarks,LibraryImport_Int64,ShortRun,Default,Default,Default,Default,Default,Default,Default,Default,Default,Default,Default,Default,Default,Default,Default,Default,Default,Default,Default,Default,Default,Default,Default,Default,Default,Default,Default,Default,Default,Default,Default,3,Default,1,Default,Default,Default,Default,Default,Default,Default,3,"ShortRun(IterationCount=3, LaunchCount=1, WarmupCount=3)",,1,Overhead,Actual,4,246602500,134217728,1.84,0,0,0,0
PrimitiveBenchmarks.LibraryImport_Int64,PInvokeBench,PrimitiveBenchmarks,LibraryImport_Int64,ShortRun,Default,Default,Default,Default,Default,Default,Default,Default,Default,Default,Default,Default,Default,Default,Default,Default,Default,Default,Default,Default,Default,Default,Default,Default,Default,Default,Default,Default,Default,Default,Default,3,Default,1,Default,Default,Default,Default,Default,Default,Default,3,"ShortRun(IterationCount=3, LaunchCount=1, WarmupCount=3)",,1,Overhead,Actual,5,264546900,134217728,1.97,0,0,0,0
PrimitiveBenchmarks.LibraryImport_Int64,PInvokeBench,PrimitiveBenchmarks,LibraryImport_Int64,ShortRun,Default,Default,Default,Default,Default,Default,Default,Default,Default,Default,Default,Default,Default,Default,Default,Default,Default,Default,Default,Default,Default,Default,Default,Default,Default,Default,Default,Default,Default,Default,Default,3,Default,1,Default,Default,Default,Default,Default,Default,Default,3,"ShortRun(IterationCount=3, LaunchCount=1, WarmupCount=3)",,1,Overhead,Actual,6,262126200,134217728,1.95,0,0,0,0
PrimitiveBenchmarks.LibraryImport_Int64,PInvokeBench,PrimitiveBenchmarks,LibraryImport_Int64,ShortRun,Default,Default,Default,Default,Default,Default,Default,Default,Default,Default,Default,Default,Default,Default,Default,Default,Default,Default,Default,Default,Default,Default,Default,Default,Default,Default,Default,Default,Default,Default,Default,3,Default,1,Default,Default,Default,Default,Default,Default,Default,3,"ShortRun(IterationCount=3, LaunchCount=1, WarmupCount=3)",,1,Overhead,Actual,7,249332500,134217728,1.86,0,0,0,0
PrimitiveBenchmarks.LibraryImport_Int64,PInvokeBench,PrimitiveBenchmarks,LibraryImport_Int64,ShortRun,Default,Default,Default,Default,Default,Default,Default,Default,Default,Default,Default,Default,Default,Default,Default,Default,Default,Default,Default,Default,Default,Default,Default,Default,Default,Default,Default,Default,Default,Default,Default,3,Default,1,Default,Default,Default,Default,Default,Default,Default,3,"ShortRun(IterationCount=3, LaunchCount=1, WarmupCount=3)",,1,Overhead,Actual,8,247666200,134217728,1.85,0,0,0,0
PrimitiveBenchmarks.LibraryImport_Int64,PInvokeBench,PrimitiveBenchmarks,LibraryImport_Int64,ShortRun,Default,Default,Default,Default,Default,Default,Default,Default,Default,Default,Default,Default,Default,Default,Default,Default,Default,Default,Default,Default,Default,Default,Default,Default,Default,Default,Default,Default,Default,Default,Default,3,Default,1,Default,Default,Default,Default,Default,Default,Default,3,"ShortRun(IterationCount=3, LaunchCount=1, WarmupCount=3)",,1,Overhead,Actual,9,263305700,134217728,1.96,0,0,0,0
PrimitiveBenchmarks.LibraryImport_Int64,PInvokeBench,PrimitiveBenchmarks,LibraryImport_Int64,ShortRun,Default,Default,Default,Default,Default,Default,Default,Default,Default,Default,Default,Default,Default,Default,Default,Default,Default,Default,Default,Default,Default,Default,Default,Default,Default,Default,Default,Default,Default,Default,Default,3,Default,1,Default,Default,Default,Default,Default,Default,Default,3,"ShortRun(IterationCount=3, LaunchCount=1, WarmupCount=3)",,1,Overhead,Actual,10,257444100,134217728,1.92,0,0,0,0
PrimitiveBenchmarks.LibraryImport_Int64,PInvokeBench,PrimitiveBenchmarks,LibraryImport_Int64,ShortRun,Default,Default,Default,Default,Default,Default,Default,Default,Default,Default,Default,Default,Default,Default,Default,Default,Default,Default,Default,Default,Default,Default,Default,Default,Default,Default,Default,Default,Default,Default,Default,3,Default,1,Default,Default,Default,Default,Default,Default,Default,3,"ShortRun(IterationCount=3, LaunchCount=1, WarmupCount=3)",,1,Overhead,Actual,11,263379000,134217728,1.96,0,0,0,0
PrimitiveBenchmarks.LibraryImport_Int64,PInvokeBench,PrimitiveBenchmarks,LibraryImport_Int64,ShortRun,Default,Default,Default,Default,Default,Default,Default,Default,Default,Default,Default,Default,Default,Default,Default,Default,Default,Default,Default,Default,Default,Default,Default,Default,Default,Default,Default,Default,Default,Default,Default,3,Default,1,Default,Default,Default,Default,Default,Default,Default,3,"ShortRun(IterationCount=3, LaunchCount=1, WarmupCount=3)",,1,Overhead,Actual,12,247170600,134217728,1.84,0,0,0,0
PrimitiveBenchmarks.LibraryImport_Int64,PInvokeBench,PrimitiveBenchmarks,LibraryImport_Int64,ShortRun,Default,Default,Default,Default,Default,Default,Default,Default,Default,Default,Default,Default,Default,Default,Default,Default,Default,Default,Default,Default,Default,Default,Default,Default,Default,Default,Default,Default,Default,Default,Default,3,Default,1,Default,Default,Default,Default,Default,Default,Default,3,"ShortRun(IterationCount=3, LaunchCount=1, WarmupCount=3)",,1,Overhead,Actual,13,264109600,134217728,1.97,0,0,0,0
PrimitiveBenchmarks.LibraryImport_Int64,PInvokeBench,PrimitiveBenchmarks,LibraryImport_Int64,ShortRun,Default,Default,Default,Default,Default,Default,Default,Default,Default,Default,Default,Default,Default,Default,Default,Default,Default,Default,Default,Default,Default,Default,Default,Default,Default,Default,Default,Default,Default,Default,Default,3,Default,1,Default,Default,Default,Default,Default,Default,Default,3,"ShortRun(IterationCount=3, LaunchCount=1, WarmupCount=3)",,1,Overhead,Actual,14,273171900,134217728,2.04,0,0,0,0
PrimitiveBenchmarks.LibraryImport_Int64,PInvokeBench,PrimitiveBenchmarks,LibraryImport_Int64,ShortRun,Default,Default,Default,Default,Default,Default,Default,Default,Default,Default,Default,Default,Default,Default,Default,Default,Default,Default,Default,Default,Default,Default,Default,Default,Default,Default,Default,Default,Default,Default,Default,3,Default,1,Default,Default,Default,Default,Default,Default,Default,3,"ShortRun(IterationCount=3, LaunchCount=1, WarmupCount=3)",,1,Overhead,Actual,15,299969900,134217728,2.23,0,0,0,0
PrimitiveBenchmarks.LibraryImport_Int64,PInvokeBench,PrimitiveBenchmarks,LibraryImport_Int64,ShortRun,Default,Default,Default,Default,Default,Default,Default,Default,Default,Default,Default,Default,Default,Default,Default,Default,Default,Default,Default,Default,Default,Default,Default,Default,Default,Default,Default,Default,Default,Default,Default,3,Default,1,Default,Default,Default,Default,Default,Default,Default,3,"ShortRun(IterationCount=3, LaunchCount=1, WarmupCount=3)",,1,Workload,Warmup,1,866138200,134217728,6.45,0,0,0,0
PrimitiveBenchmarks.LibraryImport_Int64,PInvokeBench,PrimitiveBenchmarks,LibraryImport_Int64,ShortRun,Default,Default,Default,Default,Default,Default,Default,Default,Default,Default,Default,Default,Default,Default,Default,Default,Default,Default,Default,Default,Default,Default,Default,Default,Default,Default,Default,Default,Default,Default,Default,3,Default,1,Default,Default,Default,Default,Default,Default,Default,3,"ShortRun(IterationCount=3, LaunchCount=1, WarmupCount=3)",,1,Workload,Warmup,2,815200400,134217728,6.07,0,0,0,0
PrimitiveBenchmarks.LibraryImport_Int64,PInvokeBench,PrimitiveBenchmarks,LibraryImport_Int64,ShortRun,Default,Default,Default,Default,Default,Default,Default,Default,Default,Default,Default,Default,Default,Default,Default,Default,Default,Default,Default,Default,Default,Default,Default,Default,Default,Default,Default,Default,Default,Default,Default,3,Default,1,Default,Default,Default,Default,Default,Default,Default,3,"ShortRun(IterationCount=3, LaunchCount=1, WarmupCount=3)",,1,Workload,Warmup,3,862666900,134217728,6.43,0,0,0,0
PrimitiveBenchmarks.LibraryImport_Int64,PInvokeBench,PrimitiveBenchmarks,LibraryImport_Int64,ShortRun,Default,Default,Default,Default,Default,Default,Default,Default,Default,Default,Default,Default,Default,Default,Default,Default,Default,Default,Default,Default,Default,Default,Default,Default,Default,Default,Default,Default,Default,Default,Default,3,Default,1,Default,Default,Default,Default,Default,Default,Default,3,"ShortRun(IterationCount=3, LaunchCount=1, WarmupCount=3)",,1,Workload,Actual,1,799168600,134217728,5.95,0,0,0,0
PrimitiveBenchmarks.LibraryImport_Int64,PInvokeBench,PrimitiveBenchmarks,LibraryImport_Int64,ShortRun,Default,Default,Default,Default,Default,Default,Default,Default,Default,Default,Default,Default,Default,Default,Default,Default,Default,Default,Default,Default,Default,Default,Default,Default,Default,Default,Default,Default,Default,Default,Default,3,Default,1,Default,Default,Default,Default,Default,Default,Default,3,"ShortRun(IterationCount=3, LaunchCount=1, WarmupCount=3)",,1,Workload,Actual,2,807932100,134217728,6.02,0,0,0,0
PrimitiveBenchmarks.LibraryImport_Int64,PInvokeBench,PrimitiveBenchmarks,LibraryImport_Int64,ShortRun,Default,Default,Default,Default,Default,Default,Default,Default,Default,Default,Default,Default,Default,Default,Default,Default,Default,Default,Default,Default,Default,Default,Default,Default,Default,Default,Default,Default,Default,Default,Default,3,Default,1,Default,Default,Default,Default,Default,Default,Default,3,"ShortRun(IterationCount=3, LaunchCount=1, WarmupCount=3)",,1,Workload,Actual,3,829406800,134217728,6.18,0,0,0,0
PrimitiveBenchmarks.LibraryImport_Int64,PInvokeBench,PrimitiveBenchmarks,LibraryImport_Int64,ShortRun,Default,Default,Default,Default,Default,Default,Default,Default,Default,Default,Default,Default,Default,Default,Default,Default,Default,Default,Default,Default,Default,Default,Default,Default,Default,Default,Default,Default,Default,Default,Default,3,Default,1,Default,Default,Default,Default,Default,Default,Default,3,"ShortRun(IterationCount=3, LaunchCount=1, WarmupCount=3)",,1,Workload,Result,1,538503700,134217728,4.01,0,0,0,0
PrimitiveBenchmarks.LibraryImport_Int64,PInvokeBench,PrimitiveBenchmarks,LibraryImport_Int64,ShortRun,Default,Default,Default,Default,Default,Default,Default,Default,Default,Default,Default,Default,Default,Default,Default,Default,Default,Default,Default,Default,Default,Default,Default,Default,Default,Default,Default,Default,Default,Default,Default,3,Default,1,Default,Default,Default,Default,Default,Default,Default,3,"ShortRun(IterationCount=3, LaunchCount=1, WarmupCount=3)",,1,Workload,Result,2,547267200,134217728,4.08,0,0,0,0
PrimitiveBenchmarks.LibraryImport_Int64,PInvokeBench,PrimitiveBenchmarks,LibraryImport_Int64,ShortRun,Default,Default,Default,Default,Default,Default,Default,Default,Default,Default,Default,Default,Default,Default,Default,Default,Default,Default,Default,Default,Default,Default,Default,Default,Default,Default,Default,Default,Default,Default,Default,3,Default,1,Default,Default,Default,Default,Default,Default,Default,3,"ShortRun(IterationCount=3, LaunchCount=1, WarmupCount=3)",,1,Workload,Result,3,568741900,134217728,4.24,0,0,0,0
PrimitiveBenchmarks.LibraryImport_Double,PInvokeBench,PrimitiveBenchmarks,LibraryImport_Double,ShortRun,Default,Default,Default,Default,Default,Default,Default,Default,Default,Default,Default,Default,Default,Default,Default,Default,Default,Default,Default,Default,Default,Default,Default,Default,Default,Default,Default,Default,Default,Default,Default,3,Default,1,Default,Default,Default,Default,Default,Default,Default,3,"ShortRun(IterationCount=3, LaunchCount=1, WarmupCount=3)",,1,Overhead,Jitting,1,542300,1,542300,0,0,0,0
PrimitiveBenchmarks.LibraryImport_Double,PInvokeBench,PrimitiveBenchmarks,LibraryImport_Double,ShortRun,Default,Default,Default,Default,Default,Default,Default,Default,Default,Default,Default,Default,Default,Default,Default,Default,Default,Default,Default,Default,Default,Default,Default,Default,Default,Default,Default,Default,Default,Default,Default,3,Default,1,Default,Default,Default,Default,Default,Default,Default,3,"ShortRun(IterationCount=3, LaunchCount=1, WarmupCount=3)",,1,Workload,Jitting,1,529900,1,529900,0,0,0,0
PrimitiveBenchmarks.LibraryImport_Double,PInvokeBench,PrimitiveBenchmarks,LibraryImport_Double,ShortRun,Default,Default,Default,Default,Default,Default,Default,Default,Default,Default,Default,Default,Default,Default,Default,Default,Default,Default,Default,Default,Default,Default,Default,Default,Default,Default,Default,Default,Default,Default,Default,3,Default,1,Default,Default,Default,Default,Default,Default,Default,3,"ShortRun(IterationCount=3, LaunchCount=1, WarmupCount=3)",,1,Overhead,Jitting,2,329400,16,20587.5,0,0,0,0
PrimitiveBenchmarks.LibraryImport_Double,PInvokeBench,PrimitiveBenchmarks,LibraryImport_Double,ShortRun,Default,Default,Default,Default,Default,Default,Default,Default,Default,Default,Default,Default,Default,Default,Default,Default,Default,Default,Default,Default,Default,Default,Default,Default,Default,Default,Default,Default,Default,Default,Default,3,Default,1,Default,Default,Default,Default,Default,Default,Default,3,"ShortRun(IterationCount=3, LaunchCount=1, WarmupCount=3)",,1,Workload,Jitting,2,323600,16,20225,0,0,0,0
PrimitiveBenchmarks.LibraryImport_Double,PInvokeBench,PrimitiveBenchmarks,LibraryImport_Double,ShortRun,Default,Default,Default,Default,Default,Default,Default,Default,Default,Default,Default,Default,Default,Default,Default,Default,Default,Default,Default,Default,Default,Default,Default,Default,Default,Default,Default,Default,Default,Default,Default,3,Default,1,Default,Default,Default,Default,Default,Default,Default,3,"ShortRun(IterationCount=3, LaunchCount=1, WarmupCount=3)",,1,Workload,Pilot,1,700,16,43.75,0,0,0,0
PrimitiveBenchmarks.LibraryImport_Double,PInvokeBench,PrimitiveBenchmarks,LibraryImport_Double,ShortRun,Default,Default,Default,Default,Default,Default,Default,Default,Default,Default,Default,Default,Default,Default,Default,Default,Default,Default,Default,Default,Default,Default,Default,Default,Default,Default,Default,Default,Default,Default,Default,3,Default,1,Default,Default,Default,Default,Default,Default,Default,3,"ShortRun(IterationCount=3, LaunchCount=1, WarmupCount=3)",,1,Workload,Pilot,2,700,32,21.88,0,0,0,0
PrimitiveBenchmarks.LibraryImport_Double,PInvokeBench,PrimitiveBenchmarks,LibraryImport_Double,ShortRun,Default,Default,Default,Default,Default,Default,Default,Default,Default,Default,Default,Default,Default,Default,Default,Default,Default,Default,Default,Default,Default,Default,Default,Default,Default,Default,Default,Default,Default,Default,Default,3,Default,1,Default,Default,Default,Default,Default,Default,Default,3,"ShortRun(IterationCount=3, LaunchCount=1, WarmupCount=3)",,1,Workload,Pilot,3,1000,64,15.63,0,0,0,0
PrimitiveBenchmarks.LibraryImport_Double,PInvokeBench,PrimitiveBenchmarks,LibraryImport_Double,ShortRun,Default,Default,Default,Default,Default,Default,Default,Default,Default,Default,Default,Default,Default,Default,Default,Default,Default,Default,Default,Default,Default,Default,Default,Default,Default,Default,Default,Default,Default,Default,Default,3,Default,1,Default,Default,Default,Default,Default,Default,Default,3,"ShortRun(IterationCount=3, LaunchCount=1, WarmupCount=3)",,1,Workload,Pilot,4,1100,128,8.59,0,0,0,0
PrimitiveBenchmarks.LibraryImport_Double,PInvokeBench,PrimitiveBenchmarks,LibraryImport_Double,ShortRun,Default,Default,Default,Default,Default,Default,Default,Default,Default,Default,Default,Default,Default,Default,Default,Default,Default,Default,Default,Default,Default,Default,Default,Default,Default,Default,Default,Default,Default,Default,Default,3,Default,1,Default,Default,Default,Default,Default,Default,Default,3,"ShortRun(IterationCount=3, LaunchCount=1, WarmupCount=3)",,1,Workload,Pilot,5,2100,256,8.2,0,0,0,0
PrimitiveBenchmarks.LibraryImport_Double,PInvokeBench,PrimitiveBenchmarks,LibraryImport_Double,ShortRun,Default,Default,Default,Default,Default,Default,Default,Default,Default,Default,Default,Default,Default,Default,Default,Default,Default,Default,Default,Default,Default,Default,Default,Default,Default,Default,Default,Default,Default,Default,Default,3,Default,1,Default,Default,Default,Default,Default,Default,Default,3,"ShortRun(IterationCount=3, LaunchCount=1, WarmupCount=3)",,1,Workload,Pilot,6,3600,512,7.03,0,0,0,0
PrimitiveBenchmarks.LibraryImport_Double,PInvokeBench,PrimitiveBenchmarks,LibraryImport_Double,ShortRun,Default,Default,Default,Default,Default,Default,Default,Default,Default,Default,Default,Default,Default,Default,Default,Default,Default,Default,Default,Default,Default,Default,Default,Default,Default,Default,Default,Default,Default,Default,Default,3,Default,1,Default,Default,Default,Default,Default,Default,Default,3,"ShortRun(IterationCount=3, LaunchCount=1, WarmupCount=3)",,1,Workload,Pilot,7,6500,1024,6.35,0,0,0,0
PrimitiveBenchmarks.LibraryImport_Double,PInvokeBench,PrimitiveBenchmarks,LibraryImport_Double,ShortRun,Default,Default,Default,Default,Default,Default,Default,Default,Default,Default,Default,Default,Default,Default,Default,Default,Default,Default,Default,Default,Default,Default,Default,Default,Default,Default,Default,Default,Default,Default,Default,3,Default,1,Default,Default,Default,Default,Default,Default,Default,3,"ShortRun(IterationCount=3, LaunchCount=1, WarmupCount=3)",,1,Workload,Pilot,8,13200,2048,6.45,0,0,0,0
PrimitiveBenchmarks.LibraryImport_Double,PInvokeBench,PrimitiveBenchmarks,LibraryImport_Double,ShortRun,Default,Default,Default,Default,Default,Default,Default,Default,Default,Default,Default,Default,Default,Default,Default,Default,Default,Default,Default,Default,Default,Default,Default,Default,Default,Default,Default,Default,Default,Default,Default,3,Default,1,Default,Default,Default,Default,Default,Default,Default,3,"ShortRun(IterationCount=3, LaunchCount=1, WarmupCount=3)",,1,Workload,Pilot,9,25200,4096,6.15,0,0,0,0
PrimitiveBenchmarks.LibraryImport_Double,PInvokeBench,PrimitiveBenchmarks,LibraryImport_Double,ShortRun,Default,Default,Default,Default,Default,Default,Default,Default,Default,Default,Default,Default,Default,Default,Default,Default,Default,Default,Default,Default,Default,Default,Default,Default,Default,Default,Default,Default,Default,Default,Default,3,Default,1,Default,Default,Default,Default,Default,Default,Default,3,"ShortRun(IterationCount=3, LaunchCount=1, WarmupCount=3)",,1,Workload,Pilot,10,50100,8192,6.12,0,0,0,0
PrimitiveBenchmarks.LibraryImport_Double,PInvokeBench,PrimitiveBenchmarks,LibraryImport_Double,ShortRun,Default,Default,Default,Default,Default,Default,Default,Default,Default,Default,Default,Default,Default,Default,Default,Default,Default,Default,Default,Default,Default,Default,Default,Default,Default,Default,Default,Default,Default,Default,Default,3,Default,1,Default,Default,Default,Default,Default,Default,Default,3,"ShortRun(IterationCount=3, LaunchCount=1, WarmupCount=3)",,1,Workload,Pilot,11,100300,16384,6.12,0,0,0,0
PrimitiveBenchmarks.LibraryImport_Double,PInvokeBench,PrimitiveBenchmarks,LibraryImport_Double,ShortRun,Default,Default,Default,Default,Default,Default,Default,Default,Default,Default,Default,Default,Default,Default,Default,Default,Default,Default,Default,Default,Default,Default,Default,Default,Default,Default,Default,Default,Default,Default,Default,3,Default,1,Default,Default,Default,Default,Default,Default,Default,3,"ShortRun(IterationCount=3, LaunchCount=1, WarmupCount=3)",,1,Workload,Pilot,12,199300,32768,6.08,0,0,0,0
PrimitiveBenchmarks.LibraryImport_Double,PInvokeBench,PrimitiveBenchmarks,LibraryImport_Double,ShortRun,Default,Default,Default,Default,Default,Default,Default,Default,Default,Default,Default,Default,Default,Default,Default,Default,Default,Default,Default,Default,Default,Default,Default,Default,Default,Default,Default,Default,Default,Default,Default,3,Default,1,Default,Default,Default,Default,Default,Default,Default,3,"ShortRun(IterationCount=3, LaunchCount=1, WarmupCount=3)",,1,Workload,Pilot,13,398100,65536,6.07,0,0,0,0
PrimitiveBenchmarks.LibraryImport_Double,PInvokeBench,PrimitiveBenchmarks,LibraryImport_Double,ShortRun,Default,Default,Default,Default,Default,Default,Default,Default,Default,Default,Default,Default,Default,Default,Default,Default,Default,Default,Default,Default,Default,Default,Default,Default,Default,Default,Default,Default,Default,Default,Default,3,Default,1,Default,Default,Default,Default,Default,Default,Default,3,"ShortRun(IterationCount=3, LaunchCount=1, WarmupCount=3)",,1,Workload,Pilot,14,842800,131072,6.43,0,0,0,0
PrimitiveBenchmarks.LibraryImport_Double,PInvokeBench,PrimitiveBenchmarks,LibraryImport_Double,ShortRun,Default,Default,Default,Default,Default,Default,Default,Default,Default,Default,Default,Default,Default,Default,Default,Default,Default,Default,Default,Default,Default,Default,Default,Default,Default,Default,Default,Default,Default,Default,Default,3,Default,1,Default,Default,Default,Default,Default,Default,Default,3,"ShortRun(IterationCount=3, LaunchCount=1, WarmupCount=3)",,1,Workload,Pilot,15,1835700,262144,7,0,0,0,0
PrimitiveBenchmarks.LibraryImport_Double,PInvokeBench,PrimitiveBenchmarks,LibraryImport_Double,ShortRun,Default,Default,Default,Default,Default,Default,Default,Default,Default,Default,Default,Default,Default,Default,Default,Default,Default,Default,Default,Default,Default,Default,Default,Default,Default,Default,Default,Default,Default,Default,Default,3,Default,1,Default,Default,Default,Default,Default,Default,Default,3,"ShortRun(IterationCount=3, LaunchCount=1, WarmupCount=3)",,1,Workload,Pilot,16,3834700,524288,7.31,0,0,0,0
PrimitiveBenchmarks.LibraryImport_Double,PInvokeBench,PrimitiveBenchmarks,LibraryImport_Double,ShortRun,Default,Default,Default,Default,Default,Default,Default,Default,Default,Default,Default,Default,Default,Default,Default,Default,Default,Default,Default,Default,Default,Default,Default,Default,Default,Default,Default,Default,Default,Default,Default,3,Default,1,Default,Default,Default,Default,Default,Default,Default,3,"ShortRun(IterationCount=3, LaunchCount=1, WarmupCount=3)",,1,Workload,Pilot,17,7805200,1048576,7.44,0,0,0,0
PrimitiveBenchmarks.LibraryImport_Double,PInvokeBench,PrimitiveBenchmarks,LibraryImport_Double,ShortRun,Default,Default,Default,Default,Default,Default,Default,Default,Default,Default,Default,Default,Default,Default,Default,Default,Default,Default,Default,Default,Default,Default,Default,Default,Default,Default,Default,Default,Default,Default,Default,3,Default,1,Default,Default,Default,Default,Default,Default,Default,3,"ShortRun(IterationCount=3, LaunchCount=1, WarmupCount=3)",,1,Workload,Pilot,18,15806000,2097152,7.54,0,0,0,0
PrimitiveBenchmarks.LibraryImport_Double,PInvokeBench,PrimitiveBenchmarks,LibraryImport_Double,ShortRun,Default,Default,Default,Default,Default,Default,Default,Default,Default,Default,Default,Default,Default,Default,Default,Default,Default,Default,Default,Default,Default,Default,Default,Default,Default,Default,Default,Default,Default,Default,Default,3,Default,1,Default,Default,Default,Default,Default,Default,Default,3,"ShortRun(IterationCount=3, LaunchCount=1, WarmupCount=3)",,1,Workload,Pilot,19,32160400,4194304,7.67,0,0,0,0
PrimitiveBenchmarks.LibraryImport_Double,PInvokeBench,PrimitiveBenchmarks,LibraryImport_Double,ShortRun,Default,Default,Default,Default,Default,Default,Default,Default,Default,Default,Default,Default,Default,Default,Default,Default,Default,Default,Default,Default,Default,Default,Default,Default,Default,Default,Default,Default,Default,Default,Default,3,Default,1,Default,Default,Default,Default,Default,Default,Default,3,"ShortRun(IterationCount=3, LaunchCount=1, WarmupCount=3)",,1,Workload,Pilot,20,63887800,8388608,7.62,0,0,0,0
PrimitiveBenchmarks.LibraryImport_Double,PInvokeBench,PrimitiveBenchmarks,LibraryImport_Double,ShortRun,Default,Default,Default,Default,Default,Default,Default,Default,Default,Default,Default,Default,Default,Default,Default,Default,Default,Default,Default,Default,Default,Default,Default,Default,Default,Default,Default,Default,Default,Default,Default,3,Default,1,Default,Default,Default,Default,Default,Default,Default,3,"ShortRun(IterationCount=3, LaunchCount=1, WarmupCount=3)",,1,Workload,Pilot,21,109668000,16777216,6.54,0,0,0,0
PrimitiveBenchmarks.LibraryImport_Double,PInvokeBench,PrimitiveBenchmarks,LibraryImport_Double,ShortRun,Default,Default,Default,Default,Default,Default,Default,Default,Default,Default,Default,Default,Default,Default,Default,Default,Default,Default,Default,Default,Default,Default,Default,Default,Default,Default,Default,Default,Default,Default,Default,3,Default,1,Default,Default,Default,Default,Default,Default,Default,3,"ShortRun(IterationCount=3, LaunchCount=1, WarmupCount=3)",,1,Workload,Pilot,22,214928700,33554432,6.41,0,0,0,0
PrimitiveBenchmarks.LibraryImport_Double,PInvokeBench,PrimitiveBenchmarks,LibraryImport_Double,ShortRun,Default,Default,Default,Default,Default,Default,Default,Default,Default,Default,Default,Default,Default,Default,Default,Default,Default,Default,Default,Default,Default,Default,Default,Default,Default,Default,Default,Default,Default,Default,Default,3,Default,1,Default,Default,Default,Default,Default,Default,Default,3,"ShortRun(IterationCount=3, LaunchCount=1, WarmupCount=3)",,1,Workload,Pilot,23,425138000,67108864,6.34,0,0,0,0
PrimitiveBenchmarks.LibraryImport_Double,PInvokeBench,PrimitiveBenchmarks,LibraryImport_Double,ShortRun,Default,Default,Default,Default,Default,Default,Default,Default,Default,Default,Default,Default,Default,Default,Default,Default,Default,Default,Default,Default,Default,Default,Default,Default,Default,Default,Default,Default,Default,Default,Default,3,Default,1,Default,Default,Default,Default,Default,Default,Default,3,"ShortRun(IterationCount=3, LaunchCount=1, WarmupCount=3)",,1,Workload,Pilot,24,851090400,134217728,6.34,0,0,0,0
PrimitiveBenchmarks.LibraryImport_Double,PInvokeBench,PrimitiveBenchmarks,LibraryImport_Double,ShortRun,Default,Default,Default,Default,Default,Default,Default,Default,Default,Default,Default,Default,Default,Default,Default,Default,Default,Default,Default,Default,Default,Default,Default,Default,Default,Default,Default,Default,Default,Default,Default,3,Default,1,Default,Default,Default,Default,Default,Default,Default,3,"ShortRun(IterationCount=3, LaunchCount=1, WarmupCount=3)",,1,Overhead,Warmup,1,305731000,134217728,2.28,0,0,0,0
PrimitiveBenchmarks.LibraryImport_Double,PInvokeBench,PrimitiveBenchmarks,LibraryImport_Double,ShortRun,Default,Default,Default,Default,Default,Default,Default,Default,Default,Default,Default,Default,Default,Default,Default,Default,Default,Default,Default,Default,Default,Default,Default,Default,Default,Default,Default,Default,Default,Default,Default,3,Default,1,Default,Default,Default,Default,Default,Default,Default,3,"ShortRun(IterationCount=3, LaunchCount=1, WarmupCount=3)",,1,Overhead,Warmup,2,252465500,134217728,1.88,0,0,0,0
PrimitiveBenchmarks.LibraryImport_Double,PInvokeBench,PrimitiveBenchmarks,LibraryImport_Double,ShortRun,Default,Default,Default,Default,Default,Default,Default,Default,Default,Default,Default,Default,Default,Default,Default,Default,Default,Default,Default,Default,Default,Default,Default,Default,Default,Default,Default,Default,Default,Default,Default,3,Default,1,Default,Default,Default,Default,Default,Default,Default,3,"ShortRun(IterationCount=3, LaunchCount=1, WarmupCount=3)",,1,Overhead,Warmup,3,251608600,134217728,1.87,0,0,0,0
PrimitiveBenchmarks.LibraryImport_Double,PInvokeBench,PrimitiveBenchmarks,LibraryImport_Double,ShortRun,Default,Default,Default,Default,Default,Default,Default,Default,Default,Default,Default,Default,Default,Default,Default,Default,Default,Default,Default,Default,Default,Default,Default,Default,Default,Default,Default,Default,Default,Default,Default,3,Default,1,Default,Default,Default,Default,Default,Default,Default,3,"ShortRun(IterationCount=3, LaunchCount=1, WarmupCount=3)",,1,Overhead,Warmup,4,263973300,134217728,1.97,0,0,0,0
PrimitiveBenchmarks.LibraryImport_Double,PInvokeBench,PrimitiveBenchmarks,LibraryImport_Double,ShortRun,Default,Default,Default,Default,Default,Default,Default,Default,Default,Default,Default,Default,Default,Default,Default,Default,Default,Default,Default,Default,Default,Default,Default,Default,Default,Default,Default,Default,Default,Default,Default,3,Default,1,Default,Default,Default,Default,Default,Default,Default,3,"ShortRun(IterationCount=3, LaunchCount=1, WarmupCount=3)",,1,Overhead,Warmup,5,264278200,134217728,1.97,0,0,0,0
PrimitiveBenchmarks.LibraryImport_Double,PInvokeBench,PrimitiveBenchmarks,LibraryImport_Double,ShortRun,Default,Default,Default,Default,Default,Default,Default,Default,Default,Default,Default,Default,Default,Default,Default,Default,Default,Default,Default,Default,Default,Default,Default,Default,Default,Default,Default,Default,Default,Default,Default,3,Default,1,Default,Default,Default,Default,Default,Default,Default,3,"ShortRun(IterationCount=3, LaunchCount=1, WarmupCount=3)",,1,Overhead,Warmup,6,263668800,134217728,1.96,0,0,0,0
PrimitiveBenchmarks.LibraryImport_Double,PInvokeBench,PrimitiveBenchmarks,LibraryImport_Double,ShortRun,Default,Default,Default,Default,Default,Default,Default,Default,Default,Default,Default,Default,Default,Default,Default,Default,Default,Default,Default,Default,Default,Default,Default,Default,Default,Default,Default,Default,Default,Default,Default,3,Default,1,Default,Default,Default,Default,Default,Default,Default,3,"ShortRun(IterationCount=3, LaunchCount=1, WarmupCount=3)",,1,Overhead,Warmup,7,249815600,134217728,1.86,0,0,0,0
PrimitiveBenchmarks.LibraryImport_Double,PInvokeBench,PrimitiveBenchmarks,LibraryImport_Double,ShortRun,Default,Default,Default,Default,Default,Default,Default,Default,Default,Default,Default,Default,Default,Default,Default,Default,Default,Default,Default,Default,Default,Default,Default,Default,Default,Default,Default,Default,Default,Default,Default,3,Default,1,Default,Default,Default,Default,Default,Default,Default,3,"ShortRun(IterationCount=3, LaunchCount=1, WarmupCount=3)",,1,Overhead,Warmup,8,247801000,134217728,1.85,0,0,0,0
PrimitiveBenchmarks.LibraryImport_Double,PInvokeBench,PrimitiveBenchmarks,LibraryImport_Double,ShortRun,Default,Default,Default,Default,Default,Default,Default,Default,Default,Default,Default,Default,Default,Default,Default,Default,Default,Default,Default,Default,Default,Default,Default,Default,Default,Default,Default,Default,Default,Default,Default,3,Default,1,Default,Default,Default,Default,Default,Default,Default,3,"ShortRun(IterationCount=3, LaunchCount=1, WarmupCount=3)",,1,Overhead,Warmup,9,248998100,134217728,1.86,0,0,0,0
PrimitiveBenchmarks.LibraryImport_Double,PInvokeBench,PrimitiveBenchmarks,LibraryImport_Double,ShortRun,Default,Default,Default,Default,Default,Default,Default,Default,Default,Default,Default,Default,Default,Default,Default,Default,Default,Default,Default,Default,Default,Default,Default,Default,Default,Default,Default,Default,Default,Default,Default,3,Default,1,Default,Default,Default,Default,Default,Default,Default,3,"ShortRun(IterationCount=3, LaunchCount=1, WarmupCount=3)",,1,Overhead,Warmup,10,252243700,134217728,1.88,0,0,0,0
PrimitiveBenchmarks.LibraryImport_Double,PInvokeBench,PrimitiveBenchmarks,LibraryImport_Double,ShortRun,Default,Default,Default,Default,Default,Default,Default,Default,Default,Default,Default,Default,Default,Default,Default,Default,Default,Default,Default,Default,Default,Default,Default,Default,Default,Default,Default,Default,Default,Default,Default,3,Default,1,Default,Default,Default,Default,Default,Default,Default,3,"ShortRun(IterationCount=3, LaunchCount=1, WarmupCount=3)",,1,Overhead,Actual,1,248275000,134217728,1.85,0,0,0,0
PrimitiveBenchmarks.LibraryImport_Double,PInvokeBench,PrimitiveBenchmarks,LibraryImport_Double,ShortRun,Default,Default,Default,Default,Default,Default,Default,Default,Default,Default,Default,Default,Default,Default,Default,Default,Default,Default,Default,Default,Default,Default,Default,Default,Default,Default,Default,Default,Default,Default,Default,3,Default,1,Default,Default,Default,Default,Default,Default,Default,3,"ShortRun(IterationCount=3, LaunchCount=1, WarmupCount=3)",,1,Overhead,Actual,2,266755500,134217728,1.99,0,0,0,0
PrimitiveBenchmarks.LibraryImport_Double,PInvokeBench,PrimitiveBenchmarks,LibraryImport_Double,ShortRun,Default,Default,Default,Default,Default,Default,Default,Default,Default,Default,Default,Default,Default,Default,Default,Default,Default,Default,Default,Default,Default,Default,Default,Default,Default,Default,Default,Default,Default,Default,Default,3,Default,1,Default,Default,Default,Default,Default,Default,Default,3,"ShortRun(IterationCount=3, LaunchCount=1, WarmupCount=3)",,1,Overhead,Actual,3,266315700,134217728,1.98,0,0,0,0
PrimitiveBenchmarks.LibraryImport_Double,PInvokeBench,PrimitiveBenchmarks,LibraryImport_Double,ShortRun,Default,Default,Default,Default,Default,Default,Default,Default,Default,Default,Default,Default,Default,Default,Default,Default,Default,Default,Default,Default,Default,Default,Default,Default,Default,Default,Default,Default,Default,Default,Default,3,Default,1,Default,Default,Default,Default,Default,Default,Default,3,"ShortRun(IterationCount=3, LaunchCount=1, WarmupCount=3)",,1,Overhead,Actual,4,267847100,134217728,2,0,0,0,0
PrimitiveBenchmarks.LibraryImport_Double,PInvokeBench,PrimitiveBenchmarks,LibraryImport_Double,ShortRun,Default,Default,Default,Default,Default,Default,Default,Default,Default,Default,Default,Default,Default,Default,Default,Default,Default,Default,Default,Default,Default,Default,Default,Default,Default,Default,Default,Default,Default,Default,Default,3,Default,1,Default,Default,Default,Default,Default,Default,Default,3,"ShortRun(IterationCount=3, LaunchCount=1, WarmupCount=3)",,1,Overhead,Actual,5,246913200,134217728,1.84,0,0,0,0
PrimitiveBenchmarks.LibraryImport_Double,PInvokeBench,PrimitiveBenchmarks,LibraryImport_Double,ShortRun,Default,Default,Default,Default,Default,Default,Default,Default,Default,Default,Default,Default,Default,Default,Default,Default,Default,Default,Default,Default,Default,Default,Default,Default,Default,Default,Default,Default,Default,Default,Default,3,Default,1,Default,Default,Default,Default,Default,Default,Default,3,"ShortRun(IterationCount=3, LaunchCount=1, WarmupCount=3)",,1,Overhead,Actual,6,246952000,134217728,1.84,0,0,0,0
PrimitiveBenchmarks.LibraryImport_Double,PInvokeBench,PrimitiveBenchmarks,LibraryImport_Double,ShortRun,Default,Default,Default,Default,Default,Default,Default,Default,Default,Default,Default,Default,Default,Default,Default,Default,Default,Default,Default,Default,Default,Default,Default,Default,Default,Default,Default,Default,Default,Default,Default,3,Default,1,Default,Default,Default,Default,Default,Default,Default,3,"ShortRun(IterationCount=3, LaunchCount=1, WarmupCount=3)",,1,Overhead,Actual,7,266257200,134217728,1.98,0,0,0,0
PrimitiveBenchmarks.LibraryImport_Double,PInvokeBench,PrimitiveBenchmarks,LibraryImport_Double,ShortRun,Default,Default,Default,Default,Default,Default,Default,Default,Default,Default,Default,Default,Default,Default,Default,Default,Default,Default,Default,Default,Default,Default,Default,Default,Default,Default,Default,Default,Default,Default,Default,3,Default,1,Default,Default,Default,Default,Default,Default,Default,3,"ShortRun(IterationCount=3, LaunchCount=1, WarmupCount=3)",,1,Overhead,Actual,8,264892200,134217728,1.97,0,0,0,0
PrimitiveBenchmarks.LibraryImport_Double,PInvokeBench,PrimitiveBenchmarks,LibraryImport_Double,ShortRun,Default,Default,Default,Default,Default,Default,Default,Default,Default,Default,Default,Default,Default,Default,Default,Default,Default,Default,Default,Default,Default,Default,Default,Default,Default,Default,Default,Default,Default,Default,Default,3,Default,1,Default,Default,Default,Default,Default,Default,Default,3,"ShortRun(IterationCount=3, LaunchCount=1, WarmupCount=3)",,1,Overhead,Actual,9,260548100,134217728,1.94,0,0,0,0
PrimitiveBenchmarks.LibraryImport_Double,PInvokeBench,PrimitiveBenchmarks,LibraryImport_Double,ShortRun,Default,Default,Default,Default,Default,Default,Default,Default,Default,Default,Default,Default,Default,Default,Default,Default,Default,Default,Default,Default,Default,Default,Default,Default,Default,Default,Default,Default,Default,Default,Default,3,Default,1,Default,Default,Default,Default,Default,Default,Default,3,"ShortRun(IterationCount=3, LaunchCount=1, WarmupCount=3)",,1,Overhead,Actual,10,245245100,134217728,1.83,0,0,0,0
PrimitiveBenchmarks.LibraryImport_Double,PInvokeBench,PrimitiveBenchmarks,LibraryImport_Double,ShortRun,Default,Default,Default,Default,Default,Default,Default,Default,Default,Default,Default,Default,Default,Default,Default,Default,Default,Default,Default,Default,Default,Default,Default,Default,Default,Default,Default,Default,Default,Default,Default,3,Default,1,Default,Default,Default,Default,Default,Default,Default,3,"ShortRun(IterationCount=3, LaunchCount=1, WarmupCount=3)",,1,Overhead,Actual,11,244838700,134217728,1.82,0,0,0,0
PrimitiveBenchmarks.LibraryImport_Double,PInvokeBench,PrimitiveBenchmarks,LibraryImport_Double,ShortRun,Default,Default,Default,Default,Default,Default,Default,Default,Default,Default,Default,Default,Default,Default,Default,Default,Default,Default,Default,Default,Default,Default,Default,Default,Default,Default,Default,Default,Default,Default,Default,3,Default,1,Default,Default,Default,Default,Default,Default,Default,3,"ShortRun(IterationCount=3, LaunchCount=1, WarmupCount=3)",,1,Overhead,Actual,12,249506900,134217728,1.86,0,0,0,0
PrimitiveBenchmarks.LibraryImport_Double,PInvokeBench,PrimitiveBenchmarks,LibraryImport_Double,ShortRun,Default,Default,Default,Default,Default,Default,Default,Default,Default,Default,Default,Default,Default,Default,Default,Default,Default,Default,Default,Default,Default,Default,Default,Default,Default,Default,Default,Default,Default,Default,Default,3,Default,1,Default,Default,Default,Default,Default,Default,Default,3,"ShortRun(IterationCount=3, LaunchCount=1, WarmupCount=3)",,1,Overhead,Actual,13,249953600,134217728,1.86,0,0,0,0
PrimitiveBenchmarks.LibraryImport_Double,PInvokeBench,PrimitiveBenchmarks,LibraryImport_Double,ShortRun,Default,Default,Default,Default,Default,Default,Default,Default,Default,Default,Default,Default,Default,Default,Default,Default,Default,Default,Default,Default,Default,Default,Default,Default,Default,Default,Default,Default,Default,Default,Default,3,Default,1,Default,Default,Default,Default,Default,Default,Default,3,"ShortRun(IterationCount=3, LaunchCount=1, WarmupCount=3)",,1,Overhead,Actual,14,248739400,134217728,1.85,0,0,0,0
PrimitiveBenchmarks.LibraryImport_Double,PInvokeBench,PrimitiveBenchmarks,LibraryImport_Double,ShortRun,Default,Default,Default,Default,Default,Default,Default,Default,Default,Default,Default,Default,Default,Default,Default,Default,Default,Default,Default,Default,Default,Default,Default,Default,Default,Default,Default,Default,Default,Default,Default,3,Default,1,Default,Default,Default,Default,Default,Default,Default,3,"ShortRun(IterationCount=3, LaunchCount=1, WarmupCount=3)",,1,Overhead,Actual,15,270036000,134217728,2.01,0,0,0,0
PrimitiveBenchmarks.LibraryImport_Double,PInvokeBench,PrimitiveBenchmarks,LibraryImport_Double,ShortRun,Default,Default,Default,Default,Default,Default,Default,Default,Default,Default,Default,Default,Default,Default,Default,Default,Default,Default,Default,Default,Default,Default,Default,Default,Default,Default,Default,Default,Default,Default,Default,3,Default,1,Default,Default,Default,Default,Default,Default,Default,3,"ShortRun(IterationCount=3, LaunchCount=1, WarmupCount=3)",,1,Workload,Warmup,1,883694900,134217728,6.58,0,0,0,0
PrimitiveBenchmarks.LibraryImport_Double,PInvokeBench,PrimitiveBenchmarks,LibraryImport_Double,ShortRun,Default,Default,Default,Default,Default,Default,Default,Default,Default,Default,Default,Default,Default,Default,Default,Default,Default,Default,Default,Default,Default,Default,Default,Default,Default,Default,Default,Default,Default,Default,Default,3,Default,1,Default,Default,Default,Default,Default,Default,Default,3,"ShortRun(IterationCount=3, LaunchCount=1, WarmupCount=3)",,1,Workload,Warmup,2,914763200,134217728,6.82,0,0,0,0
PrimitiveBenchmarks.LibraryImport_Double,PInvokeBench,PrimitiveBenchmarks,LibraryImport_Double,ShortRun,Default,Default,Default,Default,Default,Default,Default,Default,Default,Default,Default,Default,Default,Default,Default,Default,Default,Default,Default,Default,Default,Default,Default,Default,Default,Default,Default,Default,Default,Default,Default,3,Default,1,Default,Default,Default,Default,Default,Default,Default,3,"ShortRun(IterationCount=3, LaunchCount=1, WarmupCount=3)",,1,Workload,Warmup,3,879558800,134217728,6.55,0,0,0,0
PrimitiveBenchmarks.LibraryImport_Double,PInvokeBench,PrimitiveBenchmarks,LibraryImport_Double,ShortRun,Default,Default,Default,Default,Default,Default,Default,Default,Default,Default,Default,Default,Default,Default,Default,Default,Default,Default,Default,Default,Default,Default,Default,Default,Default,Default,Default,Default,Default,Default,Default,3,Default,1,Default,Default,Default,Default,Default,Default,Default,3,"ShortRun(IterationCount=3, LaunchCount=1, WarmupCount=3)",,1,Workload,Actual,1,901684900,134217728,6.72,0,0,0,0
PrimitiveBenchmarks.LibraryImport_Double,PInvokeBench,PrimitiveBenchmarks,LibraryImport_Double,ShortRun,Default,Default,Default,Default,Default,Default,Default,Default,Default,Default,Default,Default,Default,Default,Default,Default,Default,Default,Default,Default,Default,Default,Default,Default,Default,Default,Default,Default,Default,Default,Default,3,Default,1,Default,Default,Default,Default,Default,Default,Default,3,"ShortRun(IterationCount=3, LaunchCount=1, WarmupCount=3)",,1,Workload,Actual,2,906904700,134217728,6.76,0,0,0,0
PrimitiveBenchmarks.LibraryImport_Double,PInvokeBench,PrimitiveBenchmarks,LibraryImport_Double,ShortRun,Default,Default,Default,Default,Default,Default,Default,Default,Default,Default,Default,Default,Default,Default,Default,Default,Default,Default,Default,Default,Default,Default,Default,Default,Default,Default,Default,Default,Default,Default,Default,3,Default,1,Default,Default,Default,Default,Default,Default,Default,3,"ShortRun(IterationCount=3, LaunchCount=1, WarmupCount=3)",,1,Workload,Actual,3,948409700,134217728,7.07,0,0,0,0
PrimitiveBenchmarks.LibraryImport_Double,PInvokeBench,PrimitiveBenchmarks,LibraryImport_Double,ShortRun,Default,Default,Default,Default,Default,Default,Default,Default,Default,Default,Default,Default,Default,Default,Default,Default,Default,Default,Default,Default,Default,Default,Default,Default,Default,Default,Default,Default,Default,Default,Default,3,Default,1,Default,Default,Default,Default,Default,Default,Default,3,"ShortRun(IterationCount=3, LaunchCount=1, WarmupCount=3)",,1,Workload,Result,1,651731300,134217728,4.86,0,0,0,0
PrimitiveBenchmarks.LibraryImport_Double,PInvokeBench,PrimitiveBenchmarks,LibraryImport_Double,ShortRun,Default,Default,Default,Default,Default,Default,Default,Default,Default,Default,Default,Default,Default,Default,Default,Default,Default,Default,Default,Default,Default,Default,Default,Default,Default,Default,Default,Default,Default,Default,Default,3,Default,1,Default,Default,Default,Default,Default,Default,Default,3,"ShortRun(IterationCount=3, LaunchCount=1, WarmupCount=3)",,1,Workload,Result,2,656951100,134217728,4.89,0,0,0,0
PrimitiveBenchmarks.LibraryImport_Double,PInvokeBench,PrimitiveBenchmarks,LibraryImport_Double,ShortRun,Default,Default,Default,Default,Default,Default,Default,Default,Default,Default,Default,Default,Default,Default,Default,Default,Default,Default,Default,Default,Default,Default,Default,Default,Default,Default,Default,Default,Default,Default,Default,3,Default,1,Default,Default,Default,Default,Default,Default,Default,3,"ShortRun(IterationCount=3, LaunchCount=1, WarmupCount=3)",,1,Workload,Result,3,698456100,134217728,5.2,0,0,0,0
PrimitiveBenchmarks.LibraryImport_Double_SuppressGC,PInvokeBench,PrimitiveBenchmarks,LibraryImport_Double_SuppressGC,ShortRun,Default,Default,Default,Default,Default,Default,Default,Default,Default,Default,Default,Default,Default,Default,Default,Default,Default,Default,Default,Default,Default,Default,Default,Default,Default,Default,Default,Default,Default,Default,Default,3,Default,1,Default,Default,Default,Default,Default,Default,Default,3,"ShortRun(IterationCount=3, LaunchCount=1, WarmupCount=3)",,1,Overhead,Jitting,1,540200,1,540200,0,0,0,0
PrimitiveBenchmarks.LibraryImport_Double_SuppressGC,PInvokeBench,PrimitiveBenchmarks,LibraryImport_Double_SuppressGC,ShortRun,Default,Default,Default,Default,Default,Default,Default,Default,Default,Default,Default,Default,Default,Default,Default,Default,Default,Default,Default,Default,Default,Default,Default,Default,Default,Default,Default,Default,Default,Default,Default,3,Default,1,Default,Default,Default,Default,Default,Default,Default,3,"ShortRun(IterationCount=3, LaunchCount=1, WarmupCount=3)",,1,Workload,Jitting,1,492200,1,492200,0,0,0,0
PrimitiveBenchmarks.LibraryImport_Double_SuppressGC,PInvokeBench,PrimitiveBenchmarks,LibraryImport_Double_SuppressGC,ShortRun,Default,Default,Default,Default,Default,Default,Default,Default,Default,Default,Default,Default,Default,Default,Default,Default,Default,Default,Default,Default,Default,Default,Default,Default,Default,Default,Default,Default,Default,Default,Default,3,Default,1,Default,Default,Default,Default,Default,Default,Default,3,"ShortRun(IterationCount=3, LaunchCount=1, WarmupCount=3)",,1,Overhead,Jitting,2,313900,16,19618.75,0,0,0,0
PrimitiveBenchmarks.LibraryImport_Double_SuppressGC,PInvokeBench,PrimitiveBenchmarks,LibraryImport_Double_SuppressGC,ShortRun,Default,Default,Default,Default,Default,Default,Default,Default,Default,Default,Default,Default,Default,Default,Default,Default,Default,Default,Default,Default,Default,Default,Default,Default,Default,Default,Default,Default,Default,Default,Default,3,Default,1,Default,Default,Default,Default,Default,Default,Default,3,"ShortRun(IterationCount=3, LaunchCount=1, WarmupCount=3)",,1,Workload,Jitting,2,332700,16,20793.75,0,0,0,0
PrimitiveBenchmarks.LibraryImport_Double_SuppressGC,PInvokeBench,PrimitiveBenchmarks,LibraryImport_Double_SuppressGC,ShortRun,Default,Default,Default,Default,Default,Default,Default,Default,Default,Default,Default,Default,Default,Default,Default,Default,Default,Default,Default,Default,Default,Default,Default,Default,Default,Default,Default,Default,Default,Default,Default,3,Default,1,Default,Default,Default,Default,Default,Default,Default,3,"ShortRun(IterationCount=3, LaunchCount=1, WarmupCount=3)",,1,Workload,Pilot,1,700,16,43.75,0,0,0,0
PrimitiveBenchmarks.LibraryImport_Double_SuppressGC,PInvokeBench,PrimitiveBenchmarks,LibraryImport_Double_SuppressGC,ShortRun,Default,Default,Default,Default,Default,Default,Default,Default,Default,Default,Default,Default,Default,Default,Default,Default,Default,Default,Default,Default,Default,Default,Default,Default,Default,Default,Default,Default,Default,Default,Default,3,Default,1,Default,Default,Default,Default,Default,Default,Default,3,"ShortRun(IterationCount=3, LaunchCount=1, WarmupCount=3)",,1,Workload,Pilot,2,700,32,21.88,0,0,0,0
PrimitiveBenchmarks.LibraryImport_Double_SuppressGC,PInvokeBench,PrimitiveBenchmarks,LibraryImport_Double_SuppressGC,ShortRun,Default,Default,Default,Default,Default,Default,Default,Default,Default,Default,Default,Default,Default,Default,Default,Default,Default,Default,Default,Default,Default,Default,Default,Default,Default,Default,Default,Default,Default,Default,Default,3,Default,1,Default,Default,Default,Default,Default,Default,Default,3,"ShortRun(IterationCount=3, LaunchCount=1, WarmupCount=3)",,1,Workload,Pilot,3,800,64,12.5,0,0,0,0
PrimitiveBenchmarks.LibraryImport_Double_SuppressGC,PInvokeBench,PrimitiveBenchmarks,LibraryImport_Double_SuppressGC,ShortRun,Default,Default,Default,Default,Default,Default,Default,Default,Default,Default,Default,Default,Default,Default,Default,Default,Default,Default,Default,Default,Default,Default,Default,Default,Default,Default,Default,Default,Default,Default,Default,3,Default,1,Default,Default,Default,Default,Default,Default,Default,3,"ShortRun(IterationCount=3, LaunchCount=1, WarmupCount=3)",,1,Workload,Pilot,4,700,128,5.47,0,0,0,0
PrimitiveBenchmarks.LibraryImport_Double_SuppressGC,PInvokeBench,PrimitiveBenchmarks,LibraryImport_Double_SuppressGC,ShortRun,Default,Default,Default,Default,Default,Default,Default,Default,Default,Default,Default,Default,Default,Default,Default,Default,Default,Default,Default,Default,Default,Default,Default,Default,Default,Default,Default,Default,Default,Default,Default,3,Default,1,Default,Default,Default,Default,Default,Default,Default,3,"ShortRun(IterationCount=3, LaunchCount=1, WarmupCount=3)",,1,Workload,Pilot,5,1100,256,4.3,0,0,0,0
PrimitiveBenchmarks.LibraryImport_Double_SuppressGC,PInvokeBench,PrimitiveBenchmarks,LibraryImport_Double_SuppressGC,ShortRun,Default,Default,Default,Default,Default,Default,Default,Default,Default,Default,Default,Default,Default,Default,Default,Default,Default,Default,Default,Default,Default,Default,Default,Default,Default,Default,Default,Default,Default,Default,Default,3,Default,1,Default,Default,Default,Default,Default,Default,Default,3,"ShortRun(IterationCount=3, LaunchCount=1, WarmupCount=3)",,1,Workload,Pilot,6,2000,512,3.91,0,0,0,0
PrimitiveBenchmarks.LibraryImport_Double_SuppressGC,PInvokeBench,PrimitiveBenchmarks,LibraryImport_Double_SuppressGC,ShortRun,Default,Default,Default,Default,Default,Default,Default,Default,Default,Default,Default,Default,Default,Default,Default,Default,Default,Default,Default,Default,Default,Default,Default,Default,Default,Default,Default,Default,Default,Default,Default,3,Default,1,Default,Default,Default,Default,Default,Default,Default,3,"ShortRun(IterationCount=3, LaunchCount=1, WarmupCount=3)",,1,Workload,Pilot,7,3700,1024,3.61,0,0,0,0
PrimitiveBenchmarks.LibraryImport_Double_SuppressGC,PInvokeBench,PrimitiveBenchmarks,LibraryImport_Double_SuppressGC,ShortRun,Default,Default,Default,Default,Default,Default,Default,Default,Default,Default,Default,Default,Default,Default,Default,Default,Default,Default,Default,Default,Default,Default,Default,Default,Default,Default,Default,Default,Default,Default,Default,3,Default,1,Default,Default,Default,Default,Default,Default,Default,3,"ShortRun(IterationCount=3, LaunchCount=1, WarmupCount=3)",,1,Workload,Pilot,8,14800,2048,7.23,0,0,0,0
PrimitiveBenchmarks.LibraryImport_Double_SuppressGC,PInvokeBench,PrimitiveBenchmarks,LibraryImport_Double_SuppressGC,ShortRun,Default,Default,Default,Default,Default,Default,Default,Default,Default,Default,Default,Default,Default,Default,Default,Default,Default,Default,Default,Default,Default,Default,Default,Default,Default,Default,Default,Default,Default,Default,Default,3,Default,1,Default,Default,Default,Default,Default,Default,Default,3,"ShortRun(IterationCount=3, LaunchCount=1, WarmupCount=3)",,1,Workload,Pilot,9,14500,4096,3.54,0,0,0,0
PrimitiveBenchmarks.LibraryImport_Double_SuppressGC,PInvokeBench,PrimitiveBenchmarks,LibraryImport_Double_SuppressGC,ShortRun,Default,Default,Default,Default,Default,Default,Default,Default,Default,Default,Default,Default,Default,Default,Default,Default,Default,Default,Default,Default,Default,Default,Default,Default,Default,Default,Default,Default,Default,Default,Default,3,Default,1,Default,Default,Default,Default,Default,Default,Default,3,"ShortRun(IterationCount=3, LaunchCount=1, WarmupCount=3)",,1,Workload,Pilot,10,28500,8192,3.48,0,0,0,0
PrimitiveBenchmarks.LibraryImport_Double_SuppressGC,PInvokeBench,PrimitiveBenchmarks,LibraryImport_Double_SuppressGC,ShortRun,Default,Default,Default,Default,Default,Default,Default,Default,Default,Default,Default,Default,Default,Default,Default,Default,Default,Default,Default,Default,Default,Default,Default,Default,Default,Default,Default,Default,Default,Default,Default,3,Default,1,Default,Default,Default,Default,Default,Default,Default,3,"ShortRun(IterationCount=3, LaunchCount=1, WarmupCount=3)",,1,Workload,Pilot,11,65900,16384,4.02,0,0,0,0
PrimitiveBenchmarks.LibraryImport_Double_SuppressGC,PInvokeBench,PrimitiveBenchmarks,LibraryImport_Double_SuppressGC,ShortRun,Default,Default,Default,Default,Default,Default,Default,Default,Default,Default,Default,Default,Default,Default,Default,Default,Default,Default,Default,Default,Default,Default,Default,Default,Default,Default,Default,Default,Default,Default,Default,3,Default,1,Default,Default,Default,Default,Default,Default,Default,3,"ShortRun(IterationCount=3, LaunchCount=1, WarmupCount=3)",,1,Workload,Pilot,12,113300,32768,3.46,0,0,0,0
PrimitiveBenchmarks.LibraryImport_Double_SuppressGC,PInvokeBench,PrimitiveBenchmarks,LibraryImport_Double_SuppressGC,ShortRun,Default,Default,Default,Default,Default,Default,Default,Default,Default,Default,Default,Default,Default,Default,Default,Default,Default,Default,Default,Default,Default,Default,Default,Default,Default,Default,Default,Default,Default,Default,Default,3,Default,1,Default,Default,Default,Default,Default,Default,Default,3,"ShortRun(IterationCount=3, LaunchCount=1, WarmupCount=3)",,1,Workload,Pilot,13,226600,65536,3.46,0,0,0,0
PrimitiveBenchmarks.LibraryImport_Double_SuppressGC,PInvokeBench,PrimitiveBenchmarks,LibraryImport_Double_SuppressGC,ShortRun,Default,Default,Default,Default,Default,Default,Default,Default,Default,Default,Default,Default,Default,Default,Default,Default,Default,Default,Default,Default,Default,Default,Default,Default,Default,Default,Default,Default,Default,Default,Default,3,Default,1,Default,Default,Default,Default,Default,Default,Default,3,"ShortRun(IterationCount=3, LaunchCount=1, WarmupCount=3)",,1,Workload,Pilot,14,452900,131072,3.46,0,0,0,0
PrimitiveBenchmarks.LibraryImport_Double_SuppressGC,PInvokeBench,PrimitiveBenchmarks,LibraryImport_Double_SuppressGC,ShortRun,Default,Default,Default,Default,Default,Default,Default,Default,Default,Default,Default,Default,Default,Default,Default,Default,Default,Default,Default,Default,Default,Default,Default,Default,Default,Default,Default,Default,Default,Default,Default,3,Default,1,Default,Default,Default,Default,Default,Default,Default,3,"ShortRun(IterationCount=3, LaunchCount=1, WarmupCount=3)",,1,Workload,Pilot,15,944200,262144,3.6,0,0,0,0
PrimitiveBenchmarks.LibraryImport_Double_SuppressGC,PInvokeBench,PrimitiveBenchmarks,LibraryImport_Double_SuppressGC,ShortRun,Default,Default,Default,Default,Default,Default,Default,Default,Default,Default,Default,Default,Default,Default,Default,Default,Default,Default,Default,Default,Default,Default,Default,Default,Default,Default,Default,Default,Default,Default,Default,3,Default,1,Default,Default,Default,Default,Default,Default,Default,3,"ShortRun(IterationCount=3, LaunchCount=1, WarmupCount=3)",,1,Workload,Pilot,16,1820700,524288,3.47,0,0,0,0
PrimitiveBenchmarks.LibraryImport_Double_SuppressGC,PInvokeBench,PrimitiveBenchmarks,LibraryImport_Double_SuppressGC,ShortRun,Default,Default,Default,Default,Default,Default,Default,Default,Default,Default,Default,Default,Default,Default,Default,Default,Default,Default,Default,Default,Default,Default,Default,Default,Default,Default,Default,Default,Default,Default,Default,3,Default,1,Default,Default,Default,Default,Default,Default,Default,3,"ShortRun(IterationCount=3, LaunchCount=1, WarmupCount=3)",,1,Workload,Pilot,17,4350700,1048576,4.15,0,0,0,0
PrimitiveBenchmarks.LibraryImport_Double_SuppressGC,PInvokeBench,PrimitiveBenchmarks,LibraryImport_Double_SuppressGC,ShortRun,Default,Default,Default,Default,Default,Default,Default,Default,Default,Default,Default,Default,Default,Default,Default,Default,Default,Default,Default,Default,Default,Default,Default,Default,Default,Default,Default,Default,Default,Default,Default,3,Default,1,Default,Default,Default,Default,Default,Default,Default,3,"ShortRun(IterationCount=3, LaunchCount=1, WarmupCount=3)",,1,Workload,Pilot,18,7947100,2097152,3.79,0,0,0,0
PrimitiveBenchmarks.LibraryImport_Double_SuppressGC,PInvokeBench,PrimitiveBenchmarks,LibraryImport_Double_SuppressGC,ShortRun,Default,Default,Default,Default,Default,Default,Default,Default,Default,Default,Default,Default,Default,Default,Default,Default,Default,Default,Default,Default,Default,Default,Default,Default,Default,Default,Default,Default,Default,Default,Default,3,Default,1,Default,Default,Default,Default,Default,Default,Default,3,"ShortRun(IterationCount=3, LaunchCount=1, WarmupCount=3)",,1,Workload,Pilot,19,14641700,4194304,3.49,0,0,0,0
PrimitiveBenchmarks.LibraryImport_Double_SuppressGC,PInvokeBench,PrimitiveBenchmarks,LibraryImport_Double_SuppressGC,ShortRun,Default,Default,Default,Default,Default,Default,Default,Default,Default,Default,Default,Default,Default,Default,Default,Default,Default,Default,Default,Default,Default,Default,Default,Default,Default,Default,Default,Default,Default,Default,Default,3,Default,1,Default,Default,Default,Default,Default,Default,Default,3,"ShortRun(IterationCount=3, LaunchCount=1, WarmupCount=3)",,1,Workload,Pilot,20,29184300,8388608,3.48,0,0,0,0
PrimitiveBenchmarks.LibraryImport_Double_SuppressGC,PInvokeBench,PrimitiveBenchmarks,LibraryImport_Double_SuppressGC,ShortRun,Default,Default,Default,Default,Default,Default,Default,Default,Default,Default,Default,Default,Default,Default,Default,Default,Default,Default,Default,Default,Default,Default,Default,Default,Default,Default,Default,Default,Default,Default,Default,3,Default,1,Default,Default,Default,Default,Default,Default,Default,3,"ShortRun(IterationCount=3, LaunchCount=1, WarmupCount=3)",,1,Workload,Pilot,21,63936500,16777216,3.81,0,0,0,0
PrimitiveBenchmarks.LibraryImport_Double_SuppressGC,PInvokeBench,PrimitiveBenchmarks,LibraryImport_Double_SuppressGC,ShortRun,Default,Default,Default,Default,Default,Default,Default,Default,Default,Default,Default,Default,Default,Default,Default,Default,Default,Default,Default,Default,Default,Default,Default,Default,Default,Default,Default,Default,Default,Default,Default,3,Default,1,Default,Default,Default,Default,Default,Default,Default,3,"ShortRun(IterationCount=3, LaunchCount=1, WarmupCount=3)",,1,Workload,Pilot,22,99733800,33554432,2.97,0,0,0,0
PrimitiveBenchmarks.LibraryImport_Double_SuppressGC,PInvokeBench,PrimitiveBenchmarks,LibraryImport_Double_SuppressGC,ShortRun,Default,Default,Default,Default,Default,Default,Default,Default,Default,Default,Default,Default,Default,Default,Default,Default,Default,Default,Default,Default,Default,Default,Default,Default,Default,Default,Default,Default,Default,Default,Default,3,Default,1,Default,Default,Default,Default,Default,Default,Default,3,"ShortRun(IterationCount=3, LaunchCount=1, WarmupCount=3)",,1,Workload,Pilot,23,198128300,67108864,2.95,0,0,0,0
PrimitiveBenchmarks.LibraryImport_Double_SuppressGC,PInvokeBench,PrimitiveBenchmarks,LibraryImport_Double_SuppressGC,ShortRun,Default,Default,Default,Default,Default,Default,Default,Default,Default,Default,Default,Default,Default,Default,Default,Default,Default,Default,Default,Default,Default,Default,Default,Default,Default,Default,Default,Default,Default,Default,Default,3,Default,1,Default,Default,Default,Default,Default,Default,Default,3,"ShortRun(IterationCount=3, LaunchCount=1, WarmupCount=3)",,1,Workload,Pilot,24,397347800,134217728,2.96,0,0,0,0
PrimitiveBenchmarks.LibraryImport_Double_SuppressGC,PInvokeBench,PrimitiveBenchmarks,LibraryImport_Double_SuppressGC,ShortRun,Default,Default,Default,Default,Default,Default,Default,Default,Default,Default,Default,Default,Default,Default,Default,Default,Default,Default,Default,Default,Default,Default,Default,Default,Default,Default,Default,Default,Default,Default,Default,3,Default,1,Default,Default,Default,Default,Default,Default,Default,3,"ShortRun(IterationCount=3, LaunchCount=1, WarmupCount=3)",,1,Workload,Pilot,25,796865200,268435456,2.97,0,0,0,0
PrimitiveBenchmarks.LibraryImport_Double_SuppressGC,PInvokeBench,PrimitiveBenchmarks,LibraryImport_Double_SuppressGC,ShortRun,Default,Default,Default,Default,Default,Default,Default,Default,Default,Default,Default,Default,Default,Default,Default,Default,Default,Default,Default,Default,Default,Default,Default,Default,Default,Default,Default,Default,Default,Default,Default,3,Default,1,Default,Default,Default,Default,Default,Default,Default,3,"ShortRun(IterationCount=3, LaunchCount=1, WarmupCount=3)",,1,Overhead,Warmup,1,561494500,268435456,2.09,0,0,0,0
PrimitiveBenchmarks.LibraryImport_Double_SuppressGC,PInvokeBench,PrimitiveBenchmarks,LibraryImport_Double_SuppressGC,ShortRun,Default,Default,Default,Default,Default,Default,Default,Default,Default,Default,Default,Default,Default,Default,Default,Default,Default,Default,Default,Default,Default,Default,Default,Default,Default,Default,Default,Default,Default,Default,Default,3,Default,1,Default,Default,Default,Default,Default,Default,Default,3,"ShortRun(IterationCount=3, LaunchCount=1, WarmupCount=3)",,1,Overhead,Warmup,2,517311900,268435456,1.93,0,0,0,0
PrimitiveBenchmarks.LibraryImport_Double_SuppressGC,PInvokeBench,PrimitiveBenchmarks,LibraryImport_Double_SuppressGC,ShortRun,Default,Default,Default,Default,Default,Default,Default,Default,Default,Default,Default,Default,Default,Default,Default,Default,Default,Default,Default,Default,Default,Default,Default,Default,Default,Default,Default,Default,Default,Default,Default,3,Default,1,Default,Default,Default,Default,Default,Default,Default,3,"ShortRun(IterationCount=3, LaunchCount=1, WarmupCount=3)",,1,Overhead,Warmup,3,493276600,268435456,1.84,0,0,0,0
PrimitiveBenchmarks.LibraryImport_Double_SuppressGC,PInvokeBench,PrimitiveBenchmarks,LibraryImport_Double_SuppressGC,ShortRun,Default,Default,Default,Default,Default,Default,Default,Default,Default,Default,Default,Default,Default,Default,Default,Default,Default,Default,Default,Default,Default,Default,Default,Default,Default,Default,Default,Default,Default,Default,Default,3,Default,1,Default,Default,Default,Default,Default,Default,Default,3,"ShortRun(IterationCount=3, LaunchCount=1, WarmupCount=3)",,1,Overhead,Warmup,4,497222200,268435456,1.85,0,0,0,0
PrimitiveBenchmarks.LibraryImport_Double_SuppressGC,PInvokeBench,PrimitiveBenchmarks,LibraryImport_Double_SuppressGC,ShortRun,Default,Default,Default,Default,Default,Default,Default,Default,Default,Default,Default,Default,Default,Default,Default,Default,Default,Default,Default,Default,Default,Default,Default,Default,Default,Default,Default,Default,Default,Default,Default,3,Default,1,Default,Default,Default,Default,Default,Default,Default,3,"ShortRun(IterationCount=3, LaunchCount=1, WarmupCount=3)",,1,Overhead,Warmup,5,498193000,268435456,1.86,0,0,0,0
PrimitiveBenchmarks.LibraryImport_Double_SuppressGC,PInvokeBench,PrimitiveBenchmarks,LibraryImport_Double_SuppressGC,ShortRun,Default,Default,Default,Default,Default,Default,Default,Default,Default,Default,Default,Default,Default,Default,Default,Default,Default,Default,Default,Default,Default,Default,Default,Default,Default,Default,Default,Default,Default,Default,Default,3,Default,1,Default,Default,Default,Default,Default,Default,Default,3,"ShortRun(IterationCount=3, LaunchCount=1, WarmupCount=3)",,1,Overhead,Warmup,6,496412000,268435456,1.85,0,0,0,0
PrimitiveBenchmarks.LibraryImport_Double_SuppressGC,PInvokeBench,PrimitiveBenchmarks,LibraryImport_Double_SuppressGC,ShortRun,Default,Default,Default,Default,Default,Default,Default,Default,Default,Default,Default,Default,Default,Default,Default,Default,Default,Default,Default,Default,Default,Default,Default,Default,Default,Default,Default,Default,Default,Default,Default,3,Default,1,Default,Default,Default,Default,Default,Default,Default,3,"ShortRun(IterationCount=3, LaunchCount=1, WarmupCount=3)",,1,Overhead,Warmup,7,538512500,268435456,2.01,0,0,0,0
PrimitiveBenchmarks.LibraryImport_Double_SuppressGC,PInvokeBench,PrimitiveBenchmarks,LibraryImport_Double_SuppressGC,ShortRun,Default,Default,Default,Default,Default,Default,Default,Default,Default,Default,Default,Default,Default,Default,Default,Default,Default,Default,Default,Default,Default,Default,Default,Default,Default,Default,Default,Default,Default,Default,Default,3,Default,1,Default,Default,Default,Default,Default,Default,Default,3,"ShortRun(IterationCount=3, LaunchCount=1, WarmupCount=3)",,1,Overhead,Warmup,8,497002700,268435456,1.85,0,0,0,0
PrimitiveBenchmarks.LibraryImport_Double_SuppressGC,PInvokeBench,PrimitiveBenchmarks,LibraryImport_Double_SuppressGC,ShortRun,Default,Default,Default,Default,Default,Default,Default,Default,Default,Default,Default,Default,Default,Default,Default,Default,Default,Default,Default,Default,Default,Default,Default,Default,Default,Default,Default,Default,Default,Default,Default,3,Default,1,Default,Default,Default,Default,Default,Default,Default,3,"ShortRun(IterationCount=3, LaunchCount=1, WarmupCount=3)",,1,Overhead,Actual,1,496953400,268435456,1.85,0,0,0,0
PrimitiveBenchmarks.LibraryImport_Double_SuppressGC,PInvokeBench,PrimitiveBenchmarks,LibraryImport_Double_SuppressGC,ShortRun,Default,Default,Default,Default,Default,Default,Default,Default,Default,Default,Default,Default,Default,Default,Default,Default,Default,Default,Default,Default,Default,Default,Default,Default,Default,Default,Default,Default,Default,Default,Default,3,Default,1,Default,Default,Default,Default,Default,Default,Default,3,"ShortRun(IterationCount=3, LaunchCount=1, WarmupCount=3)",,1,Overhead,Actual,2,495668800,268435456,1.85,0,0,0,0
PrimitiveBenchmarks.LibraryImport_Double_SuppressGC,PInvokeBench,PrimitiveBenchmarks,LibraryImport_Double_SuppressGC,ShortRun,Default,Default,Default,Default,Default,Default,Default,Default,Default,Default,Default,Default,Default,Default,Default,Default,Default,Default,Default,Default,Default,Default,Default,Default,Default,Default,Default,Default,Default,Default,Default,3,Default,1,Default,Default,Default,Default,Default,Default,Default,3,"ShortRun(IterationCount=3, LaunchCount=1, WarmupCount=3)",,1,Overhead,Actual,3,518967600,268435456,1.93,0,0,0,0
PrimitiveBenchmarks.LibraryImport_Double_SuppressGC,PInvokeBench,PrimitiveBenchmarks,LibraryImport_Double_SuppressGC,ShortRun,Default,Default,Default,Default,Default,Default,Default,Default,Default,Default,Default,Default,Default,Default,Default,Default,Default,Default,Default,Default,Default,Default,Default,Default,Default,Default,Default,Default,Default,Default,Default,3,Default,1,Default,Default,Default,Default,Default,Default,Default,3,"ShortRun(IterationCount=3, LaunchCount=1, WarmupCount=3)",,1,Overhead,Actual,4,526086700,268435456,1.96,0,0,0,0
PrimitiveBenchmarks.LibraryImport_Double_SuppressGC,PInvokeBench,PrimitiveBenchmarks,LibraryImport_Double_SuppressGC,ShortRun,Default,Default,Default,Default,Default,Default,Default,Default,Default,Default,Default,Default,Default,Default,Default,Default,Default,Default,Default,Default,Default,Default,Default,Default,Default,Default,Default,Default,Default,Default,Default,3,Default,1,Default,Default,Default,Default,Default,Default,Default,3,"ShortRun(IterationCount=3, LaunchCount=1, WarmupCount=3)",,1,Overhead,Actual,5,492325800,268435456,1.83,0,0,0,0
PrimitiveBenchmarks.LibraryImport_Double_SuppressGC,PInvokeBench,PrimitiveBenchmarks,LibraryImport_Double_SuppressGC,ShortRun,Default,Default,Default,Default,Default,Default,Default,Default,Default,Default,Default,Default,Default,Default,Default,Default,Default,Default,Default,Default,Default,Default,Default,Default,Default,Default,Default,Default,Default,Default,Default,3,Default,1,Default,Default,Default,Default,Default,Default,Default,3,"ShortRun(IterationCount=3, LaunchCount=1, WarmupCount=3)",,1,Overhead,Actual,6,499269600,268435456,1.86,0,0,0,0
PrimitiveBenchmarks.LibraryImport_Double_SuppressGC,PInvokeBench,PrimitiveBenchmarks,LibraryImport_Double_SuppressGC,ShortRun,Default,Default,Default,Default,Default,Default,Default,Default,Default,Default,Default,Default,Default,Default,Default,Default,Default,Default,Default,Default,Default,Default,Default,Default,Default,Default,Default,Default,Default,Default,Default,3,Default,1,Default,Default,Default,Default,Default,Default,Default,3,"ShortRun(IterationCount=3, LaunchCount=1, WarmupCount=3)",,1,Overhead,Actual,7,559036200,268435456,2.08,0,0,0,0
PrimitiveBenchmarks.LibraryImport_Double_SuppressGC,PInvokeBench,PrimitiveBenchmarks,LibraryImport_Double_SuppressGC,ShortRun,Default,Default,Default,Default,Default,Default,Default,Default,Default,Default,Default,Default,Default,Default,Default,Default,Default,Default,Default,Default,Default,Default,Default,Default,Default,Default,Default,Default,Default,Default,Default,3,Default,1,Default,Default,Default,Default,Default,Default,Default,3,"ShortRun(IterationCount=3, LaunchCount=1, WarmupCount=3)",,1,Overhead,Actual,8,580315000,268435456,2.16,0,0,0,0
PrimitiveBenchmarks.LibraryImport_Double_SuppressGC,PInvokeBench,PrimitiveBenchmarks,LibraryImport_Double_SuppressGC,ShortRun,Default,Default,Default,Default,Default,Default,Default,Default,Default,Default,Default,Default,Default,Default,Default,Default,Default,Default,Default,Default,Default,Default,Default,Default,Default,Default,Default,Default,Default,Default,Default,3,Default,1,Default,Default,Default,Default,Default,Default,Default,3,"ShortRun(IterationCount=3, LaunchCount=1, WarmupCount=3)",,1,Overhead,Actual,9,546713400,268435456,2.04,0,0,0,0
PrimitiveBenchmarks.LibraryImport_Double_SuppressGC,PInvokeBench,PrimitiveBenchmarks,LibraryImport_Double_SuppressGC,ShortRun,Default,Default,Default,Default,Default,Default,Default,Default,Default,Default,Default,Default,Default,Default,Default,Default,Default,Default,Default,Default,Default,Default,Default,Default,Default,Default,Default,Default,Default,Default,Default,3,Default,1,Default,Default,Default,Default,Default,Default,Default,3,"ShortRun(IterationCount=3, LaunchCount=1, WarmupCount=3)",,1,Overhead,Actual,10,494301700,268435456,1.84,0,0,0,0
PrimitiveBenchmarks.LibraryImport_Double_SuppressGC,PInvokeBench,PrimitiveBenchmarks,LibraryImport_Double_SuppressGC,ShortRun,Default,Default,Default,Default,Default,Default,Default,Default,Default,Default,Default,Default,Default,Default,Default,Default,Default,Default,Default,Default,Default,Default,Default,Default,Default,Default,Default,Default,Default,Default,Default,3,Default,1,Default,Default,Default,Default,Default,Default,Default,3,"ShortRun(IterationCount=3, LaunchCount=1, WarmupCount=3)",,1,Overhead,Actual,11,497521600,268435456,1.85,0,0,0,0
PrimitiveBenchmarks.LibraryImport_Double_SuppressGC,PInvokeBench,PrimitiveBenchmarks,LibraryImport_Double_SuppressGC,ShortRun,Default,Default,Default,Default,Default,Default,Default,Default,Default,Default,Default,Default,Default,Default,Default,Default,Default,Default,Default,Default,Default,Default,Default,Default,Default,Default,Default,Default,Default,Default,Default,3,Default,1,Default,Default,Default,Default,Default,Default,Default,3,"ShortRun(IterationCount=3, LaunchCount=1, WarmupCount=3)",,1,Overhead,Actual,12,499206800,268435456,1.86,0,0,0,0
PrimitiveBenchmarks.LibraryImport_Double_SuppressGC,PInvokeBench,PrimitiveBenchmarks,LibraryImport_Double_SuppressGC,ShortRun,Default,Default,Default,Default,Default,Default,Default,Default,Default,Default,Default,Default,Default,Default,Default,Default,Default,Default,Default,Default,Default,Default,Default,Default,Default,Default,Default,Default,Default,Default,Default,3,Default,1,Default,Default,Default,Default,Default,Default,Default,3,"ShortRun(IterationCount=3, LaunchCount=1, WarmupCount=3)",,1,Overhead,Actual,13,533165300,268435456,1.99,0,0,0,0
PrimitiveBenchmarks.LibraryImport_Double_SuppressGC,PInvokeBench,PrimitiveBenchmarks,LibraryImport_Double_SuppressGC,ShortRun,Default,Default,Default,Default,Default,Default,Default,Default,Default,Default,Default,Default,Default,Default,Default,Default,Default,Default,Default,Default,Default,Default,Default,Default,Default,Default,Default,Default,Default,Default,Default,3,Default,1,Default,Default,Default,Default,Default,Default,Default,3,"ShortRun(IterationCount=3, LaunchCount=1, WarmupCount=3)",,1,Overhead,Actual,14,508761400,268435456,1.9,0,0,0,0
PrimitiveBenchmarks.LibraryImport_Double_SuppressGC,PInvokeBench,PrimitiveBenchmarks,LibraryImport_Double_SuppressGC,ShortRun,Default,Default,Default,Default,Default,Default,Default,Default,Default,Default,Default,Default,Default,Default,Default,Default,Default,Default,Default,Default,Default,Default,Default,Default,Default,Default,Default,Default,Default,Default,Default,3,Default,1,Default,Default,Default,Default,Default,Default,Default,3,"ShortRun(IterationCount=3, LaunchCount=1, WarmupCount=3)",,1,Overhead,Actual,15,493698400,268435456,1.84,0,0,0,0
PrimitiveBenchmarks.LibraryImport_Double_SuppressGC,PInvokeBench,PrimitiveBenchmarks,LibraryImport_Double_SuppressGC,ShortRun,Default,Default,Default,Default,Default,Default,Default,Default,Default,Default,Default,Default,Default,Default,Default,Default,Default,Default,Default,Default,Default,Default,Default,Default,Default,Default,Default,Default,Default,Default,Default,3,Default,1,Default,Default,Default,Default,Default,Default,Default,3,"ShortRun(IterationCount=3, LaunchCount=1, WarmupCount=3)",,1,Overhead,Actual,16,497766200,268435456,1.85,0,0,0,0
PrimitiveBenchmarks.LibraryImport_Double_SuppressGC,PInvokeBench,PrimitiveBenchmarks,LibraryImport_Double_SuppressGC,ShortRun,Default,Default,Default,Default,Default,Default,Default,Default,Default,Default,Default,Default,Default,Default,Default,Default,Default,Default,Default,Default,Default,Default,Default,Default,Default,Default,Default,Default,Default,Default,Default,3,Default,1,Default,Default,Default,Default,Default,Default,Default,3,"ShortRun(IterationCount=3, LaunchCount=1, WarmupCount=3)",,1,Workload,Warmup,1,786731100,268435456,2.93,0,0,0,0
PrimitiveBenchmarks.LibraryImport_Double_SuppressGC,PInvokeBench,PrimitiveBenchmarks,LibraryImport_Double_SuppressGC,ShortRun,Default,Default,Default,Default,Default,Default,Default,Default,Default,Default,Default,Default,Default,Default,Default,Default,Default,Default,Default,Default,Default,Default,Default,Default,Default,Default,Default,Default,Default,Default,Default,3,Default,1,Default,Default,Default,Default,Default,Default,Default,3,"ShortRun(IterationCount=3, LaunchCount=1, WarmupCount=3)",,1,Workload,Warmup,2,812717000,268435456,3.03,0,0,0,0
PrimitiveBenchmarks.LibraryImport_Double_SuppressGC,PInvokeBench,PrimitiveBenchmarks,LibraryImport_Double_SuppressGC,ShortRun,Default,Default,Default,Default,Default,Default,Default,Default,Default,Default,Default,Default,Default,Default,Default,Default,Default,Default,Default,Default,Default,Default,Default,Default,Default,Default,Default,Default,Default,Default,Default,3,Default,1,Default,Default,Default,Default,Default,Default,Default,3,"ShortRun(IterationCount=3, LaunchCount=1, WarmupCount=3)",,1,Workload,Warmup,3,793340400,268435456,2.96,0,0,0,0
PrimitiveBenchmarks.LibraryImport_Double_SuppressGC,PInvokeBench,PrimitiveBenchmarks,LibraryImport_Double_SuppressGC,ShortRun,Default,Default,Default,Default,Default,Default,Default,Default,Default,Default,Default,Default,Default,Default,Default,Default,Default,Default,Default,Default,Default,Default,Default,Default,Default,Default,Default,Default,Default,Default,Default,3,Default,1,Default,Default,Default,Default,Default,Default,Default,3,"ShortRun(IterationCount=3, LaunchCount=1, WarmupCount=3)",,1,Workload,Actual,1,818268000,268435456,3.05,0,0,0,0
PrimitiveBenchmarks.LibraryImport_Double_SuppressGC,PInvokeBench,PrimitiveBenchmarks,LibraryImport_Double_SuppressGC,ShortRun,Default,Default,Default,Default,Default,Default,Default,Default,Default,Default,Default,Default,Default,Default,Default,Default,Default,Default,Default,Default,Default,Default,Default,Default,Default,Default,Default,Default,Default,Default,Default,3,Default,1,Default,Default,Default,Default,Default,Default,Default,3,"ShortRun(IterationCount=3, LaunchCount=1, WarmupCount=3)",,1,Workload,Actual,2,823464600,268435456,3.07,0,0,0,0
PrimitiveBenchmarks.LibraryImport_Double_SuppressGC,PInvokeBench,PrimitiveBenchmarks,LibraryImport_Double_SuppressGC,ShortRun,Default,Default,Default,Default,Default,Default,Default,Default,Default,Default,Default,Default,Default,Default,Default,Default,Default,Default,Default,Default,Default,Default,Default,Default,Default,Default,Default,Default,Default,Default,Default,3,Default,1,Default,Default,Default,Default,Default,Default,Default,3,"ShortRun(IterationCount=3, LaunchCount=1, WarmupCount=3)",,1,Workload,Actual,3,789884700,268435456,2.94,0,0,0,0
PrimitiveBenchmarks.LibraryImport_Double_SuppressGC,PInvokeBench,PrimitiveBenchmarks,LibraryImport_Double_SuppressGC,ShortRun,Default,Default,Default,Default,Default,Default,Default,Default,Default,Default,Default,Default,Default,Default,Default,Default,Default,Default,Default,Default,Default,Default,Default,Default,Default,Default,Default,Default,Default,Default,Default,3,Default,1,Default,Default,Default,Default,Default,Default,Default,3,"ShortRun(IterationCount=3, LaunchCount=1, WarmupCount=3)",,1,Workload,Result,1,319029800,268435456,1.19,0,0,0,0
PrimitiveBenchmarks.LibraryImport_Double_SuppressGC,PInvokeBench,PrimitiveBenchmarks,LibraryImport_Double_SuppressGC,ShortRun,Default,Default,Default,Default,Default,Default,Default,Default,Default,Default,Default,Default,Default,Default,Default,Default,Default,Default,Default,Default,Default,Default,Default,Default,Default,Default,Default,Default,Default,Default,Default,3,Default,1,Default,Default,Default,Default,Default,Default,Default,3,"ShortRun(IterationCount=3, LaunchCount=1, WarmupCount=3)",,1,Workload,Result,2,324226400,268435456,1.21,0,0,0,0
PrimitiveBenchmarks.LibraryImport_Double_SuppressGC,PInvokeBench,PrimitiveBenchmarks,LibraryImport_Double_SuppressGC,ShortRun,Default,Default,Default,Default,Default,Default,Default,Default,Default,Default,Default,Default,Default,Default,Default,Default,Default,Default,Default,Default,Default,Default,Default,Default,Default,Default,Default,Default,Default,Default,Default,3,Default,1,Default,Default,Default,Default,Default,Default,Default,3,"ShortRun(IterationCount=3, LaunchCount=1, WarmupCount=3)",,1,Workload,Result,3,290646500,268435456,1.08,0,0,0,0
