Target,Target_Namespace,Target_Type,Target_Method,Job_Id,Job_AnalyzeLaunchVariance,Job_EvaluateOverhead,Job_MaxAbsoluteError,Job_MaxRelativeError,Job_MinInvokeCount,Job_MinIterationTime,Job_OutlierMode,Job_Affinity,Job_EnvironmentVariables,Job_Jit,Job_LargeAddressAware,Job_Platform,Job_PowerPlanMode,Job_Runtime,Job_AllowVeryLargeObjects,Job_Concurrent,Job_CpuGroups,Job_Force,Job_HeapAffinitizeMask,Job_HeapCount,Job_NoAffinitize,Job_RetainVm,Job_Server,Job_Arguments,Job_BuildConfiguration,Job_Clock,Job_EngineFactory,Job_NuGetReferences,Job_Toolchain,Job_IsMutator,Job_InvocationCount,Job_IterationCount,Job_IterationTime,Job_LaunchCount,Job_MaxIterationCount,Job_MaxWarmupIterationCount,Job_MemoryRandomization,Job_MinIterationCount,Job_MinWarmupIterationCount,Job_RunStrategy,Job_UnrollFactor,Job_WarmupCount,Job_Display,Params,Measurement_LaunchIndex,Measurement_IterationMode,Measurement_IterationStage,Measurement_IterationIndex,Measurement_Nanoseconds,Measurement_Operations,Measurement_Value,Gen_0,Gen_1,Gen_2,Allocated_Bytes
FillBenchmarks.DllImport_ByteArray,PInvokeBench,FillBenchmarks,DllImport_ByteArray,ShortRun,Default,Default,Default,Default,Default,Default,Default,Default,Default,Default,Default,Default,Default,Default,Default,Default,Default,Default,Default,Default,Default,Default,Default,Default,Default,Default,Default,Default,Default,Default,Default,3,Default,1,Default,Default,Default,Default,Default,Default,Default,3,"ShortRun(IterationCount=3, LaunchCount=1, WarmupCount=3)",Size=0,1,Overhead,Jitting,1,807500,1,807500,0,0,0,0
FillBenchmarks.DllImport_ByteArray,PInvokeBench,FillBenchmarks,DllImport_ByteArray,ShortRun,Default,Default,Default,Default,Default,Default,Default,Default,Default,Default,Default,Default,Default,Default,Default,Default,Default,Default,Default,Default,Default,Default,Default,Default,Default,Default,Default,Default,Default,Default,Default,3,Default,1,Default,Default,Default,Default,Default,Default,Default,3,"ShortRun(IterationCount=3, LaunchCount=1, WarmupCount=3)",Size=0,1,Workload,Jitting,1,655500,1,655500,0,0,0,0
FillBenchmarks.DllImport_ByteArray,PInvokeBench,FillBenchmarks,DllImport_ByteArray,ShortRun,Default,Default,Default,Default,Default,Default,Default,Default,Default,Default,Default,Default,Default,Default,Default,Default,Default,Default,Default,Default,Default,Default,Default,Default,Default,Default,Default,Default,Default,Default,Default,3,Default,1,Default,Default,Default,Default,Default,Default,Default,3,"ShortRun(IterationCount=3, LaunchCount=1, WarmupCount=3)",Size=0,1,Overhead,Jitting,2,283500,16,17718.75,0,0,0,0
FillBenchmarks.DllImport_ByteArray,PInvokeBench,FillBenchmarks,DllImport_ByteArray,ShortRun,Default,Default,Default,Default,Default,Default,Default,Default,Default,Default,Default,Default,Default,Default,Default,Default,Default,Default,Default,Default,Default,Default,Default,Default,Default,Default,Default,Default,Default,Default,Default,3,Default,1,Default,Default,Default,Default,Default,Default,Default,3,"ShortRun(IterationCount=3, LaunchCount=1, WarmupCount=3)",Size=0,1,Workload,Jitting,2,282200,16,17637.5,0,0,0,0
FillBenchmarks.DllImport_ByteArray,PInvokeBench,FillBenchmarks,DllImport_ByteArray,ShortRun,Default,Default,Default,Default,Default,Default,Default,Default,Default,Default,Default,Default,Default,Default,Default,Default,Default,Default,Default,Default,Default,Default,Default,Default,Default,Default,Default,Default,Default,Default,Default,3,Default,1,Default,Default,Default,Default,Default,Default,Default,3,"ShortRun(IterationCount=3, LaunchCount=1, WarmupCount=3)",Size=0,1,Workload,Pilot,1,1200,16,75,0,0,0,0
FillBenchmarks.DllImport_ByteArray,PInvokeBench,FillBenchmarks,DllImport_ByteArray,ShortRun,Default,Default,Default,Default,Default,Default,Default,Default,Default,Default,Default,Default,Default,Default,Default,Default,Default,Default,Default,Default,Default,Default,Default,Default,Default,Default,Default,Default,Default,Default,Default,3,Default,1,Default,Default,Default,Default,Default,Default,Default,3,"ShortRun(IterationCount=3, LaunchCount=1, WarmupCount=3)",Size=0,1,Workload,Pilot,2,900,32,28.13,0,0,0,0
FillBenchmarks.DllImport_ByteArray,PInvokeBench,FillBenchmarks,DllImport_ByteArray,ShortRun,Default,Default,Default,Default,Default,Default,Default,Default,Default,Default,Default,Default,Default,Default,Default,Default,Default,Default,Default,Default,Default,Default,Default,Default,Default,Default,Default,Default,Default,Default,Default,3,Default,1,Default,Default,Default,Default,Default,Default,Default,3,"ShortRun(IterationCount=3, LaunchCount=1, WarmupCount=3)",Size=0,1,Workload,Pilot,3,1000,64,15.63,0,0,0,0
FillBenchmarks.DllImport_ByteArray,PInvokeBench,FillBenchmarks,DllImport_ByteArray,ShortRun,Default,Default,Default,Default,Default,Default,Default,Default,Default,Default,Default,Default,Default,Default,Default,Default,Default,Default,Default,Default,Default,Default,Default,Default,Default,Default,Default,Default,Default,Default,Default,3,Default,1,Default,Default,Default,Default,Default,Default,Default,3,"ShortRun(IterationCount=3, LaunchCount=1, WarmupCount=3)",Size=0,1,Workload,Pilot,4,1400,128,10.94,0,0,0,0
FillBenchmarks.DllImport_ByteArray,PInvokeBench,FillBenchmarks,DllImport_ByteArray,ShortRun,Default,Default,Default,Default,Default,Default,Default,Default,Default,Default,Default,Default,Default,Default,Default,Default,Default,Default,Default,Default,Default,Default,Default,Default,Default,Default,Default,Default,Default,Default,Default,3,Default,1,Default,Default,Default,Default,Default,Default,Default,3,"ShortRun(IterationCount=3, LaunchCount=1, WarmupCount=3)",Size=0,1,Workload,Pilot,5,3500,256,13.67,0,0,0,0
FillBenchmarks.DllImport_ByteArray,PInvokeBench,FillBenchmarks,DllImport_ByteArray,ShortRun,Default,Default,Default,Default,Default,Default,Default,Default,Default,Default,Default,Default,Default,Default,Default,Default,Default,Default,Default,Default,Default,Default,Default,Default,Default,Default,Default,Default,Default,Default,Default,3,Default,1,Default,Default,Default,Default,Default,Default,Default,3,"ShortRun(IterationCount=3, LaunchCount=1, WarmupCount=3)",Size=0,1,Workload,Pilot,6,6000,512,11.72,0,0,0,0
FillBenchmarks.DllImport_ByteArray,PInvokeBench,FillBenchmarks,DllImport_ByteArray,ShortRun,Default,Default,Default,Default,Default,Default,Default,Default,Default,Default,Default,Default,Default,Default,Default,Default,Default,Default,Default,Default,Default,Default,Default,Default,Default,Default,Default,Default,Default,Default,Default,3,Default,1,Default,Default,Default,Default,Default,Default,Default,3,"ShortRun(IterationCount=3, LaunchCount=1, WarmupCount=3)",Size=0,1,Workload,Pilot,7,10500,1024,10.25,0,0,0,0
FillBenchmarks.DllImport_ByteArray,PInvokeBench,FillBenchmarks,DllImport_ByteArray,ShortRun,Default,Default,Default,Default,Default,Default,Default,Default,Default,Default,Default,Default,Default,Default,Default,Default,Default,Default,Default,Default,Default,Default,Default,Default,Default,Default,Default,Default,Default,Default,Default,3,Default,1,Default,Default,Default,Default,Default,Default,Default,3,"ShortRun(IterationCount=3, LaunchCount=1, WarmupCount=3)",Size=0,1,Workload,Pilot,8,14000,2048,6.84,0,0,0,0
FillBenchmarks.DllImport_ByteArray,PInvokeBench,FillBenchmarks,DllImport_ByteArray,ShortRun,Default,Default,Default,Default,Default,Default,Default,Default,Default,Default,Default,Default,Default,Default,Default,Default,Default,Default,Default,Default,Default,Default,Default,Default,Default,Default,Default,Default,Default,Default,Default,3,Default,1,Default,Default,Default,Default,Default,Default,Default,3,"ShortRun(IterationCount=3, LaunchCount=1, WarmupCount=3)",Size=0,1,Workload,Pilot,9,27600,4096,6.74,0,0,0,0
FillBenchmarks.DllImport_ByteArray,PInvokeBench,FillBenchmarks,DllImport_ByteArray,ShortRun,Default,Default,Default,Default,Default,Default,Default,Default,Default,Default,Default,Default,Default,Default,Default,Default,Default,Default,Default,Default,Default,Default,Default,Default,Default,Default,Default,Default,Default,Default,Default,3,Default,1,Default,Default,Default,Default,Default,Default,Default,3,"ShortRun(IterationCount=3, LaunchCount=1, WarmupCount=3)",Size=0,1,Workload,Pilot,10,54800,8192,6.69,0,0,0,0
FillBenchmarks.DllImport_ByteArray,PInvokeBench,FillBenchmarks,DllImport_ByteArray,ShortRun,Default,Default,Default,Default,Default,Default,Default,Default,Default,Default,Default,Default,Default,Default,Default,Default,Default,Default,Default,Default,Default,Default,Default,Default,Default,Default,Default,Default,Default,Default,Default,3,Default,1,Default,Default,Default,Default,Default,Default,Default,3,"ShortRun(IterationCount=3, LaunchCount=1, WarmupCount=3)",Size=0,1,Workload,Pilot,11,115200,16384,7.03,0,0,0,0
FillBenchmarks.DllImport_ByteArray,PInvokeBench,FillBenchmarks,DllImport_ByteArray,ShortRun,Default,Default,Default,Default,Default,Default,Default,Default,Default,Default,Default,Default,Default,Default,Default,Default,Default,Default,Default,Default,Default,Default,Default,Default,Default,Default,Default,Default,Default,Default,Default,3,Default,1,Default,Default,Default,Default,Default,Default,Default,3,"ShortRun(IterationCount=3, LaunchCount=1, WarmupCount=3)",Size=0,1,Workload,Pilot,12,218200,32768,6.66,0,0,0,0
FillBenchmarks.DllImport_ByteArray,PInvokeBench,FillBenchmarks,DllImport_ByteArray,ShortRun,Default,Default,Default,Default,Default,Default,Default,Default,Default,Default,Default,Default,Default,Default,Default,Default,Default,Default,Default,Default,Default,Default,Default,Default,Default,Default,Default,Default,Default,Default,Default,3,Default,1,Default,Default,Default,Default,Default,Default,Default,3,"ShortRun(IterationCount=3, LaunchCount=1, WarmupCount=3)",Size=0,1,Workload,Pilot,13,474300,65536,7.24,0,0,0,0
FillBenchmarks.DllImport_ByteArray,PInvokeBench,FillBenchmarks,DllImport_ByteArray,ShortRun,Default,Default,Default,Default,Default,Default,Default,Default,Default,Default,Default,Default,Default,Default,Default,Default,Default,Default,Default,Default,Default,Default,Default,Default,Default,Default,Default,Default,Default,Default,Default,3,Default,1,Default,Default,Default,Default,Default,Default,Default,3,"ShortRun(IterationCount=3, LaunchCount=1, WarmupCount=3)",Size=0,1,Workload,Pilot,14,1501800,131072,11.46,0,0,0,0
FillBenchmarks.DllImport_ByteArray,PInvokeBench,FillBenchmarks,DllImport_ByteArray,ShortRun,Default,Default,Default,Default,Default,Default,Default,Default,Default,Default,Default,Default,Default,Default,Default,Default,Default,Default,Default,Default,Default,Default,Default,Default,Default,Default,Default,Default,Default,Default,Default,3,Default,1,Default,Default,Default,Default,Default,Default,Default,3,"ShortRun(IterationCount=3, LaunchCount=1, WarmupCount=3)",Size=0,1,Workload,Pilot,15,2021200,262144,7.71,0,0,0,0
FillBenchmarks.DllImport_ByteArray,PInvokeBench,FillBenchmarks,DllImport_ByteArray,ShortRun,Default,Default,Default,Default,Default,Default,Default,Default,Default,Default,Default,Default,Default,Default,Default,Default,Default,Default,Default,Default,Default,Default,Default,Default,Default,Default,Default,Default,Default,Default,Default,3,Default,1,Default,Default,Default,Default,Default,Default,Default,3,"ShortRun(IterationCount=3, LaunchCount=1, WarmupCount=3)",Size=0,1,Workload,Pilot,16,3669300,524288,7,0,0,0,0
FillBenchmarks.DllImport_ByteArray,PInvokeBench,FillBenchmarks,DllImport_ByteArray,ShortRun,Default,Default,Default,Default,Default,Default,Default,Default,Default,Default,Default,Default,Default,Default,Default,Default,Default,Default,Default,Default,Default,Default,Default,Default,Default,Default,Default,Default,Default,Default,Default,3,Default,1,Default,Default,Default,Default,Default,Default,Default,3,"ShortRun(IterationCount=3, LaunchCount=1, WarmupCount=3)",Size=0,1,Workload,Pilot,17,7525300,1048576,7.18,0,0,0,0
FillBenchmarks.DllImport_ByteArray,PInvokeBench,FillBenchmarks,DllImport_ByteArray,ShortRun,Default,Default,Default,Default,Default,Default,Default,Default,Default,Default,Default,Default,Default,Default,Default,Default,Default,Default,Default,Default,Default,Default,Default,Default,Default,Default,Default,Default,Default,Default,Default,3,Default,1,Default,Default,Default,Default,Default,Default,Default,3,"ShortRun(IterationCount=3, LaunchCount=1, WarmupCount=3)",Size=0,1,Workload,Pilot,18,16144100,2097152,7.7,0,0,0,0
FillBenchmarks.DllImport_ByteArray,PInvokeBench,FillBenchmarks,DllImport_ByteArray,ShortRun,Default,Default,Default,Default,Default,Default,Default,Default,Default,Default,Default,Default,Default,Default,Default,Default,Default,Default,Default,Default,Default,Default,Default,Default,Default,Default,Default,Default,Default,Default,Default,3,Default,1,Default,Default,Default,Default,Default,Default,Default,3,"ShortRun(IterationCount=3, LaunchCount=1, WarmupCount=3)",Size=0,1,Workload,Pilot,19,31725900,4194304,7.56,0,0,0,0
FillBenchmarks.DllImport_ByteArray,PInvokeBench,FillBenchmarks,DllImport_ByteArray,ShortRun,Default,Default,Default,Default,Default,Default,Default,Default,Default,Default,Default,Default,Default,Default,Default,Default,Default,Default,Default,Default,Default,Default,Default,Default,Default,Default,Default,Default,Default,Default,Default,3,Default,1,Default,Default,Default,Default,Default,Default,Default,3,"ShortRun(IterationCount=3, LaunchCount=1, WarmupCount=3)",Size=0,1,Workload,Pilot,20,65628400,8388608,7.82,0,0,0,0
FillBenchmarks.DllImport_ByteArray,PInvokeBench,FillBenchmarks,DllImport_ByteArray,ShortRun,Default,Default,Default,Default,Default,Default,Default,Default,Default,Default,Default,Default,Default,Default,Default,Default,Default,Default,Default,Default,Default,Default,Default,Default,Default,Default,Default,Default,Default,Default,Default,3,Default,1,Default,Default,Default,Default,Default,Default,Default,3,"ShortRun(IterationCount=3, LaunchCount=1, WarmupCount=3)",Size=0,1,Workload,Pilot,21,137295000,16777216,8.18,0,0,0,0
FillBenchmarks.DllImport_ByteArray,PInvokeBench,FillBenchmarks,DllImport_ByteArray,ShortRun,Default,Default,Default,Default,Default,Default,Default,Default,Default,Default,Default,Default,Default,Default,Default,Default,Default,Default,Default,Default,Default,Default,Default,Default,Default,Default,Default,Default,Default,Default,Default,3,Default,1,Default,Default,Default,Default,Default,Default,Default,3,"ShortRun(IterationCount=3, LaunchCount=1, WarmupCount=3)",Size=0,1,Workload,Pilot,22,248370100,33554432,7.4,0,0,0,0
FillBenchmarks.DllImport_ByteArray,PInvokeBench,FillBenchmarks,DllImport_ByteArray,ShortRun,Default,Default,Default,Default,Default,Default,Default,Default,Default,Default,Default,Default,Default,Default,Default,Default,Default,Default,Default,Default,Default,Default,Default,Default,Default,Default,Default,Default,Default,Default,Default,3,Default,1,Default,Default,Default,Default,Default,Default,Default,3,"ShortRun(IterationCount=3, LaunchCount=1, WarmupCount=3)",Size=0,1,Workload,Pilot,23,554104400,67108864,8.26,0,0,0,0
FillBenchmarks.DllImport_ByteArray,PInvokeBench,FillBenchmarks,DllImport_ByteArray,ShortRun,Default,Default,Default,Default,Default,Default,Default,Default,Default,Default,Default,Default,Default,Default,Default,Default,Default,Default,Default,Default,Default,Default,Default,Default,Default,Default,Default,Default,Default,Default,Default,3,Default,1,Default,Default,Default,Default,Default,Default,Default,3,"ShortRun(IterationCount=3, LaunchCount=1, WarmupCount=3)",Size=0,1,Overhead,Warmup,1,154518300,67108864,2.3,0,0,0,0
FillBenchmarks.DllImport_ByteArray,PInvokeBench,FillBenchmarks,DllImport_ByteArray,ShortRun,Default,Default,Default,Default,Default,Default,Default,Default,Default,Default,Default,Default,Default,Default,Default,Default,Default,Default,Default,Default,Default,Default,Default,Default,Default,Default,Default,Default,Default,Default,Default,3,Default,1,Default,Default,Default,Default,Default,Default,Default,3,"ShortRun(IterationCount=3, LaunchCount=1, WarmupCount=3)",Size=0,1,Overhead,Warmup,2,127374200,67108864,1.9,0,0,0,0
FillBenchmarks.DllImport_ByteArray,PInvokeBench,FillBenchmarks,DllImport_ByteArray,ShortRun,Default,Default,Default,Default,Default,Default,Default,Default,Default,Default,Default,Default,Default,Default,Default,Default,Default,Default,Default,Default,Default,Default,Default,Default,Default,Default,Default,Default,Default,Default,Default,3,Default,1,Default,Default,Default,Default,Default,Default,Default,3,"ShortRun(IterationCount=3, LaunchCount=1, WarmupCount=3)",Size=0,1,Overhead,Warmup,3,112607500,67108864,1.68,0,0,0,0
FillBenchmarks.DllImport_ByteArray,PInvokeBench,FillBenchmarks,DllImport_ByteArray,ShortRun,Default,Default,Default,Default,Default,Default,Default,Default,Default,Default,Default,Default,Default,Default,Default,Default,Default,Default,Default,Default,Default,Default,Default,Default,Default,Default,Default,Default,Default,Default,Default,3,Default,1,Default,Default,Default,Default,Default,Default,Default,3,"ShortRun(IterationCount=3, LaunchCount=1, WarmupCount=3)",Size=0,1,Overhead,Warmup,4,112088500,67108864,1.67,0,0,0,0
FillBenchmarks.DllImport_ByteArray,PInvokeBench,FillBenchmarks,DllImport_ByteArray,ShortRun,Default,Default,Default,Default,Default,Default,Default,Default,Default,Default,Default,Default,Default,Default,Default,Default,Default,Default,Default,Default,Default,Default,Default,Default,Default,Default,Default,Default,Default,Default,Default,3,Default,1,Default,Default,Default,Default,Default,Default,Default,3,"ShortRun(IterationCount=3, LaunchCount=1, WarmupCount=3)",Size=0,1,Overhead,Warmup,5,109269400,67108864,1.63,0,0,0,0
FillBenchmarks.DllImport_ByteArray,PInvokeBench,FillBenchmarks,DllImport_ByteArray,ShortRun,Default,Default,Default,Default,Default,Default,Default,Default,Default,Default,Default,Default,Default,Default,Default,Default,Default,Default,Default,Default,Default,Default,Default,Default,Default,Default,Default,Default,Default,Default,Default,3,Default,1,Default,Default,Default,Default,Default,Default,Default,3,"ShortRun(IterationCount=3, LaunchCount=1, WarmupCount=3)",Size=0,1,Overhead,Warmup,6,111013300,67108864,1.65,0,0,0,0
FillBenchmarks.DllImport_ByteArray,PInvokeBench,FillBenchmarks,DllImport_ByteArray,ShortRun,Default,Default,Default,Default,Default,Default,Default,Default,Default,Default,Default,Default,Default,Default,Default,Default,Default,Default,Default,Default,Default,Default,Default,Default,Default,Default,Default,Default,Default,Default,Default,3,Default,1,Default,Default,Default,Default,Default,Default,Default,3,"ShortRun(IterationCount=3, LaunchCount=1, WarmupCount=3)",Size=0,1,Overhead,Warmup,7,122129900,67108864,1.82,0,0,0,0
FillBenchmarks.DllImport_ByteArray,PInvokeBench,FillBenchmarks,DllImport_ByteArray,ShortRun,Default,Default,Default,Default,Default,Default,Default,Default,Default,Default,Default,Default,Default,Default,Default,Default,Default,Default,Default,Default,Default,Default,Default,Default,Default,Default,Default,Default,Default,Default,Default,3,Default,1,Default,Default,Default,Default,Default,Default,Default,3,"ShortRun(IterationCount=3, LaunchCount=1, WarmupCount=3)",Size=0,1,Overhead,Warmup,8,123543300,67108864,1.84,0,0,0,0
FillBenchmarks.DllImport_ByteArray,PInvokeBench,FillBenchmarks,DllImport_ByteArray,ShortRun,Default,Default,Default,Default,Default,Default,Default,Default,Default,Default,Default,Default,Default,Default,Default,Default,Default,Default,Default,Default,Default,Default,Default,Default,Default,Default,Default,Default,Default,Default,Default,3,Default,1,Default,Default,Default,Default,Default,Default,Default,3,"ShortRun(IterationCount=3, LaunchCount=1, WarmupCount=3)",Size=0,1,Overhead,Warmup,9,109859100,67108864,1.64,0,0,0,0
FillBenchmarks.DllImport_ByteArray,PInvokeBench,FillBenchmarks,DllImport_ByteArray,ShortRun,Default,Default,Default,Default,Default,Default,Default,Default,Default,Default,Default,Default,Default,Default,Default,Default,Default,Default,Default,Default,Default,Default,Default,Default,Default,Default,Default,Default,Default,Default,Default,3,Default,1,Default,Default,Default,Default,Default,Default,Default,3,"ShortRun(IterationCount=3, LaunchCount=1, WarmupCount=3)",Size=0,1,Overhead,Warmup,10,110758400,67108864,1.65,0,0,0,0
FillBenchmarks.DllImport_ByteArray,PInvokeBench,FillBenchmarks,DllImport_ByteArray,ShortRun,Default,Default,Default,Default,Default,Default,Default,Default,Default,Default,Default,Default,Default,Default,Default,Default,Default,Default,Default,Default,Default,Default,Default,Default,Default,Default,Default,Default,Default,Default,Default,3,Default,1,Default,Default,Default,Default,Default,Default,Default,3,"ShortRun(IterationCount=3, LaunchCount=1, WarmupCount=3)",Size=0,1,Overhead,Actual,1,111878500,67108864,1.67,0,0,0,0
FillBenchmarks.DllImport_ByteArray,PInvokeBench,FillBenchmarks,DllImport_ByteArray,ShortRun,Default,Default,Default,Default,Default,Default,Default,Default,Default,Default,Default,Default,Default,Default,Default,Default,Default,Default,Default,Default,Default,Default,Default,Default,Default,Default,Default,Default,Default,Default,Default,3,Default,1,Default,Default,Default,Default,Default,Default,Default,3,"ShortRun(IterationCount=3, LaunchCount=1, WarmupCount=3)",Size=0,1,Overhead,Actual,2,110565000,67108864,1.65,0,0,0,0
FillBenchmarks.DllImport_ByteArray,PInvokeBench,FillBenchmarks,DllImport_ByteArray,ShortRun,Default,Default,Default,Default,Default,Default,Default,Default,Default,Default,Default,Default,Default,Default,Default,Default,Default,Default,Default,Default,Default,Default,Default,Default,Default,Default,Default,Default,Default,Default,Default,3,Default,1,Default,Default,Default,Default,Default,Default,Default,3,"ShortRun(IterationCount=3, LaunchCount=1, WarmupCount=3)",Size=0,1,Overhead,Actual,3,110431800,67108864,1.65,0,0,0,0
FillBenchmarks.DllImport_ByteArray,PInvokeBench,FillBenchmarks,DllImport_ByteArray,ShortRun,Default,Default,Default,Default,Default,Default,Default,Default,Default,Default,Default,Default,Default,Default,Default,Default,Default,Default,Default,Default,Default,Default,Default,Default,Default,Default,Default,Default,Default,Default,Default,3,Default,1,Default,Default,Default,Default,Default,Default,Default,3,"ShortRun(IterationCount=3, LaunchCount=1, WarmupCount=3)",Size=0,1,Overhead,Actual,4,119794300,67108864,1.79,0,0,0,0
FillBenchmarks.DllImport_ByteArray,PInvokeBench,FillBenchmarks,DllImport_ByteArray,ShortRun,Default,Default,Default,Default,Default,Default,Default,Default,Default,Default,Default,Default,Default,Default,Default,Default,Default,Default,Default,Default,Default,Default,Default,Default,Default,Default,Default,Default,Default,Default,Default,3,Default,1,Default,Default,Default,Default,Default,Default,Default,3,"ShortRun(IterationCount=3, LaunchCount=1, WarmupCount=3)",Size=0,1,Overhead,Actual,5,121412600,67108864,1.81,0,0,0,0
FillBenchmarks.DllImport_ByteArray,PInvokeBench,FillBenchmarks,DllImport_ByteArray,ShortRun,Default,Default,Default,Default,Default,Default,Default,Default,Default,Default,Default,Default,Default,Default,Default,Default,Default,Default,Default,Default,Default,Default,Default,Default,Default,Default,Default,Default,Default,Default,Default,3,Default,1,Default,Default,Default,Default,Default,Default,Default,3,"ShortRun(IterationCount=3, LaunchCount=1, WarmupCount=3)",Size=0,1,Overhead,Actual,6,110411300,67108864,1.65,0,0,0,0
FillBenchmarks.DllImport_ByteArray,PInvokeBench,FillBenchmarks,DllImport_ByteArray,ShortRun,Default,Default,Default,Default,Default,Default,Default,Default,Default,Default,Default,Default,Default,Default,Default,Default,Default,Default,Default,Default,Default,Default,Default,Default,Default,Default,Default,Default,Default,Default,Default,3,Default,1,Default,Default,Default,Default,Default,Default,Default,3,"ShortRun(IterationCount=3, LaunchCount=1, WarmupCount=3)",Size=0,1,Overhead,Actual,7,115149800,67108864,1.72,0,0,0,0
FillBenchmarks.DllImport_ByteArray,PInvokeBench,FillBenchmarks,DllImport_ByteArray,ShortRun,Default,Default,Default,Default,Default,Default,Default,Default,Default,Default,Default,Default,Default,Default,Default,Default,Default,Default,Default,Default,Default,Default,Default,Default,Default,Default,Default,Default,Default,Default,Default,3,Default,1,Default,Default,Default,Default,Default,Default,Default,3,"ShortRun(IterationCount=3, LaunchCount=1, WarmupCount=3)",Size=0,1,Overhead,Actual,8,115096500,67108864,1.72,0,0,0,0
FillBenchmarks.DllImport_ByteArray,PInvokeBench,FillBenchmarks,DllImport_ByteArray,ShortRun,Default,Default,Default,Default,Default,Default,Default,Default,Default,Default,Default,Default,Default,Default,Default,Default,Default,Default,Default,Default,Default,Default,Default,Default,Default,Default,Default,Default,Default,Default,Default,3,Default,1,Default,Default,Default,Default,Default,Default,Default,3,"ShortRun(IterationCount=3, LaunchCount=1, WarmupCount=3)",Size=0,1,Overhead,Actual,9,116049500,67108864,1.73,0,0,0,0
FillBenchmarks.DllImport_ByteArray,PInvokeBench,FillBenchmarks,DllImport_ByteArray,ShortRun,Default,Default,Default,Default,Default,Default,Default,Default,Default,Default,Default,Default,Default,Default,Default,Default,Default,Default,Default,Default,Default,Default,Default,Default,Default,Default,Default,Default,Default,Default,Default,3,Default,1,Default,Default,Default,Default,Default,Default,Default,3,"ShortRun(IterationCount=3, LaunchCount=1, WarmupCount=3)",Size=0,1,Overhead,Actual,10,114761100,67108864,1.71,0,0,0,0
FillBenchmarks.DllImport_ByteArray,PInvokeBench,FillBenchmarks,DllImport_ByteArray,ShortRun,Default,Default,Default,Default,Default,Default,Default,Default,Default,Default,Default,Default,Default,Default,Default,Default,Default,Default,Default,Default,Default,Default,Default,Default,Default,Default,Default,Default,Default,Default,Default,3,Default,1,Default,Default,Default,Default,Default,Default,Default,3,"ShortRun(IterationCount=3, LaunchCount=1, WarmupCount=3)",Size=0,1,Overhead,Actual,11,117068800,67108864,1.74,0,0,0,0
FillBenchmarks.DllImport_ByteArray,PInvokeBench,FillBenchmarks,DllImport_ByteArray,ShortRun,Default,Default,Default,Default,Default,Default,Default,Default,Default,Default,Default,Default,Default,Default,Default,Default,Default,Default,Default,Default,Default,Default,Default,Default,Default,Default,Default,Default,Default,Default,Default,3,Default,1,Default,Default,Default,Default,Default,Default,Default,3,"ShortRun(IterationCount=3, LaunchCount=1, WarmupCount=3)",Size=0,1,Overhead,Actual,12,111759500,67108864,1.67,0,0,0,0
FillBenchmarks.DllImport_ByteArray,PInvokeBench,FillBenchmarks,DllImport_ByteArray,ShortRun,Default,Default,Default,Default,Default,Default,Default,Default,Default,Default,Default,Default,Default,Default,Default,Default,Default,Default,Default,Default,Default,Default,Default,Default,Default,Default,Default,Default,Default,Default,Default,3,Default,1,Default,Default,Default,Default,Default,Default,Default,3,"ShortRun(IterationCount=3, LaunchCount=1, WarmupCount=3)",Size=0,1,Overhead,Actual,13,115433300,67108864,1.72,0,0,0,0
FillBenchmarks.DllImport_ByteArray,PInvokeBench,FillBenchmarks,DllImport_ByteArray,ShortRun,Default,Default,Default,Default,Default,Default,Default,Default,Default,Default,Default,Default,Default,Default,Default,Default,Default,Default,Default,Default,Default,Default,Default,Default,Default,Default,Default,Default,Default,Default,Default,3,Default,1,Default,Default,Default,Default,Default,Default,Default,3,"ShortRun(IterationCount=3, LaunchCount=1, WarmupCount=3)",Size=0,1,Overhead,Actual,14,113680800,67108864,1.69,0,0,0,0
FillBenchmarks.DllImport_ByteArray,PInvokeBench,FillBenchmarks,DllImport_ByteArray,ShortRun,Default,Default,Default,Default,Default,Default,Default,Default,Default,Default,Default,Default,Default,Default,Default,Default,Default,Default,Default,Default,Default,Default,Default,Default,Default,Default,Default,Default,Default,Default,Default,3,Default,1,Default,Default,Default,Default,Default,Default,Default,3,"ShortRun(IterationCount=3, LaunchCount=1, WarmupCount=3)",Size=0,1,Overhead,Actual,15,114065600,67108864,1.7,0,0,0,0
FillBenchmarks.DllImport_ByteArray,PInvokeBench,FillBenchmarks,DllImport_ByteArray,ShortRun,Default,Default,Default,Default,Default,Default,Default,Default,Default,Default,Default,Default,Default,Default,Default,Default,Default,Default,Default,Default,Default,Default,Default,Default,Default,Default,Default,Default,Default,Default,Default,3,Default,1,Default,Default,Default,Default,Default,Default,Default,3,"ShortRun(IterationCount=3, LaunchCount=1, WarmupCount=3)",Size=0,1,Workload,Warmup,1,550094100,67108864,8.2,0,0,0,0
FillBenchmarks.DllImport_ByteArray,PInvokeBench,FillBenchmarks,DllImport_ByteArray,ShortRun,Default,Default,Default,Default,Default,Default,Default,Default,Default,Default,Default,Default,Default,Default,Default,Default,Default,Default,Default,Default,Default,Default,Default,Default,Default,Default,Default,Default,Default,Default,Default,3,Default,1,Default,Default,Default,Default,Default,Default,Default,3,"ShortRun(IterationCount=3, LaunchCount=1, WarmupCount=3)",Size=0,1,Workload,Warmup,2,534516200,67108864,7.96,0,0,0,0
FillBenchmarks.DllImport_ByteArray,PInvokeBench,FillBenchmarks,DllImport_ByteArray,ShortRun,Default,Default,Default,Default,Default,Default,Default,Default,Default,Default,Default,Default,Default,Default,Default,Default,Default,Default,Default,Default,Default,Default,Default,Default,Default,Default,Default,Default,Default,Default,Default,3,Default,1,Default,Default,Default,Default,Default,Default,Default,3,"ShortRun(IterationCount=3, LaunchCount=1, WarmupCount=3)",Size=0,1,Workload,Warmup,3,539766500,67108864,8.04,0,0,0,0
FillBenchmarks.DllImport_ByteArray,PInvokeBench,FillBenchmarks,DllImport_ByteArray,ShortRun,Default,Default,Default,Default,Default,Default,Default,Default,Default,Default,Default,Default,Default,Default,Default,Default,Default,Default,Default,Default,Default,Default,Default,Default,Default,Default,Default,Default,Default,Default,Default,3,Default,1,Default,Default,Default,Default,Default,Default,Default,3,"ShortRun(IterationCount=3, LaunchCount=1, WarmupCount=3)",Size=0,1,Workload,Actual,1,504224000,67108864,7.51,0,0,0,0
FillBenchmarks.DllImport_ByteArray,PInvokeBench,FillBenchmarks,DllImport_ByteArray,ShortRun,Default,Default,Default,Default,Default,Default,Default,Default,Default,Default,Default,Default,Default,Default,Default,Default,Default,Default,Default,Default,Default,Default,Default,Default,Default,Default,Default,Default,Default,Default,Default,3,Default,1,Default,Default,Default,Default,Default,Default,Default,3,"ShortRun(IterationCount=3, LaunchCount=1, WarmupCount=3)",Size=0,1,Workload,Actual,2,499816600,67108864,7.45,0,0,0,0
FillBenchmarks.DllImport_ByteArray,PInvokeBench,FillBenchmarks,DllImport_ByteArray,ShortRun,Default,Default,Default,Default,Default,Default,Default,Default,Default,Default,Default,Default,Default,Default,Default,Default,Default,Default,Default,Default,Default,Default,Default,Default,Default,Default,Default,Default,Default,Default,Default,3,Default,1,Default,Default,Default,Default,Default,Default,Default,3,"ShortRun(IterationCount=3, LaunchCount=1, WarmupCount=3)",Size=0,1,Workload,Actual,3,496879300,67108864,7.4,0,0,0,0
FillBenchmarks.DllImport_ByteArray,PInvokeBench,FillBenchmarks,DllImport_ByteArray,ShortRun,Default,Default,Default,Default,Default,Default,Default,Default,Default,Default,Default,Default,Default,Default,Default,Default,Default,Default,Default,Default,Default,Default,Default,Default,Default,Default,Default,Default,Default,Default,Default,3,Default,1,Default,Default,Default,Default,Default,Default,Default,3,"ShortRun(IterationCount=3, LaunchCount=1, WarmupCount=3)",Size=0,1,Workload,Result,1,389462900,67108864,5.8,0,0,0,0
FillBenchmarks.DllImport_ByteArray,PInvokeBench,FillBenchmarks,DllImport_ByteArray,ShortRun,Default,Default,Default,Default,Default,Default,Default,Default,Default,Default,Default,Default,Default,Default,Default,Default,Default,Default,Default,Default,Default,Default,Default,Default,Default,Default,Default,Default,Default,Default,Default,3,Default,1,Default,Default,Default,Default,Default,Default,Default,3,"ShortRun(IterationCount=3, LaunchCount=1, WarmupCount=3)",Size=0,1,Workload,Result,2,385055500,67108864,5.74,0,0,0,0
FillBenchmarks.DllImport_ByteArray,PInvokeBench,FillBenchmarks,DllImport_ByteArray,ShortRun,Default,Default,Default,Default,Default,Default,Default,Default,Default,Default,Default,Default,Default,Default,Default,Default,Default,Default,Default,Default,Default,Default,Default,Default,Default,Default,Default,Default,Default,Default,Default,3,Default,1,Default,Default,Default,Default,Default,Default,Default,3,"ShortRun(IterationCount=3, LaunchCount=1, WarmupCount=3)",Size=0,1,Workload,Result,3,382118200,67108864,5.69,0,0,0,0
FillBenchmarks.DllImport_BytePointer,PInvokeBench,FillBenchmarks,DllImport_BytePointer,ShortRun,Default,Default,Default,Default,Default,Default,Default,Default,Default,Default,Default,Default,Default,Default,Default,Default,Default,Default,Default,Default,Default,Default,Default,Default,Default,Default,Default,Default,Default,Default,Default,3,Default,1,Default,Default,Default,Default,Default,Default,Default,3,"ShortRun(IterationCount=3, LaunchCount=1, WarmupCount=3)",Size=0,1,Overhead,Jitting,1,160300,1,160300,0,0,0,0
FillBenchmarks.DllImport_BytePointer,PInvokeBench,FillBenchmarks,DllImport_BytePointer,ShortRun,Default,Default,Default,Default,Default,Default,Default,Default,Default,Default,Default,Default,Default,Default,Default,Default,Default,Default,Default,Default,Default,Default,Default,Default,Default,Default,Default,Default,Default,Default,Default,3,Default,1,Default,Default,Default,Default,Default,Default,Default,3,"ShortRun(IterationCount=3, LaunchCount=1, WarmupCount=3)",Size=0,1,Workload,Jitting,1,594400,1,594400,0,0,0,0
FillBenchmarks.DllImport_BytePointer,PInvokeBench,FillBenchmarks,DllImport_BytePointer,ShortRun,Default,Default,Default,Default,Default,Default,Default,Default,Default,Default,Default,Default,Default,Default,Default,Default,Default,Default,Default,Default,Default,Default,Default,Default,Default,Default,Default,Default,Default,Default,Default,3,Default,1,Default,Default,Default,Default,Default,Default,Default,3,"ShortRun(IterationCount=3, LaunchCount=1, WarmupCount=3)",Size=0,1,Overhead,Jitting,2,265300,16,16581.25,0,0,0,0
FillBenchmarks.DllImport_BytePointer,PInvokeBench,FillBenchmarks,DllImport_BytePointer,ShortRun,Default,Default,Default,Default,Default,Default,Default,Default,Default,Default,Default,Default,Default,Default,Default,Default,Default,Default,Default,Default,Default,Default,Default,Default,Default,Default,Default,Default,Default,Default,Default,3,Default,1,Default,Default,Default,Default,Default,Default,Default,3,"ShortRun(IterationCount=3, LaunchCount=1, WarmupCount=3)",Size=0,1,Workload,Jitting,2,269800,16,16862.5,0,0,0,0
FillBenchmarks.DllImport_BytePointer,PInvokeBench,FillBenchmarks,DllImport_BytePointer,ShortRun,Default,Default,Default,Default,Default,Default,Default,Default,Default,Default,Default,Default,Default,Default,Default,Default,Default,Default,Default,Default,Default,Default,Default,Default,Default,Default,Default,Default,Default,Default,Default,3,Default,1,Default,Default,Default,Default,Default,Default,Default,3,"ShortRun(IterationCount=3, LaunchCount=1, WarmupCount=3)",Size=0,1,Workload,Pilot,1,800,16,50,0,0,0,0
FillBenchmarks.DllImport_BytePointer,PInvokeBench,FillBenchmarks,DllImport_BytePointer,ShortRun,Default,Default,Default,Default,Default,Default,Default,Default,Default,Default,Default,Default,Default,Default,Default,Default,Default,Default,Default,Default,Default,Default,Default,Default,Default,Default,Default,Default,Default,Default,Default,3,Default,1,Default,Default,Default,Default,Default,Default,Default,3,"ShortRun(IterationCount=3, LaunchCount=1, WarmupCount=3)",Size=0,1,Workload,Pilot,2,800,32,25,0,0,0,0
FillBenchmarks.DllImport_BytePointer,PInvokeBench,FillBenchmarks,DllImport_BytePointer,ShortRun,Default,Default,Default,Default,Default,Default,Default,Default,Default,Default,Default,Default,Default,Default,Default,Default,Default,Default,Default,Default,Default,Default,Default,Default,Default,Default,Default,Default,Default,Default,Default,3,Default,1,Default,Default,Default,Default,Default,Default,Default,3,"ShortRun(IterationCount=3, LaunchCount=1, WarmupCount=3)",Size=0,1,Workload,Pilot,3,1200,64,18.75,0,0,0,0
FillBenchmarks.DllImport_BytePointer,PInvokeBench,FillBenchmarks,DllImport_BytePointer,ShortRun,Default,Default,Default,Default,Default,Default,Default,Default,Default,Default,Default,Default,Default,Default,Default,Default,Default,Default,Default,Default,Default,Default,Default,Default,Default,Default,Default,Default,Default,Default,Default,3,Default,1,Default,Default,Default,Default,Default,Default,Default,3,"ShortRun(IterationCount=3, LaunchCount=1, WarmupCount=3)",Size=0,1,Workload,Pilot,4,2600,128,20.31,0,0,0,0
FillBenchmarks.DllImport_BytePointer,PInvokeBench,FillBenchmarks,DllImport_BytePointer,ShortRun,Default,Default,Default,Default,Default,Default,Default,Default,Default,Default,Default,Default,Default,Default,Default,Default,Default,Default,Default,Default,Default,Default,Default,Default,Default,Default,Default,Default,Default,Default,Default,3,Default,1,Default,Default,Default,Default,Default,Default,Default,3,"ShortRun(IterationCount=3, LaunchCount=1, WarmupCount=3)",Size=0,1,Workload,Pilot,5,2800,256,10.94,0,0,0,0
FillBenchmarks.DllImport_BytePointer,PInvokeBench,FillBenchmarks,DllImport_BytePointer,ShortRun,Default,Default,Default,Default,Default,Default,Default,Default,Default,Default,Default,Default,Default,Default,Default,Default,Default,Default,Default,Default,Default,Default,Default,Default,Default,Default,Default,Default,Default,Default,Default,3,Default,1,Default,Default,Default,Default,Default,Default,Default,3,"ShortRun(IterationCount=3, LaunchCount=1, WarmupCount=3)",Size=0,1,Workload,Pilot,6,6600,512,12.89,0,0,0,0
FillBenchmarks.DllImport_BytePointer,PInvokeBench,FillBenchmarks,DllImport_BytePointer,ShortRun,Default,Default,Default,Default,Default,Default,Default,Default,Default,Default,Default,Default,Default,Default,Default,Default,Default,Default,Default,Default,Default,Default,Default,Default,Default,Default,Default,Default,Default,Default,Default,3,Default,1,Default,Default,Default,Default,Default,Default,Default,3,"ShortRun(IterationCount=3, LaunchCount=1, WarmupCount=3)",Size=0,1,Workload,Pilot,7,12300,1024,12.01,0,0,0,0
FillBenchmarks.DllImport_BytePointer,PInvokeBench,FillBenchmarks,DllImport_BytePointer,ShortRun,Default,Default,Default,Default,Default,Default,Default,Default,Default,Default,Default,Default,Default,Default,Default,Default,Default,Default,Default,Default,Default,Default,Default,Default,Default,Default,Default,Default,Default,Default,Default,3,Default,1,Default,Default,Default,Default,Default,Default,Default,3,"ShortRun(IterationCount=3, LaunchCount=1, WarmupCount=3)",Size=0,1,Workload,Pilot,8,17000,2048,8.3,0,0,0,0
FillBenchmarks.DllImport_BytePointer,PInvokeBench,FillBenchmarks,DllImport_BytePointer,ShortRun,Default,Default,Default,Default,Default,Default,Default,Default,Default,Default,Default,Default,Default,Default,Default,Default,Default,Default,Default,Default,Default,Default,Default,Default,Default,Default,Default,Default,Default,Default,Default,3,Default,1,Default,Default,Default,Default,Default,Default,Default,3,"ShortRun(IterationCount=3, LaunchCount=1, WarmupCount=3)",Size=0,1,Workload,Pilot,9,32900,4096,8.03,0,0,0,0
FillBenchmarks.DllImport_BytePointer,PInvokeBench,FillBenchmarks,DllImport_BytePointer,ShortRun,Default,Default,Default,Default,Default,Default,Default,Default,Default,Default,Default,Default,Default,Default,Default,Default,Default,Default,Default,Default,Default,Default,Default,Default,Default,Default,Default,Default,Default,Default,Default,3,Default,1,Default,Default,Default,Default,Default,Default,Default,3,"ShortRun(IterationCount=3, LaunchCount=1, WarmupCount=3)",Size=0,1,Workload,Pilot,10,58700,8192,7.17,0,0,0,0
FillBenchmarks.DllImport_BytePointer,PInvokeBench,FillBenchmarks,DllImport_BytePointer,ShortRun,Default,Default,Default,Default,Default,Default,Default,Default,Default,Default,Default,Default,Default,Default,Default,Default,Default,Default,Default,Default,Default,Default,Default,Default,Default,Default,Default,Default,Default,Default,Default,3,Default,1,Default,Default,Default,Default,Default,Default,Default,3,"ShortRun(IterationCount=3, LaunchCount=1, WarmupCount=3)",Size=0,1,Workload,Pilot,11,129400,16384,7.9,0,0,0,0
FillBenchmarks.DllImport_BytePointer,PInvokeBench,FillBenchmarks,DllImport_BytePointer,ShortRun,Default,Default,Default,Default,Default,Default,Default,Default,Default,Default,Default,Default,Default,Default,Default,Default,Default,Default,Default,Default,Default,Default,Default,Default,Default,Default,Default,Default,Default,Default,Default,3,Default,1,Default,Default,Default,Default,Default,Default,Default,3,"ShortRun(IterationCount=3, LaunchCount=1, WarmupCount=3)",Size=0,1,Workload,Pilot,12,233400,32768,7.12,0,0,0,0
FillBenchmarks.DllImport_BytePointer,PInvokeBench,FillBenchmarks,DllImport_BytePointer,ShortRun,Default,Default,Default,Default,Default,Default,Default,Default,Default,Default,Default,Default,Default,Default,Default,Default,Default,Default,Default,Default,Default,Default,Default,Default,Default,Default,Default,Default,Default,Default,Default,3,Default,1,Default,Default,Default,Default,Default,Default,Default,3,"ShortRun(IterationCount=3, LaunchCount=1, WarmupCount=3)",Size=0,1,Workload,Pilot,13,470300,65536,7.18,0,0,0,0
FillBenchmarks.DllImport_BytePointer,PInvokeBench,FillBenchmarks,DllImport_BytePointer,ShortRun,Default,Default,Default,Default,Default,Default,Default,Default,Default,Default,Default,Default,Default,Default,Default,Default,Default,Default,Default,Default,Default,Default,Default,Default,Default,Default,Default,Default,Default,Default,Default,3,Default,1,Default,Default,Default,Default,Default,Default,Default,3,"ShortRun(IterationCount=3, LaunchCount=1, WarmupCount=3)",Size=0,1,Workload,Pilot,14,1020500,131072,7.79,0,0,0,0
FillBenchmarks.DllImport_BytePointer,PInvokeBench,FillBenchmarks,DllImport_BytePointer,ShortRun,Default,Default,Default,Default,Default,Default,Default,Default,Default,Default,Default,Default,Default,Default,Default,Default,Default,Default,Default,Default,Default,Default,Default,Default,Default,Default,Default,Default,Default,Default,Default,3,Default,1,Default,Default,Default,Default,Default,Default,Default,3,"ShortRun(IterationCount=3, LaunchCount=1, WarmupCount=3)",Size=0,1,Workload,Pilot,15,1895100,262144,7.23,0,0,0,0
FillBenchmarks.DllImport_BytePointer,PInvokeBench,FillBenchmarks,DllImport_BytePointer,ShortRun,Default,Default,Default,Default,Default,Default,Default,Default,Default,Default,Default,Default,Default,Default,Default,Default,Default,Default,Default,Default,Default,Default,Default,Default,Default,Default,Default,Default,Default,Default,Default,3,Default,1,Default,Default,Default,Default,Default,Default,Default,3,"ShortRun(IterationCount=3, LaunchCount=1, WarmupCount=3)",Size=0,1,Workload,Pilot,16,4146800,524288,7.91,0,0,0,0
FillBenchmarks.DllImport_BytePointer,PInvokeBench,FillBenchmarks,DllImport_BytePointer,ShortRun,Default,Default,Default,Default,Default,Default,Default,Default,Default,Default,Default,Default,Default,Default,Default,Default,Default,Default,Default,Default,Default,Default,Default,Default,Default,Default,Default,Default,Default,Default,Default,3,Default,1,Default,Default,Default,Default,Default,Default,Default,3,"ShortRun(IterationCount=3, LaunchCount=1, WarmupCount=3)",Size=0,1,Workload,Pilot,17,8687700,1048576,8.29,0,0,0,0
FillBenchmarks.DllImport_BytePointer,PInvokeBench,FillBenchmarks,DllImport_BytePointer,ShortRun,Default,Default,Default,Default,Default,Default,Default,Default,Default,Default,Default,Default,Default,Default,Default,Default,Default,Default,Default,Default,Default,Default,Default,Default,Default,Default,Default,Default,Default,Default,Default,3,Default,1,Default,Default,Default,Default,Default,Default,Default,3,"ShortRun(IterationCount=3, LaunchCount=1, WarmupCount=3)",Size=0,1,Workload,Pilot,18,19018600,2097152,9.07,0,0,0,0
FillBenchmarks.DllImport_BytePointer,PInvokeBench,FillBenchmarks,DllImport_BytePointer,ShortRun,Default,Default,Default,Default,Default,Default,Default,Default,Default,Default,Default,Default,Default,Default,Default,Default,Default,Default,Default,Default,Default,Default,Default,Default,Default,Default,Default,Default,Default,Default,Default,3,Default,1,Default,Default,Default,Default,Default,Default,Default,3,"ShortRun(IterationCount=3, LaunchCount=1, WarmupCount=3)",Size=0,1,Workload,Pilot,19,37898200,4194304,9.04,0,0,0,0
FillBenchmarks.DllImport_BytePointer,PInvokeBench,FillBenchmarks,DllImport_BytePointer,ShortRun,Default,Default,Default,Default,Default,Default,Default,Default,Default,Default,Default,Default,Default,Default,Default,Default,Default,Default,Default,Default,Default,Default,Default,Default,Default,Default,Default,Default,Default,Default,Default,3,Default,1,Default,Default,Default,Default,Default,Default,Default,3,"ShortRun(IterationCount=3, LaunchCount=1, WarmupCount=3)",Size=0,1,Workload,Pilot,20,74532200,8388608,8.88,0,0,0,0
FillBenchmarks.DllImport_BytePointer,PInvokeBench,FillBenchmarks,DllImport_BytePointer,ShortRun,Default,Default,Default,Default,Default,Default,Default,Default,Default,Default,Default,Default,Default,Default,Default,Default,Default,Default,Default,Default,Default,Default,Default,Default,Default,Default,Default,Default,Default,Default,Default,3,Default,1,Default,Default,Default,Default,Default,Default,Default,3,"ShortRun(IterationCount=3, LaunchCount=1, WarmupCount=3)",Size=0,1,Workload,Pilot,21,108474900,16777216,6.47,0,0,0,0
FillBenchmarks.DllImport_BytePointer,PInvokeBench,FillBenchmarks,DllImport_BytePointer,ShortRun,Default,Default,Default,Default,Default,Default,Default,Default,Default,Default,Default,Default,Default,Default,Default,Default,Default,Default,Default,Default,Default,Default,Default,Default,Default,Default,Default,Default,Default,Default,Default,3,Default,1,Default,Default,Default,Default,Default,Default,Default,3,"ShortRun(IterationCount=3, LaunchCount=1, WarmupCount=3)",Size=0,1,Workload,Pilot,22,231874600,33554432,6.91,0,0,0,0
FillBenchmarks.DllImport_BytePointer,PInvokeBench,FillBenchmarks,DllImport_BytePointer,ShortRun,Default,Default,Default,Default,Default,Default,Default,Default,Default,Default,Default,Default,Default,Default,Default,Default,Default,Default,Default,Default,Default,Default,Default,Default,Default,Default,Default,Default,Default,Default,Default,3,Default,1,Default,Default,Default,Default,Default,Default,Default,3,"ShortRun(IterationCount=3, LaunchCount=1, WarmupCount=3)",Size=0,1,Workload,Pilot,23,439568700,67108864,6.55,0,0,0,0
FillBenchmarks.DllImport_BytePointer,PInvokeBench,FillBenchmarks,DllImport_BytePointer,ShortRun,Default,Default,Default,Default,Default,Default,Default,Default,Default,Default,Default,Default,Default,Default,Default,Default,Default,Default,Default,Default,Default,Default,Default,Default,Default,Default,Default,Default,Default,Default,Default,3,Default,1,Default,Default,Default,Default,Default,Default,Default,3,"ShortRun(IterationCount=3, LaunchCount=1, WarmupCount=3)",Size=0,1,Workload,Pilot,24,886964200,134217728,6.61,0,0,0,0
FillBenchmarks.DllImport_BytePointer,PInvokeBench,FillBenchmarks,DllImport_BytePointer,ShortRun,Default,Default,Default,Default,Default,Default,Default,Default,Default,Default,Default,Default,Default,Default,Default,Default,Default,Default,Default,Default,Default,Default,Default,Default,Default,Default,Default,Default,Default,Default,Default,3,Default,1,Default,Default,Default,Default,Default,Default,Default,3,"ShortRun(IterationCount=3, LaunchCount=1, WarmupCount=3)",Size=0,1,Overhead,Warmup,1,301390000,134217728,2.25,0,0,0,0
FillBenchmarks.DllImport_BytePointer,PInvokeBench,FillBenchmarks,DllImport_BytePointer,ShortRun,Default,Default,Default,Default,Default,Default,Default,Default,Default,Default,Default,Default,Default,Default,Default,Default,Default,Default,Default,Default,Default,Default,Default,Default,Default,Default,Default,Default,Default,Default,Default,3,Default,1,Default,Default,Default,Default,Default,Default,Default,3,"ShortRun(IterationCount=3, LaunchCount=1, WarmupCount=3)",Size=0,1,Overhead,Warmup,2,255947900,134217728,1.91,0,0,0,0
FillBenchmarks.DllImport_BytePointer,PInvokeBench,FillBenchmarks,DllImport_BytePointer,ShortRun,Default,Default,Default,Default,Default,Default,Default,Default,Default,Default,Default,Default,Default,Default,Default,Default,Default,Default,Default,Default,Default,Default,Default,Default,Default,Default,Default,Default,Default,Default,Default,3,Default,1,Default,Default,Default,Default,Default,Default,Default,3,"ShortRun(IterationCount=3, LaunchCount=1, WarmupCount=3)",Size=0,1,Overhead,Warmup,3,226116300,134217728,1.68,0,0,0,0
FillBenchmarks.DllImport_BytePointer,PInvokeBench,FillBenchmarks,DllImport_BytePointer,ShortRun,Default,Default,Default,Default,Default,Default,Default,Default,Default,Default,Default,Default,Default,Default,Default,Default,Default,Default,Default,Default,Default,Default,Default,Default,Default,Default,Default,Default,Default,Default,Default,3,Default,1,Default,Default,Default,Default,Default,Default,Default,3,"ShortRun(IterationCount=3, LaunchCount=1, WarmupCount=3)",Size=0,1,Overhead,Warmup,4,234003100,134217728,1.74,0,0,0,0
FillBenchmarks.DllImport_BytePointer,PInvokeBench,FillBenchmarks,DllImport_BytePointer,ShortRun,Default,Default,Default,Default,Default,Default,Default,Default,Default,Default,Default,Default,Default,Default,Default,Default,Default,Default,Default,Default,Default,Default,Default,Default,Default,Default,Default,Default,Default,Default,Default,3,Default,1,Default,Default,Default,Default,Default,Default,Default,3,"ShortRun(IterationCount=3, LaunchCount=1, WarmupCount=3)",Size=0,1,Overhead,Warmup,5,259222700,134217728,1.93,0,0,0,0
FillBenchmarks.DllImport_BytePointer,PInvokeBench,FillBenchmarks,DllImport_BytePointer,ShortRun,Default,Default,Default,Default,Default,Default,Default,Default,Default,Default,Default,Default,Default,Default,Default,Default,Default,Default,Default,Default,Default,Default,Default,Default,Default,Default,Default,Default,Default,Default,Default,3,Default,1,Default,Default,Default,Default,Default,Default,Default,3,"ShortRun(IterationCount=3, LaunchCount=1, WarmupCount=3)",Size=0,1,Overhead,Warmup,6,261600300,134217728,1.95,0,0,0,0
FillBenchmarks.DllImport_BytePointer,PInvokeBench,FillBenchmarks,DllImport_BytePointer,ShortRun,Default,Default,Default,Default,Default,Default,Default,Default,Default,Default,Default,Default,Default,Default,Default,Default,Default,Default,Default,Default,Default,Default,Default,Default,Default,Default,Default,Default,Default,Default,Default,3,Default,1,Default,Default,Default,Default,Default,Default,Default,3,"ShortRun(IterationCount=3, LaunchCount=1, WarmupCount=3)",Size=0,1,Overhead,Warmup,7,237427100,134217728,1.77,0,0,0,0
FillBenchmarks.DllImport_BytePointer,PInvokeBench,FillBenchmarks,DllImport_BytePointer,ShortRun,Default,Default,Default,Default,Default,Default,Default,Default,Default,Default,Default,Default,Default,Default,Default,Default,Default,Default,Default,Default,Default,Default,Default,Default,Default,Default,Default,Default,Default,Default,Default,3,Default,1,Default,Default,Default,Default,Default,Default,Default,3,"ShortRun(IterationCount=3, LaunchCount=1, WarmupCount=3)",Size=0,1,Overhead,Warmup,8,253838100,134217728,1.89,0,0,0,0
FillBenchmarks.DllImport_BytePointer,PInvokeBench,FillBenchmarks,DllImport_BytePointer,ShortRun,Default,Default,Default,Default,Default,Default,Default,Default,Default,Default,Default,Default,Default,Default,Default,Default,Default,Default,Default,Default,Default,Default,Default,Default,Default,Default,Default,Default,Default,Default,Default,3,Default,1,Default,Default,Default,Default,Default,Default,Default,3,"ShortRun(IterationCount=3, LaunchCount=1, WarmupCount=3)",Size=0,1,Overhead,Warmup,9,243132200,134217728,1.81,0,0,0,0
FillBenchmarks.DllImport_BytePointer,PInvokeBench,FillBenchmarks,DllImport_BytePointer,ShortRun,Default,Default,Default,Default,Default,Default,Default,Default,Default,Default,Default,Default,Default,Default,Default,Default,Default,Default,Default,Default,Default,Default,Default,Default,Default,Default,Default,Default,Default,Default,Default,3,Default,1,Default,Default,Default,Default,Default,Default,Default,3,"ShortRun(IterationCount=3, LaunchCount=1, WarmupCount=3)",Size=0,1,Overhead,Actual,1,256453900,134217728,1.91,0,0,0,0
FillBenchmarks.DllImport_BytePointer,PInvokeBench,FillBenchmarks,DllImport_BytePointer,ShortRun,Default,Default,Default,Default,Default,Default,Default,Default,Default,Default,Default,Default,Default,Default,Default,Default,Default,Default,Default,Default,Default,Default,Default,Default,Default,Default,Default,Default,Default,Default,Default,3,Default,1,Default,Default,Default,Default,Default,Default,Default,3,"ShortRun(IterationCount=3, LaunchCount=1, WarmupCount=3)",Size=0,1,Overhead,Actual,2,244702100,134217728,1.82,0,0,0,0
FillBenchmarks.DllImport_BytePointer,PInvokeBench,FillBenchmarks,DllImport_BytePointer,ShortRun,Default,Default,Default,Default,Default,Default,Default,Default,Default,Default,Default,Default,Default,Default,Default,Default,Default,Default,Default,Default,Default,Default,Default,Default,Default,Default,Default,Default,Default,Default,Default,3,Default,1,Default,Default,Default,Default,Default,Default,Default,3,"ShortRun(IterationCount=3, LaunchCount=1, WarmupCount=3)",Size=0,1,Overhead,Actual,3,235988700,134217728,1.76,0,0,0,0
FillBenchmarks.DllImport_BytePointer,PInvokeBench,FillBenchmarks,DllImport_BytePointer,ShortRun,Default,Default,Default,Default,Default,Default,Default,Default,Default,Default,Default,Default,Default,Default,Default,Default,Default,Default,Default,Default,Default,Default,Default,Default,Default,Default,Default,Default,Default,Default,Default,3,Default,1,Default,Default,Default,Default,Default,Default,Default,3,"ShortRun(IterationCount=3, LaunchCount=1, WarmupCount=3)",Size=0,1,Overhead,Actual,4,241769000,134217728,1.8,0,0,0,0
FillBenchmarks.DllImport_BytePointer,PInvokeBench,FillBenchmarks,DllImport_BytePointer,ShortRun,Default,Default,Default,Default,Default,Default,Default,Default,Default,Default,Default,Default,Default,Default,Default,Default,Default,Default,Default,Default,Default,Default,Default,Default,Default,Default,Default,Default,Default,Default,Default,3,Default,1,Default,Default,Default,Default,Default,Default,Default,3,"ShortRun(IterationCount=3, LaunchCount=1, WarmupCount=3)",Size=0,1,Overhead,Actual,5,266122100,134217728,1.98,0,0,0,0
FillBenchmarks.DllImport_BytePointer,PInvokeBench,FillBenchmarks,DllImport_BytePointer,ShortRun,Default,Default,Default,Default,Default,Default,Default,Default,Default,Default,Default,Default,Default,Default,Default,Default,Default,Default,Default,Default,Default,Default,Default,Default,Default,Default,Default,Default,Default,Default,Default,3,Default,1,Default,Default,Default,Default,Default,Default,Default,3,"ShortRun(IterationCount=3, LaunchCount=1, WarmupCount=3)",Size=0,1,Overhead,Actual,6,232642100,134217728,1.73,0,0,0,0
FillBenchmarks.DllImport_BytePointer,PInvokeBench,FillBenchmarks,DllImport_BytePointer,ShortRun,Default,Default,Default,Default,Default,Default,Default,Default,Default,Default,Default,Default,Default,Default,Default,Default,Default,Default,Default,Default,Default,Default,Default,Default,Default,Default,Default,Default,Default,Default,Default,3,Default,1,Default,Default,Default,Default,Default,Default,Default,3,"ShortRun(IterationCount=3, LaunchCount=1, WarmupCount=3)",Size=0,1,Overhead,Actual,7,247748100,134217728,1.85,0,0,0,0
FillBenchmarks.DllImport_BytePointer,PInvokeBench,FillBenchmarks,DllImport_BytePointer,ShortRun,Default,Default,Default,Default,Default,Default,Default,Default,Default,Default,Default,Default,Default,Default,Default,Default,Default,Default,Default,Default,Default,Default,Default,Default,Default,Default,Default,Default,Default,Default,Default,3,Default,1,Default,Default,Default,Default,Default,Default,Default,3,"ShortRun(IterationCount=3, LaunchCount=1, WarmupCount=3)",Size=0,1,Overhead,Actual,8,243661000,134217728,1.82,0,0,0,0
FillBenchmarks.DllImport_BytePointer,PInvokeBench,FillBenchmarks,DllImport_BytePointer,ShortRun,Default,Default,Default,Default,Default,Default,Default,Default,Default,Default,Default,Default,Default,Default,Default,Default,Default,Default,Default,Default,Default,Default,Default,Default,Default,Default,Default,Default,Default,Default,Default,3,Default,1,Default,Default,Default,Default,Default,Default,Default,3,"ShortRun(IterationCount=3, LaunchCount=1, WarmupCount=3)",Size=0,1,Overhead,Actual,9,234299100,134217728,1.75,0,0,0,0
FillBenchmarks.DllImport_BytePointer,PInvokeBench,FillBenchmarks,DllImport_BytePointer,ShortRun,Default,Default,Default,Default,Default,Default,Default,Default,Default,Default,Default,Default,Default,Default,Default,Default,Default,Default,Default,Default,Default,Default,Default,Default,Default,Default,Default,Default,Default,Default,Default,3,Default,1,Default,Default,Default,Default,Default,Default,Default,3,"ShortRun(IterationCount=3, LaunchCount=1, WarmupCount=3)",Size=0,1,Overhead,Actual,10,222493000,134217728,1.66,0,0,0,0
FillBenchmarks.DllImport_BytePointer,PInvokeBench,FillBenchmarks,DllImport_BytePointer,ShortRun,Default,Default,Default,Default,Default,Default,Default,Default,Default,Default,Default,Default,Default,Default,Default,Default,Default,Default,Default,Default,Default,Default,Default,Default,Default,Default,Default,Default,Default,Default,Default,3,Default,1,Default,Default,Default,Default,Default,Default,Default,3,"ShortRun(IterationCount=3, LaunchCount=1, WarmupCount=3)",Size=0,1,Overhead,Actual,11,222936300,134217728,1.66,0,0,0,0
FillBenchmarks.DllImport_BytePointer,PInvokeBench,FillBenchmarks,DllImport_BytePointer,ShortRun,Default,Default,Default,Default,Default,Default,Default,Default,Default,Default,Default,Default,Default,Default,Default,Default,Default,Default,Default,Default,Default,Default,Default,Default,Default,Default,Default,Default,Default,Default,Default,3,Default,1,Default,Default,Default,Default,Default,Default,Default,3,"ShortRun(IterationCount=3, LaunchCount=1, WarmupCount=3)",Size=0,1,Overhead,Actual,12,225399000,134217728,1.68,0,0,0,0
FillBenchmarks.DllImport_BytePointer,PInvokeBench,FillBenchmarks,DllImport_BytePointer,ShortRun,Default,Default,Default,Default,Default,Default,Default,Default,Default,Default,Default,Default,Default,Default,Default,Default,Default,Default,Default,Default,Default,Default,Default,Default,Default,Default,Default,Default,Default,Default,Default,3,Default,1,Default,Default,Default,Default,Default,Default,Default,3,"ShortRun(IterationCount=3, LaunchCount=1, WarmupCount=3)",Size=0,1,Overhead,Actual,13,224792700,134217728,1.67,0,0,0,0
FillBenchmarks.DllImport_BytePointer,PInvokeBench,FillBenchmarks,DllImport_BytePointer,ShortRun,Default,Default,Default,Default,Default,Default,Default,Default,Default,Default,Default,Default,Default,Default,Default,Default,Default,Default,Default,Default,Default,Default,Default,Default,Default,Default,Default,Default,Default,Default,Default,3,Default,1,Default,Default,Default,Default,Default,Default,Default,3,"ShortRun(IterationCount=3, LaunchCount=1, WarmupCount=3)",Size=0,1,Overhead,Actual,14,239796500,134217728,1.79,0,0,0,0
FillBenchmarks.DllImport_BytePointer,PInvokeBench,FillBenchmarks,DllImport_BytePointer,ShortRun,Default,Default,Default,Default,Default,Default,Default,Default,Default,Default,Default,Default,Default,Default,Default,Default,Default,Default,Default,Default,Default,Default,Default,Default,Default,Default,Default,Default,Default,Default,Default,3,Default,1,Default,Default,Default,Default,Default,Default,Default,3,"ShortRun(IterationCount=3, LaunchCount=1, WarmupCount=3)",Size=0,1,Overhead,Actual,15,260632200,134217728,1.94,0,0,0,0
FillBenchmarks.DllImport_BytePointer,PInvokeBench,FillBenchmarks,DllImport_BytePointer,ShortRun,Default,Default,Default,Default,Default,Default,Default,Default,Default,Default,Default,Default,Default,Default,Default,Default,Default,Default,Default,Default,Default,Default,Default,Default,Default,Default,Default,Default,Default,Default,Default,3,Default,1,Default,Default,Default,Default,Default,Default,Default,3,"ShortRun(IterationCount=3, LaunchCount=1, WarmupCount=3)",Size=0,1,Overhead,Actual,16,266100800,134217728,1.98,0,0,0,0
FillBenchmarks.DllImport_BytePointer,PInvokeBench,FillBenchmarks,DllImport_BytePointer,ShortRun,Default,Default,Default,Default,Default,Default,Default,Default,Default,Default,Default,Default,Default,Default,Default,Default,Default,Default,Default,Default,Default,Default,Default,Default,Default,Default,Default,Default,Default,Default,Default,3,Default,1,Default,Default,Default,Default,Default,Default,Default,3,"ShortRun(IterationCount=3, LaunchCount=1, WarmupCount=3)",Size=0,1,Overhead,Actual,17,267797000,134217728,2,0,0,0,0
FillBenchmarks.DllImport_BytePointer,PInvokeBench,FillBenchmarks,DllImport_BytePointer,ShortRun,Default,Default,Default,Default,Default,Default,Default,Default,Default,Default,Default,Default,Default,Default,Default,Default,Default,Default,Default,Default,Default,Default,Default,Default,Default,Default,Default,Default,Default,Default,Default,3,Default,1,Default,Default,Default,Default,Default,Default,Default,3,"ShortRun(IterationCount=3, LaunchCount=1, WarmupCount=3)",Size=0,1,Overhead,Actual,18,242097700,134217728,1.8,0,0,0,0
FillBenchmarks.DllImport_BytePointer,PInvokeBench,FillBenchmarks,DllImport_BytePointer,ShortRun,Default,Default,Default,Default,Default,Default,Default,Default,Default,Default,Default,Default,Default,Default,Default,Default,Default,Default,Default,Default,Default,Default,Default,Default,Default,Default,Default,Default,Default,Default,Default,3,Default,1,Default,Default,Default,Default,Default,Default,Default,3,"ShortRun(IterationCount=3, LaunchCount=1, WarmupCount=3)",Size=0,1,Overhead,Actual,19,245385100,134217728,1.83,0,0,0,0
FillBenchmarks.DllImport_BytePointer,PInvokeBench,FillBenchmarks,DllImport_BytePointer,ShortRun,Default,Default,Default,Default,Default,Default,Default,Default,Default,Default,Default,Default,Default,Default,Default,Default,Default,Default,Default,Default,Default,Default,Default,Default,Default,Default,Default,Default,Default,Default,Default,3,Default,1,Default,Default,Default,Default,Default,Default,Default,3,"ShortRun(IterationCount=3, LaunchCount=1, WarmupCount=3)",Size=0,1,Overhead,Actual,20,241165600,134217728,1.8,0,0,0,0
FillBenchmarks.DllImport_BytePointer,PInvokeBench,FillBenchmarks,DllImport_BytePointer,ShortRun,Default,Default,Default,Default,Default,Default,Default,Default,Default,Default,Default,Default,Default,Default,Default,Default,Default,Default,Default,Default,Default,Default,Default,Default,Default,Default,Default,Default,Default,Default,Default,3,Default,1,Default,Default,Default,Default,Default,Default,Default,3,"ShortRun(IterationCount=3, LaunchCount=1, WarmupCount=3)",Size=0,1,Workload,Warmup,1,923405300,134217728,6.88,0,0,0,0
FillBenchmarks.DllImport_BytePointer,PInvokeBench,FillBenchmarks,DllImport_BytePointer,ShortRun,Default,Default,Default,Default,Default,Default,Default,Default,Default,Default,Default,Default,Default,Default,Default,Default,Default,Default,Default,Default,Default,Default,Default,Default,Default,Default,Default,Default,Default,Default,Default,3,Default,1,Default,Default,Default,Default,Default,Default,Default,3,"ShortRun(IterationCount=3, LaunchCount=1, WarmupCount=3)",Size=0,1,Workload,Warmup,2,922026500,134217728,6.87,0,0,0,0
FillBenchmarks.DllImport_BytePointer,PInvokeBench,FillBenchmarks,DllImport_BytePointer,ShortRun,Default,Default,Default,Default,Default,Default,Default,Default,Default,Default,Default,Default,Default,Default,Default,Default,Default,Default,Default,Default,Default,Default,Default,Default,Default,Default,Default,Default,Default,Default,Default,3,Default,1,Default,Default,Default,Default,Default,Default,Default,3,"ShortRun(IterationCount=3, LaunchCount=1, WarmupCount=3)",Size=0,1,Workload,Warmup,3,928658100,134217728,6.92,0,0,0,0
FillBenchmarks.DllImport_BytePointer,PInvokeBench,FillBenchmarks,DllImport_BytePointer,ShortRun,Default,Default,Default,Default,Default,Default,Default,Default,Default,Default,Default,Default,Default,Default,Default,Default,Default,Default,Default,Default,Default,Default,Default,Default,Default,Default,Default,Default,Default,Default,Default,3,Default,1,Default,Default,Default,Default,Default,Default,Default,3,"ShortRun(IterationCount=3, LaunchCount=1, WarmupCount=3)",Size=0,1,Workload,Actual,1,852598400,134217728,6.35,0,0,0,0
FillBenchmarks.DllImport_BytePointer,PInvokeBench,FillBenchmarks,DllImport_BytePointer,ShortRun,Default,Default,Default,Default,Default,Default,Default,Default,Default,Default,Default,Default,Default,Default,Default,Default,Default,Default,Default,Default,Default,Default,Default,Default,Default,Default,Default,Default,Default,Default,Default,3,Default,1,Default,Default,Default,Default,Default,Default,Default,3,"ShortRun(IterationCount=3, LaunchCount=1, WarmupCount=3)",Size=0,1,Workload,Actual,2,888947700,134217728,6.62,0,0,0,0
FillBenchmarks.DllImport_BytePointer,PInvokeBench,FillBenchmarks,DllImport_BytePointer,ShortRun,Default,Default,Default,Default,Default,Default,Default,Default,Default,Default,Default,Default,Default,Default,Default,Default,Default,Default,Default,Default,Default,Default,Default,Default,Default,Default,Default,Default,Default,Default,Default,3,Default,1,Default,Default,Default,Default,Default,Default,Default,3,"ShortRun(IterationCount=3, LaunchCount=1, WarmupCount=3)",Size=0,1,Workload,Actual,3,933472800,134217728,6.95,0,0,0,0
FillBenchmarks.DllImport_BytePointer,PInvokeBench,FillBenchmarks,DllImport_BytePointer,ShortRun,Default,Default,Default,Default,Default,Default,Default,Default,Default,Default,Default,Default,Default,Default,Default,Default,Default,Default,Default,Default,Default,Default,Default,Default,Default,Default,Default,Default,Default,Default,Default,3,Default,1,Default,Default,Default,Default,Default,Default,Default,3,"ShortRun(IterationCount=3, LaunchCount=1, WarmupCount=3)",Size=0,1,Workload,Result,1,610665050,134217728,4.55,0,0,0,0
FillBenchmarks.DllImport_BytePointer,PInvokeBench,FillBenchmarks,DllImport_BytePointer,ShortRun,Default,Default,Default,Default,Default,Default,Default,Default,Default,Default,Default,Default,Default,Default,Default,Default,Default,Default,Default,Default,Default,Default,Default,Default,Default,Default,Default,Default,Default,Default,Default,3,Default,1,Default,Default,Default,Default,Default,Default,Default,3,"ShortRun(IterationCount=3, LaunchCount=1, WarmupCount=3)",Size=0,1,Workload,Result,2,647014350,134217728,4.82,0,0,0,0
FillBenchmarks.DllImport_BytePointer,PInvokeBench,FillBenchmarks,DllImport_BytePointer,ShortRun,Default,Default,Default,Default,Default,Default,Default,Default,Default,Default,Default,Default,Default,Default,Default,Default,Default,Default,Default,Default,Default,Default,Default,Default,Default,Default,Default,Default,Default,Default,Default,3,Default,1,Default,Default,Default,Default,Default,Default,Default,3,"ShortRun(IterationCount=3, LaunchCount=1, WarmupCount=3)",Size=0,1,Workload,Result,3,691539450,134217728,5.15,0,0,0,0
FillBenchmarks.DllImport_RefByte,PInvokeBench,FillBenchmarks,DllImport_RefByte,ShortRun,Default,Default,Default,Default,Default,Default,Default,Default,Default,Default,Default,Default,Default,Default,Default,Default,Default,Default,Default,Default,Default,Default,Default,Default,Default,Default,Default,Default,Default,Default,Default,3,Default,1,Default,Default,Default,Default,Default,Default,Default,3,"ShortRun(IterationCount=3, LaunchCount=1, WarmupCount=3)",Size=0,1,Overhead,Jitting,1,169600,1,169600,0,0,0,0
FillBenchmarks.DllImport_RefByte,PInvokeBench,FillBenchmarks,DllImport_RefByte,ShortRun,Default,Default,Default,Default,Default,Default,Default,Default,Default,Default,Default,Default,Default,Default,Default,Default,Default,Default,Default,Default,Default,Default,Default,Default,Default,Default,Default,Default,Default,Default,Default,3,Default,1,Default,Default,Default,Default,Default,Default,Default,3,"ShortRun(IterationCount=3, LaunchCount=1, WarmupCount=3)",Size=0,1,Workload,Jitting,1,843700,1,843700,0,0,0,0
FillBenchmarks.DllImport_RefByte,PInvokeBench,FillBenchmarks,DllImport_RefByte,ShortRun,Default,Default,Default,Default,Default,Default,Default,Default,Default,Default,Default,Default,Default,Default,Default,Default,Default,Default,Default,Default,Default,Default,Default,Default,Default,Default,Default,Default,Default,Default,Default,3,Default,1,Default,Default,Default,Default,Default,Default,Default,3,"ShortRun(IterationCount=3, LaunchCount=1, WarmupCount=3)",Size=0,1,Overhead,Jitting,2,280200,16,17512.5,0,0,0,0
FillBenchmarks.DllImport_RefByte,PInvokeBench,FillBenchmarks,DllImport_RefByte,ShortRun,Default,Default,Default,Default,Default,Default,Default,Default,Default,Default,Default,Default,Default,Default,Default,Default,Default,Default,Default,Default,Default,Default,Default,Default,Default,Default,Default,Default,Default,Default,Default,3,Default,1,Default,Default,Default,Default,Default,Default,Default,3,"ShortRun(IterationCount=3, LaunchCount=1, WarmupCount=3)",Size=0,1,Workload,Jitting,2,298200,16,18637.5,0,0,0,0
FillBenchmarks.DllImport_RefByte,PInvokeBench,FillBenchmarks,DllImport_RefByte,ShortRun,Default,Default,Default,Default,Default,Default,Default,Default,Default,Default,Default,Default,Default,Default,Default,Default,Default,Default,Default,Default,Default,Default,Default,Default,Default,Default,Default,Default,Default,Default,Default,3,Default,1,Default,Default,Default,Default,Default,Default,Default,3,"ShortRun(IterationCount=3, LaunchCount=1, WarmupCount=3)",Size=0,1,Workload,Pilot,1,1100,16,68.75,0,0,0,0
FillBenchmarks.DllImport_RefByte,PInvokeBench,FillBenchmarks,DllImport_RefByte,ShortRun,Default,Default,Default,Default,Default,Default,Default,Default,Default,Default,Default,Default,Default,Default,Default,Default,Default,Default,Default,Default,Default,Default,Default,Default,Default,Default,Default,Default,Default,Default,Default,3,Default,1,Default,Default,Default,Default,Default,Default,Default,3,"ShortRun(IterationCount=3, LaunchCount=1, WarmupCount=3)",Size=0,1,Workload,Pilot,2,1500,32,46.88,0,0,0,0
FillBenchmarks.DllImport_RefByte,PInvokeBench,FillBenchmarks,DllImport_RefByte,ShortRun,Default,Default,Default,Default,Default,Default,Default,Default,Default,Default,Default,Default,Default,Default,Default,Default,Default,Default,Default,Default,Default,Default,Default,Default,Default,Default,Default,Default,Default,Default,Default,3,Default,1,Default,Default,Default,Default,Default,Default,Default,3,"ShortRun(IterationCount=3, LaunchCount=1, WarmupCount=3)",Size=0,1,Workload,Pilot,3,1300,64,20.31,0,0,0,0
FillBenchmarks.DllImport_RefByte,PInvokeBench,FillBenchmarks,DllImport_RefByte,ShortRun,Default,Default,Default,Default,Default,Default,Default,Default,Default,Default,Default,Default,Default,Default,Default,Default,Default,Default,Default,Default,Default,Default,Default,Default,Default,Default,Default,Default,Default,Default,Default,3,Default,1,Default,Default,Default,Default,Default,Default,Default,3,"ShortRun(IterationCount=3, LaunchCount=1, WarmupCount=3)",Size=0,1,Workload,Pilot,4,2700,128,21.09,0,0,0,0
FillBenchmarks.DllImport_RefByte,PInvokeBench,FillBenchmarks,DllImport_RefByte,ShortRun,Default,Default,Default,Default,Default,Default,Default,Default,Default,Default,Default,Default,Default,Default,Default,Default,Default,Default,Default,Default,Default,Default,Default,Default,Default,Default,Default,Default,Default,Default,Default,3,Default,1,Default,Default,Default,Default,Default,Default,Default,3,"ShortRun(IterationCount=3, LaunchCount=1, WarmupCount=3)",Size=0,1,Workload,Pilot,5,4100,256,16.02,0,0,0,0
FillBenchmarks.DllImport_RefByte,PInvokeBench,FillBenchmarks,DllImport_RefByte,ShortRun,Default,Default,Default,Default,Default,Default,Default,Default,Default,Default,Default,Default,Default,Default,Default,Default,Default,Default,Default,Default,Default,Default,Default,Default,Default,Default,Default,Default,Default,Default,Default,3,Default,1,Default,Default,Default,Default,Default,Default,Default,3,"ShortRun(IterationCount=3, LaunchCount=1, WarmupCount=3)",Size=0,1,Workload,Pilot,6,8000,512,15.63,0,0,0,0
FillBenchmarks.DllImport_RefByte,PInvokeBench,FillBenchmarks,DllImport_RefByte,ShortRun,Default,Default,Default,Default,Default,Default,Default,Default,Default,Default,Default,Default,Default,Default,Default,Default,Default,Default,Default,Default,Default,Default,Default,Default,Default,Default,Default,Default,Default,Default,Default,3,Default,1,Default,Default,Default,Default,Default,Default,Default,3,"ShortRun(IterationCount=3, LaunchCount=1, WarmupCount=3)",Size=0,1,Workload,Pilot,7,13500,1024,13.18,0,0,0,0
FillBenchmarks.DllImport_RefByte,PInvokeBench,FillBenchmarks,DllImport_RefByte,ShortRun,Default,Default,Default,Default,Default,Default,Default,Default,Default,Default,Default,Default,Default,Default,Default,Default,Default,Default,Default,Default,Default,Default,Default,Default,Default,Default,Default,Default,Default,Default,Default,3,Default,1,Default,Default,Default,Default,Default,Default,Default,3,"ShortRun(IterationCount=3, LaunchCount=1, WarmupCount=3)",Size=0,1,Workload,Pilot,8,26500,2048,12.94,0,0,0,0
FillBenchmarks.DllImport_RefByte,PInvokeBench,FillBenchmarks,DllImport_RefByte,ShortRun,Default,Default,Default,Default,Default,Default,Default,Default,Default,Default,Default,Default,Default,Default,Default,Default,Default,Default,Default,Default,Default,Default,Default,Default,Default,Default,Default,Default,Default,Default,Default,3,Default,1,Default,Default,Default,Default,Default,Default,Default,3,"ShortRun(IterationCount=3, LaunchCount=1, WarmupCount=3)",Size=0,1,Workload,Pilot,9,52400,4096,12.79,0,0,0,0
FillBenchmarks.DllImport_RefByte,PInvokeBench,FillBenchmarks,DllImport_RefByte,ShortRun,Default,Default,Default,Default,Default,Default,Default,Default,Default,Default,Default,Default,Default,Default,Default,Default,Default,Default,Default,Default,Default,Default,Default,Default,Default,Default,Default,Default,Default,Default,Default,3,Default,1,Default,Default,Default,Default,Default,Default,Default,3,"ShortRun(IterationCount=3, LaunchCount=1, WarmupCount=3)",Size=0,1,Workload,Pilot,10,111300,8192,13.59,0,0,0,0
FillBenchmarks.DllImport_RefByte,PInvokeBench,FillBenchmarks,DllImport_RefByte,ShortRun,Default,Default,Default,Default,Default,Default,Default,Default,Default,Default,Default,Default,Default,Default,Default,Default,Default,Default,Default,Default,Default,Default,Default,Default,Default,Default,Default,Default,Default,Default,Default,3,Default,1,Default,Default,Default,Default,Default,Default,Default,3,"ShortRun(IterationCount=3, LaunchCount=1, WarmupCount=3)",Size=0,1,Workload,Pilot,11,203700,16384,12.43,0,0,0,0
FillBenchmarks.DllImport_RefByte,PInvokeBench,FillBenchmarks,DllImport_RefByte,ShortRun,Default,Default,Default,Default,Default,Default,Default,Default,Default,Default,Default,Default,Default,Default,Default,Default,Default,Default,Default,Default,Default,Default,Default,Default,Default,Default,Default,Default,Default,Default,Default,3,Default,1,Default,Default,Default,Default,Default,Default,Default,3,"ShortRun(IterationCount=3, LaunchCount=1, WarmupCount=3)",Size=0,1,Workload,Pilot,12,450600,32768,13.75,0,0,0,0
FillBenchmarks.DllImport_RefByte,PInvokeBench,FillBenchmarks,DllImport_RefByte,ShortRun,Default,Default,Default,Default,Default,Default,Default,Default,Default,Default,Default,Default,Default,Default,Default,Default,Default,Default,Default,Default,Default,Default,Default,Default,Default,Default,Default,Default,Default,Default,Default,3,Default,1,Default,Default,Default,Default,Default,Default,Default,3,"ShortRun(IterationCount=3, LaunchCount=1, WarmupCount=3)",Size=0,1,Workload,Pilot,13,852400,65536,13.01,0,0,0,0
FillBenchmarks.DllImport_RefByte,PInvokeBench,FillBenchmarks,DllImport_RefByte,ShortRun,Default,Default,Default,Default,Default,Default,Default,Default,Default,Default,Default,Default,Default,Default,Default,Default,Default,Default,Default,Default,Default,Default,Default,Default,Default,Default,Default,Default,Default,Default,Default,3,Default,1,Default,Default,Default,Default,Default,Default,Default,3,"ShortRun(IterationCount=3, LaunchCount=1, WarmupCount=3)",Size=0,1,Workload,Pilot,14,1459300,131072,11.13,0,0,0,0
FillBenchmarks.DllImport_RefByte,PInvokeBench,FillBenchmarks,DllImport_RefByte,ShortRun,Default,Default,Default,Default,Default,Default,Default,Default,Default,Default,Default,Default,Default,Default,Default,Default,Default,Default,Default,Default,Default,Default,Default,Default,Default,Default,Default,Default,Default,Default,Default,3,Default,1,Default,Default,Default,Default,Default,Default,Default,3,"ShortRun(IterationCount=3, LaunchCount=1, WarmupCount=3)",Size=0,1,Workload,Pilot,15,2897800,262144,11.05,0,0,0,0
FillBenchmarks.DllImport_RefByte,PInvokeBench,FillBenchmarks,DllImport_RefByte,ShortRun,Default,Default,Default,Default,Default,Default,Default,Default,Default,Default,Default,Default,Default,Default,Default,Default,Default,Default,Default,Default,Default,Default,Default,Default,Default,Default,Default,Default,Default,Default,Default,3,Default,1,Default,Default,Default,Default,Default,Default,Default,3,"ShortRun(IterationCount=3, LaunchCount=1, WarmupCount=3)",Size=0,1,Workload,Pilot,16,7652000,524288,14.6,0,0,0,0
FillBenchmarks.DllImport_RefByte,PInvokeBench,FillBenchmarks,DllImport_RefByte,ShortRun,Default,Default,Default,Default,Default,Default,Default,Default,Default,Default,Default,Default,Default,Default,Default,Default,Default,Default,Default,Default,Default,Default,Default,Default,Default,Default,Default,Default,Default,Default,Default,3,Default,1,Default,Default,Default,Default,Default,Default,Default,3,"ShortRun(IterationCount=3, LaunchCount=1, WarmupCount=3)",Size=0,1,Workload,Pilot,17,12179700,1048576,11.62,0,0,0,0
FillBenchmarks.DllImport_RefByte,PInvokeBench,FillBenchmarks,DllImport_RefByte,ShortRun,Default,Default,Default,Default,Default,Default,Default,Default,Default,Default,Default,Default,Default,Default,Default,Default,Default,Default,Default,Default,Default,Default,Default,Default,Default,Default,Default,Default,Default,Default,Default,3,Default,1,Default,Default,Default,Default,Default,Default,Default,3,"ShortRun(IterationCount=3, LaunchCount=1, WarmupCount=3)",Size=0,1,Workload,Pilot,18,25446000,2097152,12.13,0,0,0,0
FillBenchmarks.DllImport_RefByte,PInvokeBench,FillBenchmarks,DllImport_RefByte,ShortRun,Default,Default,Default,Default,Default,Default,Default,Default,Default,Default,Default,Default,Default,Default,Default,Default,Default,Default,Default,Default,Default,Default,Default,Default,Default,Default,Default,Default,Default,Default,Default,3,Default,1,Default,Default,Default,Default,Default,Default,Default,3,"ShortRun(IterationCount=3, LaunchCount=1, WarmupCount=3)",Size=0,1,Workload,Pilot,19,53302500,4194304,12.71,0,0,0,0
FillBenchmarks.DllImport_RefByte,PInvokeBench,FillBenchmarks,DllImport_RefByte,ShortRun,Default,Default,Default,Default,Default,Default,Default,Default,Default,Default,Default,Default,Default,Default,Default,Default,Default,Default,Default,Default,Default,Default,Default,Default,Default,Default,Default,Default,Default,Default,Default,3,Default,1,Default,Default,Default,Default,Default,Default,Default,3,"ShortRun(IterationCount=3, LaunchCount=1, WarmupCount=3)",Size=0,1,Workload,Pilot,20,81989000,8388608,9.77,0,0,0,0
FillBenchmarks.DllImport_RefByte,PInvokeBench,FillBenchmarks,DllImport_RefByte,ShortRun,Default,Default,Default,Default,Default,Default,Default,Default,Default,Default,Default,Default,Default,Default,Default,Default,Default,Default,Default,Default,Default,Default,Default,Default,Default,Default,Default,Default,Default,Default,Default,3,Default,1,Default,Default,Default,Default,Default,Default,Default,3,"ShortRun(IterationCount=3, LaunchCount=1, WarmupCount=3)",Size=0,1,Workload,Pilot,21,159101900,16777216,9.48,0,0,0,0
FillBenchmarks.DllImport_RefByte,PInvokeBench,FillBenchmarks,DllImport_RefByte,ShortRun,Default,Default,Default,Default,Default,Default,Default,Default,Default,Default,Default,Default,Default,Default,Default,Default,Default,Default,Default,Default,Default,Default,Default,Default,Default,Default,Default,Default,Default,Default,Default,3,Default,1,Default,Default,Default,Default,Default,Default,Default,3,"ShortRun(IterationCount=3, LaunchCount=1, WarmupCount=3)",Size=0,1,Workload,Pilot,22,296976700,33554432,8.85,0,0,0,0
FillBenchmarks.DllImport_RefByte,PInvokeBench,FillBenchmarks,DllImport_RefByte,ShortRun,Default,Default,Default,Default,Default,Default,Default,Default,Default,Default,Default,Default,Default,Default,Default,Default,Default,Default,Default,Default,Default,Default,Default,Default,Default,Default,Default,Default,Default,Default,Default,3,Default,1,Default,Default,Default,Default,Default,Default,Default,3,"ShortRun(IterationCount=3, LaunchCount=1, WarmupCount=3)",Size=0,1,Workload,Pilot,23,576148200,67108864,8.59,0,0,0,0
FillBenchmarks.DllImport_RefByte,PInvokeBench,FillBenchmarks,DllImport_RefByte,ShortRun,Default,Default,Default,Default,Default,Default,Default,Default,Default,Default,Default,Default,Default,Default,Default,Default,Default,Default,Default,Default,Default,Default,Default,Default,Default,Default,Default,Default,Default,Default,Default,3,Default,1,Default,Default,Default,Default,Default,Default,Default,3,"ShortRun(IterationCount=3, LaunchCount=1, WarmupCount=3)",Size=0,1,Overhead,Warmup,1,173953200,67108864,2.59,0,0,0,0
FillBenchmarks.DllImport_RefByte,PInvokeBench,FillBenchmarks,DllImport_RefByte,ShortRun,Default,Default,Default,Default,Default,Default,Default,Default,Default,Default,Default,Default,Default,Default,Default,Default,Default,Default,Default,Default,Default,Default,Default,Default,Default,Default,Default,Default,Default,Default,Default,3,Default,1,Default,Default,Default,Default,Default,Default,Default,3,"ShortRun(IterationCount=3, LaunchCount=1, WarmupCount=3)",Size=0,1,Overhead,Warmup,2,133889300,67108864,2,0,0,0,0
FillBenchmarks.DllImport_RefByte,PInvokeBench,FillBenchmarks,DllImport_RefByte,ShortRun,Default,Default,Default,Default,Default,Default,Default,Default,Default,Default,Default,Default,Default,Default,Default,Default,Default,Default,Default,Default,Default,Default,Default,Default,Default,Default,Default,Default,Default,Default,Default,3,Default,1,Default,Default,Default,Default,Default,Default,Default,3,"ShortRun(IterationCount=3, LaunchCount=1, WarmupCount=3)",Size=0,1,Overhead,Warmup,3,115021900,67108864,1.71,0,0,0,0
FillBenchmarks.DllImport_RefByte,PInvokeBench,FillBenchmarks,DllImport_RefByte,ShortRun,Default,Default,Default,Default,Default,Default,Default,Default,Default,Default,Default,Default,Default,Default,Default,Default,Default,Default,Default,Default,Default,Default,Default,Default,Default,Default,Default,Default,Default,Default,Default,3,Default,1,Default,Default,Default,Default,Default,Default,Default,3,"ShortRun(IterationCount=3, LaunchCount=1, WarmupCount=3)",Size=0,1,Overhead,Warmup,4,120709500,67108864,1.8,0,0,0,0
FillBenchmarks.DllImport_RefByte,PInvokeBench,FillBenchmarks,DllImport_RefByte,ShortRun,Default,Default,Default,Default,Default,Default,Default,Default,Default,Default,Default,Default,Default,Default,Default,Default,Default,Default,Default,Default,Default,Default,Default,Default,Default,Default,Default,Default,Default,Default,Default,3,Default,1,Default,Default,Default,Default,Default,Default,Default,3,"ShortRun(IterationCount=3, LaunchCount=1, WarmupCount=3)",Size=0,1,Overhead,Warmup,5,117016800,67108864,1.74,0,0,0,0
FillBenchmarks.DllImport_RefByte,PInvokeBench,FillBenchmarks,DllImport_RefByte,ShortRun,Default,Default,Default,Default,Default,Default,Default,Default,Default,Default,Default,Default,Default,Default,Default,Default,Default,Default,Default,Default,Default,Default,Default,Default,Default,Default,Default,Default,Default,Default,Default,3,Default,1,Default,Default,Default,Default,Default,Default,Default,3,"ShortRun(IterationCount=3, LaunchCount=1, WarmupCount=3)",Size=0,1,Overhead,Warmup,6,113095300,67108864,1.69,0,0,0,0
FillBenchmarks.DllImport_RefByte,PInvokeBench,FillBenchmarks,DllImport_RefByte,ShortRun,Default,Default,Default,Default,Default,Default,Default,Default,Default,Default,Default,Default,Default,Default,Default,Default,Default,Default,Default,Default,Default,Default,Default,Default,Default,Default,Default,Default,Default,Default,Default,3,Default,1,Default,Default,Default,Default,Default,Default,Default,3,"ShortRun(IterationCount=3, LaunchCount=1, WarmupCount=3)",Size=0,1,Overhead,Warmup,7,125476800,67108864,1.87,0,0,0,0
FillBenchmarks.DllImport_RefByte,PInvokeBench,FillBenchmarks,DllImport_RefByte,ShortRun,Default,Default,Default,Default,Default,Default,Default,Default,Default,Default,Default,Default,Default,Default,Default,Default,Default,Default,Default,Default,Default,Default,Default,Default,Default,Default,Default,Default,Default,Default,Default,3,Default,1,Default,Default,Default,Default,Default,Default,Default,3,"ShortRun(IterationCount=3, LaunchCount=1, WarmupCount=3)",Size=0,1,Overhead,Warmup,8,128761200,67108864,1.92,0,0,0,0
FillBenchmarks.DllImport_RefByte,PInvokeBench,FillBenchmarks,DllImport_RefByte,ShortRun,Default,Default,Default,Default,Default,Default,Default,Default,Default,Default,Default,Default,Default,Default,Default,Default,Default,Default,Default,Default,Default,Default,Default,Default,Default,Default,Default,Default,Default,Default,Default,3,Default,1,Default,Default,Default,Default,Default,Default,Default,3,"ShortRun(IterationCount=3, LaunchCount=1, WarmupCount=3)",Size=0,1,Overhead,Warmup,9,119648900,67108864,1.78,0,0,0,0
FillBenchmarks.DllImport_RefByte,PInvokeBench,FillBenchmarks,DllImport_RefByte,ShortRun,Default,Default,Default,Default,Default,Default,Default,Default,Default,Default,Default,Default,Default,Default,Default,Default,Default,Default,Default,Default,Default,Default,Default,Default,Default,Default,Default,Default,Default,Default,Default,3,Default,1,Default,Default,Default,Default,Default,Default,Default,3,"ShortRun(IterationCount=3, LaunchCount=1, WarmupCount=3)",Size=0,1,Overhead,Actual,1,123103800,67108864,1.83,0,0,0,0
FillBenchmarks.DllImport_RefByte,PInvokeBench,FillBenchmarks,DllImport_RefByte,ShortRun,Default,Default,Default,Default,Default,Default,Default,Default,Default,Default,Default,Default,Default,Default,Default,Default,Default,Default,Default,Default,Default,Default,Default,Default,Default,Default,Default,Default,Default,Default,Default,3,Default,1,Default,Default,Default,Default,Default,Default,Default,3,"ShortRun(IterationCount=3, LaunchCount=1, WarmupCount=3)",Size=0,1,Overhead,Actual,2,111791500,67108864,1.67,0,0,0,0
FillBenchmarks.DllImport_RefByte,PInvokeBench,FillBenchmarks,DllImport_RefByte,ShortRun,Default,Default,Default,Default,Default,Default,Default,Default,Default,Default,Default,Default,Default,Default,Default,Default,Default,Default,Default,Default,Default,Default,Default,Default,Default,Default,Default,Default,Default,Default,Default,3,Default,1,Default,Default,Default,Default,Default,Default,Default,3,"ShortRun(IterationCount=3, LaunchCount=1, WarmupCount=3)",Size=0,1,Overhead,Actual,3,110967500,67108864,1.65,0,0,0,0
FillBenchmarks.DllImport_RefByte,PInvokeBench,FillBenchmarks,DllImport_RefByte,ShortRun,Default,Default,Default,Default,Default,Default,Default,Default,Default,Default,Default,Default,Default,Default,Default,Default,Default,Default,Default,Default,Default,Default,Default,Default,Default,Default,Default,Default,Default,Default,Default,3,Default,1,Default,Default,Default,Default,Default,Default,Default,3,"ShortRun(IterationCount=3, LaunchCount=1, WarmupCount=3)",Size=0,1,Overhead,Actual,4,120534600,67108864,1.8,0,0,0,0
FillBenchmarks.DllImport_RefByte,PInvokeBench,FillBenchmarks,DllImport_RefByte,ShortRun,Default,Default,Default,Default,Default,Default,Default,Default,Default,Default,Default,Default,Default,Default,Default,Default,Default,Default,Default,Default,Default,Default,Default,Default,Default,Default,Default,Default,Default,Default,Default,3,Default,1,Default,Default,Default,Default,Default,Default,Default,3,"ShortRun(IterationCount=3, LaunchCount=1, WarmupCount=3)",Size=0,1,Overhead,Actual,5,120045800,67108864,1.79,0,0,0,0
FillBenchmarks.DllImport_RefByte,PInvokeBench,FillBenchmarks,DllImport_RefByte,ShortRun,Default,Default,Default,Default,Default,Default,Default,Default,Default,Default,Default,Default,Default,Default,Default,Default,Default,Default,Default,Default,Default,Default,Default,Default,Default,Default,Default,Default,Default,Default,Default,3,Default,1,Default,Default,Default,Default,Default,Default,Default,3,"ShortRun(IterationCount=3, LaunchCount=1, WarmupCount=3)",Size=0,1,Overhead,Actual,6,128504000,67108864,1.91,0,0,0,0
FillBenchmarks.DllImport_RefByte,PInvokeBench,FillBenchmarks,DllImport_RefByte,ShortRun,Default,Default,Default,Default,Default,Default,Default,Default,Default,Default,Default,Default,Default,Default,Default,Default,Default,Default,Default,Default,Default,Default,Default,Default,Default,Default,Default,Default,Default,Default,Default,3,Default,1,Default,Default,Default,Default,Default,Default,Default,3,"ShortRun(IterationCount=3, LaunchCount=1, WarmupCount=3)",Size=0,1,Overhead,Actual,7,127064500,67108864,1.89,0,0,0,0
FillBenchmarks.DllImport_RefByte,PInvokeBench,FillBenchmarks,DllImport_RefByte,ShortRun,Default,Default,Default,Default,Default,Default,Default,Default,Default,Default,Default,Default,Default,Default,Default,Default,Default,Default,Default,Default,Default,Default,Default,Default,Default,Default,Default,Default,Default,Default,Default,3,Default,1,Default,Default,Default,Default,Default,Default,Default,3,"ShortRun(IterationCount=3, LaunchCount=1, WarmupCount=3)",Size=0,1,Overhead,Actual,8,111538000,67108864,1.66,0,0,0,0
FillBenchmarks.DllImport_RefByte,PInvokeBench,FillBenchmarks,DllImport_RefByte,ShortRun,Default,Default,Default,Default,Default,Default,Default,Default,Default,Default,Default,Default,Default,Default,Default,Default,Default,Default,Default,Default,Default,Default,Default,Default,Default,Default,Default,Default,Default,Default,Default,3,Default,1,Default,Default,Default,Default,Default,Default,Default,3,"ShortRun(IterationCount=3, LaunchCount=1, WarmupCount=3)",Size=0,1,Overhead,Actual,9,124146100,67108864,1.85,0,0,0,0
FillBenchmarks.DllImport_RefByte,PInvokeBench,FillBenchmarks,DllImport_RefByte,ShortRun,Default,Default,Default,Default,Default,Default,Default,Default,Default,Default,Default,Default,Default,Default,Default,Default,Default,Default,Default,Default,Default,Default,Default,Default,Default,Default,Default,Default,Default,Default,Default,3,Default,1,Default,Default,Default,Default,Default,Default,Default,3,"ShortRun(IterationCount=3, LaunchCount=1, WarmupCount=3)",Size=0,1,Overhead,Actual,10,118798300,67108864,1.77,0,0,0,0
FillBenchmarks.DllImport_RefByte,PInvokeBench,FillBenchmarks,DllImport_RefByte,ShortRun,Default,Default,Default,Default,Default,Default,Default,Default,Default,Default,Default,Default,Default,Default,Default,Default,Default,Default,Default,Default,Default,Default,Default,Default,Default,Default,Default,Default,Default,Default,Default,3,Default,1,Default,Default,Default,Default,Default,Default,Default,3,"ShortRun(IterationCount=3, LaunchCount=1, WarmupCount=3)",Size=0,1,Overhead,Actual,11,112728300,67108864,1.68,0,0,0,0
FillBenchmarks.DllImport_RefByte,PInvokeBench,FillBenchmarks,DllImport_RefByte,ShortRun,Default,Default,Default,Default,Default,Default,Default,Default,Default,Default,Default,Default,Default,Default,Default,Default,Default,Default,Default,Default,Default,Default,Default,Default,Default,Default,Default,Default,Default,Default,Default,3,Default,1,Default,Default,Default,Default,Default,Default,Default,3,"ShortRun(IterationCount=3, LaunchCount=1, WarmupCount=3)",Size=0,1,Overhead,Actual,12,117316400,67108864,1.75,0,0,0,0
FillBenchmarks.DllImport_RefByte,PInvokeBench,FillBenchmarks,DllImport_RefByte,ShortRun,Default,Default,Default,Default,Default,Default,Default,Default,Default,Default,Default,Default,Default,Default,Default,Default,Default,Default,Default,Default,Default,Default,Default,Default,Default,Default,Default,Default,Default,Default,Default,3,Default,1,Default,Default,Default,Default,Default,Default,Default,3,"ShortRun(IterationCount=3, LaunchCount=1, WarmupCount=3)",Size=0,1,Overhead,Actual,13,124240200,67108864,1.85,0,0,0,0
FillBenchmarks.DllImport_RefByte,PInvokeBench,FillBenchmarks,DllImport_RefByte,ShortRun,Default,Default,Default,Default,Default,Default,Default,Default,Default,Default,Default,Default,Default,Default,Default,Default,Default,Default,Default,Default,Default,Default,Default,Default,Default,Default,Default,Default,Default,Default,Default,3,Default,1,Default,Default,Default,Default,Default,Default,Default,3,"ShortRun(IterationCount=3, LaunchCount=1, WarmupCount=3)",Size=0,1,Overhead,Actual,14,117851200,67108864,1.76,0,0,0,0
FillBenchmarks.DllImport_RefByte,PInvokeBench,FillBenchmarks,DllImport_RefByte,ShortRun,Default,Default,Default,Default,Default,Default,Default,Default,Default,Default,Default,Default,Default,Default,Default,Default,Default,Default,Default,Default,Default,Default,Default,Default,Default,Default,Default,Default,Default,Default,Default,3,Default,1,Default,Default,Default,Default,Default,Default,Default,3,"ShortRun(IterationCount=3, LaunchCount=1, WarmupCount=3)",Size=0,1,Overhead,Actual,15,114701500,67108864,1.71,0,0,0,0
FillBenchmarks.DllImport_RefByte,PInvokeBench,FillBenchmarks,DllImport_RefByte,ShortRun,Default,Default,Default,Default,Default,Default,Default,Default,Default,Default,Default,Default,Default,Default,Default,Default,Default,Default,Default,Default,Default,Default,Default,Default,Default,Default,Default,Default,Default,Default,Default,3,Default,1,Default,Default,Default,Default,Default,Default,Default,3,"ShortRun(IterationCount=3, LaunchCount=1, WarmupCount=3)",Size=0,1,Overhead,Actual,16,120608300,67108864,1.8,0,0,0,0
FillBenchmarks.DllImport_RefByte,PInvokeBench,FillBenchmarks,DllImport_RefByte,ShortRun,Default,Default,Default,Default,Default,Default,Default,Default,Default,Default,Default,Default,Default,Default,Default,Default,Default,Default,Default,Default,Default,Default,Default,Default,Default,Default,Default,Default,Default,Default,Default,3,Default,1,Default,Default,Default,Default,Default,Default,Default,3,"ShortRun(IterationCount=3, LaunchCount=1, WarmupCount=3)",Size=0,1,Workload,Warmup,1,548395300,67108864,8.17,0,0,0,0
FillBenchmarks.DllImport_RefByte,PInvokeBench,FillBenchmarks,DllImport_RefByte,ShortRun,Default,Default,Default,Default,Default,Default,Default,Default,Default,Default,Default,Default,Default,Default,Default,Default,Default,Default,Default,Default,Default,Default,Default,Default,Default,Default,Default,Default,Default,Default,Default,3,Default,1,Default,Default,Default,Default,Default,Default,Default,3,"ShortRun(IterationCount=3, LaunchCount=1, WarmupCount=3)",Size=0,1,Workload,Warmup,2,545320200,67108864,8.13,0,0,0,0
FillBenchmarks.DllImport_RefByte,PInvokeBench,FillBenchmarks,DllImport_RefByte,ShortRun,Default,Default,Default,Default,Default,Default,Default,Default,Default,Default,Default,Default,Default,Default,Default,Default,Default,Default,Default,Default,Default,Default,Default,Default,Default,Default,Default,Default,Default,Default,Default,3,Default,1,Default,Default,Default,Default,Default,Default,Default,3,"ShortRun(IterationCount=3, LaunchCount=1, WarmupCount=3)",Size=0,1,Workload,Warmup,3,532897600,67108864,7.94,0,0,0,0
FillBenchmarks.DllImport_RefByte,PInvokeBench,FillBenchmarks,DllImport_RefByte,ShortRun,Default,Default,Default,Default,Default,Default,Default,Default,Default,Default,Default,Default,Default,Default,Default,Default,Default,Default,Default,Default,Default,Default,Default,Default,Default,Default,Default,Default,Default,Default,Default,3,Default,1,Default,Default,Default,Default,Default,Default,Default,3,"ShortRun(IterationCount=3, LaunchCount=1, WarmupCount=3)",Size=0,1,Workload,Actual,1,595415600,67108864,8.87,0,0,0,0
FillBenchmarks.DllImport_RefByte,PInvokeBench,FillBenchmarks,DllImport_RefByte,ShortRun,Default,Default,Default,Default,Default,Default,Default,Default,Default,Default,Default,Default,Default,Default,Default,Default,Default,Default,Default,Default,Default,Default,Default,Default,Default,Default,Default,Default,Default,Default,Default,3,Default,1,Default,Default,Default,Default,Default,Default,Default,3,"ShortRun(IterationCount=3, LaunchCount=1, WarmupCount=3)",Size=0,1,Workload,Actual,2,569993600,67108864,8.49,0,0,0,0
FillBenchmarks.DllImport_RefByte,PInvokeBench,FillBenchmarks,DllImport_RefByte,ShortRun,Default,Default,Default,Default,Default,Default,Default,Default,Default,Default,Default,Default,Default,Default,Default,Default,Default,Default,Default,Default,Default,Default,Default,Default,Default,Default,Default,Default,Default,Default,Default,3,Default,1,Default,Default,Default,Default,Default,Default,Default,3,"ShortRun(IterationCount=3, LaunchCount=1, WarmupCount=3)",Size=0,1,Workload,Actual,3,556394900,67108864,8.29,0,0,0,0
FillBenchmarks.DllImport_RefByte,PInvokeBench,FillBenchmarks,DllImport_RefByte,ShortRun,Default,Default,Default,Default,Default,Default,Default,Default,Default,Default,Default,Default,Default,Default,Default,Default,Default,Default,Default,Default,Default,Default,Default,Default,Default,Default,Default,Default,Default,Default,Default,3,Default,1,Default,Default,Default,Default,Default,Default,Default,3,"ShortRun(IterationCount=3, LaunchCount=1, WarmupCount=3)",Size=0,1,Workload,Result,1,475993550,67108864,7.09,0,0,0,0
FillBenchmarks.DllImport_RefByte,PInvokeBench,FillBenchmarks,DllImport_RefByte,ShortRun,Default,Default,Default,Default,Default,Default,Default,Default,Default,Default,Default,Default,Default,Default,Default,Default,Default,Default,Default,Default,Default,Default,Default,Default,Default,Default,Default,Default,Default,Default,Default,3,Default,1,Default,Default,Default,Default,Default,Default,Default,3,"ShortRun(IterationCount=3, LaunchCount=1, WarmupCount=3)",Size=0,1,Workload,Result,2,450571550,67108864,6.71,0,0,0,0
FillBenchmarks.DllImport_RefByte,PInvokeBench,FillBenchmarks,DllImport_RefByte,ShortRun,Default,Default,Default,Default,Default,Default,Default,Default,Default,Default,Default,Default,Default,Default,Default,Default,Default,Default,Default,Default,Default,Default,Default,Default,Default,Default,Default,Default,Default,Default,Default,3,Default,1,Default,Default,Default,Default,Default,Default,Default,3,"ShortRun(IterationCount=3, LaunchCount=1, WarmupCount=3)",Size=0,1,Workload,Result,3,436972850,67108864,6.51,0,0,0,0
FillBenchmarks.LibraryImport_Span,PInvokeBench,FillBenchmarks,LibraryImport_Span,ShortRun,Default,Default,Default,Default,Default,Default,Default,Default,Default,Default,Default,Default,Default,Default,Default,Default,Default,Default,Default,Default,Default,Default,Default,Default,Default,Default,Default,Default,Default,Default,Default,3,Default,1,Default,Default,Default,Default,Default,Default,Default,3,"ShortRun(IterationCount=3, LaunchCount=1, WarmupCount=3)",Size=0,1,Overhead,Jitting,1,169200,1,169200,0,0,0,0
FillBenchmarks.LibraryImport_Span,PInvokeBench,FillBenchmarks,LibraryImport_Span,ShortRun,Default,Default,Default,Default,Default,Default,Default,Default,Default,Default,Default,Default,Default,Default,Default,Default,Default,Default,Default,Default,Default,Default,Default,Default,Default,Default,Default,Default,Default,Default,Default,3,Default,1,Default,Default,Default,Default,Default,Default,Default,3,"ShortRun(IterationCount=3, LaunchCount=1, WarmupCount=3)",Size=0,1,Workload,Jitting,1,694800,1,694800,0,0,0,0
FillBenchmarks.LibraryImport_Span,PInvokeBench,FillBenchmarks,LibraryImport_Span,ShortRun,Default,Default,Default,Default,Default,Default,Default,Default,Default,Default,Default,Default,Default,Default,Default,Default,Default,Default,Default,Default,Default,Default,Default,Default,Default,Default,Default,Default,Default,Default,Default,3,Default,1,Default,Default,Default,Default,Default,Default,Default,3,"ShortRun(IterationCount=3, LaunchCount=1, WarmupCount=3)",Size=0,1,Overhead,Jitting,2,266500,16,16656.25,0,0,0,0
FillBenchmarks.LibraryImport_Span,PInvokeBench,FillBenchmarks,LibraryImport_Span,ShortRun,Default,Default,Default,Default,Default,Default,Default,Default,Default,Default,Default,Default,Default,Default,Default,Default,Default,Default,Default,Default,Default,Default,Default,Default,Default,Default,Default,Default,Default,Default,Default,3,Default,1,Default,Default,Default,Default,Default,Default,Default,3,"ShortRun(IterationCount=3, LaunchCount=1, WarmupCount=3)",Size=0,1,Workload,Jitting,2,278400,16,17400,0,0,0,0
FillBenchmarks.LibraryImport_Span,PInvokeBench,FillBenchmarks,LibraryImport_Span,ShortRun,Default,Default,Default,Default,Default,Default,Default,Default,Default,Default,Default,Default,Default,Default,Default,Default,Default,Default,Default,Default,Default,Default,Default,Default,Default,Default,Default,Default,Default,Default,Default,3,Default,1,Default,Default,Default,Default,Default,Default,Default,3,"ShortRun(IterationCount=3, LaunchCount=1, WarmupCount=3)",Size=0,1,Workload,Pilot,1,700,16,43.75,0,0,0,0
FillBenchmarks.LibraryImport_Span,PInvokeBench,FillBenchmarks,LibraryImport_Span,ShortRun,Default,Default,Default,Default,Default,Default,Default,Default,Default,Default,Default,Default,Default,Default,Default,Default,Default,Default,Default,Default,Default,Default,Default,Default,Default,Default,Default,Default,Default,Default,Default,3,Default,1,Default,Default,Default,Default,Default,Default,Default,3,"ShortRun(IterationCount=3, LaunchCount=1, WarmupCount=3)",Size=0,1,Workload,Pilot,2,1500,32,46.88,0,0,0,0
FillBenchmarks.LibraryImport_Span,PInvokeBench,FillBenchmarks,LibraryImport_Span,ShortRun,Default,Default,Default,Default,Default,Default,Default,Default,Default,Default,Default,Default,Default,Default,Default,Default,Default,Default,Default,Default,Default,Default,Default,Default,Default,Default,Default,Default,Default,Default,Default,3,Default,1,Default,Default,Default,Default,Default,Default,Default,3,"ShortRun(IterationCount=3, LaunchCount=1, WarmupCount=3)",Size=0,1,Workload,Pilot,3,2000,64,31.25,0,0,0,0
FillBenchmarks.LibraryImport_Span,PInvokeBench,FillBenchmarks,LibraryImport_Span,ShortRun,Default,Default,Default,Default,Default,Default,Default,Default,Default,Default,Default,Default,Default,Default,Default,Default,Default,Default,Default,Default,Default,Default,Default,Default,Default,Default,Default,Default,Default,Default,Default,3,Default,1,Default,Default,Default,Default,Default,Default,Default,3,"ShortRun(IterationCount=3, LaunchCount=1, WarmupCount=3)",Size=0,1,Workload,Pilot,4,3500,128,27.34,0,0,0,0
FillBenchmarks.LibraryImport_Span,PInvokeBench,FillBenchmarks,LibraryImport_Span,ShortRun,Default,Default,Default,Default,Default,Default,Default,Default,Default,Default,Default,Default,Default,Default,Default,Default,Default,Default,Default,Default,Default,Default,Default,Default,Default,Default,Default,Default,Default,Default,Default,3,Default,1,Default,Default,Default,Default,Default,Default,Default,3,"ShortRun(IterationCount=3, LaunchCount=1, WarmupCount=3)",Size=0,1,Workload,Pilot,5,4600,256,17.97,0,0,0,0
FillBenchmarks.LibraryImport_Span,PInvokeBench,FillBenchmarks,LibraryImport_Span,ShortRun,Default,Default,Default,Default,Default,Default,Default,Default,Default,Default,Default,Default,Default,Default,Default,Default,Default,Default,Default,Default,Default,Default,Default,Default,Default,Default,Default,Default,Default,Default,Default,3,Default,1,Default,Default,Default,Default,Default,Default,Default,3,"ShortRun(IterationCount=3, LaunchCount=1, WarmupCount=3)",Size=0,1,Workload,Pilot,6,8100,512,15.82,0,0,0,0
FillBenchmarks.LibraryImport_Span,PInvokeBench,FillBenchmarks,LibraryImport_Span,ShortRun,Default,Default,Default,Default,Default,Default,Default,Default,Default,Default,Default,Default,Default,Default,Default,Default,Default,Default,Default,Default,Default,Default,Default,Default,Default,Default,Default,Default,Default,Default,Default,3,Default,1,Default,Default,Default,Default,Default,Default,Default,3,"ShortRun(IterationCount=3, LaunchCount=1, WarmupCount=3)",Size=0,1,Workload,Pilot,7,22800,1024,22.27,0,0,0,0
FillBenchmarks.LibraryImport_Span,PInvokeBench,FillBenchmarks,LibraryImport_Span,ShortRun,Default,Default,Default,Default,Default,Default,Default,Default,Default,Default,Default,Default,Default,Default,Default,Default,Default,Default,Default,Default,Default,Default,Default,Default,Default,Default,Default,Default,Default,Default,Default,3,Default,1,Default,Default,Default,Default,Default,Default,Default,3,"ShortRun(IterationCount=3, LaunchCount=1, WarmupCount=3)",Size=0,1,Workload,Pilot,8,28500,2048,13.92,0,0,0,0
FillBenchmarks.LibraryImport_Span,PInvokeBench,FillBenchmarks,LibraryImport_Span,ShortRun,Default,Default,Default,Default,Default,Default,Default,Default,Default,Default,Default,Default,Default,Default,Default,Default,Default,Default,Default,Default,Default,Default,Default,Default,Default,Default,Default,Default,Default,Default,Default,3,Default,1,Default,Default,Default,Default,Default,Default,Default,3,"ShortRun(IterationCount=3, LaunchCount=1, WarmupCount=3)",Size=0,1,Workload,Pilot,9,55600,4096,13.57,0,0,0,0
FillBenchmarks.LibraryImport_Span,PInvokeBench,FillBenchmarks,LibraryImport_Span,ShortRun,Default,Default,Default,Default,Default,Default,Default,Default,Default,Default,Default,Default,Default,Default,Default,Default,Default,Default,Default,Default,Default,Default,Default,Default,Default,Default,Default,Default,Default,Default,Default,3,Default,1,Default,Default,Default,Default,Default,Default,Default,3,"ShortRun(IterationCount=3, LaunchCount=1, WarmupCount=3)",Size=0,1,Workload,Pilot,10,97200,8192,11.87,0,0,0,0
FillBenchmarks.LibraryImport_Span,PInvokeBench,FillBenchmarks,LibraryImport_Span,ShortRun,Default,Default,Default,Default,Default,Default,Default,Default,Default,Default,Default,Default,Default,Default,Default,Default,Default,Default,Default,Default,Default,Default,Default,Default,Default,Default,Default,Default,Default,Default,Default,3,Default,1,Default,Default,Default,Default,Default,Default,Default,3,"ShortRun(IterationCount=3, LaunchCount=1, WarmupCount=3)",Size=0,1,Workload,Pilot,11,353100,16384,21.55,0,0,0,0
FillBenchmarks.LibraryImport_Span,PInvokeBench,FillBenchmarks,LibraryImport_Span,ShortRun,Default,Default,Default,Default,Default,Default,Default,Default,Default,Default,Default,Default,Default,Default,Default,Default,Default,Default,Default,Default,Default,Default,Default,Default,Default,Default,Default,Default,Default,Default,Default,3,Default,1,Default,Default,Default,Default,Default,Default,Default,3,"ShortRun(IterationCount=3, LaunchCount=1, WarmupCount=3)",Size=0,1,Workload,Pilot,12,536800,32768,16.38,0,0,0,0
FillBenchmarks.LibraryImport_Span,PInvokeBench,FillBenchmarks,LibraryImport_Span,ShortRun,Default,Default,Default,Default,Default,Default,Default,Default,Default,Default,Default,Default,Default,Default,Default,Default,Default,Default,Default,Default,Default,Default,Default,Default,Default,Default,Default,Default,Default,Default,Default,3,Default,1,Default,Default,Default,Default,Default,Default,Default,3,"ShortRun(IterationCount=3, LaunchCount=1, WarmupCount=3)",Size=0,1,Workload,Pilot,13,856600,65536,13.07,0,0,0,0
FillBenchmarks.LibraryImport_Span,PInvokeBench,FillBenchmarks,LibraryImport_Span,ShortRun,Default,Default,Default,Default,Default,Default,Default,Default,Default,Default,Default,Default,Default,Default,Default,Default,Default,Default,Default,Default,Default,Default,Default,Default,Default,Default,Default,Default,Default,Default,Default,3,Default,1,Default,Default,Default,Default,Default,Default,Default,3,"ShortRun(IterationCount=3, LaunchCount=1, WarmupCount=3)",Size=0,1,Workload,Pilot,14,1792300,131072,13.67,0,0,0,0
FillBenchmarks.LibraryImport_Span,PInvokeBench,FillBenchmarks,LibraryImport_Span,ShortRun,Default,Default,Default,Default,Default,Default,Default,Default,Default,Default,Default,Default,Default,Default,Default,Default,Default,Default,Default,Default,Default,Default,Default,Default,Default,Default,Default,Default,Default,Default,Default,3,Default,1,Default,Default,Default,Default,Default,Default,Default,3,"ShortRun(IterationCount=3, LaunchCount=1, WarmupCount=3)",Size=0,1,Workload,Pilot,15,3095300,262144,11.81,0,0,0,0
FillBenchmarks.LibraryImport_Span,PInvokeBench,FillBenchmarks,LibraryImport_Span,ShortRun,Default,Default,Default,Default,Default,Default,Default,Default,Default,Default,Default,Default,Default,Default,Default,Default,Default,Default,Default,Default,Default,Default,Default,Default,Default,Default,Default,Default,Default,Default,Default,3,Default,1,Default,Default,Default,Default,Default,Default,Default,3,"ShortRun(IterationCount=3, LaunchCount=1, WarmupCount=3)",Size=0,1,Workload,Pilot,16,7032100,524288,13.41,0,0,0,0
FillBenchmarks.LibraryImport_Span,PInvokeBench,FillBenchmarks,LibraryImport_Span,ShortRun,Default,Default,Default,Default,Default,Default,Default,Default,Default,Default,Default,Default,Default,Default,Default,Default,Default,Default,Default,Default,Default,Default,Default,Default,Default,Default,Default,Default,Default,Default,Default,3,Default,1,Default,Default,Default,Default,Default,Default,Default,3,"ShortRun(IterationCount=3, LaunchCount=1, WarmupCount=3)",Size=0,1,Workload,Pilot,17,14424700,1048576,13.76,0,0,0,0
FillBenchmarks.LibraryImport_Span,PInvokeBench,FillBenchmarks,LibraryImport_Span,ShortRun,Default,Default,Default,Default,Default,Default,Default,Default,Default,Default,Default,Default,Default,Default,Default,Default,Default,Default,Default,Default,Default,Default,Default,Default,Default,Default,Default,Default,Default,Default,Default,3,Default,1,Default,Default,Default,Default,Default,Default,Default,3,"ShortRun(IterationCount=3, LaunchCount=1, WarmupCount=3)",Size=0,1,Workload,Pilot,18,26786600,2097152,12.77,0,0,0,0
FillBenchmarks.LibraryImport_Span,PInvokeBench,FillBenchmarks,LibraryImport_Span,ShortRun,Default,Default,Default,Default,Default,Default,Default,Default,Default,Default,Default,Default,Default,Default,Default,Default,Default,Default,Default,Default,Default,Default,Default,Default,Default,Default,Default,Default,Default,Default,Default,3,Default,1,Default,Default,Default,Default,Default,Default,Default,3,"ShortRun(IterationCount=3, LaunchCount=1, WarmupCount=3)",Size=0,1,Workload,Pilot,19,56376900,4194304,13.44,0,0,0,0
FillBenchmarks.LibraryImport_Span,PInvokeBench,FillBenchmarks,LibraryImport_Span,ShortRun,Default,Default,Default,Default,Default,Default,Default,Default,Default,Default,Default,Default,Default,Default,Default,Default,Default,Default,Default,Default,Default,Default,Default,Default,Default,Default,Default,Default,Default,Default,Default,3,Default,1,Default,Default,Default,Default,Default,Default,Default,3,"ShortRun(IterationCount=3, LaunchCount=1, WarmupCount=3)",Size=0,1,Workload,Pilot,20,56705500,8388608,6.76,0,0,0,0
FillBenchmarks.LibraryImport_Span,PInvokeBench,FillBenchmarks,LibraryImport_Span,ShortRun,Default,Default,Default,Default,Default,Default,Default,Default,Default,Default,Default,Default,Default,Default,Default,Default,Default,Default,Default,Default,Default,Default,Default,Default,Default,Default,Default,Default,Default,Default,Default,3,Default,1,Default,Default,Default,Default,Default,Default,Default,3,"ShortRun(IterationCount=3, LaunchCount=1, WarmupCount=3)",Size=0,1,Workload,Pilot,21,110495700,16777216,6.59,0,0,0,0
FillBenchmarks.LibraryImport_Span,PInvokeBench,FillBenchmarks,LibraryImport_Span,ShortRun,Default,Default,Default,Default,Default,Default,Default,Default,Default,Default,Default,Default,Default,Default,Default,Default,Default,Default,Default,Default,Default,Default,Default,Default,Default,Default,Default,Default,Default,Default,Default,3,Default,1,Default,Default,Default,Default,Default,Default,Default,3,"ShortRun(IterationCount=3, LaunchCount=1, WarmupCount=3)",Size=0,1,Workload,Pilot,22,231012700,33554432,6.88,0,0,0,0
FillBenchmarks.LibraryImport_Span,PInvokeBench,FillBenchmarks,LibraryImport_Span,ShortRun,Default,Default,Default,Default,Default,Default,Default,Default,Default,Default,Default,Default,Default,Default,Default,Default,Default,Default,Default,Default,Default,Default,Default,Default,Default,Default,Default,Default,Default,Default,Default,3,Default,1,Default,Default,Default,Default,Default,Default,Default,3,"ShortRun(IterationCount=3, LaunchCount=1, WarmupCount=3)",Size=0,1,Workload,Pilot,23,428475600,67108864,6.38,0,0,0,0
FillBenchmarks.LibraryImport_Span,PInvokeBench,FillBenchmarks,LibraryImport_Span,ShortRun,Default,Default,Default,Default,Default,Default,Default,Default,Default,Default,Default,Default,Default,Default,Default,Default,Default,Default,Default,Default,Default,Default,Default,Default,Default,Default,Default,Default,Default,Default,Default,3,Default,1,Default,Default,Default,Default,Default,Default,Default,3,"ShortRun(IterationCount=3, LaunchCount=1, WarmupCount=3)",Size=0,1,Workload,Pilot,24,876967500,134217728,6.53,0,0,0,0
FillBenchmarks.LibraryImport_Span,PInvokeBench,FillBenchmarks,LibraryImport_Span,ShortRun,Default,Default,Default,Default,Default,Default,Default,Default,Default,Default,Default,Default,Default,Default,Default,Default,Default,Default,Default,Default,Default,Default,Default,Default,Default,Default,Default,Default,Default,Default,Default,3,Default,1,Default,Default,Default,Default,Default,Default,Default,3,"ShortRun(IterationCount=3, LaunchCount=1, WarmupCount=3)",Size=0,1,Overhead,Warmup,1,301132000,134217728,2.24,0,0,0,0
FillBenchmarks.LibraryImport_Span,PInvokeBench,FillBenchmarks,LibraryImport_Span,ShortRun,Default,Default,Default,Default,Default,Default,Default,Default,Default,Default,Default,Default,Default,Default,Default,Default,Default,Default,Default,Default,Default,Default,Default,Default,Default,Default,Default,Default,Default,Default,Default,3,Default,1,Default,Default,Default,Default,Default,Default,Default,3,"ShortRun(IterationCount=3, LaunchCount=1, WarmupCount=3)",Size=0,1,Overhead,Warmup,2,237167500,134217728,1.77,0,0,0,0
FillBenchmarks.LibraryImport_Span,PInvokeBench,FillBenchmarks,LibraryImport_Span,ShortRun,Default,Default,Default,Default,Default,Default,Default,Default,Default,Default,Default,Default,Default,Default,Default,Default,Default,Default,Default,Default,Default,Default,Default,Default,Default,Default,Default,Default,Default,Default,Default,3,Default,1,Default,Default,Default,Default,Default,Default,Default,3,"ShortRun(IterationCount=3, LaunchCount=1, WarmupCount=3)",Size=0,1,Overhead,Warmup,3,231335100,134217728,1.72,0,0,0,0
FillBenchmarks.LibraryImport_Span,PInvokeBench,FillBenchmarks,LibraryImport_Span,ShortRun,Default,Default,Default,Default,Default,Default,Default,Default,Default,Default,Default,Default,Default,Default,Default,Default,Default,Default,Default,Default,Default,Default,Default,Default,Default,Default,Default,Default,Default,Default,Default,3,Default,1,Default,Default,Default,Default,Default,Default,Default,3,"ShortRun(IterationCount=3, LaunchCount=1, WarmupCount=3)",Size=0,1,Overhead,Warmup,4,231606800,134217728,1.73,0,0,0,0
FillBenchmarks.LibraryImport_Span,PInvokeBench,FillBenchmarks,LibraryImport_Span,ShortRun,Default,Default,Default,Default,Default,Default,Default,Default,Default,Default,Default,Default,Default,Default,Default,Default,Default,Default,Default,Default,Default,Default,Default,Default,Default,Default,Default,Default,Default,Default,Default,3,Default,1,Default,Default,Default,Default,Default,Default,Default,3,"ShortRun(IterationCount=3, LaunchCount=1, WarmupCount=3)",Size=0,1,Overhead,Warmup,5,246582100,134217728,1.84,0,0,0,0
FillBenchmarks.LibraryImport_Span,PInvokeBench,FillBenchmarks,LibraryImport_Span,ShortRun,Default,Default,Default,Default,Default,Default,Default,Default,Default,Default,Default,Default,Default,Default,Default,Default,Default,Default,Default,Default,Default,Default,Default,Default,Default,Default,Default,Default,Default,Default,Default,3,Default,1,Default,Default,Default,Default,Default,Default,Default,3,"ShortRun(IterationCount=3, LaunchCount=1, WarmupCount=3)",Size=0,1,Overhead,Warmup,6,245899500,134217728,1.83,0,0,0,0
FillBenchmarks.LibraryImport_Span,PInvokeBench,FillBenchmarks,LibraryImport_Span,ShortRun,Default,Default,Default,Default,Default,Default,Default,Default,Default,Default,Default,Default,Default,Default,Default,Default,Default,Default,Default,Default,Default,Default,Default,Default,Default,Default,Default,Default,Default,Default,Default,3,Default,1,Default,Default,Default,Default,Default,Default,Default,3,"ShortRun(IterationCount=3, LaunchCount=1, WarmupCount=3)",Size=0,1,Overhead,Warmup,7,254923700,134217728,1.9,0,0,0,0
FillBenchmarks.LibraryImport_Span,PInvokeBench,FillBenchmarks,LibraryImport_Span,ShortRun,Default,Default,Default,Default,Default,Default,Default,Default,Default,Default,Default,Default,Default,Default,Default,Default,Default,Default,Default,Default,Default,Default,Default,Default,Default,Default,Default,Default,Default,Default,Default,3,Default,1,Default,Default,Default,Default,Default,Default,Default,3,"ShortRun(IterationCount=3, LaunchCount=1, WarmupCount=3)",Size=0,1,Overhead,Warmup,8,234169900,134217728,1.74,0,0,0,0
FillBenchmarks.LibraryImport_Span,PInvokeBench,FillBenchmarks,LibraryImport_Span,ShortRun,Default,Default,Default,Default,Default,Default,Default,Default,Default,Default,Default,Default,Default,Default,Default,Default,Default,Default,Default,Default,Default,Default,Default,Default,Default,Default,Default,Default,Default,Default,Default,3,Default,1,Default,Default,Default,Default,Default,Default,Default,3,"ShortRun(IterationCount=3, LaunchCount=1, WarmupCount=3)",Size=0,1,Overhead,Actual,1,234143200,134217728,1.74,0,0,0,0
FillBenchmarks.LibraryImport_Span,PInvokeBench,FillBenchmarks,LibraryImport_Span,ShortRun,Default,Default,Default,Default,Default,Default,Default,Default,Default,Default,Default,Default,Default,Default,Default,Default,Default,Default,Default,Default,Default,Default,Default,Default,Default,Default,Default,Default,Default,Default,Default,3,Default,1,Default,Default,Default,Default,Default,Default,Default,3,"ShortRun(IterationCount=3, LaunchCount=1, WarmupCount=3)",Size=0,1,Overhead,Actual,2,234119400,134217728,1.74,0,0,0,0
FillBenchmarks.LibraryImport_Span,PInvokeBench,FillBenchmarks,LibraryImport_Span,ShortRun,Default,Default,Default,Default,Default,Default,Default,Default,Default,Default,Default,Default,Default,Default,Default,Default,Default,Default,Default,Default,Default,Default,Default,Default,Default,Default,Default,Default,Default,Default,Default,3,Default,1,Default,Default,Default,Default,Default,Default,Default,3,"ShortRun(IterationCount=3, LaunchCount=1, WarmupCount=3)",Size=0,1,Overhead,Actual,3,235092500,134217728,1.75,0,0,0,0
FillBenchmarks.LibraryImport_Span,PInvokeBench,FillBenchmarks,LibraryImport_Span,ShortRun,Default,Default,Default,Default,Default,Default,Default,Default,Default,Default,Default,Default,Default,Default,Default,Default,Default,Default,Default,Default,Default,Default,Default,Default,Default,Default,Default,Default,Default,Default,Default,3,Default,1,Default,Default,Default,Default,Default,Default,Default,3,"ShortRun(IterationCount=3, LaunchCount=1, WarmupCount=3)",Size=0,1,Overhead,Actual,4,234701300,134217728,1.75,0,0,0,0
FillBenchmarks.LibraryImport_Span,PInvokeBench,FillBenchmarks,LibraryImport_Span,ShortRun,Default,Default,Default,Default,Default,Default,Default,Default,Default,Default,Default,Default,Default,Default,Default,Default,Default,Default,Default,Default,Default,Default,Default,Default,Default,Default,Default,Default,Default,Default,Default,3,Default,1,Default,Default,Default,Default,Default,Default,Default,3,"ShortRun(IterationCount=3, LaunchCount=1, WarmupCount=3)",Size=0,1,Overhead,Actual,5,233578300,134217728,1.74,0,0,0,0
FillBenchmarks.LibraryImport_Span,PInvokeBench,FillBenchmarks,LibraryImport_Span,ShortRun,Default,Default,Default,Default,Default,Default,Default,Default,Default,Default,Default,Default,Default,Default,Default,Default,Default,Default,Default,Default,Default,Default,Default,Default,Default,Default,Default,Default,Default,Default,Default,3,Default,1,Default,Default,Default,Default,Default,Default,Default,3,"ShortRun(IterationCount=3, LaunchCount=1, WarmupCount=3)",Size=0,1,Overhead,Actual,6,232036700,134217728,1.73,0,0,0,0
FillBenchmarks.LibraryImport_Span,PInvokeBench,FillBenchmarks,LibraryImport_Span,ShortRun,Default,Default,Default,Default,Default,Default,Default,Default,Default,Default,Default,Default,Default,Default,Default,Default,Default,Default,Default,Default,Default,Default,Default,Default,Default,Default,Default,Default,Default,Default,Default,3,Default,1,Default,Default,Default,Default,Default,Default,Default,3,"ShortRun(IterationCount=3, LaunchCount=1, WarmupCount=3)",Size=0,1,Overhead,Actual,7,255054100,134217728,1.9,0,0,0,0
FillBenchmarks.LibraryImport_Span,PInvokeBench,FillBenchmarks,LibraryImport_Span,ShortRun,Default,Default,Default,Default,Default,Default,Default,Default,Default,Default,Default,Default,Default,Default,Default,Default,Default,Default,Default,Default,Default,Default,Default,Default,Default,Default,Default,Default,Default,Default,Default,3,Default,1,Default,Default,Default,Default,Default,Default,Default,3,"ShortRun(IterationCount=3, LaunchCount=1, WarmupCount=3)",Size=0,1,Overhead,Actual,8,252585200,134217728,1.88,0,0,0,0
FillBenchmarks.LibraryImport_Span,PInvokeBench,FillBenchmarks,LibraryImport_Span,ShortRun,Default,Default,Default,Default,Default,Default,Default,Default,Default,Default,Default,Default,Default,Default,Default,Default,Default,Default,Default,Default,Default,Default,Default,Default,Default,Default,Default,Default,Default,Default,Default,3,Default,1,Default,Default,Default,Default,Default,Default,Default,3,"ShortRun(IterationCount=3, LaunchCount=1, WarmupCount=3)",Size=0,1,Overhead,Actual,9,249924000,134217728,1.86,0,0,0,0
FillBenchmarks.LibraryImport_Span,PInvokeBench,FillBenchmarks,LibraryImport_Span,ShortRun,Default,Default,Default,Default,Default,Default,Default,Default,Default,Default,Default,Default,Default,Default,Default,Default,Default,Default,Default,Default,Default,Default,Default,Default,Default,Default,Default,Default,Default,Default,Default,3,Default,1,Default,Default,Default,Default,Default,Default,Default,3,"ShortRun(IterationCount=3, LaunchCount=1, WarmupCount=3)",Size=0,1,Overhead,Actual,10,230861100,134217728,1.72,0,0,0,0
FillBenchmarks.LibraryImport_Span,PInvokeBench,FillBenchmarks,LibraryImport_Span,ShortRun,Default,Default,Default,Default,Default,Default,Default,Default,Default,Default,Default,Default,Default,Default,Default,Default,Default,Default,Default,Default,Default,Default,Default,Default,Default,Default,Default,Default,Default,Default,Default,3,Default,1,Default,Default,Default,Default,Default,Default,Default,3,"ShortRun(IterationCount=3, LaunchCount=1, WarmupCount=3)",Size=0,1,Overhead,Actual,11,235388600,134217728,1.75,0,0,0,0
FillBenchmarks.LibraryImport_Span,PInvokeBench,FillBenchmarks,LibraryImport_Span,ShortRun,Default,Default,Default,Default,Default,Default,Default,Default,Default,Default,Default,Default,Default,Default,Default,Default,Default,Default,Default,Default,Default,Default,Default,Default,Default,Default,Default,Default,Default,Default,Default,3,Default,1,Default,Default,Default,Default,Default,Default,Default,3,"ShortRun(IterationCount=3, LaunchCount=1, WarmupCount=3)",Size=0,1,Overhead,Actual,12,257463400,134217728,1.92,0,0,0,0
FillBenchmarks.LibraryImport_Span,PInvokeBench,FillBenchmarks,LibraryImport_Span,ShortRun,Default,Default,Default,Default,Default,Default,Default,Default,Default,Default,Default,Default,Default,Default,Default,Default,Default,Default,Default,Default,Default,Default,Default,Default,Default,Default,Default,Default,Default,Default,Default,3,Default,1,Default,Default,Default,Default,Default,Default,Default,3,"ShortRun(IterationCount=3, LaunchCount=1, WarmupCount=3)",Size=0,1,Overhead,Actual,13,231026400,134217728,1.72,0,0,0,0
FillBenchmarks.LibraryImport_Span,PInvokeBench,FillBenchmarks,LibraryImport_Span,ShortRun,Default,Default,Default,Default,Default,Default,Default,Default,Default,Default,Default,Default,Default,Default,Default,Default,Default,Default,Default,Default,Default,Default,Default,Default,Default,Default,Default,Default,Default,Default,Default,3,Default,1,Default,Default,Default,Default,Default,Default,Default,3,"ShortRun(IterationCount=3, LaunchCount=1, WarmupCount=3)",Size=0,1,Overhead,Actual,14,236717000,134217728,1.76,0,0,0,0
FillBenchmarks.LibraryImport_Span,PInvokeBench,FillBenchmarks,LibraryImport_Span,ShortRun,Default,Default,Default,Default,Default,Default,Default,Default,Default,Default,Default,Default,Default,Default,Default,Default,Default,Default,Default,Default,Default,Default,Default,Default,Default,Default,Default,Default,Default,Default,Default,3,Default,1,Default,Default,Default,Default,Default,Default,Default,3,"ShortRun(IterationCount=3, LaunchCount=1, WarmupCount=3)",Size=0,1,Overhead,Actual,15,244581700,134217728,1.82,0,0,0,0
FillBenchmarks.LibraryImport_Span,PInvokeBench,FillBenchmarks,LibraryImport_Span,ShortRun,Default,Default,Default,Default,Default,Default,Default,Default,Default,Default,Default,Default,Default,Default,Default,Default,Default,Default,Default,Default,Default,Default,Default,Default,Default,Default,Default,Default,Default,Default,Default,3,Default,1,Default,Default,Default,Default,Default,Default,Default,3,"ShortRun(IterationCount=3, LaunchCount=1, WarmupCount=3)",Size=0,1,Workload,Warmup,1,948098500,134217728,7.06,0,0,0,0
FillBenchmarks.LibraryImport_Span,PInvokeBench,FillBenchmarks,LibraryImport_Span,ShortRun,Default,Default,Default,Default,Default,Default,Default,Default,Default,Default,Default,Default,Default,Default,Default,Default,Default,Default,Default,Default,Default,Default,Default,Default,Default,Default,Default,Default,Default,Default,Default,3,Default,1,Default,Default,Default,Default,Default,Default,Default,3,"ShortRun(IterationCount=3, LaunchCount=1, WarmupCount=3)",Size=0,1,Workload,Warmup,2,888163600,134217728,6.62,0,0,0,0
FillBenchmarks.LibraryImport_Span,PInvokeBench,FillBenchmarks,LibraryImport_Span,ShortRun,Default,Default,Default,Default,Default,Default,Default,Default,Default,Default,Default,Default,Default,Default,Default,Default,Default,Default,Default,Default,Default,Default,Default,Default,Default,Default,Default,Default,Default,Default,Default,3,Default,1,Default,Default,Default,Default,Default,Default,Default,3,"ShortRun(IterationCount=3, LaunchCount=1, WarmupCount=3)",Size=0,1,Workload,Warmup,3,928828800,134217728,6.92,0,0,0,0
FillBenchmarks.LibraryImport_Span,PInvokeBench,FillBenchmarks,LibraryImport_Span,ShortRun,Default,Default,Default,Default,Default,Default,Default,Default,Default,Default,Default,Default,Default,Default,Default,Default,Default,Default,Default,Default,Default,Default,Default,Default,Default,Default,Default,Default,Default,Default,Default,3,Default,1,Default,Default,Default,Default,Default,Default,Default,3,"ShortRun(IterationCount=3, LaunchCount=1, WarmupCount=3)",Size=0,1,Workload,Actual,1,830437100,134217728,6.19,0,0,0,0
FillBenchmarks.LibraryImport_Span,PInvokeBench,FillBenchmarks,LibraryImport_Span,ShortRun,Default,Default,Default,Default,Default,Default,Default,Default,Default,Default,Default,Default,Default,Default,Default,Default,Default,Default,Default,Default,Default,Default,Default,Default,Default,Default,Default,Default,Default,Default,Default,3,Default,1,Default,Default,Default,Default,Default,Default,Default,3,"ShortRun(IterationCount=3, LaunchCount=1, WarmupCount=3)",Size=0,1,Workload,Actual,2,918752700,134217728,6.85,0,0,0,0
FillBenchmarks.LibraryImport_Span,PInvokeBench,FillBenchmarks,LibraryImport_Span,ShortRun,Default,Default,Default,Default,Default,Default,Default,Default,Default,Default,Default,Default,Default,Default,Default,Default,Default,Default,Default,Default,Default,Default,Default,Default,Default,Default,Default,Default,Default,Default,Default,3,Default,1,Default,Default,Default,Default,Default,Default,Default,3,"ShortRun(IterationCount=3, LaunchCount=1, WarmupCount=3)",Size=0,1,Workload,Actual,3,902220600,134217728,6.72,0,0,0,0
FillBenchmarks.LibraryImport_Span,PInvokeBench,FillBenchmarks,LibraryImport_Span,ShortRun,Default,Default,Default,Default,Default,Default,Default,Default,Default,Default,Default,Default,Default,Default,Default,Default,Default,Default,Default,Default,Default,Default,Default,Default,Default,Default,Default,Default,Default,Default,Default,3,Default,1,Default,Default,Default,Default,Default,Default,Default,3,"ShortRun(IterationCount=3, LaunchCount=1, WarmupCount=3)",Size=0,1,Workload,Result,1,595344600,134217728,4.44,0,0,0,0
FillBenchmarks.LibraryImport_Span,PInvokeBench,FillBenchmarks,LibraryImport_Span,ShortRun,Default,Default,Default,Default,Default,Default,Default,Default,Default,Default,Default,Default,Default,Default,Default,Default,Default,Default,Default,Default,Default,Default,Default,Default,Default,Default,Default,Default,Default,Default,Default,3,Default,1,Default,Default,Default,Default,Default,Default,Default,3,"ShortRun(IterationCount=3, LaunchCount=1, WarmupCount=3)",Size=0,1,Workload,Result,2,683660200,134217728,5.09,0,0,0,0
FillBenchmarks.LibraryImport_Span,PInvokeBench,FillBenchmarks,LibraryImport_Span,ShortRun,Default,Default,Default,Default,Default,Default,Default,Default,Default,Default,Default,Default,Default,Default,Default,Default,Default,Default,Default,Default,Default,Default,Default,Default,Default,Default,Default,Default,Default,Default,Default,3,Default,1,Default,Default,Default,Default,Default,Default,Default,3,"ShortRun(IterationCount=3, LaunchCount=1, WarmupCount=3)",Size=0,1,Workload,Result,3,667128100,134217728,4.97,0,0,0,0
FillBenchmarks.LibraryImport_RefByte,PInvokeBench,FillBenchmarks,LibraryImport_RefByte,ShortRun,Default,Default,Default,Default,Default,Default,Default,Default,Default,Default,Default,Default,Default,Default,Default,Default,Default,Default,Default,Default,Default,Default,Default,Default,Default,Default,Default,Default,Default,Default,Default,3,Default,1,Default,Default,Default,Default,Default,Default,Default,3,"ShortRun(IterationCount=3, LaunchCount=1, WarmupCount=3)",Size=0,1,Overhead,Jitting,1,164400,1,164400,0,0,0,0
FillBenchmarks.LibraryImport_RefByte,PInvokeBench,FillBenchmarks,LibraryImport_RefByte,ShortRun,Default,Default,Default,Default,Default,Default,Default,Default,Default,Default,Default,Default,Default,Default,Default,Default,Default,Default,Default,Default,Default,Default,Default,Default,Default,Default,Default,Default,Default,Default,Default,3,Default,1,Default,Default,Default,Default,Default,Default,Default,3,"ShortRun(IterationCount=3, LaunchCount=1, WarmupCount=3)",Size=0,1,Workload,Jitting,1,858700,1,858700,0,0,0,0
FillBenchmarks.LibraryImport_RefByte,PInvokeBench,FillBenchmarks,LibraryImport_RefByte,ShortRun,Default,Default,Default,Default,Default,Default,Default,Default,Default,Default,Default,Default,Default,Default,Default,Default,Default,Default,Default,Default,Default,Default,Default,Default,Default,Default,Default,Default,Default,Default,Default,3,Default,1,Default,Default,Default,Default,Default,Default,Default,3,"ShortRun(IterationCount=3, LaunchCount=1, WarmupCount=3)",Size=0,1,Overhead,Jitting,2,295500,16,18468.75,0,0,0,0
FillBenchmarks.LibraryImport_RefByte,PInvokeBench,FillBenchmarks,LibraryImport_RefByte,ShortRun,Default,Default,Default,Default,Default,Default,Default,Default,Default,Default,Default,Default,Default,Default,Default,Default,Default,Default,Default,Default,Default,Default,Default,Default,Default,Default,Default,Default,Default,Default,Default,3,Default,1,Default,Default,Default,Default,Default,Default,Default,3,"ShortRun(IterationCount=3, LaunchCount=1, WarmupCount=3)",Size=0,1,Workload,Jitting,2,314400,16,19650,0,0,0,0
FillBenchmarks.LibraryImport_RefByte,PInvokeBench,FillBenchmarks,LibraryImport_RefByte,ShortRun,Default,Default,Default,Default,Default,Default,Default,Default,Default,Default,Default,Default,Default,Default,Default,Default,Default,Default,Default,Default,Default,Default,Default,Default,Default,Default,Default,Default,Default,Default,Default,3,Default,1,Default,Default,Default,Default,Default,Default,Default,3,"ShortRun(IterationCount=3, LaunchCount=1, WarmupCount=3)",Size=0,1,Workload,Pilot,1,800,16,50,0,0,0,0
FillBenchmarks.LibraryImport_RefByte,PInvokeBench,FillBenchmarks,LibraryImport_RefByte,ShortRun,Default,Default,Default,Default,Default,Default,Default,Default,Default,Default,Default,Default,Default,Default,Default,Default,Default,Default,Default,Default,Default,Default,Default,Default,Default,Default,Default,Default,Default,Default,Default,3,Default,1,Default,Default,Default,Default,Default,Default,Default,3,"ShortRun(IterationCount=3, LaunchCount=1, WarmupCount=3)",Size=0,1,Workload,Pilot,2,900,32,28.13,0,0,0,0
FillBenchmarks.LibraryImport_RefByte,PInvokeBench,FillBenchmarks,LibraryImport_RefByte,ShortRun,Default,Default,Default,Default,Default,Default,Default,Default,Default,Default,Default,Default,Default,Default,Default,Default,Default,Default,Default,Default,Default,Default,Default,Default,Default,Default,Default,Default,Default,Default,Default,3,Default,1,Default,Default,Default,Default,Default,Default,Default,3,"ShortRun(IterationCount=3, LaunchCount=1, WarmupCount=3)",Size=0,1,Workload,Pilot,3,1200,64,18.75,0,0,0,0
FillBenchmarks.LibraryImport_RefByte,PInvokeBench,FillBenchmarks,LibraryImport_RefByte,ShortRun,Default,Default,Default,Default,Default,Default,Default,Default,Default,Default,Default,Default,Default,Default,Default,Default,Default,Default,Default,Default,Default,Default,Default,Default,Default,Default,Default,Default,Default,Default,Default,3,Default,1,Default,Default,Default,Default,Default,Default,Default,3,"ShortRun(IterationCount=3, LaunchCount=1, WarmupCount=3)",Size=0,1,Workload,Pilot,4,2200,128,17.19,0,0,0,0
FillBenchmarks.LibraryImport_RefByte,PInvokeBench,FillBenchmarks,LibraryImport_RefByte,ShortRun,Default,Default,Default,Default,Default,Default,Default,Default,Default,Default,Default,Default,Default,Default,Default,Default,Default,Default,Default,Default,Default,Default,Default,Default,Default,Default,Default,Default,Default,Default,Default,3,Default,1,Default,Default,Default,Default,Default,Default,Default,3,"ShortRun(IterationCount=3, LaunchCount=1, WarmupCount=3)",Size=0,1,Workload,Pilot,5,3800,256,14.84,0,0,0,0
FillBenchmarks.LibraryImport_RefByte,PInvokeBench,FillBenchmarks,LibraryImport_RefByte,ShortRun,Default,Default,Default,Default,Default,Default,Default,Default,Default,Default,Default,Default,Default,Default,Default,Default,Default,Default,Default,Default,Default,Default,Default,Default,Default,Default,Default,Default,Default,Default,Default,3,Default,1,Default,Default,Default,Default,Default,Default,Default,3,"ShortRun(IterationCount=3, LaunchCount=1, WarmupCount=3)",Size=0,1,Workload,Pilot,6,7300,512,14.26,0,0,0,0
FillBenchmarks.LibraryImport_RefByte,PInvokeBench,FillBenchmarks,LibraryImport_RefByte,ShortRun,Default,Default,Default,Default,Default,Default,Default,Default,Default,Default,Default,Default,Default,Default,Default,Default,Default,Default,Default,Default,Default,Default,Default,Default,Default,Default,Default,Default,Default,Default,Default,3,Default,1,Default,Default,Default,Default,Default,Default,Default,3,"ShortRun(IterationCount=3, LaunchCount=1, WarmupCount=3)",Size=0,1,Workload,Pilot,7,14500,1024,14.16,0,0,0,0
FillBenchmarks.LibraryImport_RefByte,PInvokeBench,FillBenchmarks,LibraryImport_RefByte,ShortRun,Default,Default,Default,Default,Default,Default,Default,Default,Default,Default,Default,Default,Default,Default,Default,Default,Default,Default,Default,Default,Default,Default,Default,Default,Default,Default,Default,Default,Default,Default,Default,3,Default,1,Default,Default,Default,Default,Default,Default,Default,3,"ShortRun(IterationCount=3, LaunchCount=1, WarmupCount=3)",Size=0,1,Workload,Pilot,8,29000,2048,14.16,0,0,0,0
FillBenchmarks.LibraryImport_RefByte,PInvokeBench,FillBenchmarks,LibraryImport_RefByte,ShortRun,Default,Default,Default,Default,Default,Default,Default,Default,Default,Default,Default,Default,Default,Default,Default,Default,Default,Default,Default,Default,Default,Default,Default,Default,Default,Default,Default,Default,Default,Default,Default,3,Default,1,Default,Default,Default,Default,Default,Default,Default,3,"ShortRun(IterationCount=3, LaunchCount=1, WarmupCount=3)",Size=0,1,Workload,Pilot,9,56900,4096,13.89,0,0,0,0
FillBenchmarks.LibraryImport_RefByte,PInvokeBench,FillBenchmarks,LibraryImport_RefByte,ShortRun,Default,Default,Default,Default,Default,Default,Default,Default,Default,Default,Default,Default,Default,Default,Default,Default,Default,Default,Default,Default,Default,Default,Default,Default,Default,Default,Default,Default,Default,Default,Default,3,Default,1,Default,Default,Default,Default,Default,Default,Default,3,"ShortRun(IterationCount=3, LaunchCount=1, WarmupCount=3)",Size=0,1,Workload,Pilot,10,114200,8192,13.94,0,0,0,0
FillBenchmarks.LibraryImport_RefByte,PInvokeBench,FillBenchmarks,LibraryImport_RefByte,ShortRun,Default,Default,Default,Default,Default,Default,Default,Default,Default,Default,Default,Default,Default,Default,Default,Default,Default,Default,Default,Default,Default,Default,Default,Default,Default,Default,Default,Default,Default,Default,Default,3,Default,1,Default,Default,Default,Default,Default,Default,Default,3,"ShortRun(IterationCount=3, LaunchCount=1, WarmupCount=3)",Size=0,1,Workload,Pilot,11,226200,16384,13.81,0,0,0,0
FillBenchmarks.LibraryImport_RefByte,PInvokeBench,FillBenchmarks,LibraryImport_RefByte,ShortRun,Default,Default,Default,Default,Default,Default,Default,Default,Default,Default,Default,Default,Default,Default,Default,Default,Default,Default,Default,Default,Default,Default,Default,Default,Default,Default,Default,Default,Default,Default,Default,3,Default,1,Default,Default,Default,Default,Default,Default,Default,3,"ShortRun(IterationCount=3, LaunchCount=1, WarmupCount=3)",Size=0,1,Workload,Pilot,12,452800,32768,13.82,0,0,0,0
FillBenchmarks.LibraryImport_RefByte,PInvokeBench,FillBenchmarks,LibraryImport_RefByte,ShortRun,Default,Default,Default,Default,Default,Default,Default,Default,Default,Default,Default,Default,Default,Default,Default,Default,Default,Default,Default,Default,Default,Default,Default,Default,Default,Default,Default,Default,Default,Default,Default,3,Default,1,Default,Default,Default,Default,Default,Default,Default,3,"ShortRun(IterationCount=3, LaunchCount=1, WarmupCount=3)",Size=0,1,Workload,Pilot,13,904000,65536,13.79,0,0,0,0
FillBenchmarks.LibraryImport_RefByte,PInvokeBench,FillBenchmarks,LibraryImport_RefByte,ShortRun,Default,Default,Default,Default,Default,Default,Default,Default,Default,Default,Default,Default,Default,Default,Default,Default,Default,Default,Default,Default,Default,Default,Default,Default,Default,Default,Default,Default,Default,Default,Default,3,Default,1,Default,Default,Default,Default,Default,Default,Default,3,"ShortRun(IterationCount=3, LaunchCount=1, WarmupCount=3)",Size=0,1,Workload,Pilot,14,1706100,131072,13.02,0,0,0,0
FillBenchmarks.LibraryImport_RefByte,PInvokeBench,FillBenchmarks,LibraryImport_RefByte,ShortRun,Default,Default,Default,Default,Default,Default,Default,Default,Default,Default,Default,Default,Default,Default,Default,Default,Default,Default,Default,Default,Default,Default,Default,Default,Default,Default,Default,Default,Default,Default,Default,3,Default,1,Default,Default,Default,Default,Default,Default,Default,3,"ShortRun(IterationCount=3, LaunchCount=1, WarmupCount=3)",Size=0,1,Workload,Pilot,15,3416100,262144,13.03,0,0,0,0
FillBenchmarks.LibraryImport_RefByte,PInvokeBench,FillBenchmarks,LibraryImport_RefByte,ShortRun,Default,Default,Default,Default,Default,Default,Default,Default,Default,Default,Default,Default,Default,Default,Default,Default,Default,Default,Default,Default,Default,Default,Default,Default,Default,Default,Default,Default,Default,Default,Default,3,Default,1,Default,Default,Default,Default,Default,Default,Default,3,"ShortRun(IterationCount=3, LaunchCount=1, WarmupCount=3)",Size=0,1,Workload,Pilot,16,7500900,524288,14.31,0,0,0,0
FillBenchmarks.LibraryImport_RefByte,PInvokeBench,FillBenchmarks,LibraryImport_RefByte,ShortRun,Default,Default,Default,Default,Default,Default,Default,Default,Default,Default,Default,Default,Default,Default,Default,Default,Default,Default,Default,Default,Default,Default,Default,Default,Default,Default,Default,Default,Default,Default,Default,3,Default,1,Default,Default,Default,Default,Default,Default,Default,3,"ShortRun(IterationCount=3, LaunchCount=1, WarmupCount=3)",Size=0,1,Workload,Pilot,17,14495400,1048576,13.82,0,0,0,0
FillBenchmarks.LibraryImport_RefByte,PInvokeBench,FillBenchmarks,LibraryImport_RefByte,ShortRun,Default,Default,Default,Default,Default,Default,Default,Default,Default,Default,Default,Default,Default,Default,Default,Default,Default,Default,Default,Default,Default,Default,Default,Default,Default,Default,Default,Default,Default,Default,Default,3,Default,1,Default,Default,Default,Default,Default,Default,Default,3,"ShortRun(IterationCount=3, LaunchCount=1, WarmupCount=3)",Size=0,1,Workload,Pilot,18,28379500,2097152,13.53,0,0,0,0
FillBenchmarks.LibraryImport_RefByte,PInvokeBench,FillBenchmarks,LibraryImport_RefByte,ShortRun,Default,Default,Default,Default,Default,Default,Default,Default,Default,Default,Default,Default,Default,Default,Default,Default,Default,Default,Default,Default,Default,Default,Default,Default,Default,Default,Default,Default,Default,Default,Default,3,Default,1,Default,Default,Default,Default,Default,Default,Default,3,"ShortRun(IterationCount=3, LaunchCount=1, WarmupCount=3)",Size=0,1,Workload,Pilot,19,60589700,4194304,14.45,0,0,0,0
FillBenchmarks.LibraryImport_RefByte,PInvokeBench,FillBenchmarks,LibraryImport_RefByte,ShortRun,Default,Default,Default,Default,Default,Default,Default,Default,Default,Default,Default,Default,Default,Default,Default,Default,Default,Default,Default,Default,Default,Default,Default,Default,Default,Default,Default,Default,Default,Default,Default,3,Default,1,Default,Default,Default,Default,Default,Default,Default,3,"ShortRun(IterationCount=3, LaunchCount=1, WarmupCount=3)",Size=0,1,Workload,Pilot,20,61331600,8388608,7.31,0,0,0,0
FillBenchmarks.LibraryImport_RefByte,PInvokeBench,FillBenchmarks,LibraryImport_RefByte,ShortRun,Default,Default,Default,Default,Default,Default,Default,Default,Default,Default,Default,Default,Default,Default,Default,Default,Default,Default,Default,Default,Default,Default,Default,Default,Default,Default,Default,Default,Default,Default,Default,3,Default,1,Default,Default,Default,Default,Default,Default,Default,3,"ShortRun(IterationCount=3, LaunchCount=1, WarmupCount=3)",Size=0,1,Workload,Pilot,21,108685400,16777216,6.48,0,0,0,0
FillBenchmarks.LibraryImport_RefByte,PInvokeBench,FillBenchmarks,LibraryImport_RefByte,ShortRun,Default,Default,Default,Default,Default,Default,Default,Default,Default,Default,Default,Default,Default,Default,Default,Default,Default,Default,Default,Default,Default,Default,Default,Default,Default,Default,Default,Default,Default,Default,Default,3,Default,1,Default,Default,Default,Default,Default,Default,Default,3,"ShortRun(IterationCount=3, LaunchCount=1, WarmupCount=3)",Size=0,1,Workload,Pilot,22,212794200,33554432,6.34,0,0,0,0
FillBenchmarks.LibraryImport_RefByte,PInvokeBench,FillBenchmarks,LibraryImport_RefByte,ShortRun,Default,Default,Default,Default,Default,Default,Default,Default,Default,Default,Default,Default,Default,Default,Default,Default,Default,Default,Default,Default,Default,Default,Default,Default,Default,Default,Default,Default,Default,Default,Default,3,Default,1,Default,Default,Default,Default,Default,Default,Default,3,"ShortRun(IterationCount=3, LaunchCount=1, WarmupCount=3)",Size=0,1,Workload,Pilot,23,425018800,67108864,6.33,0,0,0,0
FillBenchmarks.LibraryImport_RefByte,PInvokeBench,FillBenchmarks,LibraryImport_RefByte,ShortRun,Default,Default,Default,Default,Default,Default,Default,Default,Default,Default,Default,Default,Default,Default,Default,Default,Default,Default,Default,Default,Default,Default,Default,Default,Default,Default,Default,Default,Default,Default,Default,3,Default,1,Default,Default,Default,Default,Default,Default,Default,3,"ShortRun(IterationCount=3, LaunchCount=1, WarmupCount=3)",Size=0,1,Workload,Pilot,24,903789300,134217728,6.73,0,0,0,0
FillBenchmarks.LibraryImport_RefByte,PInvokeBench,FillBenchmarks,LibraryImport_RefByte,ShortRun,Default,Default,Default,Default,Default,Default,Default,Default,Default,Default,Default,Default,Default,Default,Default,Default,Default,Default,Default,Default,Default,Default,Default,Default,Default,Default,Default,Default,Default,Default,Default,3,Default,1,Default,Default,Default,Default,Default,Default,Default,3,"ShortRun(IterationCount=3, LaunchCount=1, WarmupCount=3)",Size=0,1,Overhead,Warmup,1,295314900,134217728,2.2,0,0,0,0
FillBenchmarks.LibraryImport_RefByte,PInvokeBench,FillBenchmarks,LibraryImport_RefByte,ShortRun,Default,Default,Default,Default,Default,Default,Default,Default,Default,Default,Default,Default,Default,Default,Default,Default,Default,Default,Default,Default,Default,Default,Default,Default,Default,Default,Default,Default,Default,Default,Default,3,Default,1,Default,Default,Default,Default,Default,Default,Default,3,"ShortRun(IterationCount=3, LaunchCount=1, WarmupCount=3)",Size=0,1,Overhead,Warmup,2,233989000,134217728,1.74,0,0,0,0
FillBenchmarks.LibraryImport_RefByte,PInvokeBench,FillBenchmarks,LibraryImport_RefByte,ShortRun,Default,Default,Default,Default,Default,Default,Default,Default,Default,Default,Default,Default,Default,Default,Default,Default,Default,Default,Default,Default,Default,Default,Default,Default,Default,Default,Default,Default,Default,Default,Default,3,Default,1,Default,Default,Default,Default,Default,Default,Default,3,"ShortRun(IterationCount=3, LaunchCount=1, WarmupCount=3)",Size=0,1,Overhead,Warmup,3,229021700,134217728,1.71,0,0,0,0
FillBenchmarks.LibraryImport_RefByte,PInvokeBench,FillBenchmarks,LibraryImport_RefByte,ShortRun,Default,Default,Default,Default,Default,Default,Default,Default,Default,Default,Default,Default,Default,Default,Default,Default,Default,Default,Default,Default,Default,Default,Default,Default,Default,Default,Default,Default,Default,Default,Default,3,Default,1,Default,Default,Default,Default,Default,Default,Default,3,"ShortRun(IterationCount=3, LaunchCount=1, WarmupCount=3)",Size=0,1,Overhead,Warmup,4,218021600,134217728,1.62,0,0,0,0
FillBenchmarks.LibraryImport_RefByte,PInvokeBench,FillBenchmarks,LibraryImport_RefByte,ShortRun,Default,Default,Default,Default,Default,Default,Default,Default,Default,Default,Default,Default,Default,Default,Default,Default,Default,Default,Default,Default,Default,Default,Default,Default,Default,Default,Default,Default,Default,Default,Default,3,Default,1,Default,Default,Default,Default,Default,Default,Default,3,"ShortRun(IterationCount=3, LaunchCount=1, WarmupCount=3)",Size=0,1,Overhead,Warmup,5,217484400,134217728,1.62,0,0,0,0
FillBenchmarks.LibraryImport_RefByte,PInvokeBench,FillBenchmarks,LibraryImport_RefByte,ShortRun,Default,Default,Default,Default,Default,Default,Default,Default,Default,Default,Default,Default,Default,Default,Default,Default,Default,Default,Default,Default,Default,Default,Default,Default,Default,Default,Default,Default,Default,Default,Default,3,Default,1,Default,Default,Default,Default,Default,Default,Default,3,"ShortRun(IterationCount=3, LaunchCount=1, WarmupCount=3)",Size=0,1,Overhead,Warmup,6,219015700,134217728,1.63,0,0,0,0
FillBenchmarks.LibraryImport_RefByte,PInvokeBench,FillBenchmarks,LibraryImport_RefByte,ShortRun,Default,Default,Default,Default,Default,Default,Default,Default,Default,Default,Default,Default,Default,Default,Default,Default,Default,Default,Default,Default,Default,Default,Default,Default,Default,Default,Default,Default,Default,Default,Default,3,Default,1,Default,Default,Default,Default,Default,Default,Default,3,"ShortRun(IterationCount=3, LaunchCount=1, WarmupCount=3)",Size=0,1,Overhead,Warmup,7,237529300,134217728,1.77,0,0,0,0
FillBenchmarks.LibraryImport_RefByte,PInvokeBench,FillBenchmarks,LibraryImport_RefByte,ShortRun,Default,Default,Default,Default,Default,Default,Default,Default,Default,Default,Default,Default,Default,Default,Default,Default,Default,Default,Default,Default,Default,Default,Default,Default,Default,Default,Default,Default,Default,Default,Default,3,Default,1,Default,Default,Default,Default,Default,Default,Default,3,"ShortRun(IterationCount=3, LaunchCount=1, WarmupCount=3)",Size=0,1,Overhead,Warmup,8,218709500,134217728,1.63,0,0,0,0
FillBenchmarks.LibraryImport_RefByte,PInvokeBench,FillBenchmarks,LibraryImport_RefByte,ShortRun,Default,Default,Default,Default,Default,Default,Default,Default,Default,Default,Default,Default,Default,Default,Default,Default,Default,Default,Default,Default,Default,Default,Default,Default,Default,Default,Default,Default,Default,Default,Default,3,Default,1,Default,Default,Default,Default,Default,Default,Default,3,"ShortRun(IterationCount=3, LaunchCount=1, WarmupCount=3)",Size=0,1,Overhead,Warmup,9,217290200,134217728,1.62,0,0,0,0
FillBenchmarks.LibraryImport_RefByte,PInvokeBench,FillBenchmarks,LibraryImport_RefByte,ShortRun,Default,Default,Default,Default,Default,Default,Default,Default,Default,Default,Default,Default,Default,Default,Default,Default,Default,Default,Default,Default,Default,Default,Default,Default,Default,Default,Default,Default,Default,Default,Default,3,Default,1,Default,Default,Default,Default,Default,Default,Default,3,"ShortRun(IterationCount=3, LaunchCount=1, WarmupCount=3)",Size=0,1,Overhead,Warmup,10,220507400,134217728,1.64,0,0,0,0
FillBenchmarks.LibraryImport_RefByte,PInvokeBench,FillBenchmarks,LibraryImport_RefByte,ShortRun,Default,Default,Default,Default,Default,Default,Default,Default,Default,Default,Default,Default,Default,Default,Default,Default,Default,Default,Default,Default,Default,Default,Default,Default,Default,Default,Default,Default,Default,Default,Default,3,Default,1,Default,Default,Default,Default,Default,Default,Default,3,"ShortRun(IterationCount=3, LaunchCount=1, WarmupCount=3)",Size=0,1,Overhead,Actual,1,236619800,134217728,1.76,0,0,0,0
FillBenchmarks.LibraryImport_RefByte,PInvokeBench,FillBenchmarks,LibraryImport_RefByte,ShortRun,Default,Default,Default,Default,Default,Default,Default,Default,Default,Default,Default,Default,Default,Default,Default,Default,Default,Default,Default,Default,Default,Default,Default,Default,Default,Default,Default,Default,Default,Default,Default,3,Default,1,Default,Default,Default,Default,Default,Default,Default,3,"ShortRun(IterationCount=3, LaunchCount=1, WarmupCount=3)",Size=0,1,Overhead,Actual,2,230522600,134217728,1.72,0,0,0,0
FillBenchmarks.LibraryImport_RefByte,PInvokeBench,FillBenchmarks,LibraryImport_RefByte,ShortRun,Default,Default,Default,Default,Default,Default,Default,Default,Default,Default,Default,Default,Default,Default,Default,Default,Default,Default,Default,Default,Default,Default,Default,Default,Default,Default,Default,Default,Default,Default,Default,3,Default,1,Default,Default,Default,Default,Default,Default,Default,3,"ShortRun(IterationCount=3, LaunchCount=1, WarmupCount=3)",Size=0,1,Overhead,Actual,3,236938500,134217728,1.77,0,0,0,0
FillBenchmarks.LibraryImport_RefByte,PInvokeBench,FillBenchmarks,LibraryImport_RefByte,ShortRun,Default,Default,Default,Default,Default,Default,Default,Default,Default,Default,Default,Default,Default,Default,Default,Default,Default,Default,Default,Default,Default,Default,Default,Default,Default,Default,Default,Default,Default,Default,Default,3,Default,1,Default,Default,Default,Default,Default,Default,Default,3,"ShortRun(IterationCount=3, LaunchCount=1, WarmupCount=3)",Size=0,1,Overhead,Actual,4,245477200,134217728,1.83,0,0,0,0
FillBenchmarks.LibraryImport_RefByte,PInvokeBench,FillBenchmarks,LibraryImport_RefByte,ShortRun,Default,Default,Default,Default,Default,Default,Default,Default,Default,Default,Default,Default,Default,Default,Default,Default,Default,Default,Default,Default,Default,Default,Default,Default,Default,Default,Default,Default,Default,Default,Default,3,Default,1,Default,Default,Default,Default,Default,Default,Default,3,"ShortRun(IterationCount=3, LaunchCount=1, WarmupCount=3)",Size=0,1,Overhead,Actual,5,236606500,134217728,1.76,0,0,0,0
FillBenchmarks.LibraryImport_RefByte,PInvokeBench,FillBenchmarks,LibraryImport_RefByte,ShortRun,Default,Default,Default,Default,Default,Default,Default,Default,Default,Default,Default,Default,Default,Default,Default,Default,Default,Default,Default,Default,Default,Default,Default,Default,Default,Default,Default,Default,Default,Default,Default,3,Default,1,Default,Default,Default,Default,Default,Default,Default,3,"ShortRun(IterationCount=3, LaunchCount=1, WarmupCount=3)",Size=0,1,Overhead,Actual,6,215344300,134217728,1.6,0,0,0,0
FillBenchmarks.LibraryImport_RefByte,PInvokeBench,FillBenchmarks,LibraryImport_RefByte,ShortRun,Default,Default,Default,Default,Default,Default,Default,Default,Default,Default,Default,Default,Default,Default,Default,Default,Default,Default,Default,Default,Default,Default,Default,Default,Default,Default,Default,Default,Default,Default,Default,3,Default,1,Default,Default,Default,Default,Default,Default,Default,3,"ShortRun(IterationCount=3, LaunchCount=1, WarmupCount=3)",Size=0,1,Overhead,Actual,7,218933700,134217728,1.63,0,0,0,0
FillBenchmarks.LibraryImport_RefByte,PInvokeBench,FillBenchmarks,LibraryImport_RefByte,ShortRun,Default,Default,Default,Default,Default,Default,Default,Default,Default,Default,Default,Default,Default,Default,Default,Default,Default,Default,Default,Default,Default,Default,Default,Default,Default,Default,Default,Default,Default,Default,Default,3,Default,1,Default,Default,Default,Default,Default,Default,Default,3,"ShortRun(IterationCount=3, LaunchCount=1, WarmupCount=3)",Size=0,1,Overhead,Actual,8,217747200,134217728,1.62,0,0,0,0
FillBenchmarks.LibraryImport_RefByte,PInvokeBench,FillBenchmarks,LibraryImport_RefByte,ShortRun,Default,Default,Default,Default,Default,Default,Default,Default,Default,Default,Default,Default,Default,Default,Default,Default,Default,Default,Default,Default,Default,Default,Default,Default,Default,Default,Default,Default,Default,Default,Default,3,Default,1,Default,Default,Default,Default,Default,Default,Default,3,"ShortRun(IterationCount=3, LaunchCount=1, WarmupCount=3)",Size=0,1,Overhead,Actual,9,220814100,134217728,1.65,0,0,0,0
FillBenchmarks.LibraryImport_RefByte,PInvokeBench,FillBenchmarks,LibraryImport_RefByte,ShortRun,Default,Default,Default,Default,Default,Default,Default,Default,Default,Default,Default,Default,Default,Default,Default,Default,Default,Default,Default,Default,Default,Default,Default,Default,Default,Default,Default,Default,Default,Default,Default,3,Default,1,Default,Default,Default,Default,Default,Default,Default,3,"ShortRun(IterationCount=3, LaunchCount=1, WarmupCount=3)",Size=0,1,Overhead,Actual,10,217130400,134217728,1.62,0,0,0,0
FillBenchmarks.LibraryImport_RefByte,PInvokeBench,FillBenchmarks,LibraryImport_RefByte,ShortRun,Default,Default,Default,Default,Default,Default,Default,Default,Default,Default,Default,Default,Default,Default,Default,Default,Default,Default,Default,Default,Default,Default,Default,Default,Default,Default,Default,Default,Default,Default,Default,3,Default,1,Default,Default,Default,Default,Default,Default,Default,3,"ShortRun(IterationCount=3, LaunchCount=1, WarmupCount=3)",Size=0,1,Overhead,Actual,11,218878700,134217728,1.63,0,0,0,0
FillBenchmarks.LibraryImport_RefByte,PInvokeBench,FillBenchmarks,LibraryImport_RefByte,ShortRun,Default,Default,Default,Default,Default,Default,Default,Default,Default,Default,Default,Default,Default,Default,Default,Default,Default,Default,Default,Default,Default,Default,Default,Default,Default,Default,Default,Default,Default,Default,Default,3,Default,1,Default,Default,Default,Default,Default,Default,Default,3,"ShortRun(IterationCount=3, LaunchCount=1, WarmupCount=3)",Size=0,1,Overhead,Actual,12,217510800,134217728,1.62,0,0,0,0
FillBenchmarks.LibraryImport_RefByte,PInvokeBench,FillBenchmarks,LibraryImport_RefByte,ShortRun,Default,Default,Default,Default,Default,Default,Default,Default,Default,Default,Default,Default,Default,Default,Default,Default,Default,Default,Default,Default,Default,Default,Default,Default,Default,Default,Default,Default,Default,Default,Default,3,Default,1,Default,Default,Default,Default,Default,Default,Default,3,"ShortRun(IterationCount=3, LaunchCount=1, WarmupCount=3)",Size=0,1,Overhead,Actual,13,219375100,134217728,1.63,0,0,0,0
FillBenchmarks.LibraryImport_RefByte,PInvokeBench,FillBenchmarks,LibraryImport_RefByte,ShortRun,Default,Default,Default,Default,Default,Default,Default,Default,Default,Default,Default,Default,Default,Default,Default,Default,Default,Default,Default,Default,Default,Default,Default,Default,Default,Default,Default,Default,Default,Default,Default,3,Default,1,Default,Default,Default,Default,Default,Default,Default,3,"ShortRun(IterationCount=3, LaunchCount=1, WarmupCount=3)",Size=0,1,Overhead,Actual,14,219627200,134217728,1.64,0,0,0,0
FillBenchmarks.LibraryImport_RefByte,PInvokeBench,FillBenchmarks,LibraryImport_RefByte,ShortRun,Default,Default,Default,Default,Default,Default,Default,Default,Default,Default,Default,Default,Default,Default,Default,Default,Default,Default,Default,Default,Default,Default,Default,Default,Default,Default,Default,Default,Default,Default,Default,3,Default,1,Default,Default,Default,Default,Default,Default,Default,3,"ShortRun(IterationCount=3, LaunchCount=1, WarmupCount=3)",Size=0,1,Overhead,Actual,15,218208500,134217728,1.63,0,0,0,0
FillBenchmarks.LibraryImport_RefByte,PInvokeBench,FillBenchmarks,LibraryImport_RefByte,ShortRun,Default,Default,Default,Default,Default,Default,Default,Default,Default,Default,Default,Default,Default,Default,Default,Default,Default,Default,Default,Default,Default,Default,Default,Default,Default,Default,Default,Default,Default,Default,Default,3,Default,1,Default,Default,Default,Default,Default,Default,Default,3,"ShortRun(IterationCount=3, LaunchCount=1, WarmupCount=3)",Size=0,1,Workload,Warmup,1,946299400,134217728,7.05,0,0,0,0
FillBenchmarks.LibraryImport_RefByte,PInvokeBench,FillBenchmarks,LibraryImport_RefByte,ShortRun,Default,Default,Default,Default,Default,Default,Default,Default,Default,Default,Default,Default,Default,Default,Default,Default,Default,Default,Default,Default,Default,Default,Default,Default,Default,Default,Default,Default,Default,Default,Default,3,Default,1,Default,Default,Default,Default,Default,Default,Default,3,"ShortRun(IterationCount=3, LaunchCount=1, WarmupCount=3)",Size=0,1,Workload,Warmup,2,920699200,134217728,6.86,0,0,0,0
FillBenchmarks.LibraryImport_RefByte,PInvokeBench,FillBenchmarks,LibraryImport_RefByte,ShortRun,Default,Default,Default,Default,Default,Default,Default,Default,Default,Default,Default,Default,Default,Default,Default,Default,Default,Default,Default,Default,Default,Default,Default,Default,Default,Default,Default,Default,Default,Default,Default,3,Default,1,Default,Default,Default,Default,Default,Default,Default,3,"ShortRun(IterationCount=3, LaunchCount=1, WarmupCount=3)",Size=0,1,Workload,Warmup,3,874370600,134217728,6.51,0,0,0,0
FillBenchmarks.LibraryImport_RefByte,PInvokeBench,FillBenchmarks,LibraryImport_RefByte,ShortRun,Default,Default,Default,Default,Default,Default,Default,Default,Default,Default,Default,Default,Default,Default,Default,Default,Default,Default,Default,Default,Default,Default,Default,Default,Default,Default,Default,Default,Default,Default,Default,3,Default,1,Default,Default,Default,Default,Default,Default,Default,3,"ShortRun(IterationCount=3, LaunchCount=1, WarmupCount=3)",Size=0,1,Workload,Actual,1,938758500,134217728,6.99,0,0,0,0
FillBenchmarks.LibraryImport_RefByte,PInvokeBench,FillBenchmarks,LibraryImport_RefByte,ShortRun,Default,Default,Default,Default,Default,Default,Default,Default,Default,Default,Default,Default,Default,Default,Default,Default,Default,Default,Default,Default,Default,Default,Default,Default,Default,Default,Default,Default,Default,Default,Default,3,Default,1,Default,Default,Default,Default,Default,Default,Default,3,"ShortRun(IterationCount=3, LaunchCount=1, WarmupCount=3)",Size=0,1,Workload,Actual,2,882858500,134217728,6.58,0,0,0,0
FillBenchmarks.LibraryImport_RefByte,PInvokeBench,FillBenchmarks,LibraryImport_RefByte,ShortRun,Default,Default,Default,Default,Default,Default,Default,Default,Default,Default,Default,Default,Default,Default,Default,Default,Default,Default,Default,Default,Default,Default,Default,Default,Default,Default,Default,Default,Default,Default,Default,3,Default,1,Default,Default,Default,Default,Default,Default,Default,3,"ShortRun(IterationCount=3, LaunchCount=1, WarmupCount=3)",Size=0,1,Workload,Actual,3,891760300,134217728,6.64,0,0,0,0
FillBenchmarks.LibraryImport_RefByte,PInvokeBench,FillBenchmarks,LibraryImport_RefByte,ShortRun,Default,Default,Default,Default,Default,Default,Default,Default,Default,Default,Default,Default,Default,Default,Default,Default,Default,Default,Default,Default,Default,Default,Default,Default,Default,Default,Default,Default,Default,Default,Default,3,Default,1,Default,Default,Default,Default,Default,Default,Default,3,"ShortRun(IterationCount=3, LaunchCount=1, WarmupCount=3)",Size=0,1,Workload,Result,1,719383400,134217728,5.36,0,0,0,0
FillBenchmarks.LibraryImport_RefByte,PInvokeBench,FillBenchmarks,LibraryImport_RefByte,ShortRun,Default,Default,Default,Default,Default,Default,Default,Default,Default,Default,Default,Default,Default,Default,Default,Default,Default,Default,Default,Default,Default,Default,Default,Default,Default,Default,Default,Default,Default,Default,Default,3,Default,1,Default,Default,Default,Default,Default,Default,Default,3,"ShortRun(IterationCount=3, LaunchCount=1, WarmupCount=3)",Size=0,1,Workload,Result,2,663483400,134217728,4.94,0,0,0,0
FillBenchmarks.LibraryImport_RefByte,PInvokeBench,FillBenchmarks,LibraryImport_RefByte,ShortRun,Default,Default,Default,Default,Default,Default,Default,Default,Default,Default,Default,Default,Default,Default,Default,Default,Default,Default,Default,Default,Default,Default,Default,Default,Default,Default,Default,Default,Default,Default,Default,3,Default,1,Default,Default,Default,Default,Default,Default,Default,3,"ShortRun(IterationCount=3, LaunchCount=1, WarmupCount=3)",Size=0,1,Workload,Result,3,672385200,134217728,5.01,0,0,0,0
FillBenchmarks.LibraryImport_Span_SuppressGC,PInvokeBench,FillBenchmarks,LibraryImport_Span_SuppressGC,ShortRun,Default,Default,Default,Default,Default,Default,Default,Default,Default,Default,Default,Default,Default,Default,Default,Default,Default,Default,Default,Default,Default,Default,Default,Default,Default,Default,Default,Default,Default,Default,Default,3,Default,1,Default,Default,Default,Default,Default,Default,Default,3,"ShortRun(IterationCount=3, LaunchCount=1, WarmupCount=3)",Size=0,1,Overhead,Jitting,1,170400,1,170400,0,0,0,0
FillBenchmarks.LibraryImport_Span_SuppressGC,PInvokeBench,FillBenchmarks,LibraryImport_Span_SuppressGC,ShortRun,Default,Default,Default,Default,Default,Default,Default,Default,Default,Default,Default,Default,Default,Default,Default,Default,Default,Default,Default,Default,Default,Default,Default,Default,Default,Default,Default,Default,Default,Default,Default,3,Default,1,Default,Default,Default,Default,Default,Default,Default,3,"ShortRun(IterationCount=3, LaunchCount=1, WarmupCount=3)",Size=0,1,Workload,Jitting,1,588700,1,588700,0,0,0,0
FillBenchmarks.LibraryImport_Span_SuppressGC,PInvokeBench,FillBenchmarks,LibraryImport_Span_SuppressGC,ShortRun,Default,Default,Default,Default,Default,Default,Default,Default,Default,Default,Default,Default,Default,Default,Default,Default,Default,Default,Default,Default,Default,Default,Default,Default,Default,Default,Default,Default,Default,Default,Default,3,Default,1,Default,Default,Default,Default,Default,Default,Default,3,"ShortRun(IterationCount=3, LaunchCount=1, WarmupCount=3)",Size=0,1,Overhead,Jitting,2,246300,16,15393.75,0,0,0,0
FillBenchmarks.LibraryImport_Span_SuppressGC,PInvokeBench,FillBenchmarks,LibraryImport_Span_SuppressGC,ShortRun,Default,Default,Default,Default,Default,Default,Default,Default,Default,Default,Default,Default,Default,Default,Default,Default,Default,Default,Default,Default,Default,Default,Default,Default,Default,Default,Default,Default,Default,Default,Default,3,Default,1,Default,Default,Default,Default,Default,Default,Default,3,"ShortRun(IterationCount=3, LaunchCount=1, WarmupCount=3)",Size=0,1,Workload,Jitting,2,259800,16,16237.5,0,0,0,0
FillBenchmarks.LibraryImport_Span_SuppressGC,PInvokeBench,FillBenchmarks,LibraryImport_Span_SuppressGC,ShortRun,Default,Default,Default,Default,Default,Default,Default,Default,Default,Default,Default,Default,Default,Default,Default,Default,Default,Default,Default,Default,Default,Default,Default,Default,Default,Default,Default,Default,Default,Default,Default,3,Default,1,Default,Default,Default,Default,Default,Default,Default,3,"ShortRun(IterationCount=3, LaunchCount=1, WarmupCount=3)",Size=0,1,Workload,Pilot,1,700,16,43.75,0,0,0,0
FillBenchmarks.LibraryImport_Span_SuppressGC,PInvokeBench,FillBenchmarks,LibraryImport_Span_SuppressGC,ShortRun,Default,Default,Default,Default,Default,Default,Default,Default,Default,Default,Default,Default,Default,Default,Default,Default,Default,Default,Default,Default,Default,Default,Default,Default,Default,Default,Default,Default,Default,Default,Default,3,Default,1,Default,Default,Default,Default,Default,Default,Default,3,"ShortRun(IterationCount=3, LaunchCount=1, WarmupCount=3)",Size=0,1,Workload,Pilot,2,1000,32,31.25,0,0,0,0
FillBenchmarks.LibraryImport_Span_SuppressGC,PInvokeBench,FillBenchmarks,LibraryImport_Span_SuppressGC,ShortRun,Default,Default,Default,Default,Default,Default,Default,Default,Default,Default,Default,Default,Default,Default,Default,Default,Default,Default,Default,Default,Default,Default,Default,Default,Default,Default,Default,Default,Default,Default,Default,3,Default,1,Default,Default,Default,Default,Default,Default,Default,3,"ShortRun(IterationCount=3, LaunchCount=1, WarmupCount=3)",Size=0,1,Workload,Pilot,3,1500,64,23.44,0,0,0,0
FillBenchmarks.LibraryImport_Span_SuppressGC,PInvokeBench,FillBenchmarks,LibraryImport_Span_SuppressGC,ShortRun,Default,Default,Default,Default,Default,Default,Default,Default,Default,Default,Default,Default,Default,Default,Default,Default,Default,Default,Default,Default,Default,Default,Default,Default,Default,Default,Default,Default,Default,Default,Default,3,Default,1,Default,Default,Default,Default,Default,Default,Default,3,"ShortRun(IterationCount=3, LaunchCount=1, WarmupCount=3)",Size=0,1,Workload,Pilot,4,1800,128,14.06,0,0,0,0
FillBenchmarks.LibraryImport_Span_SuppressGC,PInvokeBench,FillBenchmarks,LibraryImport_Span_SuppressGC,ShortRun,Default,Default,Default,Default,Default,Default,Default,Default,Default,Default,Default,Default,Default,Default,Default,Default,Default,Default,Default,Default,Default,Default,Default,Default,Default,Default,Default,Default,Default,Default,Default,3,Default,1,Default,Default,Default,Default,Default,Default,Default,3,"ShortRun(IterationCount=3, LaunchCount=1, WarmupCount=3)",Size=0,1,Workload,Pilot,5,3200,256,12.5,0,0,0,0
FillBenchmarks.LibraryImport_Span_SuppressGC,PInvokeBench,FillBenchmarks,LibraryImport_Span_SuppressGC,ShortRun,Default,Default,Default,Default,Default,Default,Default,Default,Default,Default,Default,Default,Default,Default,Default,Default,Default,Default,Default,Default,Default,Default,Default,Default,Default,Default,Default,Default,Default,Default,Default,3,Default,1,Default,Default,Default,Default,Default,Default,Default,3,"ShortRun(IterationCount=3, LaunchCount=1, WarmupCount=3)",Size=0,1,Workload,Pilot,6,5900,512,11.52,0,0,0,0
FillBenchmarks.LibraryImport_Span_SuppressGC,PInvokeBench,FillBenchmarks,LibraryImport_Span_SuppressGC,ShortRun,Default,Default,Default,Default,Default,Default,Default,Default,Default,Default,Default,Default,Default,Default,Default,Default,Default,Default,Default,Default,Default,Default,Default,Default,Default,Default,Default,Default,Default,Default,Default,3,Default,1,Default,Default,Default,Default,Default,Default,Default,3,"ShortRun(IterationCount=3, LaunchCount=1, WarmupCount=3)",Size=0,1,Workload,Pilot,7,11900,1024,11.62,0,0,0,0
FillBenchmarks.LibraryImport_Span_SuppressGC,PInvokeBench,FillBenchmarks,LibraryImport_Span_SuppressGC,ShortRun,Default,Default,Default,Default,Default,Default,Default,Default,Default,Default,Default,Default,Default,Default,Default,Default,Default,Default,Default,Default,Default,Default,Default,Default,Default,Default,Default,Default,Default,Default,Default,3,Default,1,Default,Default,Default,Default,Default,Default,Default,3,"ShortRun(IterationCount=3, LaunchCount=1, WarmupCount=3)",Size=0,1,Workload,Pilot,8,23100,2048,11.28,0,0,0,0
FillBenchmarks.LibraryImport_Span_SuppressGC,PInvokeBench,FillBenchmarks,LibraryImport_Span_SuppressGC,ShortRun,Default,Default,Default,Default,Default,Default,Default,Default,Default,Default,Default,Default,Default,Default,Default,Default,Default,Default,Default,Default,Default,Default,Default,Default,Default,Default,Default,Default,Default,Default,Default,3,Default,1,Default,Default,Default,Default,Default,Default,Default,3,"ShortRun(IterationCount=3, LaunchCount=1, WarmupCount=3)",Size=0,1,Workload,Pilot,9,45700,4096,11.16,0,0,0,0
FillBenchmarks.LibraryImport_Span_SuppressGC,PInvokeBench,FillBenchmarks,LibraryImport_Span_SuppressGC,ShortRun,Default,Default,Default,Default,Default,Default,Default,Default,Default,Default,Default,Default,Default,Default,Default,Default,Default,Default,Default,Default,Default,Default,Default,Default,Default,Default,Default,Default,Default,Default,Default,3,Default,1,Default,Default,Default,Default,Default,Default,Default,3,"ShortRun(IterationCount=3, LaunchCount=1, WarmupCount=3)",Size=0,1,Workload,Pilot,10,100900,8192,12.32,0,0,0,0
FillBenchmarks.LibraryImport_Span_SuppressGC,PInvokeBench,FillBenchmarks,LibraryImport_Span_SuppressGC,ShortRun,Default,Default,Default,Default,Default,Default,Default,Default,Default,Default,Default,Default,Default,Default,Default,Default,Default,Default,Default,Default,Default,Default,Default,Default,Default,Default,Default,Default,Default,Default,Default,3,Default,1,Default,Default,Default,Default,Default,Default,Default,3,"ShortRun(IterationCount=3, LaunchCount=1, WarmupCount=3)",Size=0,1,Workload,Pilot,11,296600,16384,18.1,0,0,0,0
FillBenchmarks.LibraryImport_Span_SuppressGC,PInvokeBench,FillBenchmarks,LibraryImport_Span_SuppressGC,ShortRun,Default,Default,Default,Default,Default,Default,Default,Default,Default,Default,Default,Default,Default,Default,Default,Default,Default,Default,Default,Default,Default,Default,Default,Default,Default,Default,Default,Default,Default,Default,Default,3,Default,1,Default,Default,Default,Default,Default,Default,Default,3,"ShortRun(IterationCount=3, LaunchCount=1, WarmupCount=3)",Size=0,1,Workload,Pilot,12,333900,32768,10.19,0,0,0,0
FillBenchmarks.LibraryImport_Span_SuppressGC,PInvokeBench,FillBenchmarks,LibraryImport_Span_SuppressGC,ShortRun,Default,Default,Default,Default,Default,Default,Default,Default,Default,Default,Default,Default,Default,Default,Default,Default,Default,Default,Default,Default,Default,Default,Default,Default,Default,Default,Default,Default,Default,Default,Default,3,Default,1,Default,Default,Default,Default,Default,Default,Default,3,"ShortRun(IterationCount=3, LaunchCount=1, WarmupCount=3)",Size=0,1,Workload,Pilot,13,648500,65536,9.9,0,0,0,0
FillBenchmarks.LibraryImport_Span_SuppressGC,PInvokeBench,FillBenchmarks,LibraryImport_Span_SuppressGC,ShortRun,Default,Default,Default,Default,Default,Default,Default,Default,Default,Default,Default,Default,Default,Default,Default,Default,Default,Default,Default,Default,Default,Default,Default,Default,Default,Default,Default,Default,Default,Default,Default,3,Default,1,Default,Default,Default,Default,Default,Default,Default,3,"ShortRun(IterationCount=3, LaunchCount=1, WarmupCount=3)",Size=0,1,Workload,Pilot,14,1242900,131072,9.48,0,0,0,0
FillBenchmarks.LibraryImport_Span_SuppressGC,PInvokeBench,FillBenchmarks,LibraryImport_Span_SuppressGC,ShortRun,Default,Default,Default,Default,Default,Default,Default,Default,Default,Default,Default,Default,Default,Default,Default,Default,Default,Default,Default,Default,Default,Default,Default,Default,Default,Default,Default,Default,Default,Default,Default,3,Default,1,Default,Default,Default,Default,Default,Default,Default,3,"ShortRun(IterationCount=3, LaunchCount=1, WarmupCount=3)",Size=0,1,Workload,Pilot,15,2979200,262144,11.36,0,0,0,0
FillBenchmarks.LibraryImport_Span_SuppressGC,PInvokeBench,FillBenchmarks,LibraryImport_Span_SuppressGC,ShortRun,Default,Default,Default,Default,Default,Default,Default,Default,Default,Default,Default,Default,Default,Default,Default,Default,Default,Default,Default,Default,Default,Default,Default,Default,Default,Default,Default,Default,Default,Default,Default,3,Default,1,Default,Default,Default,Default,Default,Default,Default,3,"ShortRun(IterationCount=3, LaunchCount=1, WarmupCount=3)",Size=0,1,Workload,Pilot,16,5249100,524288,10.01,0,0,0,0
FillBenchmarks.LibraryImport_Span_SuppressGC,PInvokeBench,FillBenchmarks,LibraryImport_Span_SuppressGC,ShortRun,Default,Default,Default,Default,Default,Default,Default,Default,Default,Default,Default,Default,Default,Default,Default,Default,Default,Default,Default,Default,Default,Default,Default,Default,Default,Default,Default,Default,Default,Default,Default,3,Default,1,Default,Default,Default,Default,Default,Default,Default,3,"ShortRun(IterationCount=3, LaunchCount=1, WarmupCount=3)",Size=0,1,Workload,Pilot,17,10955500,1048576,10.45,0,0,0,0
FillBenchmarks.LibraryImport_Span_SuppressGC,PInvokeBench,FillBenchmarks,LibraryImport_Span_SuppressGC,ShortRun,Default,Default,Default,Default,Default,Default,Default,Default,Default,Default,Default,Default,Default,Default,Default,Default,Default,Default,Default,Default,Default,Default,Default,Default,Default,Default,Default,Default,Default,Default,Default,3,Default,1,Default,Default,Default,Default,Default,Default,Default,3,"ShortRun(IterationCount=3, LaunchCount=1, WarmupCount=3)",Size=0,1,Workload,Pilot,18,25275100,2097152,12.05,0,0,0,0
FillBenchmarks.LibraryImport_Span_SuppressGC,PInvokeBench,FillBenchmarks,LibraryImport_Span_SuppressGC,ShortRun,Default,Default,Default,Default,Default,Default,Default,Default,Default,Default,Default,Default,Default,Default,Default,Default,Default,Default,Default,Default,Default,Default,Default,Default,Default,Default,Default,Default,Default,Default,Default,3,Default,1,Default,Default,Default,Default,Default,Default,Default,3,"ShortRun(IterationCount=3, LaunchCount=1, WarmupCount=3)",Size=0,1,Workload,Pilot,19,51016300,4194304,12.16,0,0,0,0
FillBenchmarks.LibraryImport_Span_SuppressGC,PInvokeBench,FillBenchmarks,LibraryImport_Span_SuppressGC,ShortRun,Default,Default,Default,Default,Default,Default,Default,Default,Default,Default,Default,Default,Default,Default,Default,Default,Default,Default,Default,Default,Default,Default,Default,Default,Default,Default,Default,Default,Default,Default,Default,3,Default,1,Default,Default,Default,Default,Default,Default,Default,3,"ShortRun(IterationCount=3, LaunchCount=1, WarmupCount=3)",Size=0,1,Workload,Pilot,20,46188900,8388608,5.51,0,0,0,0
FillBenchmarks.LibraryImport_Span_SuppressGC,PInvokeBench,FillBenchmarks,LibraryImport_Span_SuppressGC,ShortRun,Default,Default,Default,Default,Default,Default,Default,Default,Default,Default,Default,Default,Default,Default,Default,Default,Default,Default,Default,Default,Default,Default,Default,Default,Default,Default,Default,Default,Default,Default,Default,3,Default,1,Default,Default,Default,Default,Default,Default,Default,3,"ShortRun(IterationCount=3, LaunchCount=1, WarmupCount=3)",Size=0,1,Workload,Pilot,21,51843800,16777216,3.09,0,0,0,0
FillBenchmarks.LibraryImport_Span_SuppressGC,PInvokeBench,FillBenchmarks,LibraryImport_Span_SuppressGC,ShortRun,Default,Default,Default,Default,Default,Default,Default,Default,Default,Default,Default,Default,Default,Default,Default,Default,Default,Default,Default,Default,Default,Default,Default,Default,Default,Default,Default,Default,Default,Default,Default,3,Default,1,Default,Default,Default,Default,Default,Default,Default,3,"ShortRun(IterationCount=3, LaunchCount=1, WarmupCount=3)",Size=0,1,Workload,Pilot,22,104340000,33554432,3.11,0,0,0,0
FillBenchmarks.LibraryImport_Span_SuppressGC,PInvokeBench,FillBenchmarks,LibraryImport_Span_SuppressGC,ShortRun,Default,Default,Default,Default,Default,Default,Default,Default,Default,Default,Default,Default,Default,Default,Default,Default,Default,Default,Default,Default,Default,Default,Default,Default,Default,Default,Default,Default,Default,Default,Default,3,Default,1,Default,Default,Default,Default,Default,Default,Default,3,"ShortRun(IterationCount=3, LaunchCount=1, WarmupCount=3)",Size=0,1,Workload,Pilot,23,210557100,67108864,3.14,0,0,0,0
FillBenchmarks.LibraryImport_Span_SuppressGC,PInvokeBench,FillBenchmarks,LibraryImport_Span_SuppressGC,ShortRun,Default,Default,Default,Default,Default,Default,Default,Default,Default,Default,Default,Default,Default,Default,Default,Default,Default,Default,Default,Default,Default,Default,Default,Default,Default,Default,Default,Default,Default,Default,Default,3,Default,1,Default,Default,Default,Default,Default,Default,Default,3,"ShortRun(IterationCount=3, LaunchCount=1, WarmupCount=3)",Size=0,1,Workload,Pilot,24,421996700,134217728,3.14,0,0,0,0
FillBenchmarks.LibraryImport_Span_SuppressGC,PInvokeBench,FillBenchmarks,LibraryImport_Span_SuppressGC,ShortRun,Default,Default,Default,Default,Default,Default,Default,Default,Default,Default,Default,Default,Default,Default,Default,Default,Default,Default,Default,Default,Default,Default,Default,Default,Default,Default,Default,Default,Default,Default,Default,3,Default,1,Default,Default,Default,Default,Default,Default,Default,3,"ShortRun(IterationCount=3, LaunchCount=1, WarmupCount=3)",Size=0,1,Workload,Pilot,25,872400600,268435456,3.25,0,0,0,0
FillBenchmarks.LibraryImport_Span_SuppressGC,PInvokeBench,FillBenchmarks,LibraryImport_Span_SuppressGC,ShortRun,Default,Default,Default,Default,Default,Default,Default,Default,Default,Default,Default,Default,Default,Default,Default,Default,Default,Default,Default,Default,Default,Default,Default,Default,Default,Default,Default,Default,Default,Default,Default,3,Default,1,Default,Default,Default,Default,Default,Default,Default,3,"ShortRun(IterationCount=3, LaunchCount=1, WarmupCount=3)",Size=0,1,Overhead,Warmup,1,524890400,268435456,1.96,0,0,0,0
FillBenchmarks.LibraryImport_Span_SuppressGC,PInvokeBench,FillBenchmarks,LibraryImport_Span_SuppressGC,ShortRun,Default,Default,Default,Default,Default,Default,Default,Default,Default,Default,Default,Default,Default,Default,Default,Default,Default,Default,Default,Default,Default,Default,Default,Default,Default,Default,Default,Default,Default,Default,Default,3,Default,1,Default,Default,Default,Default,Default,Default,Default,3,"ShortRun(IterationCount=3, LaunchCount=1, WarmupCount=3)",Size=0,1,Overhead,Warmup,2,450589600,268435456,1.68,0,0,0,0
FillBenchmarks.LibraryImport_Span_SuppressGC,PInvokeBench,FillBenchmarks,LibraryImport_Span_SuppressGC,ShortRun,Default,Default,Default,Default,Default,Default,Default,Default,Default,Default,Default,Default,Default,Default,Default,Default,Default,Default,Default,Default,Default,Default,Default,Default,Default,Default,Default,Default,Default,Default,Default,3,Default,1,Default,Default,Default,Default,Default,Default,Default,3,"ShortRun(IterationCount=3, LaunchCount=1, WarmupCount=3)",Size=0,1,Overhead,Warmup,3,434831800,268435456,1.62,0,0,0,0
FillBenchmarks.LibraryImport_Span_SuppressGC,PInvokeBench,FillBenchmarks,LibraryImport_Span_SuppressGC,ShortRun,Default,Default,Default,Default,Default,Default,Default,Default,Default,Default,Default,Default,Default,Default,Default,Default,Default,Default,Default,Default,Default,Default,Default,Default,Default,Default,Default,Default,Default,Default,Default,3,Default,1,Default,Default,Default,Default,Default,Default,Default,3,"ShortRun(IterationCount=3, LaunchCount=1, WarmupCount=3)",Size=0,1,Overhead,Warmup,4,433612000,268435456,1.62,0,0,0,0
FillBenchmarks.LibraryImport_Span_SuppressGC,PInvokeBench,FillBenchmarks,LibraryImport_Span_SuppressGC,ShortRun,Default,Default,Default,Default,Default,Default,Default,Default,Default,Default,Default,Default,Default,Default,Default,Default,Default,Default,Default,Default,Default,Default,Default,Default,Default,Default,Default,Default,Default,Default,Default,3,Default,1,Default,Default,Default,Default,Default,Default,Default,3,"ShortRun(IterationCount=3, LaunchCount=1, WarmupCount=3)",Size=0,1,Overhead,Warmup,5,466681600,268435456,1.74,0,0,0,0
FillBenchmarks.LibraryImport_Span_SuppressGC,PInvokeBench,FillBenchmarks,LibraryImport_Span_SuppressGC,ShortRun,Default,Default,Default,Default,Default,Default,Default,Default,Default,Default,Default,Default,Default,Default,Default,Default,Default,Default,Default,Default,Default,Default,Default,Default,Default,Default,Default,Default,Default,Default,Default,3,Default,1,Default,Default,Default,Default,Default,Default,Default,3,"ShortRun(IterationCount=3, LaunchCount=1, WarmupCount=3)",Size=0,1,Overhead,Warmup,6,432957200,268435456,1.61,0,0,0,0
FillBenchmarks.LibraryImport_Span_SuppressGC,PInvokeBench,FillBenchmarks,LibraryImport_Span_SuppressGC,ShortRun,Default,Default,Default,Default,Default,Default,Default,Default,Default,Default,Default,Default,Default,Default,Default,Default,Default,Default,Default,Default,Default,Default,Default,Default,Default,Default,Default,Default,Default,Default,Default,3,Default,1,Default,Default,Default,Default,Default,Default,Default,3,"ShortRun(IterationCount=3, LaunchCount=1, WarmupCount=3)",Size=0,1,Overhead,Warmup,7,435126900,268435456,1.62,0,0,0,0
FillBenchmarks.LibraryImport_Span_SuppressGC,PInvokeBench,FillBenchmarks,LibraryImport_Span_SuppressGC,ShortRun,Default,Default,Default,Default,Default,Default,Default,Default,Default,Default,Default,Default,Default,Default,Default,Default,Default,Default,Default,Default,Default,Default,Default,Default,Default,Default,Default,Default,Default,Default,Default,3,Default,1,Default,Default,Default,Default,Default,Default,Default,3,"ShortRun(IterationCount=3, LaunchCount=1, WarmupCount=3)",Size=0,1,Overhead,Warmup,8,436560900,268435456,1.63,0,0,0,0
FillBenchmarks.LibraryImport_Span_SuppressGC,PInvokeBench,FillBenchmarks,LibraryImport_Span_SuppressGC,ShortRun,Default,Default,Default,Default,Default,Default,Default,Default,Default,Default,Default,Default,Default,Default,Default,Default,Default,Default,Default,Default,Default,Default,Default,Default,Default,Default,Default,Default,Default,Default,Default,3,Default,1,Default,Default,Default,Default,Default,Default,Default,3,"ShortRun(IterationCount=3, LaunchCount=1, WarmupCount=3)",Size=0,1,Overhead,Warmup,9,446988200,268435456,1.67,0,0,0,0
FillBenchmarks.LibraryImport_Span_SuppressGC,PInvokeBench,FillBenchmarks,LibraryImport_Span_SuppressGC,ShortRun,Default,Default,Default,Default,Default,Default,Default,Default,Default,Default,Default,Default,Default,Default,Default,Default,Default,Default,Default,Default,Default,Default,Default,Default,Default,Default,Default,Default,Default,Default,Default,3,Default,1,Default,Default,Default,Default,Default,Default,Default,3,"ShortRun(IterationCount=3, LaunchCount=1, WarmupCount=3)",Size=0,1,Overhead,Warmup,10,481842800,268435456,1.8,0,0,0,0
FillBenchmarks.LibraryImport_Span_SuppressGC,PInvokeBench,FillBenchmarks,LibraryImport_Span_SuppressGC,ShortRun,Default,Default,Default,Default,Default,Default,Default,Default,Default,Default,Default,Default,Default,Default,Default,Default,Default,Default,Default,Default,Default,Default,Default,Default,Default,Default,Default,Default,Default,Default,Default,3,Default,1,Default,Default,Default,Default,Default,Default,Default,3,"ShortRun(IterationCount=3, LaunchCount=1, WarmupCount=3)",Size=0,1,Overhead,Actual,1,493426300,268435456,1.84,0,0,0,0
FillBenchmarks.LibraryImport_Span_SuppressGC,PInvokeBench,FillBenchmarks,LibraryImport_Span_SuppressGC,ShortRun,Default,Default,Default,Default,Default,Default,Default,Default,Default,Default,Default,Default,Default,Default,Default,Default,Default,Default,Default,Default,Default,Default,Default,Default,Default,Default,Default,Default,Default,Default,Default,3,Default,1,Default,Default,Default,Default,Default,Default,Default,3,"ShortRun(IterationCount=3, LaunchCount=1, WarmupCount=3)",Size=0,1,Overhead,Actual,2,495648800,268435456,1.85,0,0,0,0
FillBenchmarks.LibraryImport_Span_SuppressGC,PInvokeBench,FillBenchmarks,LibraryImport_Span_SuppressGC,ShortRun,Default,Default,Default,Default,Default,Default,Default,Default,Default,Default,Default,Default,Default,Default,Default,Default,Default,Default,Default,Default,Default,Default,Default,Default,Default,Default,Default,Default,Default,Default,Default,3,Default,1,Default,Default,Default,Default,Default,Default,Default,3,"ShortRun(IterationCount=3, LaunchCount=1, WarmupCount=3)",Size=0,1,Overhead,Actual,3,473175300,268435456,1.76,0,0,0,0
FillBenchmarks.LibraryImport_Span_SuppressGC,PInvokeBench,FillBenchmarks,LibraryImport_Span_SuppressGC,ShortRun,Default,Default,Default,Default,Default,Default,Default,Default,Default,Default,Default,Default,Default,Default,Default,Default,Default,Default,Default,Default,Default,Default,Default,Default,Default,Default,Default,Default,Default,Default,Default,3,Default,1,Default,Default,Default,Default,Default,Default,Default,3,"ShortRun(IterationCount=3, LaunchCount=1, WarmupCount=3)",Size=0,1,Overhead,Actual,4,505000500,268435456,1.88,0,0,0,0
FillBenchmarks.LibraryImport_Span_SuppressGC,PInvokeBench,FillBenchmarks,LibraryImport_Span_SuppressGC,ShortRun,Default,Default,Default,Default,Default,Default,Default,Default,Default,Default,Default,Default,Default,Default,Default,Default,Default,Default,Default,Default,Default,Default,Default,Default,Default,Default,Default,Default,Default,Default,Default,3,Default,1,Default,Default,Default,Default,Default,Default,Default,3,"ShortRun(IterationCount=3, LaunchCount=1, WarmupCount=3)",Size=0,1,Overhead,Actual,5,512890300,268435456,1.91,0,0,0,0
FillBenchmarks.LibraryImport_Span_SuppressGC,PInvokeBench,FillBenchmarks,LibraryImport_Span_SuppressGC,ShortRun,Default,Default,Default,Default,Default,Default,Default,Default,Default,Default,Default,Default,Default,Default,Default,Default,Default,Default,Default,Default,Default,Default,Default,Default,Default,Default,Default,Default,Default,Default,Default,3,Default,1,Default,Default,Default,Default,Default,Default,Default,3,"ShortRun(IterationCount=3, LaunchCount=1, WarmupCount=3)",Size=0,1,Overhead,Actual,6,490298800,268435456,1.83,0,0,0,0
FillBenchmarks.LibraryImport_Span_SuppressGC,PInvokeBench,FillBenchmarks,LibraryImport_Span_SuppressGC,ShortRun,Default,Default,Default,Default,Default,Default,Default,Default,Default,Default,Default,Default,Default,Default,Default,Default,Default,Default,Default,Default,Default,Default,Default,Default,Default,Default,Default,Default,Default,Default,Default,3,Default,1,Default,Default,Default,Default,Default,Default,Default,3,"ShortRun(IterationCount=3, LaunchCount=1, WarmupCount=3)",Size=0,1,Overhead,Actual,7,470800800,268435456,1.75,0,0,0,0
FillBenchmarks.LibraryImport_Span_SuppressGC,PInvokeBench,FillBenchmarks,LibraryImport_Span_SuppressGC,ShortRun,Default,Default,Default,Default,Default,Default,Default,Default,Default,Default,Default,Default,Default,Default,Default,Default,Default,Default,Default,Default,Default,Default,Default,Default,Default,Default,Default,Default,Default,Default,Default,3,Default,1,Default,Default,Default,Default,Default,Default,Default,3,"ShortRun(IterationCount=3, LaunchCount=1, WarmupCount=3)",Size=0,1,Overhead,Actual,8,478862000,268435456,1.78,0,0,0,0
FillBenchmarks.LibraryImport_Span_SuppressGC,PInvokeBench,FillBenchmarks,LibraryImport_Span_SuppressGC,ShortRun,Default,Default,Default,Default,Default,Default,Default,Default,Default,Default,Default,Default,Default,Default,Default,Default,Default,Default,Default,Default,Default,Default,Default,Default,Default,Default,Default,Default,Default,Default,Default,3,Default,1,Default,Default,Default,Default,Default,Default,Default,3,"ShortRun(IterationCount=3, LaunchCount=1, WarmupCount=3)",Size=0,1,Overhead,Actual,9,482993900,268435456,1.8,0,0,0,0
FillBenchmarks.LibraryImport_Span_SuppressGC,PInvokeBench,FillBenchmarks,LibraryImport_Span_SuppressGC,ShortRun,Default,Default,Default,Default,Default,Default,Default,Default,Default,Default,Default,Default,Default,Default,Default,Default,Default,Default,Default,Default,Default,Default,Default,Default,Default,Default,Default,Default,Default,Default,Default,3,Default,1,Default,Default,Default,Default,Default,Default,Default,3,"ShortRun(IterationCount=3, LaunchCount=1, WarmupCount=3)",Size=0,1,Overhead,Actual,10,605433000,268435456,2.26,0,0,0,0
FillBenchmarks.LibraryImport_Span_SuppressGC,PInvokeBench,FillBenchmarks,LibraryImport_Span_SuppressGC,ShortRun,Default,Default,Default,Default,Default,Default,Default,Default,Default,Default,Default,Default,Default,Default,Default,Default,Default,Default,Default,Default,Default,Default,Default,Default,Default,Default,Default,Default,Default,Default,Default,3,Default,1,Default,Default,Default,Default,Default,Default,Default,3,"ShortRun(IterationCount=3, LaunchCount=1, WarmupCount=3)",Size=0,1,Overhead,Actual,11,495301300,268435456,1.85,0,0,0,0
FillBenchmarks.LibraryImport_Span_SuppressGC,PInvokeBench,FillBenchmarks,LibraryImport_Span_SuppressGC,ShortRun,Default,Default,Default,Default,Default,Default,Default,Default,Default,Default,Default,Default,Default,Default,Default,Default,Default,Default,Default,Default,Default,Default,Default,Default,Default,Default,Default,Default,Default,Default,Default,3,Default,1,Default,Default,Default,Default,Default,Default,Default,3,"ShortRun(IterationCount=3, LaunchCount=1, WarmupCount=3)",Size=0,1,Overhead,Actual,12,476971400,268435456,1.78,0,0,0,0
FillBenchmarks.LibraryImport_Span_SuppressGC,PInvokeBench,FillBenchmarks,LibraryImport_Span_SuppressGC,ShortRun,Default,Default,Default,Default,Default,Default,Default,Default,Default,Default,Default,Default,Default,Default,Default,Default,Default,Default,Default,Default,Default,Default,Default,Default,Default,Default,Default,Default,Default,Default,Default,3,Default,1,Default,Default,Default,Default,Default,Default,Default,3,"ShortRun(IterationCount=3, LaunchCount=1, WarmupCount=3)",Size=0,1,Overhead,Actual,13,475476100,268435456,1.77,0,0,0,0
FillBenchmarks.LibraryImport_Span_SuppressGC,PInvokeBench,FillBenchmarks,LibraryImport_Span_SuppressGC,ShortRun,Default,Default,Default,Default,Default,Default,Default,Default,Default,Default,Default,Default,Default,Default,Default,Default,Default,Default,Default,Default,Default,Default,Default,Default,Default,Default,Default,Default,Default,Default,Default,3,Default,1,Default,Default,Default,Default,Default,Default,Default,3,"ShortRun(IterationCount=3, LaunchCount=1, WarmupCount=3)",Size=0,1,Overhead,Actual,14,544091000,268435456,2.03,0,0,0,0
FillBenchmarks.LibraryImport_Span_SuppressGC,PInvokeBench,FillBenchmarks,LibraryImport_Span_SuppressGC,ShortRun,Default,Default,Default,Default,Default,Default,Default,Default,Default,Default,Default,Default,Default,Default,Default,Default,Default,Default,Default,Default,Default,Default,Default,Default,Default,Default,Default,Default,Default,Default,Default,3,Default,1,Default,Default,Default,Default,Default,Default,Default,3,"ShortRun(IterationCount=3, LaunchCount=1, WarmupCount=3)",Size=0,1,Overhead,Actual,15,675619900,268435456,2.52,0,0,0,0
FillBenchmarks.LibraryImport_Span_SuppressGC,PInvokeBench,FillBenchmarks,LibraryImport_Span_SuppressGC,ShortRun,Default,Default,Default,Default,Default,Default,Default,Default,Default,Default,Default,Default,Default,Default,Default,Default,Default,Default,Default,Default,Default,Default,Default,Default,Default,Default,Default,Default,Default,Default,Default,3,Default,1,Default,Default,Default,Default,Default,Default,Default,3,"ShortRun(IterationCount=3, LaunchCount=1, WarmupCount=3)",Size=0,1,Workload,Warmup,1,1322232700,268435456,4.93,0,0,0,0
FillBenchmarks.LibraryImport_Span_SuppressGC,PInvokeBench,FillBenchmarks,LibraryImport_Span_SuppressGC,ShortRun,Default,Default,Default,Default,Default,Default,Default,Default,Default,Default,Default,Default,Default,Default,Default,Default,Default,Default,Default,Default,Default,Default,Default,Default,Default,Default,Default,Default,Default,Default,Default,3,Default,1,Default,Default,Default,Default,Default,Default,Default,3,"ShortRun(IterationCount=3, LaunchCount=1, WarmupCount=3)",Size=0,1,Workload,Warmup,2,1305107300,268435456,4.86,0,0,0,0
FillBenchmarks.LibraryImport_Span_SuppressGC,PInvokeBench,FillBenchmarks,LibraryImport_Span_SuppressGC,ShortRun,Default,Default,Default,Default,Default,Default,Default,Default,Default,Default,Default,Default,Default,Default,Default,Default,Default,Default,Default,Default,Default,Default,Default,Default,Default,Default,Default,Default,Default,Default,Default,3,Default,1,Default,Default,Default,Default,Default,Default,Default,3,"ShortRun(IterationCount=3, LaunchCount=1, WarmupCount=3)",Size=0,1,Workload,Warmup,3,1308281400,268435456,4.87,0,0,0,0
FillBenchmarks.LibraryImport_Span_SuppressGC,PInvokeBench,FillBenchmarks,LibraryImport_Span_SuppressGC,ShortRun,Default,Default,Default,Default,Default,Default,Default,Default,Default,Default,Default,Default,Default,Default,Default,Default,Default,Default,Default,Default,Default,Default,Default,Default,Default,Default,Default,Default,Default,Default,Default,3,Default,1,Default,Default,Default,Default,Default,Default,Default,3,"ShortRun(IterationCount=3, LaunchCount=1, WarmupCount=3)",Size=0,1,Workload,Actual,1,1339540100,268435456,4.99,0,0,0,0
FillBenchmarks.LibraryImport_Span_SuppressGC,PInvokeBench,FillBenchmarks,LibraryImport_Span_SuppressGC,ShortRun,Default,Default,Default,Default,Default,Default,Default,Default,Default,Default,Default,Default,Default,Default,Default,Default,Default,Default,Default,Default,Default,Default,Default,Default,Default,Default,Default,Default,Default,Default,Default,3,Default,1,Default,Default,Default,Default,Default,Default,Default,3,"ShortRun(IterationCount=3, LaunchCount=1, WarmupCount=3)",Size=0,1,Workload,Actual,2,1002882700,268435456,3.74,0,0,0,0
FillBenchmarks.LibraryImport_Span_SuppressGC,PInvokeBench,FillBenchmarks,LibraryImport_Span_SuppressGC,ShortRun,Default,Default,Default,Default,Default,Default,Default,Default,Default,Default,Default,Default,Default,Default,Default,Default,Default,Default,Default,Default,Default,Default,Default,Default,Default,Default,Default,Default,Default,Default,Default,3,Default,1,Default,Default,Default,Default,Default,Default,Default,3,"ShortRun(IterationCount=3, LaunchCount=1, WarmupCount=3)",Size=0,1,Workload,Actual,3,1029360200,268435456,3.83,0,0,0,0
FillBenchmarks.LibraryImport_Span_SuppressGC,PInvokeBench,FillBenchmarks,LibraryImport_Span_SuppressGC,ShortRun,Default,Default,Default,Default,Default,Default,Default,Default,Default,Default,Default,Default,Default,Default,Default,Default,Default,Default,Default,Default,Default,Default,Default,Default,Default,Default,Default,Default,Default,Default,Default,3,Default,1,Default,Default,Default,Default,Default,Default,Default,3,"ShortRun(IterationCount=3, LaunchCount=1, WarmupCount=3)",Size=0,1,Workload,Result,1,846113800,268435456,3.15,0,0,0,0
FillBenchmarks.LibraryImport_Span_SuppressGC,PInvokeBench,FillBenchmarks,LibraryImport_Span_SuppressGC,ShortRun,Default,Default,Default,Default,Default,Default,Default,Default,Default,Default,Default,Default,Default,Default,Default,Default,Default,Default,Default,Default,Default,Default,Default,Default,Default,Default,Default,Default,Default,Default,Default,3,Default,1,Default,Default,Default,Default,Default,Default,Default,3,"ShortRun(IterationCount=3, LaunchCount=1, WarmupCount=3)",Size=0,1,Workload,Result,2,509456400,268435456,1.9,0,0,0,0
FillBenchmarks.LibraryImport_Span_SuppressGC,PInvokeBench,FillBenchmarks,LibraryImport_Span_SuppressGC,ShortRun,Default,Default,Default,Default,Default,Default,Default,Default,Default,Default,Default,Default,Default,Default,Default,Default,Default,Default,Default,Default,Default,Default,Default,Default,Default,Default,Default,Default,Default,Default,Default,3,Default,1,Default,Default,Default,Default,Default,Default,Default,3,"ShortRun(IterationCount=3, LaunchCount=1, WarmupCount=3)",Size=0,1,Workload,Result,3,535933900,268435456,2,0,0,0,0
FillBenchmarks.LibraryImport_RefByte_SuppressGC,PInvokeBench,FillBenchmarks,LibraryImport_RefByte_SuppressGC,ShortRun,Default,Default,Default,Default,Default,Default,Default,Default,Default,Default,Default,Default,Default,Default,Default,Default,Default,Default,Default,Default,Default,Default,Default,Default,Default,Default,Default,Default,Default,Default,Default,3,Default,1,Default,Default,Default,Default,Default,Default,Default,3,"ShortRun(IterationCount=3, LaunchCount=1, WarmupCount=3)",Size=0,1,Overhead,Jitting,1,224400,1,224400,0,0,0,0
FillBenchmarks.LibraryImport_RefByte_SuppressGC,PInvokeBench,FillBenchmarks,LibraryImport_RefByte_SuppressGC,ShortRun,Default,Default,Default,Default,Default,Default,Default,Default,Default,Default,Default,Default,Default,Default,Default,Default,Default,Default,Default,Default,Default,Default,Default,Default,Default,Default,Default,Default,Default,Default,Default,3,Default,1,Default,Default,Default,Default,Default,Default,Default,3,"ShortRun(IterationCount=3, LaunchCount=1, WarmupCount=3)",Size=0,1,Workload,Jitting,1,730300,1,730300,0,0,0,0
FillBenchmarks.LibraryImport_RefByte_SuppressGC,PInvokeBench,FillBenchmarks,LibraryImport_RefByte_SuppressGC,ShortRun,Default,Default,Default,Default,Default,Default,Default,Default,Default,Default,Default,Default,Default,Default,Default,Default,Default,Default,Default,Default,Default,Default,Default,Default,Default,Default,Default,Default,Default,Default,Default,3,Default,1,Default,Default,Default,Default,Default,Default,Default,3,"ShortRun(IterationCount=3, LaunchCount=1, WarmupCount=3)",Size=0,1,Overhead,Jitting,2,335200,16,20950,0,0,0,0
FillBenchmarks.LibraryImport_RefByte_SuppressGC,PInvokeBench,FillBenchmarks,LibraryImport_RefByte_SuppressGC,ShortRun,Default,Default,Default,Default,Default,Default,Default,Default,Default,Default,Default,Default,Default,Default,Default,Default,Default,Default,Default,Default,Default,Default,Default,Default,Default,Default,Default,Default,Default,Default,Default,3,Default,1,Default,Default,Default,Default,Default,Default,Default,3,"ShortRun(IterationCount=3, LaunchCount=1, WarmupCount=3)",Size=0,1,Workload,Jitting,2,338800,16,21175,0,0,0,0
FillBenchmarks.LibraryImport_RefByte_SuppressGC,PInvokeBench,FillBenchmarks,LibraryImport_RefByte_SuppressGC,ShortRun,Default,Default,Default,Default,Default,Default,Default,Default,Default,Default,Default,Default,Default,Default,Default,Default,Default,Default,Default,Default,Default,Default,Default,Default,Default,Default,Default,Default,Default,Default,Default,3,Default,1,Default,Default,Default,Default,Default,Default,Default,3,"ShortRun(IterationCount=3, LaunchCount=1, WarmupCount=3)",Size=0,1,Workload,Pilot,1,700,16,43.75,0,0,0,0
FillBenchmarks.LibraryImport_RefByte_SuppressGC,PInvokeBench,FillBenchmarks,LibraryImport_RefByte_SuppressGC,ShortRun,Default,Default,Default,Default,Default,Default,Default,Default,Default,Default,Default,Default,Default,Default,Default,Default,Default,Default,Default,Default,Default,Default,Default,Default,Default,Default,Default,Default,Default,Default,Default,3,Default,1,Default,Default,Default,Default,Default,Default,Default,3,"ShortRun(IterationCount=3, LaunchCount=1, WarmupCount=3)",Size=0,1,Workload,Pilot,2,1000,32,31.25,0,0,0,0
FillBenchmarks.LibraryImport_RefByte_SuppressGC,PInvokeBench,FillBenchmarks,LibraryImport_RefByte_SuppressGC,ShortRun,Default,Default,Default,Default,Default,Default,Default,Default,Default,Default,Default,Default,Default,Default,Default,Default,Default,Default,Default,Default,Default,Default,Default,Default,Default,Default,Default,Default,Default,Default,Default,3,Default,1,Default,Default,Default,Default,Default,Default,Default,3,"ShortRun(IterationCount=3, LaunchCount=1, WarmupCount=3)",Size=0,1,Workload,Pilot,3,1500,64,23.44,0,0,0,0
FillBenchmarks.LibraryImport_RefByte_SuppressGC,PInvokeBench,FillBenchmarks,LibraryImport_RefByte_SuppressGC,ShortRun,Default,Default,Default,Default,Default,Default,Default,Default,Default,Default,Default,Default,Default,Default,Default,Default,Default,Default,Default,Default,Default,Default,Default,Default,Default,Default,Default,Default,Default,Default,Default,3,Default,1,Default,Default,Default,Default,Default,Default,Default,3,"ShortRun(IterationCount=3, LaunchCount=1, WarmupCount=3)",Size=0,1,Workload,Pilot,4,1900,128,14.84,0,0,0,0
FillBenchmarks.LibraryImport_RefByte_SuppressGC,PInvokeBench,FillBenchmarks,LibraryImport_RefByte_SuppressGC,ShortRun,Default,Default,Default,Default,Default,Default,Default,Default,Default,Default,Default,Default,Default,Default,Default,Default,Default,Default,Default,Default,Default,Default,Default,Default,Default,Default,Default,Default,Default,Default,Default,3,Default,1,Default,Default,Default,Default,Default,Default,Default,3,"ShortRun(IterationCount=3, LaunchCount=1, WarmupCount=3)",Size=0,1,Workload,Pilot,5,3400,256,13.28,0,0,0,0
FillBenchmarks.LibraryImport_RefByte_SuppressGC,PInvokeBench,FillBenchmarks,LibraryImport_RefByte_SuppressGC,ShortRun,Default,Default,Default,Default,Default,Default,Default,Default,Default,Default,Default,Default,Default,Default,Default,Default,Default,Default,Default,Default,Default,Default,Default,Default,Default,Default,Default,Default,Default,Default,Default,3,Default,1,Default,Default,Default,Default,Default,Default,Default,3,"ShortRun(IterationCount=3, LaunchCount=1, WarmupCount=3)",Size=0,1,Workload,Pilot,6,6800,512,13.28,0,0,0,0
FillBenchmarks.LibraryImport_RefByte_SuppressGC,PInvokeBench,FillBenchmarks,LibraryImport_RefByte_SuppressGC,ShortRun,Default,Default,Default,Default,Default,Default,Default,Default,Default,Default,Default,Default,Default,Default,Default,Default,Default,Default,Default,Default,Default,Default,Default,Default,Default,Default,Default,Default,Default,Default,Default,3,Default,1,Default,Default,Default,Default,Default,Default,Default,3,"ShortRun(IterationCount=3, LaunchCount=1, WarmupCount=3)",Size=0,1,Workload,Pilot,7,13100,1024,12.79,0,0,0,0
FillBenchmarks.LibraryImport_RefByte_SuppressGC,PInvokeBench,FillBenchmarks,LibraryImport_RefByte_SuppressGC,ShortRun,Default,Default,Default,Default,Default,Default,Default,Default,Default,Default,Default,Default,Default,Default,Default,Default,Default,Default,Default,Default,Default,Default,Default,Default,Default,Default,Default,Default,Default,Default,Default,3,Default,1,Default,Default,Default,Default,Default,Default,Default,3,"ShortRun(IterationCount=3, LaunchCount=1, WarmupCount=3)",Size=0,1,Workload,Pilot,8,36300,2048,17.72,0,0,0,0
FillBenchmarks.LibraryImport_RefByte_SuppressGC,PInvokeBench,FillBenchmarks,LibraryImport_RefByte_SuppressGC,ShortRun,Default,Default,Default,Default,Default,Default,Default,Default,Default,Default,Default,Default,Default,Default,Default,Default,Default,Default,Default,Default,Default,Default,Default,Default,Default,Default,Default,Default,Default,Default,Default,3,Default,1,Default,Default,Default,Default,Default,Default,Default,3,"ShortRun(IterationCount=3, LaunchCount=1, WarmupCount=3)",Size=0,1,Workload,Pilot,9,49400,4096,12.06,0,0,0,0
FillBenchmarks.LibraryImport_RefByte_SuppressGC,PInvokeBench,FillBenchmarks,LibraryImport_RefByte_SuppressGC,ShortRun,Default,Default,Default,Default,Default,Default,Default,Default,Default,Default,Default,Default,Default,Default,Default,Default,Default,Default,Default,Default,Default,Default,Default,Default,Default,Default,Default,Default,Default,Default,Default,3,Default,1,Default,Default,Default,Default,Default,Default,Default,3,"ShortRun(IterationCount=3, LaunchCount=1, WarmupCount=3)",Size=0,1,Workload,Pilot,10,106100,8192,12.95,0,0,0,0
FillBenchmarks.LibraryImport_RefByte_SuppressGC,PInvokeBench,FillBenchmarks,LibraryImport_RefByte_SuppressGC,ShortRun,Default,Default,Default,Default,Default,Default,Default,Default,Default,Default,Default,Default,Default,Default,Default,Default,Default,Default,Default,Default,Default,Default,Default,Default,Default,Default,Default,Default,Default,Default,Default,3,Default,1,Default,Default,Default,Default,Default,Default,Default,3,"ShortRun(IterationCount=3, LaunchCount=1, WarmupCount=3)",Size=0,1,Workload,Pilot,11,211100,16384,12.88,0,0,0,0
FillBenchmarks.LibraryImport_RefByte_SuppressGC,PInvokeBench,FillBenchmarks,LibraryImport_RefByte_SuppressGC,ShortRun,Default,Default,Default,Default,Default,Default,Default,Default,Default,Default,Default,Default,Default,Default,Default,Default,Default,Default,Default,Default,Default,Default,Default,Default,Default,Default,Default,Default,Default,Default,Default,3,Default,1,Default,Default,Default,Default,Default,Default,Default,3,"ShortRun(IterationCount=3, LaunchCount=1, WarmupCount=3)",Size=0,1,Workload,Pilot,12,392600,32768,11.98,0,0,0,0
FillBenchmarks.LibraryImport_RefByte_SuppressGC,PInvokeBench,FillBenchmarks,LibraryImport_RefByte_SuppressGC,ShortRun,Default,Default,Default,Default,Default,Default,Default,Default,Default,Default,Default,Default,Default,Default,Default,Default,Default,Default,Default,Default,Default,Default,Default,Default,Default,Default,Default,Default,Default,Default,Default,3,Default,1,Default,Default,Default,Default,Default,Default,Default,3,"ShortRun(IterationCount=3, LaunchCount=1, WarmupCount=3)",Size=0,1,Workload,Pilot,13,842900,65536,12.86,0,0,0,0
FillBenchmarks.LibraryImport_RefByte_SuppressGC,PInvokeBench,FillBenchmarks,LibraryImport_RefByte_SuppressGC,ShortRun,Default,Default,Default,Default,Default,Default,Default,Default,Default,Default,Default,Default,Default,Default,Default,Default,Default,Default,Default,Default,Default,Default,Default,Default,Default,Default,Default,Default,Default,Default,Default,3,Default,1,Default,Default,Default,Default,Default,Default,Default,3,"ShortRun(IterationCount=3, LaunchCount=1, WarmupCount=3)",Size=0,1,Workload,Pilot,14,1574400,131072,12.01,0,0,0,0
FillBenchmarks.LibraryImport_RefByte_SuppressGC,PInvokeBench,FillBenchmarks,LibraryImport_RefByte_SuppressGC,ShortRun,Default,Default,Default,Default,Default,Default,Default,Default,Default,Default,Default,Default,Default,Default,Default,Default,Default,Default,Default,Default,Default,Default,Default,Default,Default,Default,Default,Default,Default,Default,Default,3,Default,1,Default,Default,Default,Default,Default,Default,Default,3,"ShortRun(IterationCount=3, LaunchCount=1, WarmupCount=3)",Size=0,1,Workload,Pilot,15,3147600,262144,12.01,0,0,0,0
FillBenchmarks.LibraryImport_RefByte_SuppressGC,PInvokeBench,FillBenchmarks,LibraryImport_RefByte_SuppressGC,ShortRun,Default,Default,Default,Default,Default,Default,Default,Default,Default,Default,Default,Default,Default,Default,Default,Default,Default,Default,Default,Default,Default,Default,Default,Default,Default,Default,Default,Default,Default,Default,Default,3,Default,1,Default,Default,Default,Default,Default,Default,Default,3,"ShortRun(IterationCount=3, LaunchCount=1, WarmupCount=3)",Size=0,1,Workload,Pilot,16,6537100,524288,12.47,0,0,0,0
FillBenchmarks.LibraryImport_RefByte_SuppressGC,PInvokeBench,FillBenchmarks,LibraryImport_RefByte_SuppressGC,ShortRun,Default,Default,Default,Default,Default,Default,Default,Default,Default,Default,Default,Default,Default,Default,Default,Default,Default,Default,Default,Default,Default,Default,Default,Default,Default,Default,Default,Default,Default,Default,Default,3,Default,1,Default,Default,Default,Default,Default,Default,Default,3,"ShortRun(IterationCount=3, LaunchCount=1, WarmupCount=3)",Size=0,1,Workload,Pilot,17,12668500,1048576,12.08,0,0,0,0
FillBenchmarks.LibraryImport_RefByte_SuppressGC,PInvokeBench,FillBenchmarks,LibraryImport_RefByte_SuppressGC,ShortRun,Default,Default,Default,Default,Default,Default,Default,Default,Default,Default,Default,Default,Default,Default,Default,Default,Default,Default,Default,Default,Default,Default,Default,Default,Default,Default,Default,Default,Default,Default,Default,3,Default,1,Default,Default,Default,Default,Default,Default,Default,3,"ShortRun(IterationCount=3, LaunchCount=1, WarmupCount=3)",Size=0,1,Workload,Pilot,18,27324600,2097152,13.03,0,0,0,0
FillBenchmarks.LibraryImport_RefByte_SuppressGC,PInvokeBench,FillBenchmarks,LibraryImport_RefByte_SuppressGC,ShortRun,Default,Default,Default,Default,Default,Default,Default,Default,Default,Default,Default,Default,Default,Default,Default,Default,Default,Default,Default,Default,Default,Default,Default,Default,Default,Default,Default,Default,Default,Default,Default,3,Default,1,Default,Default,Default,Default,Default,Default,Default,3,"ShortRun(IterationCount=3, LaunchCount=1, WarmupCount=3)",Size=0,1,Workload,Pilot,19,53919300,4194304,12.86,0,0,0,0
FillBenchmarks.LibraryImport_RefByte_SuppressGC,PInvokeBench,FillBenchmarks,LibraryImport_RefByte_SuppressGC,ShortRun,Default,Default,Default,Default,Default,Default,Default,Default,Default,Default,Default,Default,Default,Default,Default,Default,Default,Default,Default,Default,Default,Default,Default,Default,Default,Default,Default,Default,Default,Default,Default,3,Default,1,Default,Default,Default,Default,Default,Default,Default,3,"ShortRun(IterationCount=3, LaunchCount=1, WarmupCount=3)",Size=0,1,Workload,Pilot,20,41124200,8388608,4.9,0,0,0,0
FillBenchmarks.LibraryImport_RefByte_SuppressGC,PInvokeBench,FillBenchmarks,LibraryImport_RefByte_SuppressGC,ShortRun,Default,Default,Default,Default,Default,Default,Default,Default,Default,Default,Default,Default,Default,Default,Default,Default,Default,Default,Default,Default,Default,Default,Default,Default,Default,Default,Default,Default,Default,Default,Default,3,Default,1,Default,Default,Default,Default,Default,Default,Default,3,"ShortRun(IterationCount=3, LaunchCount=1, WarmupCount=3)",Size=0,1,Workload,Pilot,21,60939400,16777216,3.63,0,0,0,0
FillBenchmarks.LibraryImport_RefByte_SuppressGC,PInvokeBench,FillBenchmarks,LibraryImport_RefByte_SuppressGC,ShortRun,Default,Default,Default,Default,Default,Default,Default,Default,Default,Default,Default,Default,Default,Default,Default,Default,Default,Default,Default,Default,Default,Default,Default,Default,Default,Default,Default,Default,Default,Default,Default,3,Default,1,Default,Default,Default,Default,Default,Default,Default,3,"ShortRun(IterationCount=3, LaunchCount=1, WarmupCount=3)",Size=0,1,Workload,Pilot,22,128377300,33554432,3.83,0,0,0,0
FillBenchmarks.LibraryImport_RefByte_SuppressGC,PInvokeBench,FillBenchmarks,LibraryImport_RefByte_SuppressGC,ShortRun,Default,Default,Default,Default,Default,Default,Default,Default,Default,Default,Default,Default,Default,Default,Default,Default,Default,Default,Default,Default,Default,Default,Default,Default,Default,Default,Default,Default,Default,Default,Default,3,Default,1,Default,Default,Default,Default,Default,Default,Default,3,"ShortRun(IterationCount=3, LaunchCount=1, WarmupCount=3)",Size=0,1,Workload,Pilot,23,263338800,67108864,3.92,0,0,0,0
FillBenchmarks.LibraryImport_RefByte_SuppressGC,PInvokeBench,FillBenchmarks,LibraryImport_RefByte_SuppressGC,ShortRun,Default,Default,Default,Default,Default,Default,Default,Default,Default,Default,Default,Default,Default,Default,Default,Default,Default,Default,Default,Default,Default,Default,Default,Default,Default,Default,Default,Default,Default,Default,Default,3,Default,1,Default,Default,Default,Default,Default,Default,Default,3,"ShortRun(IterationCount=3, LaunchCount=1, WarmupCount=3)",Size=0,1,Workload,Pilot,24,529137700,134217728,3.94,0,0,0,0
FillBenchmarks.LibraryImport_RefByte_SuppressGC,PInvokeBench,FillBenchmarks,LibraryImport_RefByte_SuppressGC,ShortRun,Default,Default,Default,Default,Default,Default,Default,Default,Default,Default,Default,Default,Default,Default,Default,Default,Default,Default,Default,Default,Default,Default,Default,Default,Default,Default,Default,Default,Default,Default,Default,3,Default,1,Default,Default,Default,Default,Default,Default,Default,3,"ShortRun(IterationCount=3, LaunchCount=1, WarmupCount=3)",Size=0,1,Overhead,Warmup,1,344094900,134217728,2.56,0,0,0,0
FillBenchmarks.LibraryImport_RefByte_SuppressGC,PInvokeBench,FillBenchmarks,LibraryImport_RefByte_SuppressGC,ShortRun,Default,Default,Default,Default,Default,Default,Default,Default,Default,Default,Default,Default,Default,Default,Default,Default,Default,Default,Default,Default,Default,Default,Default,Default,Default,Default,Default,Default,Default,Default,Default,3,Default,1,Default,Default,Default,Default,Default,Default,Default,3,"ShortRun(IterationCount=3, LaunchCount=1, WarmupCount=3)",Size=0,1,Overhead,Warmup,2,311920000,134217728,2.32,0,0,0,0
FillBenchmarks.LibraryImport_RefByte_SuppressGC,PInvokeBench,FillBenchmarks,LibraryImport_RefByte_SuppressGC,ShortRun,Default,Default,Default,Default,Default,Default,Default,Default,Default,Default,Default,Default,Default,Default,Default,Default,Default,Default,Default,Default,Default,Default,Default,Default,Default,Default,Default,Default,Default,Default,Default,3,Default,1,Default,Default,Default,Default,Default,Default,Default,3,"ShortRun(IterationCount=3, LaunchCount=1, WarmupCount=3)",Size=0,1,Overhead,Warmup,3,290107400,134217728,2.16,0,0,0,0
FillBenchmarks.LibraryImport_RefByte_SuppressGC,PInvokeBench,FillBenchmarks,LibraryImport_RefByte_SuppressGC,ShortRun,Default,Default,Default,Default,Default,Default,Default,Default,Default,Default,Default,Default,Default,Default,Default,Default,Default,Default,Default,Default,Default,Default,Default,Default,Default,Default,Default,Default,Default,Default,Default,3,Default,1,Default,Default,Default,Default,Default,Default,Default,3,"ShortRun(IterationCount=3, LaunchCount=1, WarmupCount=3)",Size=0,1,Overhead,Warmup,4,272588200,134217728,2.03,0,0,0,0
FillBenchmarks.LibraryImport_RefByte_SuppressGC,PInvokeBench,FillBenchmarks,LibraryImport_RefByte_SuppressGC,ShortRun,Default,Default,Default,Default,Default,Default,Default,Default,Default,Default,Default,Default,Default,Default,Default,Default,Default,Default,Default,Default,Default,Default,Default,Default,Default,Default,Default,Default,Default,Default,Default,3,Default,1,Default,Default,Default,Default,Default,Default,Default,3,"ShortRun(IterationCount=3, LaunchCount=1, WarmupCount=3)",Size=0,1,Overhead,Warmup,5,292514400,134217728,2.18,0,0,0,0
FillBenchmarks.LibraryImport_RefByte_SuppressGC,PInvokeBench,FillBenchmarks,LibraryImport_RefByte_SuppressGC,ShortRun,Default,Default,Default,Default,Default,Default,Default,Default,Default,Default,Default,Default,Default,Default,Default,Default,Default,Default,Default,Default,Default,Default,Default,Default,Default,Default,Default,Default,Default,Default,Default,3,Default,1,Default,Default,Default,Default,Default,Default,Default,3,"ShortRun(IterationCount=3, LaunchCount=1, WarmupCount=3)",Size=0,1,Overhead,Warmup,6,280574100,134217728,2.09,0,0,0,0
FillBenchmarks.LibraryImport_RefByte_SuppressGC,PInvokeBench,FillBenchmarks,LibraryImport_RefByte_SuppressGC,ShortRun,Default,Default,Default,Default,Default,Default,Default,Default,Default,Default,Default,Default,Default,Default,Default,Default,Default,Default,Default,Default,Default,Default,Default,Default,Default,Default,Default,Default,Default,Default,Default,3,Default,1,Default,Default,Default,Default,Default,Default,Default,3,"ShortRun(IterationCount=3, LaunchCount=1, WarmupCount=3)",Size=0,1,Overhead,Warmup,7,274933000,134217728,2.05,0,0,0,0
FillBenchmarks.LibraryImport_RefByte_SuppressGC,PInvokeBench,FillBenchmarks,LibraryImport_RefByte_SuppressGC,ShortRun,Default,Default,Default,Default,Default,Default,Default,Default,Default,Default,Default,Default,Default,Default,Default,Default,Default,Default,Default,Default,Default,Default,Default,Default,Default,Default,Default,Default,Default,Default,Default,3,Default,1,Default,Default,Default,Default,Default,Default,Default,3,"ShortRun(IterationCount=3, LaunchCount=1, WarmupCount=3)",Size=0,1,Overhead,Warmup,8,298807400,134217728,2.23,0,0,0,0
FillBenchmarks.LibraryImport_RefByte_SuppressGC,PInvokeBench,FillBenchmarks,LibraryImport_RefByte_SuppressGC,ShortRun,Default,Default,Default,Default,Default,Default,Default,Default,Default,Default,Default,Default,Default,Default,Default,Default,Default,Default,Default,Default,Default,Default,Default,Default,Default,Default,Default,Default,Default,Default,Default,3,Default,1,Default,Default,Default,Default,Default,Default,Default,3,"ShortRun(IterationCount=3, LaunchCount=1, WarmupCount=3)",Size=0,1,Overhead,Warmup,9,292413000,134217728,2.18,0,0,0,0
FillBenchmarks.LibraryImport_RefByte_SuppressGC,PInvokeBench,FillBenchmarks,LibraryImport_RefByte_SuppressGC,ShortRun,Default,Default,Default,Default,Default,Default,Default,Default,Default,Default,Default,Default,Default,Default,Default,Default,Default,Default,Default,Default,Default,Default,Default,Default,Default,Default,Default,Default,Default,Default,Default,3,Default,1,Default,Default,Default,Default,Default,Default,Default,3,"ShortRun(IterationCount=3, LaunchCount=1, WarmupCount=3)",Size=0,1,Overhead,Actual,1,290119600,134217728,2.16,0,0,0,0
FillBenchmarks.LibraryImport_RefByte_SuppressGC,PInvokeBench,FillBenchmarks,LibraryImport_RefByte_SuppressGC,ShortRun,Default,Default,Default,Default,Default,Default,Default,Default,Default,Default,Default,Default,Default,Default,Default,Default,Default,Default,Default,Default,Default,Default,Default,Default,Default,Default,Default,Default,Default,Default,Default,3,Default,1,Default,Default,Default,Default,Default,Default,Default,3,"ShortRun(IterationCount=3, LaunchCount=1, WarmupCount=3)",Size=0,1,Overhead,Actual,2,265378000,134217728,1.98,0,0,0,0
FillBenchmarks.LibraryImport_RefByte_SuppressGC,PInvokeBench,FillBenchmarks,LibraryImport_RefByte_SuppressGC,ShortRun,Default,Default,Default,Default,Default,Default,Default,Default,Default,Default,Default,Default,Default,Default,Default,Default,Default,Default,Default,Default,Default,Default,Default,Default,Default,Default,Default,Default,Default,Default,Default,3,Default,1,Default,Default,Default,Default,Default,Default,Default,3,"ShortRun(IterationCount=3, LaunchCount=1, WarmupCount=3)",Size=0,1,Overhead,Actual,3,274723400,134217728,2.05,0,0,0,0
FillBenchmarks.LibraryImport_RefByte_SuppressGC,PInvokeBench,FillBenchmarks,LibraryImport_RefByte_SuppressGC,ShortRun,Default,Default,Default,Default,Default,Default,Default,Default,Default,Default,Default,Default,Default,Default,Default,Default,Default,Default,Default,Default,Default,Default,Default,Default,Default,Default,Default,Default,Default,Default,Default,3,Default,1,Default,Default,Default,Default,Default,Default,Default,3,"ShortRun(IterationCount=3, LaunchCount=1, WarmupCount=3)",Size=0,1,Overhead,Actual,4,279656300,134217728,2.08,0,0,0,0
FillBenchmarks.LibraryImport_RefByte_SuppressGC,PInvokeBench,FillBenchmarks,LibraryImport_RefByte_SuppressGC,ShortRun,Default,Default,Default,Default,Default,Default,Default,Default,Default,Default,Default,Default,Default,Default,Default,Default,Default,Default,Default,Default,Default,Default,Default,Default,Default,Default,Default,Default,Default,Default,Default,3,Default,1,Default,Default,Default,Default,Default,Default,Default,3,"ShortRun(IterationCount=3, LaunchCount=1, WarmupCount=3)",Size=0,1,Overhead,Actual,5,280662600,134217728,2.09,0,0,0,0
FillBenchmarks.LibraryImport_RefByte_SuppressGC,PInvokeBench,FillBenchmarks,LibraryImport_RefByte_SuppressGC,ShortRun,Default,Default,Default,Default,Default,Default,Default,Default,Default,Default,Default,Default,Default,Default,Default,Default,Default,Default,Default,Default,Default,Default,Default,Default,Default,Default,Default,Default,Default,Default,Default,3,Default,1,Default,Default,Default,Default,Default,Default,Default,3,"ShortRun(IterationCount=3, LaunchCount=1, WarmupCount=3)",Size=0,1,Overhead,Actual,6,282895300,134217728,2.11,0,0,0,0
FillBenchmarks.LibraryImport_RefByte_SuppressGC,PInvokeBench,FillBenchmarks,LibraryImport_RefByte_SuppressGC,ShortRun,Default,Default,Default,Default,Default,Default,Default,Default,Default,Default,Default,Default,Default,Default,Default,Default,Default,Default,Default,Default,Default,Default,Default,Default,Default,Default,Default,Default,Default,Default,Default,3,Default,1,Default,Default,Default,Default,Default,Default,Default,3,"ShortRun(IterationCount=3, LaunchCount=1, WarmupCount=3)",Size=0,1,Overhead,Actual,7,288475400,134217728,2.15,0,0,0,0
FillBenchmarks.LibraryImport_RefByte_SuppressGC,PInvokeBench,FillBenchmarks,LibraryImport_RefByte_SuppressGC,ShortRun,Default,Default,Default,Default,Default,Default,Default,Default,Default,Default,Default,Default,Default,Default,Default,Default,Default,Default,Default,Default,Default,Default,Default,Default,Default,Default,Default,Default,Default,Default,Default,3,Default,1,Default,Default,Default,Default,Default,Default,Default,3,"ShortRun(IterationCount=3, LaunchCount=1, WarmupCount=3)",Size=0,1,Overhead,Actual,8,276228900,134217728,2.06,0,0,0,0
FillBenchmarks.LibraryImport_RefByte_SuppressGC,PInvokeBench,FillBenchmarks,LibraryImport_RefByte_SuppressGC,ShortRun,Default,Default,Default,Default,Default,Default,Default,Default,Default,Default,Default,Default,Default,Default,Default,Default,Default,Default,Default,Default,Default,Default,Default,Default,Default,Default,Default,Default,Default,Default,Default,3,Default,1,Default,Default,Default,Default,Default,Default,Default,3,"ShortRun(IterationCount=3, LaunchCount=1, WarmupCount=3)",Size=0,1,Overhead,Actual,9,294706800,134217728,2.2,0,0,0,0
FillBenchmarks.LibraryImport_RefByte_SuppressGC,PInvokeBench,FillBenchmarks,LibraryImport_RefByte_SuppressGC,ShortRun,Default,Default,Default,Default,Default,Default,Default,Default,Default,Default,Default,Default,Default,Default,Default,Default,Default,Default,Default,Default,Default,Default,Default,Default,Default,Default,Default,Default,Default,Default,Default,3,Default,1,Default,Default,Default,Default,Default,Default,Default,3,"ShortRun(IterationCount=3, LaunchCount=1, WarmupCount=3)",Size=0,1,Overhead,Actual,10,286217200,134217728,2.13,0,0,0,0
FillBenchmarks.LibraryImport_RefByte_SuppressGC,PInvokeBench,FillBenchmarks,LibraryImport_RefByte_SuppressGC,ShortRun,Default,Default,Default,Default,Default,Default,Default,Default,Default,Default,Default,Default,Default,Default,Default,Default,Default,Default,Default,Default,Default,Default,Default,Default,Default,Default,Default,Default,Default,Default,Default,3,Default,1,Default,Default,Default,Default,Default,Default,Default,3,"ShortRun(IterationCount=3, LaunchCount=1, WarmupCount=3)",Size=0,1,Overhead,Actual,11,289149200,134217728,2.15,0,0,0,0
FillBenchmarks.LibraryImport_RefByte_SuppressGC,PInvokeBench,FillBenchmarks,LibraryImport_RefByte_SuppressGC,ShortRun,Default,Default,Default,Default,Default,Default,Default,Default,Default,Default,Default,Default,Default,Default,Default,Default,Default,Default,Default,Default,Default,Default,Default,Default,Default,Default,Default,Default,Default,Default,Default,3,Default,1,Default,Default,Default,Default,Default,Default,Default,3,"ShortRun(IterationCount=3, LaunchCount=1, WarmupCount=3)",Size=0,1,Overhead,Actual,12,269871200,134217728,2.01,0,0,0,0
FillBenchmarks.LibraryImport_RefByte_SuppressGC,PInvokeBench,FillBenchmarks,LibraryImport_RefByte_SuppressGC,ShortRun,Default,Default,Default,Default,Default,Default,Default,Default,Default,Default,Default,Default,Default,Default,Default,Default,Default,Default,Default,Default,Default,Default,Default,Default,Default,Default,Default,Default,Default,Default,Default,3,Default,1,Default,Default,Default,Default,Default,Default,Default,3,"ShortRun(IterationCount=3, LaunchCount=1, WarmupCount=3)",Size=0,1,Overhead,Actual,13,271893600,134217728,2.03,0,0,0,0
FillBenchmarks.LibraryImport_RefByte_SuppressGC,PInvokeBench,FillBenchmarks,LibraryImport_RefByte_SuppressGC,ShortRun,Default,Default,Default,Default,Default,Default,Default,Default,Default,Default,Default,Default,Default,Default,Default,Default,Default,Default,Default,Default,Default,Default,Default,Default,Default,Default,Default,Default,Default,Default,Default,3,Default,1,Default,Default,Default,Default,Default,Default,Default,3,"ShortRun(IterationCount=3, LaunchCount=1, WarmupCount=3)",Size=0,1,Overhead,Actual,14,285580400,134217728,2.13,0,0,0,0
FillBenchmarks.LibraryImport_RefByte_SuppressGC,PInvokeBench,FillBenchmarks,LibraryImport_RefByte_SuppressGC,ShortRun,Default,Default,Default,Default,Default,Default,Default,Default,Default,Default,Default,Default,Default,Default,Default,Default,Default,Default,Default,Default,Default,Default,Default,Default,Default,Default,Default,Default,Default,Default,Default,3,Default,1,Default,Default,Default,Default,Default,Default,Default,3,"ShortRun(IterationCount=3, LaunchCount=1, WarmupCount=3)",Size=0,1,Overhead,Actual,15,319280700,134217728,2.38,0,0,0,0
FillBenchmarks.LibraryImport_RefByte_SuppressGC,PInvokeBench,FillBenchmarks,LibraryImport_RefByte_SuppressGC,ShortRun,Default,Default,Default,Default,Default,Default,Default,Default,Default,Default,Default,Default,Default,Default,Default,Default,Default,Default,Default,Default,Default,Default,Default,Default,Default,Default,Default,Default,Default,Default,Default,3,Default,1,Default,Default,Default,Default,Default,Default,Default,3,"ShortRun(IterationCount=3, LaunchCount=1, WarmupCount=3)",Size=0,1,Workload,Warmup,1,601129300,134217728,4.48,0,0,0,0
FillBenchmarks.LibraryImport_RefByte_SuppressGC,PInvokeBench,FillBenchmarks,LibraryImport_RefByte_SuppressGC,ShortRun,Default,Default,Default,Default,Default,Default,Default,Default,Default,Default,Default,Default,Default,Default,Default,Default,Default,Default,Default,Default,Default,Default,Default,Default,Default,Default,Default,Default,Default,Default,Default,3,Default,1,Default,Default,Default,Default,Default,Default,Default,3,"ShortRun(IterationCount=3, LaunchCount=1, WarmupCount=3)",Size=0,1,Workload,Warmup,2,536637200,134217728,4,0,0,0,0
FillBenchmarks.LibraryImport_RefByte_SuppressGC,PInvokeBench,FillBenchmarks,LibraryImport_RefByte_SuppressGC,ShortRun,Default,Default,Default,Default,Default,Default,Default,Default,Default,Default,Default,Default,Default,Default,Default,Default,Default,Default,Default,Default,Default,Default,Default,Default,Default,Default,Default,Default,Default,Default,Default,3,Default,1,Default,Default,Default,Default,Default,Default,Default,3,"ShortRun(IterationCount=3, LaunchCount=1, WarmupCount=3)",Size=0,1,Workload,Warmup,3,515878800,134217728,3.84,0,0,0,0
FillBenchmarks.LibraryImport_RefByte_SuppressGC,PInvokeBench,FillBenchmarks,LibraryImport_RefByte_SuppressGC,ShortRun,Default,Default,Default,Default,Default,Default,Default,Default,Default,Default,Default,Default,Default,Default,Default,Default,Default,Default,Default,Default,Default,Default,Default,Default,Default,Default,Default,Default,Default,Default,Default,3,Default,1,Default,Default,Default,Default,Default,Default,Default,3,"ShortRun(IterationCount=3, LaunchCount=1, WarmupCount=3)",Size=0,1,Workload,Actual,1,546311500,134217728,4.07,0,0,0,0
FillBenchmarks.LibraryImport_RefByte_SuppressGC,PInvokeBench,FillBenchmarks,LibraryImport_RefByte_SuppressGC,ShortRun,Default,Default,Default,Default,Default,Default,Default,Default,Default,Default,Default,Default,Default,Default,Default,Default,Default,Default,Default,Default,Default,Default,Default,Default,Default,Default,Default,Default,Default,Default,Default,3,Default,1,Default,Default,Default,Default,Default,Default,Default,3,"ShortRun(IterationCount=3, LaunchCount=1, WarmupCount=3)",Size=0,1,Workload,Actual,2,537629600,134217728,4.01,0,0,0,0
FillBenchmarks.LibraryImport_RefByte_SuppressGC,PInvokeBench,FillBenchmarks,LibraryImport_RefByte_SuppressGC,ShortRun,Default,Default,Default,Default,Default,Default,Default,Default,Default,Default,Default,Default,Default,Default,Default,Default,Default,Default,Default,Default,Default,Default,Default,Default,Default,Default,Default,Default,Default,Default,Default,3,Default,1,Default,Default,Default,Default,Default,Default,Default,3,"ShortRun(IterationCount=3, LaunchCount=1, WarmupCount=3)",Size=0,1,Workload,Actual,3,513770900,134217728,3.83,0,0,0,0
FillBenchmarks.LibraryImport_RefByte_SuppressGC,PInvokeBench,FillBenchmarks,LibraryImport_RefByte_SuppressGC,ShortRun,Default,Default,Default,Default,Default,Default,Default,Default,Default,Default,Default,Default,Default,Default,Default,Default,Default,Default,Default,Default,Default,Default,Default,Default,Default,Default,Default,Default,Default,Default,Default,3,Default,1,Default,Default,Default,Default,Default,Default,Default,3,"ShortRun(IterationCount=3, LaunchCount=1, WarmupCount=3)",Size=0,1,Workload,Result,1,263416200,134217728,1.96,0,0,0,0
FillBenchmarks.LibraryImport_RefByte_SuppressGC,PInvokeBench,FillBenchmarks,LibraryImport_RefByte_SuppressGC,ShortRun,Default,Default,Default,Default,Default,Default,Default,Default,Default,Default,Default,Default,Default,Default,Default,Default,Default,Default,Default,Default,Default,Default,Default,Default,Default,Default,Default,Default,Default,Default,Default,3,Default,1,Default,Default,Default,Default,Default,Default,Default,3,"ShortRun(IterationCount=3, LaunchCount=1, WarmupCount=3)",Size=0,1,Workload,Result,2,254734300,134217728,1.9,0,0,0,0
FillBenchmarks.LibraryImport_RefByte_SuppressGC,PInvokeBench,FillBenchmarks,LibraryImport_RefByte_SuppressGC,ShortRun,Default,Default,Default,Default,Default,Default,Default,Default,Default,Default,Default,Default,Default,Default,Default,Default,Default,Default,Default,Default,Default,Default,Default,Default,Default,Default,Default,Default,Default,Default,Default,3,Default,1,Default,Default,Default,Default,Default,Default,Default,3,"ShortRun(IterationCount=3, LaunchCount=1, WarmupCount=3)",Size=0,1,Workload,Result,3,230875600,134217728,1.72,0,0,0,0
FillBenchmarks.DllImport_ByteArray,PInvokeBench,FillBenchmarks,DllImport_ByteArray,ShortRun,Default,Default,Default,Default,Default,Default,Default,Default,Default,Default,Default,Default,Default,Default,Default,Default,Default,Default,Default,Default,Default,Default,Default,Default,Default,Default,Default,Default,Default,Default,Default,3,Default,1,Default,Default,Default,Default,Default,Default,Default,3,"ShortRun(IterationCount=3, LaunchCount=1, WarmupCount=3)",Size=16,1,Overhead,Jitting,1,216300,1,216300,0,0,0,0
FillBenchmarks.DllImport_ByteArray,PInvokeBench,FillBenchmarks,DllImport_ByteArray,ShortRun,Default,Default,Default,Default,Default,Default,Default,Default,Default,Default,Default,Default,Default,Default,Default,Default,Default,Default,Default,Default,Default,Default,Default,Default,Default,Default,Default,Default,Default,Default,Default,3,Default,1,Default,Default,Default,Default,Default,Default,Default,3,"ShortRun(IterationCount=3, LaunchCount=1, WarmupCount=3)",Size=16,1,Workload,Jitting,1,670400,1,670400,0,0,0,0
FillBenchmarks.DllImport_ByteArray,PInvokeBench,FillBenchmarks,DllImport_ByteArray,ShortRun,Default,Default,Default,Default,Default,Default,Default,Default,Default,Default,Default,Default,Default,Default,Default,Default,Default,Default,Default,Default,Default,Default,Default,Default,Default,Default,Default,Default,Default,Default,Default,3,Default,1,Default,Default,Default,Default,Default,Default,Default,3,"ShortRun(IterationCount=3, LaunchCount=1, WarmupCount=3)",Size=16,1,Overhead,Jitting,2,320700,16,20043.75,0,0,0,0
FillBenchmarks.DllImport_ByteArray,PInvokeBench,FillBenchmarks,DllImport_ByteArray,ShortRun,Default,Default,Default,Default,Default,Default,Default,Default,Default,Default,Default,Default,Default,Default,Default,Default,Default,Default,Default,Default,Default,Default,Default,Default,Default,Default,Default,Default,Default,Default,Default,3,Default,1,Default,Default,Default,Default,Default,Default,Default,3,"ShortRun(IterationCount=3, LaunchCount=1, WarmupCount=3)",Size=16,1,Workload,Jitting,2,378300,16,23643.75,0,0,0,0
FillBenchmarks.DllImport_ByteArray,PInvokeBench,FillBenchmarks,DllImport_ByteArray,ShortRun,Default,Default,Default,Default,Default,Default,Default,Default,Default,Default,Default,Default,Default,Default,Default,Default,Default,Default,Default,Default,Default,Default,Default,Default,Default,Default,Default,Default,Default,Default,Default,3,Default,1,Default,Default,Default,Default,Default,Default,Default,3,"ShortRun(IterationCount=3, LaunchCount=1, WarmupCount=3)",Size=16,1,Workload,Pilot,1,1300,16,81.25,0,0,0,0
FillBenchmarks.DllImport_ByteArray,PInvokeBench,FillBenchmarks,DllImport_ByteArray,ShortRun,Default,Default,Default,Default,Default,Default,Default,Default,Default,Default,Default,Default,Default,Default,Default,Default,Default,Default,Default,Default,Default,Default,Default,Default,Default,Default,Default,Default,Default,Default,Default,3,Default,1,Default,Default,Default,Default,Default,Default,Default,3,"ShortRun(IterationCount=3, LaunchCount=1, WarmupCount=3)",Size=16,1,Workload,Pilot,2,1000,32,31.25,0,0,0,0
FillBenchmarks.DllImport_ByteArray,PInvokeBench,FillBenchmarks,DllImport_ByteArray,ShortRun,Default,Default,Default,Default,Default,Default,Default,Default,Default,Default,Default,Default,Default,Default,Default,Default,Default,Default,Default,Default,Default,Default,Default,Default,Default,Default,Default,Default,Default,Default,Default,3,Default,1,Default,Default,Default,Default,Default,Default,Default,3,"ShortRun(IterationCount=3, LaunchCount=1, WarmupCount=3)",Size=16,1,Workload,Pilot,3,1100,64,17.19,0,0,0,0
FillBenchmarks.DllImport_ByteArray,PInvokeBench,FillBenchmarks,DllImport_ByteArray,ShortRun,Default,Default,Default,Default,Default,Default,Default,Default,Default,Default,Default,Default,Default,Default,Default,Default,Default,Default,Default,Default,Default,Default,Default,Default,Default,Default,Default,Default,Default,Default,Default,3,Default,1,Default,Default,Default,Default,Default,Default,Default,3,"ShortRun(IterationCount=3, LaunchCount=1, WarmupCount=3)",Size=16,1,Workload,Pilot,4,1500,128,11.72,0,0,0,0
FillBenchmarks.DllImport_ByteArray,PInvokeBench,FillBenchmarks,DllImport_ByteArray,ShortRun,Default,Default,Default,Default,Default,Default,Default,Default,Default,Default,Default,Default,Default,Default,Default,Default,Default,Default,Default,Default,Default,Default,Default,Default,Default,Default,Default,Default,Default,Default,Default,3,Default,1,Default,Default,Default,Default,Default,Default,Default,3,"ShortRun(IterationCount=3, LaunchCount=1, WarmupCount=3)",Size=16,1,Workload,Pilot,5,3100,256,12.11,0,0,0,0
FillBenchmarks.DllImport_ByteArray,PInvokeBench,FillBenchmarks,DllImport_ByteArray,ShortRun,Default,Default,Default,Default,Default,Default,Default,Default,Default,Default,Default,Default,Default,Default,Default,Default,Default,Default,Default,Default,Default,Default,Default,Default,Default,Default,Default,Default,Default,Default,Default,3,Default,1,Default,Default,Default,Default,Default,Default,Default,3,"ShortRun(IterationCount=3, LaunchCount=1, WarmupCount=3)",Size=16,1,Workload,Pilot,6,5200,512,10.16,0,0,0,0
FillBenchmarks.DllImport_ByteArray,PInvokeBench,FillBenchmarks,DllImport_ByteArray,ShortRun,Default,Default,Default,Default,Default,Default,Default,Default,Default,Default,Default,Default,Default,Default,Default,Default,Default,Default,Default,Default,Default,Default,Default,Default,Default,Default,Default,Default,Default,Default,Default,3,Default,1,Default,Default,Default,Default,Default,Default,Default,3,"ShortRun(IterationCount=3, LaunchCount=1, WarmupCount=3)",Size=16,1,Workload,Pilot,7,10200,1024,9.96,0,0,0,0
FillBenchmarks.DllImport_ByteArray,PInvokeBench,FillBenchmarks,DllImport_ByteArray,ShortRun,Default,Default,Default,Default,Default,Default,Default,Default,Default,Default,Default,Default,Default,Default,Default,Default,Default,Default,Default,Default,Default,Default,Default,Default,Default,Default,Default,Default,Default,Default,Default,3,Default,1,Default,Default,Default,Default,Default,Default,Default,3,"ShortRun(IterationCount=3, LaunchCount=1, WarmupCount=3)",Size=16,1,Workload,Pilot,8,20600,2048,10.06,0,0,0,0
FillBenchmarks.DllImport_ByteArray,PInvokeBench,FillBenchmarks,DllImport_ByteArray,ShortRun,Default,Default,Default,Default,Default,Default,Default,Default,Default,Default,Default,Default,Default,Default,Default,Default,Default,Default,Default,Default,Default,Default,Default,Default,Default,Default,Default,Default,Default,Default,Default,3,Default,1,Default,Default,Default,Default,Default,Default,Default,3,"ShortRun(IterationCount=3, LaunchCount=1, WarmupCount=3)",Size=16,1,Workload,Pilot,9,39500,4096,9.64,0,0,0,0
FillBenchmarks.DllImport_ByteArray,PInvokeBench,FillBenchmarks,DllImport_ByteArray,ShortRun,Default,Default,Default,Default,Default,Default,Default,Default,Default,Default,Default,Default,Default,Default,Default,Default,Default,Default,Default,Default,Default,Default,Default,Default,Default,Default,Default,Default,Default,Default,Default,3,Default,1,Default,Default,Default,Default,Default,Default,Default,3,"ShortRun(IterationCount=3, LaunchCount=1, WarmupCount=3)",Size=16,1,Workload,Pilot,10,79000,8192,9.64,0,0,0,0
FillBenchmarks.DllImport_ByteArray,PInvokeBench,FillBenchmarks,DllImport_ByteArray,ShortRun,Default,Default,Default,Default,Default,Default,Default,Default,Default,Default,Default,Default,Default,Default,Default,Default,Default,Default,Default,Default,Default,Default,Default,Default,Default,Default,Default,Default,Default,Default,Default,3,Default,1,Default,Default,Default,Default,Default,Default,Default,3,"ShortRun(IterationCount=3, LaunchCount=1, WarmupCount=3)",Size=16,1,Workload,Pilot,11,156600,16384,9.56,0,0,0,0
FillBenchmarks.DllImport_ByteArray,PInvokeBench,FillBenchmarks,DllImport_ByteArray,ShortRun,Default,Default,Default,Default,Default,Default,Default,Default,Default,Default,Default,Default,Default,Default,Default,Default,Default,Default,Default,Default,Default,Default,Default,Default,Default,Default,Default,Default,Default,Default,Default,3,Default,1,Default,Default,Default,Default,Default,Default,Default,3,"ShortRun(IterationCount=3, LaunchCount=1, WarmupCount=3)",Size=16,1,Workload,Pilot,12,312600,32768,9.54,0,0,0,0
FillBenchmarks.DllImport_ByteArray,PInvokeBench,FillBenchmarks,DllImport_ByteArray,ShortRun,Default,Default,Default,Default,Default,Default,Default,Default,Default,Default,Default,Default,Default,Default,Default,Default,Default,Default,Default,Default,Default,Default,Default,Default,Default,Default,Default,Default,Default,Default,Default,3,Default,1,Default,Default,Default,Default,Default,Default,Default,3,"ShortRun(IterationCount=3, LaunchCount=1, WarmupCount=3)",Size=16,1,Workload,Pilot,13,639200,65536,9.75,0,0,0,0
FillBenchmarks.DllImport_ByteArray,PInvokeBench,FillBenchmarks,DllImport_ByteArray,ShortRun,Default,Default,Default,Default,Default,Default,Default,Default,Default,Default,Default,Default,Default,Default,Default,Default,Default,Default,Default,Default,Default,Default,Default,Default,Default,Default,Default,Default,Default,Default,Default,3,Default,1,Default,Default,Default,Default,Default,Default,Default,3,"ShortRun(IterationCount=3, LaunchCount=1, WarmupCount=3)",Size=16,1,Workload,Pilot,14,1378500,131072,10.52,0,0,0,0
FillBenchmarks.DllImport_ByteArray,PInvokeBench,FillBenchmarks,DllImport_ByteArray,ShortRun,Default,Default,Default,Default,Default,Default,Default,Default,Default,Default,Default,Default,Default,Default,Default,Default,Default,Default,Default,Default,Default,Default,Default,Default,Default,Default,Default,Default,Default,Default,Default,3,Default,1,Default,Default,Default,Default,Default,Default,Default,3,"ShortRun(IterationCount=3, LaunchCount=1, WarmupCount=3)",Size=16,1,Workload,Pilot,15,2839200,262144,10.83,0,0,0,0
FillBenchmarks.DllImport_ByteArray,PInvokeBench,FillBenchmarks,DllImport_ByteArray,ShortRun,Default,Default,Default,Default,Default,Default,Default,Default,Default,Default,Default,Default,Default,Default,Default,Default,Default,Default,Default,Default,Default,Default,Default,Default,Default,Default,Default,Default,Default,Default,Default,3,Default,1,Default,Default,Default,Default,Default,Default,Default,3,"ShortRun(IterationCount=3, LaunchCount=1, WarmupCount=3)",Size=16,1,Workload,Pilot,16,5814200,524288,11.09,0,0,0,0
FillBenchmarks.DllImport_ByteArray,PInvokeBench,FillBenchmarks,DllImport_ByteArray,ShortRun,Default,Default,Default,Default,Default,Default,Default,Default,Default,Default,Default,Default,Default,Default,Default,Default,Default,Default,Default,Default,Default,Default,Default,Default,Default,Default,Default,Default,Default,Default,Default,3,Default,1,Default,Default,Default,Default,Default,Default,Default,3,"ShortRun(IterationCount=3, LaunchCount=1, WarmupCount=3)",Size=16,1,Workload,Pilot,17,11720500,1048576,11.18,0,0,0,0
FillBenchmarks.DllImport_ByteArray,PInvokeBench,FillBenchmarks,DllImport_ByteArray,ShortRun,Default,Default,Default,Default,Default,Default,Default,Default,Default,Default,Default,Default,Default,Default,Default,Default,Default,Default,Default,Default,Default,Default,Default,Default,Default,Default,Default,Default,Default,Default,Default,3,Default,1,Default,Default,Default,Default,Default,Default,Default,3,"ShortRun(IterationCount=3, LaunchCount=1, WarmupCount=3)",Size=16,1,Workload,Pilot,18,25181900,2097152,12.01,0,0,0,0
FillBenchmarks.DllImport_ByteArray,PInvokeBench,FillBenchmarks,DllImport_ByteArray,ShortRun,Default,Default,Default,Default,Default,Default,Default,Default,Default,Default,Default,Default,Default,Default,Default,Default,Default,Default,Default,Default,Default,Default,Default,Default,Default,Default,Default,Default,Default,Default,Default,3,Default,1,Default,Default,Default,Default,Default,Default,Default,3,"ShortRun(IterationCount=3, LaunchCount=1, WarmupCount=3)",Size=16,1,Workload,Pilot,19,49417000,4194304,11.78,0,0,0,0
FillBenchmarks.DllImport_ByteArray,PInvokeBench,FillBenchmarks,DllImport_ByteArray,ShortRun,Default,Default,Default,Default,Default,Default,Default,Default,Default,Default,Default,Default,Default,Default,Default,Default,Default,Default,Default,Default,Default,Default,Default,Default,Default,Default,Default,Default,Default,Default,Default,3,Default,1,Default,Default,Default,Default,Default,Default,Default,3,"ShortRun(IterationCount=3, LaunchCount=1, WarmupCount=3)",Size=16,1,Workload,Pilot,20,97488400,8388608,11.62,0,0,0,0
FillBenchmarks.DllImport_ByteArray,PInvokeBench,FillBenchmarks,DllImport_ByteArray,ShortRun,Default,Default,Default,Default,Default,Default,Default,Default,Default,Default,Default,Default,Default,Default,Default,Default,Default,Default,Default,Default,Default,Default,Default,Default,Default,Default,Default,Default,Default,Default,Default,3,Default,1,Default,Default,Default,Default,Default,Default,Default,3,"ShortRun(IterationCount=3, LaunchCount=1, WarmupCount=3)",Size=16,1,Workload,Pilot,21,203606600,16777216,12.14,0,0,0,0
FillBenchmarks.DllImport_ByteArray,PInvokeBench,FillBenchmarks,DllImport_ByteArray,ShortRun,Default,Default,Default,Default,Default,Default,Default,Default,Default,Default,Default,Default,Default,Default,Default,Default,Default,Default,Default,Default,Default,Default,Default,Default,Default,Default,Default,Default,Default,Default,Default,3,Default,1,Default,Default,Default,Default,Default,Default,Default,3,"ShortRun(IterationCount=3, LaunchCount=1, WarmupCount=3)",Size=16,1,Workload,Pilot,22,385233600,33554432,11.48,0,0,0,0
FillBenchmarks.DllImport_ByteArray,PInvokeBench,FillBenchmarks,DllImport_ByteArray,ShortRun,Default,Default,Default,Default,Default,Default,Default,Default,Default,Default,Default,Default,Default,Default,Default,Default,Default,Default,Default,Default,Default,Default,Default,Default,Default,Default,Default,Default,Default,Default,Default,3,Default,1,Default,Default,Default,Default,Default,Default,Default,3,"ShortRun(IterationCount=3, LaunchCount=1, WarmupCount=3)",Size=16,1,Workload,Pilot,23,685106900,67108864,10.21,0,0,0,0
FillBenchmarks.DllImport_ByteArray,PInvokeBench,FillBenchmarks,DllImport_ByteArray,ShortRun,Default,Default,Default,Default,Default,Default,Default,Default,Default,Default,Default,Default,Default,Default,Default,Default,Default,Default,Default,Default,Default,Default,Default,Default,Default,Default,Default,Default,Default,Default,Default,3,Default,1,Default,Default,Default,Default,Default,Default,Default,3,"ShortRun(IterationCount=3, LaunchCount=1, WarmupCount=3)",Size=16,1,Overhead,Warmup,1,175038600,67108864,2.61,0,0,0,0
FillBenchmarks.DllImport_ByteArray,PInvokeBench,FillBenchmarks,DllImport_ByteArray,ShortRun,Default,Default,Default,Default,Default,Default,Default,Default,Default,Default,Default,Default,Default,Default,Default,Default,Default,Default,Default,Default,Default,Default,Default,Default,Default,Default,Default,Default,Default,Default,Default,3,Default,1,Default,Default,Default,Default,Default,Default,Default,3,"ShortRun(IterationCount=3, LaunchCount=1, WarmupCount=3)",Size=16,1,Overhead,Warmup,2,145454500,67108864,2.17,0,0,0,0
FillBenchmarks.DllImport_ByteArray,PInvokeBench,FillBenchmarks,DllImport_ByteArray,ShortRun,Default,Default,Default,Default,Default,Default,Default,Default,Default,Default,Default,Default,Default,Default,Default,Default,Default,Default,Default,Default,Default,Default,Default,Default,Default,Default,Default,Default,Default,Default,Default,3,Default,1,Default,Default,Default,Default,Default,Default,Default,3,"ShortRun(IterationCount=3, LaunchCount=1, WarmupCount=3)",Size=16,1,Overhead,Warmup,3,133183500,67108864,1.98,0,0,0,0
FillBenchmarks.DllImport_ByteArray,PInvokeBench,FillBenchmarks,DllImport_ByteArray,ShortRun,Default,Default,Default,Default,Default,Default,Default,Default,Default,Default,Default,Default,Default,Default,Default,Default,Default,Default,Default,Default,Default,Default,Default,Default,Default,Default,Default,Default,Default,Default,Default,3,Default,1,Default,Default,Default,Default,Default,Default,Default,3,"ShortRun(IterationCount=3, LaunchCount=1, WarmupCount=3)",Size=16,1,Overhead,Warmup,4,132419600,67108864,1.97,0,0,0,0
FillBenchmarks.DllImport_ByteArray,PInvokeBench,FillBenchmarks,DllImport_ByteArray,ShortRun,Default,Default,Default,Default,Default,Default,Default,Default,Default,Default,Default,Default,Default,Default,Default,Default,Default,Default,Default,Default,Default,Default,Default,Default,Default,Default,Default,Default,Default,Default,Default,3,Default,1,Default,Default,Default,Default,Default,Default,Default,3,"ShortRun(IterationCount=3, LaunchCount=1, WarmupCount=3)",Size=16,1,Overhead,Warmup,5,130239800,67108864,1.94,0,0,0,0
FillBenchmarks.DllImport_ByteArray,PInvokeBench,FillBenchmarks,DllImport_ByteArray,ShortRun,Default,Default,Default,Default,Default,Default,Default,Default,Default,Default,Default,Default,Default,Default,Default,Default,Default,Default,Default,Default,Default,Default,Default,Default,Default,Default,Default,Default,Default,Default,Default,3,Default,1,Default,Default,Default,Default,Default,Default,Default,3,"ShortRun(IterationCount=3, LaunchCount=1, WarmupCount=3)",Size=16,1,Overhead,Warmup,6,132535000,67108864,1.97,0,0,0,0
FillBenchmarks.DllImport_ByteArray,PInvokeBench,FillBenchmarks,DllImport_ByteArray,ShortRun,Default,Default,Default,Default,Default,Default,Default,Default,Default,Default,Default,Default,Default,Default,Default,Default,Default,Default,Default,Default,Default,Default,Default,Default,Default,Default,Default,Default,Default,Default,Default,3,Default,1,Default,Default,Default,Default,Default,Default,Default,3,"ShortRun(IterationCount=3, LaunchCount=1, WarmupCount=3)",Size=16,1,Overhead,Warmup,7,130441200,67108864,1.94,0,0,0,0
FillBenchmarks.DllImport_ByteArray,PInvokeBench,FillBenchmarks,DllImport_ByteArray,ShortRun,Default,Default,Default,Default,Default,Default,Default,Default,Default,Default,Default,Default,Default,Default,Default,Default,Default,Default,Default,Default,Default,Default,Default,Default,Default,Default,Default,Default,Default,Default,Default,3,Default,1,Default,Default,Default,Default,Default,Default,Default,3,"ShortRun(IterationCount=3, LaunchCount=1, WarmupCount=3)",Size=16,1,Overhead,Warmup,8,130664200,67108864,1.95,0,0,0,0
FillBenchmarks.DllImport_ByteArray,PInvokeBench,FillBenchmarks,DllImport_ByteArray,ShortRun,Default,Default,Default,Default,Default,Default,Default,Default,Default,Default,Default,Default,Default,Default,Default,Default,Default,Default,Default,Default,Default,Default,Default,Default,Default,Default,Default,Default,Default,Default,Default,3,Default,1,Default,Default,Default,Default,Default,Default,Default,3,"ShortRun(IterationCount=3, LaunchCount=1, WarmupCount=3)",Size=16,1,Overhead,Warmup,9,130580800,67108864,1.95,0,0,0,0
FillBenchmarks.DllImport_ByteArray,PInvokeBench,FillBenchmarks,DllImport_ByteArray,ShortRun,Default,Default,Default,Default,Default,Default,Default,Default,Default,Default,Default,Default,Default,Default,Default,Default,Default,Default,Default,Default,Default,Default,Default,Default,Default,Default,Default,Default,Default,Default,Default,3,Default,1,Default,Default,Default,Default,Default,Default,Default,3,"ShortRun(IterationCount=3, LaunchCount=1, WarmupCount=3)",Size=16,1,Overhead,Actual,1,134179400,67108864,2,0,0,0,0
FillBenchmarks.DllImport_ByteArray,PInvokeBench,FillBenchmarks,DllImport_ByteArray,ShortRun,Default,Default,Default,Default,Default,Default,Default,Default,Default,Default,Default,Default,Default,Default,Default,Default,Default,Default,Default,Default,Default,Default,Default,Default,Default,Default,Default,Default,Default,Default,Default,3,Default,1,Default,Default,Default,Default,Default,Default,Default,3,"ShortRun(IterationCount=3, LaunchCount=1, WarmupCount=3)",Size=16,1,Overhead,Actual,2,139189800,67108864,2.07,0,0,0,0
FillBenchmarks.DllImport_ByteArray,PInvokeBench,FillBenchmarks,DllImport_ByteArray,ShortRun,Default,Default,Default,Default,Default,Default,Default,Default,Default,Default,Default,Default,Default,Default,Default,Default,Default,Default,Default,Default,Default,Default,Default,Default,Default,Default,Default,Default,Default,Default,Default,3,Default,1,Default,Default,Default,Default,Default,Default,Default,3,"ShortRun(IterationCount=3, LaunchCount=1, WarmupCount=3)",Size=16,1,Overhead,Actual,3,129853400,67108864,1.93,0,0,0,0
FillBenchmarks.DllImport_ByteArray,PInvokeBench,FillBenchmarks,DllImport_ByteArray,ShortRun,Default,Default,Default,Default,Default,Default,Default,Default,Default,Default,Default,Default,Default,Default,Default,Default,Default,Default,Default,Default,Default,Default,Default,Default,Default,Default,Default,Default,Default,Default,Default,3,Default,1,Default,Default,Default,Default,Default,Default,Default,3,"ShortRun(IterationCount=3, LaunchCount=1, WarmupCount=3)",Size=16,1,Overhead,Actual,4,130232300,67108864,1.94,0,0,0,0
FillBenchmarks.DllImport_ByteArray,PInvokeBench,FillBenchmarks,DllImport_ByteArray,ShortRun,Default,Default,Default,Default,Default,Default,Default,Default,Default,Default,Default,Default,Default,Default,Default,Default,Default,Default,Default,Default,Default,Default,Default,Default,Default,Default,Default,Default,Default,Default,Default,3,Default,1,Default,Default,Default,Default,Default,Default,Default,3,"ShortRun(IterationCount=3, LaunchCount=1, WarmupCount=3)",Size=16,1,Overhead,Actual,5,131096400,67108864,1.95,0,0,0,0
FillBenchmarks.DllImport_ByteArray,PInvokeBench,FillBenchmarks,DllImport_ByteArray,ShortRun,Default,Default,Default,Default,Default,Default,Default,Default,Default,Default,Default,Default,Default,Default,Default,Default,Default,Default,Default,Default,Default,Default,Default,Default,Default,Default,Default,Default,Default,Default,Default,3,Default,1,Default,Default,Default,Default,Default,Default,Default,3,"ShortRun(IterationCount=3, LaunchCount=1, WarmupCount=3)",Size=16,1,Overhead,Actual,6,133044300,67108864,1.98,0,0,0,0
FillBenchmarks.DllImport_ByteArray,PInvokeBench,FillBenchmarks,DllImport_ByteArray,ShortRun,Default,Default,Default,Default,Default,Default,Default,Default,Default,Default,Default,Default,Default,Default,Default,Default,Default,Default,Default,Default,Default,Default,Default,Default,Default,Default,Default,Default,Default,Default,Default,3,Default,1,Default,Default,Default,Default,Default,Default,Default,3,"ShortRun(IterationCount=3, LaunchCount=1, WarmupCount=3)",Size=16,1,Overhead,Actual,7,133457600,67108864,1.99,0,0,0,0
FillBenchmarks.DllImport_ByteArray,PInvokeBench,FillBenchmarks,DllImport_ByteArray,ShortRun,Default,Default,Default,Default,Default,Default,Default,Default,Default,Default,Default,Default,Default,Default,Default,Default,Default,Default,Default,Default,Default,Default,Default,Default,Default,Default,Default,Default,Default,Default,Default,3,Default,1,Default,Default,Default,Default,Default,Default,Default,3,"ShortRun(IterationCount=3, LaunchCount=1, WarmupCount=3)",Size=16,1,Overhead,Actual,8,131205000,67108864,1.96,0,0,0,0
FillBenchmarks.DllImport_ByteArray,PInvokeBench,FillBenchmarks,DllImport_ByteArray,ShortRun,Default,Default,Default,Default,Default,Default,Default,Default,Default,Default,Default,Default,Default,Default,Default,Default,Default,Default,Default,Default,Default,Default,Default,Default,Default,Default,Default,Default,Default,Default,Default,3,Default,1,Default,Default,Default,Default,Default,Default,Default,3,"ShortRun(IterationCount=3, LaunchCount=1, WarmupCount=3)",Size=16,1,Overhead,Actual,9,138185600,67108864,2.06,0,0,0,0
FillBenchmarks.DllImport_ByteArray,PInvokeBench,FillBenchmarks,DllImport_ByteArray,ShortRun,Default,Default,Default,Default,Default,Default,Default,Default,Default,Default,Default,Default,Default,Default,Default,Default,Default,Default,Default,Default,Default,Default,Default,Default,Default,Default,Default,Default,Default,Default,Default,3,Default,1,Default,Default,Default,Default,Default,Default,Default,3,"ShortRun(IterationCount=3, LaunchCount=1, WarmupCount=3)",Size=16,1,Overhead,Actual,10,147997000,67108864,2.21,0,0,0,0
FillBenchmarks.DllImport_ByteArray,PInvokeBench,FillBenchmarks,DllImport_ByteArray,ShortRun,Default,Default,Default,Default,Default,Default,Default,Default,Default,Default,Default,Default,Default,Default,Default,Default,Default,Default,Default,Default,Default,Default,Default,Default,Default,Default,Default,Default,Default,Default,Default,3,Default,1,Default,Default,Default,Default,Default,Default,Default,3,"ShortRun(IterationCount=3, LaunchCount=1, WarmupCount=3)",Size=16,1,Overhead,Actual,11,145547900,67108864,2.17,0,0,0,0
FillBenchmarks.DllImport_ByteArray,PInvokeBench,FillBenchmarks,DllImport_ByteArray,ShortRun,Default,Default,Default,Default,Default,Default,Default,Default,Default,Default,Default,Default,Default,Default,Default,Default,Default,Default,Default,Default,Default,Default,Default,Default,Default,Default,Default,Default,Default,Default,Default,3,Default,1,Default,Default,Default,Default,Default,Default,Default,3,"ShortRun(IterationCount=3, LaunchCount=1, WarmupCount=3)",Size=16,1,Overhead,Actual,12,141595500,67108864,2.11,0,0,0,0
FillBenchmarks.DllImport_ByteArray,PInvokeBench,FillBenchmarks,DllImport_ByteArray,ShortRun,Default,Default,Default,Default,Default,Default,Default,Default,Default,Default,Default,Default,Default,Default,Default,Default,Default,Default,Default,Default,Default,Default,Default,Default,Default,Default,Default,Default,Default,Default,Default,3,Default,1,Default,Default,Default,Default,Default,Default,Default,3,"ShortRun(IterationCount=3, LaunchCount=1, WarmupCount=3)",Size=16,1,Overhead,Actual,13,146518500,67108864,2.18,0,0,0,0
FillBenchmarks.DllImport_ByteArray,PInvokeBench,FillBenchmarks,DllImport_ByteArray,ShortRun,Default,Default,Default,Default,Default,Default,Default,Default,Default,Default,Default,Default,Default,Default,Default,Default,Default,Default,Default,Default,Default,Default,Default,Default,Default,Default,Default,Default,Default,Default,Default,3,Default,1,Default,Default,Default,Default,Default,Default,Default,3,"ShortRun(IterationCount=3, LaunchCount=1, WarmupCount=3)",Size=16,1,Overhead,Actual,14,132980000,67108864,1.98,0,0,0,0
FillBenchmarks.DllImport_ByteArray,PInvokeBench,FillBenchmarks,DllImport_ByteArray,ShortRun,Default,Default,Default,Default,Default,Default,Default,Default,Default,Default,Default,Default,Default,Default,Default,Default,Default,Default,Default,Default,Default,Default,Default,Default,Default,Default,Default,Default,Default,Default,Default,3,Default,1,Default,Default,Default,Default,Default,Default,Default,3,"ShortRun(IterationCount=3, LaunchCount=1, WarmupCount=3)",Size=16,1,Overhead,Actual,15,130113100,67108864,1.94,0,0,0,0
FillBenchmarks.DllImport_ByteArray,PInvokeBench,FillBenchmarks,DllImport_ByteArray,ShortRun,Default,Default,Default,Default,Default,Default,Default,Default,Default,Default,Default,Default,Default,Default,Default,Default,Default,Default,Default,Default,Default,Default,Default,Default,Default,Default,Default,Default,Default,Default,Default,3,Default,1,Default,Default,Default,Default,Default,Default,Default,3,"ShortRun(IterationCount=3, LaunchCount=1, WarmupCount=3)",Size=16,1,Overhead,Actual,16,139398700,67108864,2.08,0,0,0,0
FillBenchmarks.DllImport_ByteArray,PInvokeBench,FillBenchmarks,DllImport_ByteArray,ShortRun,Default,Default,Default,Default,Default,Default,Default,Default,Default,Default,Default,Default,Default,Default,Default,Default,Default,Default,Default,Default,Default,Default,Default,Default,Default,Default,Default,Default,Default,Default,Default,3,Default,1,Default,Default,Default,Default,Default,Default,Default,3,"ShortRun(IterationCount=3, LaunchCount=1, WarmupCount=3)",Size=16,1,Workload,Warmup,1,767269100,67108864,11.43,0,0,0,0
FillBenchmarks.DllImport_ByteArray,PInvokeBench,FillBenchmarks,DllImport_ByteArray,ShortRun,Default,Default,Default,Default,Default,Default,Default,Default,Default,Default,Default,Default,Default,Default,Default,Default,Default,Default,Default,Default,Default,Default,Default,Default,Default,Default,Default,Default,Default,Default,Default,3,Default,1,Default,Default,Default,Default,Default,Default,Default,3,"ShortRun(IterationCount=3, LaunchCount=1, WarmupCount=3)",Size=16,1,Workload,Warmup,2,752912500,67108864,11.22,0,0,0,0
FillBenchmarks.DllImport_ByteArray,PInvokeBench,FillBenchmarks,DllImport_ByteArray,ShortRun,Default,Default,Default,Default,Default,Default,Default,Default,Default,Default,Default,Default,Default,Default,Default,Default,Default,Default,Default,Default,Default,Default,Default,Default,Default,Default,Default,Default,Default,Default,Default,3,Default,1,Default,Default,Default,Default,Default,Default,Default,3,"ShortRun(IterationCount=3, LaunchCount=1, WarmupCount=3)",Size=16,1,Workload,Warmup,3,833319000,67108864,12.42,0,0,0,0
FillBenchmarks.DllImport_ByteArray,PInvokeBench,FillBenchmarks,DllImport_ByteArray,ShortRun,Default,Default,Default,Default,Default,Default,Default,Default,Default,Default,Default,Default,Default,Default,Default,Default,Default,Default,Default,Default,Default,Default,Default,Default,Default,Default,Default,Default,Default,Default,Default,3,Default,1,Default,Default,Default,Default,Default,Default,Default,3,"ShortRun(IterationCount=3, LaunchCount=1, WarmupCount=3)",Size=16,1,Workload,Actual,1,778268200,67108864,11.6,0,0,0,0
FillBenchmarks.DllImport_ByteArray,PInvokeBench,FillBenchmarks,DllImport_ByteArray,ShortRun,Default,Default,Default,Default,Default,Default,Default,Default,Default,Default,Default,Default,Default,Default,Default,Default,Default,Default,Default,Default,Default,Default,Default,Default,Default,Default,Default,Default,Default,Default,Default,3,Default,1,Default,Default,Default,Default,Default,Default,Default,3,"ShortRun(IterationCount=3, LaunchCount=1, WarmupCount=3)",Size=16,1,Workload,Actual,2,697159800,67108864,10.39,0,0,0,0
FillBenchmarks.DllImport_ByteArray,PInvokeBench,FillBenchmarks,DllImport_ByteArray,ShortRun,Default,Default,Default,Default,Default,Default,Default,Default,Default,Default,Default,Default,Default,Default,Default,Default,Default,Default,Default,Default,Default,Default,Default,Default,Default,Default,Default,Default,Default,Default,Default,3,Default,1,Default,Default,Default,Default,Default,Default,Default,3,"ShortRun(IterationCount=3, LaunchCount=1, WarmupCount=3)",Size=16,1,Workload,Actual,3,712548900,67108864,10.62,0,0,0,0
FillBenchmarks.DllImport_ByteArray,PInvokeBench,FillBenchmarks,DllImport_ByteArray,ShortRun,Default,Default,Default,Default,Default,Default,Default,Default,Default,Default,Default,Default,Default,Default,Default,Default,Default,Default,Default,Default,Default,Default,Default,Default,Default,Default,Default,Default,Default,Default,Default,3,Default,1,Default,Default,Default,Default,Default,Default,Default,3,"ShortRun(IterationCount=3, LaunchCount=1, WarmupCount=3)",Size=16,1,Workload,Result,1,644449700,67108864,9.6,0,0,0,0
FillBenchmarks.DllImport_ByteArray,PInvokeBench,FillBenchmarks,DllImport_ByteArray,ShortRun,Default,Default,Default,Default,Default,Default,Default,Default,Default,Default,Default,Default,Default,Default,Default,Default,Default,Default,Default,Default,Default,Default,Default,Default,Default,Default,Default,Default,Default,Default,Default,3,Default,1,Default,Default,Default,Default,Default,Default,Default,3,"ShortRun(IterationCount=3, LaunchCount=1, WarmupCount=3)",Size=16,1,Workload,Result,2,563341300,67108864,8.39,0,0,0,0
FillBenchmarks.DllImport_ByteArray,PInvokeBench,FillBenchmarks,DllImport_ByteArray,ShortRun,Default,Default,Default,Default,Default,Default,Default,Default,Default,Default,Default,Default,Default,Default,Default,Default,Default,Default,Default,Default,Default,Default,Default,Default,Default,Default,Default,Default,Default,Default,Default,3,Default,1,Default,Default,Default,Default,Default,Default,Default,3,"ShortRun(IterationCount=3, LaunchCount=1, WarmupCount=3)",Size=16,1,Workload,Result,3,578730400,67108864,8.62,0,0,0,0
FillBenchmarks.DllImport_BytePointer,PInvokeBench,FillBenchmarks,DllImport_BytePointer,ShortRun,Default,Default,Default,Default,Default,Default,Default,Default,Default,Default,Default,Default,Default,Default,Default,Default,Default,Default,Default,Default,Default,Default,Default,Default,Default,Default,Default,Default,Default,Default,Default,3,Default,1,Default,Default,Default,Default,Default,Default,Default,3,"ShortRun(IterationCount=3, LaunchCount=1, WarmupCount=3)",Size=16,1,Overhead,Jitting,1,226100,1,226100,0,0,0,0
FillBenchmarks.DllImport_BytePointer,PInvokeBench,FillBenchmarks,DllImport_BytePointer,ShortRun,Default,Default,Default,Default,Default,Default,Default,Default,Default,Default,Default,Default,Default,Default,Default,Default,Default,Default,Default,Default,Default,Default,Default,Default,Default,Default,Default,Default,Default,Default,Default,3,Default,1,Default,Default,Default,Default,Default,Default,Default,3,"ShortRun(IterationCount=3, LaunchCount=1, WarmupCount=3)",Size=16,1,Workload,Jitting,1,643600,1,643600,0,0,0,0
FillBenchmarks.DllImport_BytePointer,PInvokeBench,FillBenchmarks,DllImport_BytePointer,ShortRun,Default,Default,Default,Default,Default,Default,Default,Default,Default,Default,Default,Default,Default,Default,Default,Default,Default,Default,Default,Default,Default,Default,Default,Default,Default,Default,Default,Default,Default,Default,Default,3,Default,1,Default,Default,Default,Default,Default,Default,Default,3,"ShortRun(IterationCount=3, LaunchCount=1, WarmupCount=3)",Size=16,1,Overhead,Jitting,2,324000,16,20250,0,0,0,0
FillBenchmarks.DllImport_BytePointer,PInvokeBench,FillBenchmarks,DllImport_BytePointer,ShortRun,Default,Default,Default,Default,Default,Default,Default,Default,Default,Default,Default,Default,Default,Default,Default,Default,Default,Default,Default,Default,Default,Default,Default,Default,Default,Default,Default,Default,Default,Default,Default,3,Default,1,Default,Default,Default,Default,Default,Default,Default,3,"ShortRun(IterationCount=3, LaunchCount=1, WarmupCount=3)",Size=16,1,Workload,Jitting,2,322700,16,20168.75,0,0,0,0
FillBenchmarks.DllImport_BytePointer,PInvokeBench,FillBenchmarks,DllImport_BytePointer,ShortRun,Default,Default,Default,Default,Default,Default,Default,Default,Default,Default,Default,Default,Default,Default,Default,Default,Default,Default,Default,Default,Default,Default,Default,Default,Default,Default,Default,Default,Default,Default,Default,3,Default,1,Default,Default,Default,Default,Default,Default,Default,3,"ShortRun(IterationCount=3, LaunchCount=1, WarmupCount=3)",Size=16,1,Workload,Pilot,1,1400,16,87.5,0,0,0,0
FillBenchmarks.DllImport_BytePointer,PInvokeBench,FillBenchmarks,DllImport_BytePointer,ShortRun,Default,Default,Default,Default,Default,Default,Default,Default,Default,Default,Default,Default,Default,Default,Default,Default,Default,Default,Default,Default,Default,Default,Default,Default,Default,Default,Default,Default,Default,Default,Default,3,Default,1,Default,Default,Default,Default,Default,Default,Default,3,"ShortRun(IterationCount=3, LaunchCount=1, WarmupCount=3)",Size=16,1,Workload,Pilot,2,1000,32,31.25,0,0,0,0
FillBenchmarks.DllImport_BytePointer,PInvokeBench,FillBenchmarks,DllImport_BytePointer,ShortRun,Default,Default,Default,Default,Default,Default,Default,Default,Default,Default,Default,Default,Default,Default,Default,Default,Default,Default,Default,Default,Default,Default,Default,Default,Default,Default,Default,Default,Default,Default,Default,3,Default,1,Default,Default,Default,Default,Default,Default,Default,3,"ShortRun(IterationCount=3, LaunchCount=1, WarmupCount=3)",Size=16,1,Workload,Pilot,3,1100,64,17.19,0,0,0,0
FillBenchmarks.DllImport_BytePointer,PInvokeBench,FillBenchmarks,DllImport_BytePointer,ShortRun,Default,Default,Default,Default,Default,Default,Default,Default,Default,Default,Default,Default,Default,Default,Default,Default,Default,Default,Default,Default,Default,Default,Default,Default,Default,Default,Default,Default,Default,Default,Default,3,Default,1,Default,Default,Default,Default,Default,Default,Default,3,"ShortRun(IterationCount=3, LaunchCount=1, WarmupCount=3)",Size=16,1,Workload,Pilot,4,2400,128,18.75,0,0,0,0
FillBenchmarks.DllImport_BytePointer,PInvokeBench,FillBenchmarks,DllImport_BytePointer,ShortRun,Default,Default,Default,Default,Default,Default,Default,Default,Default,Default,Default,Default,Default,Default,Default,Default,Default,Default,Default,Default,Default,Default,Default,Default,Default,Default,Default,Default,Default,Default,Default,3,Default,1,Default,Default,Default,Default,Default,Default,Default,3,"ShortRun(IterationCount=3, LaunchCount=1, WarmupCount=3)",Size=16,1,Workload,Pilot,5,5800,256,22.66,0,0,0,0
FillBenchmarks.DllImport_BytePointer,PInvokeBench,FillBenchmarks,DllImport_BytePointer,ShortRun,Default,Default,Default,Default,Default,Default,Default,Default,Default,Default,Default,Default,Default,Default,Default,Default,Default,Default,Default,Default,Default,Default,Default,Default,Default,Default,Default,Default,Default,Default,Default,3,Default,1,Default,Default,Default,Default,Default,Default,Default,3,"ShortRun(IterationCount=3, LaunchCount=1, WarmupCount=3)",Size=16,1,Workload,Pilot,6,7100,512,13.87,0,0,0,0
FillBenchmarks.DllImport_BytePointer,PInvokeBench,FillBenchmarks,DllImport_BytePointer,ShortRun,Default,Default,Default,Default,Default,Default,Default,Default,Default,Default,Default,Default,Default,Default,Default,Default,Default,Default,Default,Default,Default,Default,Default,Default,Default,Default,Default,Default,Default,Default,Default,3,Default,1,Default,Default,Default,Default,Default,Default,Default,3,"ShortRun(IterationCount=3, LaunchCount=1, WarmupCount=3)",Size=16,1,Workload,Pilot,7,12300,1024,12.01,0,0,0,0
FillBenchmarks.DllImport_BytePointer,PInvokeBench,FillBenchmarks,DllImport_BytePointer,ShortRun,Default,Default,Default,Default,Default,Default,Default,Default,Default,Default,Default,Default,Default,Default,Default,Default,Default,Default,Default,Default,Default,Default,Default,Default,Default,Default,Default,Default,Default,Default,Default,3,Default,1,Default,Default,Default,Default,Default,Default,Default,3,"ShortRun(IterationCount=3, LaunchCount=1, WarmupCount=3)",Size=16,1,Workload,Pilot,8,24600,2048,12.01,0,0,0,0
FillBenchmarks.DllImport_BytePointer,PInvokeBench,FillBenchmarks,DllImport_BytePointer,ShortRun,Default,Default,Default,Default,Default,Default,Default,Default,Default,Default,Default,Default,Default,Default,Default,Default,Default,Default,Default,Default,Default,Default,Default,Default,Default,Default,Default,Default,Default,Default,Default,3,Default,1,Default,Default,Default,Default,Default,Default,Default,3,"ShortRun(IterationCount=3, LaunchCount=1, WarmupCount=3)",Size=16,1,Workload,Pilot,9,48900,4096,11.94,0,0,0,0
FillBenchmarks.DllImport_BytePointer,PInvokeBench,FillBenchmarks,DllImport_BytePointer,ShortRun,Default,Default,Default,Default,Default,Default,Default,Default,Default,Default,Default,Default,Default,Default,Default,Default,Default,Default,Default,Default,Default,Default,Default,Default,Default,Default,Default,Default,Default,Default,Default,3,Default,1,Default,Default,Default,Default,Default,Default,Default,3,"ShortRun(IterationCount=3, LaunchCount=1, WarmupCount=3)",Size=16,1,Workload,Pilot,10,140900,8192,17.2,0,0,0,0
FillBenchmarks.DllImport_BytePointer,PInvokeBench,FillBenchmarks,DllImport_BytePointer,ShortRun,Default,Default,Default,Default,Default,Default,Default,Default,Default,Default,Default,Default,Default,Default,Default,Default,Default,Default,Default,Default,Default,Default,Default,Default,Default,Default,Default,Default,Default,Default,Default,3,Default,1,Default,Default,Default,Default,Default,Default,Default,3,"ShortRun(IterationCount=3, LaunchCount=1, WarmupCount=3)",Size=16,1,Workload,Pilot,11,188900,16384,11.53,0,0,0,0
FillBenchmarks.DllImport_BytePointer,PInvokeBench,FillBenchmarks,DllImport_BytePointer,ShortRun,Default,Default,Default,Default,Default,Default,Default,Default,Default,Default,Default,Default,Default,Default,Default,Default,Default,Default,Default,Default,Default,Default,Default,Default,Default,Default,Default,Default,Default,Default,Default,3,Default,1,Default,Default,Default,Default,Default,Default,Default,3,"ShortRun(IterationCount=3, LaunchCount=1, WarmupCount=3)",Size=16,1,Workload,Pilot,12,376700,32768,11.5,0,0,0,0
FillBenchmarks.DllImport_BytePointer,PInvokeBench,FillBenchmarks,DllImport_BytePointer,ShortRun,Default,Default,Default,Default,Default,Default,Default,Default,Default,Default,Default,Default,Default,Default,Default,Default,Default,Default,Default,Default,Default,Default,Default,Default,Default,Default,Default,Default,Default,Default,Default,3,Default,1,Default,Default,Default,Default,Default,Default,Default,3,"ShortRun(IterationCount=3, LaunchCount=1, WarmupCount=3)",Size=16,1,Workload,Pilot,13,776100,65536,11.84,0,0,0,0
FillBenchmarks.DllImport_BytePointer,PInvokeBench,FillBenchmarks,DllImport_BytePointer,ShortRun,Default,Default,Default,Default,Default,Default,Default,Default,Default,Default,Default,Default,Default,Default,Default,Default,Default,Default,Default,Default,Default,Default,Default,Default,Default,Default,Default,Default,Default,Default,Default,3,Default,1,Default,Default,Default,Default,Default,Default,Default,3,"ShortRun(IterationCount=3, LaunchCount=1, WarmupCount=3)",Size=16,1,Workload,Pilot,14,1996900,131072,15.24,0,0,0,0
FillBenchmarks.DllImport_BytePointer,PInvokeBench,FillBenchmarks,DllImport_BytePointer,ShortRun,Default,Default,Default,Default,Default,Default,Default,Default,Default,Default,Default,Default,Default,Default,Default,Default,Default,Default,Default,Default,Default,Default,Default,Default,Default,Default,Default,Default,Default,Default,Default,3,Default,1,Default,Default,Default,Default,Default,Default,Default,3,"ShortRun(IterationCount=3, LaunchCount=1, WarmupCount=3)",Size=16,1,Workload,Pilot,15,4400300,262144,16.79,0,0,0,0
FillBenchmarks.DllImport_BytePointer,PInvokeBench,FillBenchmarks,DllImport_BytePointer,ShortRun,Default,Default,Default,Default,Default,Default,Default,Default,Default,Default,Default,Default,Default,Default,Default,Default,Default,Default,Default,Default,Default,Default,Default,Default,Default,Default,Default,Default,Default,Default,Default,3,Default,1,Default,Default,Default,Default,Default,Default,Default,3,"ShortRun(IterationCount=3, LaunchCount=1, WarmupCount=3)",Size=16,1,Workload,Pilot,16,8172200,524288,15.59,0,0,0,0
FillBenchmarks.DllImport_BytePointer,PInvokeBench,FillBenchmarks,DllImport_BytePointer,ShortRun,Default,Default,Default,Default,Default,Default,Default,Default,Default,Default,Default,Default,Default,Default,Default,Default,Default,Default,Default,Default,Default,Default,Default,Default,Default,Default,Default,Default,Default,Default,Default,3,Default,1,Default,Default,Default,Default,Default,Default,Default,3,"ShortRun(IterationCount=3, LaunchCount=1, WarmupCount=3)",Size=16,1,Workload,Pilot,17,14801300,1048576,14.12,0,0,0,0
FillBenchmarks.DllImport_BytePointer,PInvokeBench,FillBenchmarks,DllImport_BytePointer,ShortRun,Default,Default,Default,Default,Default,Default,Default,Default,Default,Default,Default,Default,Default,Default,Default,Default,Default,Default,Default,Default,Default,Default,Default,Default,Default,Default,Default,Default,Default,Default,Default,3,Default,1,Default,Default,Default,Default,Default,Default,Default,3,"ShortRun(IterationCount=3, LaunchCount=1, WarmupCount=3)",Size=16,1,Workload,Pilot,18,29723300,2097152,14.17,0,0,0,0
FillBenchmarks.DllImport_BytePointer,PInvokeBench,FillBenchmarks,DllImport_BytePointer,ShortRun,Default,Default,Default,Default,Default,Default,Default,Default,Default,Default,Default,Default,Default,Default,Default,Default,Default,Default,Default,Default,Default,Default,Default,Default,Default,Default,Default,Default,Default,Default,Default,3,Default,1,Default,Default,Default,Default,Default,Default,Default,3,"ShortRun(IterationCount=3, LaunchCount=1, WarmupCount=3)",Size=16,1,Workload,Pilot,19,59870900,4194304,14.27,0,0,0,0
FillBenchmarks.DllImport_BytePointer,PInvokeBench,FillBenchmarks,DllImport_BytePointer,ShortRun,Default,Default,Default,Default,Default,Default,Default,Default,Default,Default,Default,Default,Default,Default,Default,Default,Default,Default,Default,Default,Default,Default,Default,Default,Default,Default,Default,Default,Default,Default,Default,3,Default,1,Default,Default,Default,Default,Default,Default,Default,3,"ShortRun(IterationCount=3, LaunchCount=1, WarmupCount=3)",Size=16,1,Workload,Pilot,20,83479900,8388608,9.95,0,0,0,0
FillBenchmarks.DllImport_BytePointer,PInvokeBench,FillBenchmarks,DllImport_BytePointer,ShortRun,Default,Default,Default,Default,Default,Default,Default,Default,Default,Default,Default,Default,Default,Default,Default,Default,Default,Default,Default,Default,Default,Default,Default,Default,Default,Default,Default,Default,Default,Default,Default,3,Default,1,Default,Default,Default,Default,Default,Default,Default,3,"ShortRun(IterationCount=3, LaunchCount=1, WarmupCount=3)",Size=16,1,Workload,Pilot,21,176531600,16777216,10.52,0,0,0,0
FillBenchmarks.DllImport_BytePointer,PInvokeBench,FillBenchmarks,DllImport_BytePointer,ShortRun,Default,Default,Default,Default,Default,Default,Default,Default,Default,Default,Default,Default,Default,Default,Default,Default,Default,Default,Default,Default,Default,Default,Default,Default,Default,Default,Default,Default,Default,Default,Default,3,Default,1,Default,Default,Default,Default,Default,Default,Default,3,"ShortRun(IterationCount=3, LaunchCount=1, WarmupCount=3)",Size=16,1,Workload,Pilot,22,376577500,33554432,11.22,0,0,0,0
FillBenchmarks.DllImport_BytePointer,PInvokeBench,FillBenchmarks,DllImport_BytePointer,ShortRun,Default,Default,Default,Default,Default,Default,Default,Default,Default,Default,Default,Default,Default,Default,Default,Default,Default,Default,Default,Default,Default,Default,Default,Default,Default,Default,Default,Default,Default,Default,Default,3,Default,1,Default,Default,Default,Default,Default,Default,Default,3,"ShortRun(IterationCount=3, LaunchCount=1, WarmupCount=3)",Size=16,1,Workload,Pilot,23,699323700,67108864,10.42,0,0,0,0
FillBenchmarks.DllImport_BytePointer,PInvokeBench,FillBenchmarks,DllImport_BytePointer,ShortRun,Default,Default,Default,Default,Default,Default,Default,Default,Default,Default,Default,Default,Default,Default,Default,Default,Default,Default,Default,Default,Default,Default,Default,Default,Default,Default,Default,Default,Default,Default,Default,3,Default,1,Default,Default,Default,Default,Default,Default,Default,3,"ShortRun(IterationCount=3, LaunchCount=1, WarmupCount=3)",Size=16,1,Overhead,Warmup,1,188235900,67108864,2.8,0,0,0,0
FillBenchmarks.DllImport_BytePointer,PInvokeBench,FillBenchmarks,DllImport_BytePointer,ShortRun,Default,Default,Default,Default,Default,Default,Default,Default,Default,Default,Default,Default,Default,Default,Default,Default,Default,Default,Default,Default,Default,Default,Default,Default,Default,Default,Default,Default,Default,Default,Default,3,Default,1,Default,Default,Default,Default,Default,Default,Default,3,"ShortRun(IterationCount=3, LaunchCount=1, WarmupCount=3)",Size=16,1,Overhead,Warmup,2,152520300,67108864,2.27,0,0,0,0
FillBenchmarks.DllImport_BytePointer,PInvokeBench,FillBenchmarks,DllImport_BytePointer,ShortRun,Default,Default,Default,Default,Default,Default,Default,Default,Default,Default,Default,Default,Default,Default,Default,Default,Default,Default,Default,Default,Default,Default,Default,Default,Default,Default,Default,Default,Default,Default,Default,3,Default,1,Default,Default,Default,Default,Default,Default,Default,3,"ShortRun(IterationCount=3, LaunchCount=1, WarmupCount=3)",Size=16,1,Overhead,Warmup,3,150637700,67108864,2.24,0,0,0,0
FillBenchmarks.DllImport_BytePointer,PInvokeBench,FillBenchmarks,DllImport_BytePointer,ShortRun,Default,Default,Default,Default,Default,Default,Default,Default,Default,Default,Default,Default,Default,Default,Default,Default,Default,Default,Default,Default,Default,Default,Default,Default,Default,Default,Default,Default,Default,Default,Default,3,Default,1,Default,Default,Default,Default,Default,Default,Default,3,"ShortRun(IterationCount=3, LaunchCount=1, WarmupCount=3)",Size=16,1,Overhead,Warmup,4,134894000,67108864,2.01,0,0,0,0
FillBenchmarks.DllImport_BytePointer,PInvokeBench,FillBenchmarks,DllImport_BytePointer,ShortRun,Default,Default,Default,Default,Default,Default,Default,Default,Default,Default,Default,Default,Default,Default,Default,Default,Default,Default,Default,Default,Default,Default,Default,Default,Default,Default,Default,Default,Default,Default,Default,3,Default,1,Default,Default,Default,Default,Default,Default,Default,3,"ShortRun(IterationCount=3, LaunchCount=1, WarmupCount=3)",Size=16,1,Overhead,Warmup,5,132886700,67108864,1.98,0,0,0,0
FillBenchmarks.DllImport_BytePointer,PInvokeBench,FillBenchmarks,DllImport_BytePointer,ShortRun,Default,Default,Default,Default,Default,Default,Default,Default,Default,Default,Default,Default,Default,Default,Default,Default,Default,Default,Default,Default,Default,Default,Default,Default,Default,Default,Default,Default,Default,Default,Default,3,Default,1,Default,Default,Default,Default,Default,Default,Default,3,"ShortRun(IterationCount=3, LaunchCount=1, WarmupCount=3)",Size=16,1,Overhead,Warmup,6,133091600,67108864,1.98,0,0,0,0
FillBenchmarks.DllImport_BytePointer,PInvokeBench,FillBenchmarks,DllImport_BytePointer,ShortRun,Default,Default,Default,Default,Default,Default,Default,Default,Default,Default,Default,Default,Default,Default,Default,Default,Default,Default,Default,Default,Default,Default,Default,Default,Default,Default,Default,Default,Default,Default,Default,3,Default,1,Default,Default,Default,Default,Default,Default,Default,3,"ShortRun(IterationCount=3, LaunchCount=1, WarmupCount=3)",Size=16,1,Overhead,Warmup,7,132472200,67108864,1.97,0,0,0,0
FillBenchmarks.DllImport_BytePointer,PInvokeBench,FillBenchmarks,DllImport_BytePointer,ShortRun,Default,Default,Default,Default,Default,Default,Default,Default,Default,Default,Default,Default,Default,Default,Default,Default,Default,Default,Default,Default,Default,Default,Default,Default,Default,Default,Default,Default,Default,Default,Default,3,Default,1,Default,Default,Default,Default,Default,Default,Default,3,"ShortRun(IterationCount=3, LaunchCount=1, WarmupCount=3)",Size=16,1,Overhead,Warmup,8,138767700,67108864,2.07,0,0,0,0
FillBenchmarks.DllImport_BytePointer,PInvokeBench,FillBenchmarks,DllImport_BytePointer,ShortRun,Default,Default,Default,Default,Default,Default,Default,Default,Default,Default,Default,Default,Default,Default,Default,Default,Default,Default,Default,Default,Default,Default,Default,Default,Default,Default,Default,Default,Default,Default,Default,3,Default,1,Default,Default,Default,Default,Default,Default,Default,3,"ShortRun(IterationCount=3, LaunchCount=1, WarmupCount=3)",Size=16,1,Overhead,Warmup,9,133131200,67108864,1.98,0,0,0,0
FillBenchmarks.DllImport_BytePointer,PInvokeBench,FillBenchmarks,DllImport_BytePointer,ShortRun,Default,Default,Default,Default,Default,Default,Default,Default,Default,Default,Default,Default,Default,Default,Default,Default,Default,Default,Default,Default,Default,Default,Default,Default,Default,Default,Default,Default,Default,Default,Default,3,Default,1,Default,Default,Default,Default,Default,Default,Default,3,"ShortRun(IterationCount=3, LaunchCount=1, WarmupCount=3)",Size=16,1,Overhead,Actual,1,133346400,67108864,1.99,0,0,0,0
FillBenchmarks.DllImport_BytePointer,PInvokeBench,FillBenchmarks,DllImport_BytePointer,ShortRun,Default,Default,Default,Default,Default,Default,Default,Default,Default,Default,Default,Default,Default,Default,Default,Default,Default,Default,Default,Default,Default,Default,Default,Default,Default,Default,Default,Default,Default,Default,Default,3,Default,1,Default,Default,Default,Default,Default,Default,Default,3,"ShortRun(IterationCount=3, LaunchCount=1, WarmupCount=3)",Size=16,1,Overhead,Actual,2,136770500,67108864,2.04,0,0,0,0
FillBenchmarks.DllImport_BytePointer,PInvokeBench,FillBenchmarks,DllImport_BytePointer,ShortRun,Default,Default,Default,Default,Default,Default,Default,Default,Default,Default,Default,Default,Default,Default,Default,Default,Default,Default,Default,Default,Default,Default,Default,Default,Default,Default,Default,Default,Default,Default,Default,3,Default,1,Default,Default,Default,Default,Default,Default,Default,3,"ShortRun(IterationCount=3, LaunchCount=1, WarmupCount=3)",Size=16,1,Overhead,Actual,3,135479500,67108864,2.02,0,0,0,0
FillBenchmarks.DllImport_BytePointer,PInvokeBench,FillBenchmarks,DllImport_BytePointer,ShortRun,Default,Default,Default,Default,Default,Default,Default,Default,Default,Default,Default,Default,Default,Default,Default,Default,Default,Default,Default,Default,Default,Default,Default,Default,Default,Default,Default,Default,Default,Default,Default,3,Default,1,Default,Default,Default,Default,Default,Default,Default,3,"ShortRun(IterationCount=3, LaunchCount=1, WarmupCount=3)",Size=16,1,Overhead,Actual,4,139386900,67108864,2.08,0,0,0,0
FillBenchmarks.DllImport_BytePointer,PInvokeBench,FillBenchmarks,DllImport_BytePointer,ShortRun,Default,Default,Default,Default,Default,Default,Default,Default,Default,Default,Default,Default,Default,Default,Default,Default,Default,Default,Default,Default,Default,Default,Default,Default,Default,Default,Default,Default,Default,Default,Default,3,Default,1,Default,Default,Default,Default,Default,Default,Default,3,"ShortRun(IterationCount=3, LaunchCount=1, WarmupCount=3)",Size=16,1,Overhead,Actual,5,150116500,67108864,2.24,0,0,0,0
FillBenchmarks.DllImport_BytePointer,PInvokeBench,FillBenchmarks,DllImport_BytePointer,ShortRun,Default,Default,Default,Default,Default,Default,Default,Default,Default,Default,Default,Default,Default,Default,Default,Default,Default,Default,Default,Default,Default,Default,Default,Default,Default,Default,Default,Default,Default,Default,Default,3,Default,1,Default,Default,Default,Default,Default,Default,Default,3,"ShortRun(IterationCount=3, LaunchCount=1, WarmupCount=3)",Size=16,1,Overhead,Actual,6,138339600,67108864,2.06,0,0,0,0
FillBenchmarks.DllImport_BytePointer,PInvokeBench,FillBenchmarks,DllImport_BytePointer,ShortRun,Default,Default,Default,Default,Default,Default,Default,Default,Default,Default,Default,Default,Default,Default,Default,Default,Default,Default,Default,Default,Default,Default,Default,Default,Default,Default,Default,Default,Default,Default,Default,3,Default,1,Default,Default,Default,Default,Default,Default,Default,3,"ShortRun(IterationCount=3, LaunchCount=1, WarmupCount=3)",Size=16,1,Overhead,Actual,7,136347400,67108864,2.03,0,0,0,0
FillBenchmarks.DllImport_BytePointer,PInvokeBench,FillBenchmarks,DllImport_BytePointer,ShortRun,Default,Default,Default,Default,Default,Default,Default,Default,Default,Default,Default,Default,Default,Default,Default,Default,Default,Default,Default,Default,Default,Default,Default,Default,Default,Default,Default,Default,Default,Default,Default,3,Default,1,Default,Default,Default,Default,Default,Default,Default,3,"ShortRun(IterationCount=3, LaunchCount=1, WarmupCount=3)",Size=16,1,Overhead,Actual,8,134559400,67108864,2.01,0,0,0,0
FillBenchmarks.DllImport_BytePointer,PInvokeBench,FillBenchmarks,DllImport_BytePointer,ShortRun,Default,Default,Default,Default,Default,Default,Default,Default,Default,Default,Default,Default,Default,Default,Default,Default,Default,Default,Default,Default,Default,Default,Default,Default,Default,Default,Default,Default,Default,Default,Default,3,Default,1,Default,Default,Default,Default,Default,Default,Default,3,"ShortRun(IterationCount=3, LaunchCount=1, WarmupCount=3)",Size=16,1,Overhead,Actual,9,133816500,67108864,1.99,0,0,0,0
FillBenchmarks.DllImport_BytePointer,PInvokeBench,FillBenchmarks,DllImport_BytePointer,ShortRun,Default,Default,Default,Default,Default,Default,Default,Default,Default,Default,Default,Default,Default,Default,Default,Default,Default,Default,Default,Default,Default,Default,Default,Default,Default,Default,Default,Default,Default,Default,Default,3,Default,1,Default,Default,Default,Default,Default,Default,Default,3,"ShortRun(IterationCount=3, LaunchCount=1, WarmupCount=3)",Size=16,1,Overhead,Actual,10,132797700,67108864,1.98,0,0,0,0
FillBenchmarks.DllImport_BytePointer,PInvokeBench,FillBenchmarks,DllImport_BytePointer,ShortRun,Default,Default,Default,Default,Default,Default,Default,Default,Default,Default,Default,Default,Default,Default,Default,Default,Default,Default,Default,Default,Default,Default,Default,Default,Default,Default,Default,Default,Default,Default,Default,3,Default,1,Default,Default,Default,Default,Default,Default,Default,3,"ShortRun(IterationCount=3, LaunchCount=1, WarmupCount=3)",Size=16,1,Overhead,Actual,11,135150100,67108864,2.01,0,0,0,0
FillBenchmarks.DllImport_BytePointer,PInvokeBench,FillBenchmarks,DllImport_BytePointer,ShortRun,Default,Default,Default,Default,Default,Default,Default,Default,Default,Default,Default,Default,Default,Default,Default,Default,Default,Default,Default,Default,Default,Default,Default,Default,Default,Default,Default,Default,Default,Default,Default,3,Default,1,Default,Default,Default,Default,Default,Default,Default,3,"ShortRun(IterationCount=3, LaunchCount=1, WarmupCount=3)",Size=16,1,Overhead,Actual,12,136871000,67108864,2.04,0,0,0,0
FillBenchmarks.DllImport_BytePointer,PInvokeBench,FillBenchmarks,DllImport_BytePointer,ShortRun,Default,Default,Default,Default,Default,Default,Default,Default,Default,Default,Default,Default,Default,Default,Default,Default,Default,Default,Default,Default,Default,Default,Default,Default,Default,Default,Default,Default,Default,Default,Default,3,Default,1,Default,Default,Default,Default,Default,Default,Default,3,"ShortRun(IterationCount=3, LaunchCount=1, WarmupCount=3)",Size=16,1,Overhead,Actual,13,136474900,67108864,2.03,0,0,0,0
FillBenchmarks.DllImport_BytePointer,PInvokeBench,FillBenchmarks,DllImport_BytePointer,ShortRun,Default,Default,Default,Default,Default,Default,Default,Default,Default,Default,Default,Default,Default,Default,Default,Default,Default,Default,Default,Default,Default,Default,Default,Default,Default,Default,Default,Default,Default,Default,Default,3,Default,1,Default,Default,Default,Default,Default,Default,Default,3,"ShortRun(IterationCount=3, LaunchCount=1, WarmupCount=3)",Size=16,1,Overhead,Actual,14,141069300,67108864,2.1,0,0,0,0
FillBenchmarks.DllImport_BytePointer,PInvokeBench,FillBenchmarks,DllImport_BytePointer,ShortRun,Default,Default,Default,Default,Default,Default,Default,Default,Default,Default,Default,Default,Default,Default,Default,Default,Default,Default,Default,Default,Default,Default,Default,Default,Default,Default,Default,Default,Default,Default,Default,3,Default,1,Default,Default,Default,Default,Default,Default,Default,3,"ShortRun(IterationCount=3, LaunchCount=1, WarmupCount=3)",Size=16,1,Overhead,Actual,15,152238600,67108864,2.27,0,0,0,0
FillBenchmarks.DllImport_BytePointer,PInvokeBench,FillBenchmarks,DllImport_BytePointer,ShortRun,Default,Default,Default,Default,Default,Default,Default,Default,Default,Default,Default,Default,Default,Default,Default,Default,Default,Default,Default,Default,Default,Default,Default,Default,Default,Default,Default,Default,Default,Default,Default,3,Default,1,Default,Default,Default,Default,Default,Default,Default,3,"ShortRun(IterationCount=3, LaunchCount=1, WarmupCount=3)",Size=16,1,Workload,Warmup,1,701828200,67108864,10.46,0,0,0,0
FillBenchmarks.DllImport_BytePointer,PInvokeBench,FillBenchmarks,DllImport_BytePointer,ShortRun,Default,Default,Default,Default,Default,Default,Default,Default,Default,Default,Default,Default,Default,Default,Default,Default,Default,Default,Default,Default,Default,Default,Default,Default,Default,Default,Default,Default,Default,Default,Default,3,Default,1,Default,Default,Default,Default,Default,Default,Default,3,"ShortRun(IterationCount=3, LaunchCount=1, WarmupCount=3)",Size=16,1,Workload,Warmup,2,669119100,67108864,9.97,0,0,0,0
FillBenchmarks.DllImport_BytePointer,PInvokeBench,FillBenchmarks,DllImport_BytePointer,ShortRun,Default,Default,Default,Default,Default,Default,Default,Default,Default,Default,Default,Default,Default,Default,Default,Default,Default,Default,Default,Default,Default,Default,Default,Default,Default,Default,Default,Default,Default,Default,Default,3,Default,1,Default,Default,Default,Default,Default,Default,Default,3,"ShortRun(IterationCount=3, LaunchCount=1, WarmupCount=3)",Size=16,1,Workload,Warmup,3,688060100,67108864,10.25,0,0,0,0
FillBenchmarks.DllImport_BytePointer,PInvokeBench,FillBenchmarks,DllImport_BytePointer,ShortRun,Default,Default,Default,Default,Default,Default,Default,Default,Default,Default,Default,Default,Default,Default,Default,Default,Default,Default,Default,Default,Default,Default,Default,Default,Default,Default,Default,Default,Default,Default,Default,3,Default,1,Default,Default,Default,Default,Default,Default,Default,3,"ShortRun(IterationCount=3, LaunchCount=1, WarmupCount=3)",Size=16,1,Workload,Actual,1,690641700,67108864,10.29,0,0,0,0
FillBenchmarks.DllImport_BytePointer,PInvokeBench,FillBenchmarks,DllImport_BytePointer,ShortRun,Default,Default,Default,Default,Default,Default,Default,Default,Default,Default,Default,Default,Default,Default,Default,Default,Default,Default,Default,Default,Default,Default,Default,Default,Default,Default,Default,Default,Default,Default,Default,3,Default,1,Default,Default,Default,Default,Default,Default,Default,3,"ShortRun(IterationCount=3, LaunchCount=1, WarmupCount=3)",Size=16,1,Workload,Actual,2,737758000,67108864,10.99,0,0,0,0
FillBenchmarks.DllImport_BytePointer,PInvokeBench,FillBenchmarks,DllImport_BytePointer,ShortRun,Default,Default,Default,Default,Default,Default,Default,Default,Default,Default,Default,Default,Default,Default,Default,Default,Default,Default,Default,Default,Default,Default,Default,Default,Default,Default,Default,Default,Default,Default,Default,3,Default,1,Default,Default,Default,Default,Default,Default,Default,3,"ShortRun(IterationCount=3, LaunchCount=1, WarmupCount=3)",Size=16,1,Workload,Actual,3,764575400,67108864,11.39,0,0,0,0
FillBenchmarks.DllImport_BytePointer,PInvokeBench,FillBenchmarks,DllImport_BytePointer,ShortRun,Default,Default,Default,Default,Default,Default,Default,Default,Default,Default,Default,Default,Default,Default,Default,Default,Default,Default,Default,Default,Default,Default,Default,Default,Default,Default,Default,Default,Default,Default,Default,3,Default,1,Default,Default,Default,Default,Default,Default,Default,3,"ShortRun(IterationCount=3, LaunchCount=1, WarmupCount=3)",Size=16,1,Workload,Result,1,554166800,67108864,8.26,0,0,0,0
FillBenchmarks.DllImport_BytePointer,PInvokeBench,FillBenchmarks,DllImport_BytePointer,ShortRun,Default,Default,Default,Default,Default,Default,Default,Default,Default,Default,Default,Default,Default,Default,Default,Default,Default,Default,Default,Default,Default,Default,Default,Default,Default,Default,Default,Default,Default,Default,Default,3,Default,1,Default,Default,Default,Default,Default,Default,Default,3,"ShortRun(IterationCount=3, LaunchCount=1, WarmupCount=3)",Size=16,1,Workload,Result,2,601283100,67108864,8.96,0,0,0,0
FillBenchmarks.DllImport_BytePointer,PInvokeBench,FillBenchmarks,DllImport_BytePointer,ShortRun,Default,Default,Default,Default,Default,Default,Default,Default,Default,Default,Default,Default,Default,Default,Default,Default,Default,Default,Default,Default,Default,Default,Default,Default,Default,Default,Default,Default,Default,Default,Default,3,Default,1,Default,Default,Default,Default,Default,Default,Default,3,"ShortRun(IterationCount=3, LaunchCount=1, WarmupCount=3)",Size=16,1,Workload,Result,3,628100500,67108864,9.36,0,0,0,0
FillBenchmarks.DllImport_RefByte,PInvokeBench,FillBenchmarks,DllImport_RefByte,ShortRun,Default,Default,Default,Default,Default,Default,Default,Default,Default,Default,Default,Default,Default,Default,Default,Default,Default,Default,Default,Default,Default,Default,Default,Default,Default,Default,Default,Default,Default,Default,Default,3,Default,1,Default,Default,Default,Default,Default,Default,Default,3,"ShortRun(IterationCount=3, LaunchCount=1, WarmupCount=3)",Size=16,1,Overhead,Jitting,1,215100,1,215100,0,0,0,0
FillBenchmarks.DllImport_RefByte,PInvokeBench,FillBenchmarks,DllImport_RefByte,ShortRun,Default,Default,Default,Default,Default,Default,Default,Default,Default,Default,Default,Default,Default,Default,Default,Default,Default,Default,Default,Default,Default,Default,Default,Default,Default,Default,Default,Default,Default,Default,Default,3,Default,1,Default,Default,Default,Default,Default,Default,Default,3,"ShortRun(IterationCount=3, LaunchCount=1, WarmupCount=3)",Size=16,1,Workload,Jitting,1,782800,1,782800,0,0,0,0
FillBenchmarks.DllImport_RefByte,PInvokeBench,FillBenchmarks,DllImport_RefByte,ShortRun,Default,Default,Default,Default,Default,Default,Default,Default,Default,Default,Default,Default,Default,Default,Default,Default,Default,Default,Default,Default,Default,Default,Default,Default,Default,Default,Default,Default,Default,Default,Default,3,Default,1,Default,Default,Default,Default,Default,Default,Default,3,"ShortRun(IterationCount=3, LaunchCount=1, WarmupCount=3)",Size=16,1,Overhead,Jitting,2,332000,16,20750,0,0,0,0
FillBenchmarks.DllImport_RefByte,PInvokeBench,FillBenchmarks,DllImport_RefByte,ShortRun,Default,Default,Default,Default,Default,Default,Default,Default,Default,Default,Default,Default,Default,Default,Default,Default,Default,Default,Default,Default,Default,Default,Default,Default,Default,Default,Default,Default,Default,Default,Default,3,Default,1,Default,Default,Default,Default,Default,Default,Default,3,"ShortRun(IterationCount=3, LaunchCount=1, WarmupCount=3)",Size=16,1,Workload,Jitting,2,309300,16,19331.25,0,0,0,0
FillBenchmarks.DllImport_RefByte,PInvokeBench,FillBenchmarks,DllImport_RefByte,ShortRun,Default,Default,Default,Default,Default,Default,Default,Default,Default,Default,Default,Default,Default,Default,Default,Default,Default,Default,Default,Default,Default,Default,Default,Default,Default,Default,Default,Default,Default,Default,Default,3,Default,1,Default,Default,Default,Default,Default,Default,Default,3,"ShortRun(IterationCount=3, LaunchCount=1, WarmupCount=3)",Size=16,1,Workload,Pilot,1,2000,16,125,0,0,0,0
FillBenchmarks.DllImport_RefByte,PInvokeBench,FillBenchmarks,DllImport_RefByte,ShortRun,Default,Default,Default,Default,Default,Default,Default,Default,Default,Default,Default,Default,Default,Default,Default,Default,Default,Default,Default,Default,Default,Default,Default,Default,Default,Default,Default,Default,Default,Default,Default,3,Default,1,Default,Default,Default,Default,Default,Default,Default,3,"ShortRun(IterationCount=3, LaunchCount=1, WarmupCount=3)",Size=16,1,Workload,Pilot,2,2000,32,62.5,0,0,0,0
FillBenchmarks.DllImport_RefByte,PInvokeBench,FillBenchmarks,DllImport_RefByte,ShortRun,Default,Default,Default,Default,Default,Default,Default,Default,Default,Default,Default,Default,Default,Default,Default,Default,Default,Default,Default,Default,Default,Default,Default,Default,Default,Default,Default,Default,Default,Default,Default,3,Default,1,Default,Default,Default,Default,Default,Default,Default,3,"ShortRun(IterationCount=3, LaunchCount=1, WarmupCount=3)",Size=16,1,Workload,Pilot,3,1700,64,26.56,0,0,0,0
FillBenchmarks.DllImport_RefByte,PInvokeBench,FillBenchmarks,DllImport_RefByte,ShortRun,Default,Default,Default,Default,Default,Default,Default,Default,Default,Default,Default,Default,Default,Default,Default,Default,Default,Default,Default,Default,Default,Default,Default,Default,Default,Default,Default,Default,Default,Default,Default,3,Default,1,Default,Default,Default,Default,Default,Default,Default,3,"ShortRun(IterationCount=3, LaunchCount=1, WarmupCount=3)",Size=16,1,Workload,Pilot,4,2600,128,20.31,0,0,0,0
FillBenchmarks.DllImport_RefByte,PInvokeBench,FillBenchmarks,DllImport_RefByte,ShortRun,Default,Default,Default,Default,Default,Default,Default,Default,Default,Default,Default,Default,Default,Default,Default,Default,Default,Default,Default,Default,Default,Default,Default,Default,Default,Default,Default,Default,Default,Default,Default,3,Default,1,Default,Default,Default,Default,Default,Default,Default,3,"ShortRun(IterationCount=3, LaunchCount=1, WarmupCount=3)",Size=16,1,Workload,Pilot,5,5100,256,19.92,0,0,0,0
FillBenchmarks.DllImport_RefByte,PInvokeBench,FillBenchmarks,DllImport_RefByte,ShortRun,Default,Default,Default,Default,Default,Default,Default,Default,Default,Default,Default,Default,Default,Default,Default,Default,Default,Default,Default,Default,Default,Default,Default,Default,Default,Default,Default,Default,Default,Default,Default,3,Default,1,Default,Default,Default,Default,Default,Default,Default,3,"ShortRun(IterationCount=3, LaunchCount=1, WarmupCount=3)",Size=16,1,Workload,Pilot,6,9800,512,19.14,0,0,0,0
FillBenchmarks.DllImport_RefByte,PInvokeBench,FillBenchmarks,DllImport_RefByte,ShortRun,Default,Default,Default,Default,Default,Default,Default,Default,Default,Default,Default,Default,Default,Default,Default,Default,Default,Default,Default,Default,Default,Default,Default,Default,Default,Default,Default,Default,Default,Default,Default,3,Default,1,Default,Default,Default,Default,Default,Default,Default,3,"ShortRun(IterationCount=3, LaunchCount=1, WarmupCount=3)",Size=16,1,Workload,Pilot,7,18800,1024,18.36,0,0,0,0
FillBenchmarks.DllImport_RefByte,PInvokeBench,FillBenchmarks,DllImport_RefByte,ShortRun,Default,Default,Default,Default,Default,Default,Default,Default,Default,Default,Default,Default,Default,Default,Default,Default,Default,Default,Default,Default,Default,Default,Default,Default,Default,Default,Default,Default,Default,Default,Default,3,Default,1,Default,Default,Default,Default,Default,Default,Default,3,"ShortRun(IterationCount=3, LaunchCount=1, WarmupCount=3)",Size=16,1,Workload,Pilot,8,37000,2048,18.07,0,0,0,0
FillBenchmarks.DllImport_RefByte,PInvokeBench,FillBenchmarks,DllImport_RefByte,ShortRun,Default,Default,Default,Default,Default,Default,Default,Default,Default,Default,Default,Default,Default,Default,Default,Default,Default,Default,Default,Default,Default,Default,Default,Default,Default,Default,Default,Default,Default,Default,Default,3,Default,1,Default,Default,Default,Default,Default,Default,Default,3,"ShortRun(IterationCount=3, LaunchCount=1, WarmupCount=3)",Size=16,1,Workload,Pilot,9,73300,4096,17.9,0,0,0,0
FillBenchmarks.DllImport_RefByte,PInvokeBench,FillBenchmarks,DllImport_RefByte,ShortRun,Default,Default,Default,Default,Default,Default,Default,Default,Default,Default,Default,Default,Default,Default,Default,Default,Default,Default,Default,Default,Default,Default,Default,Default,Default,Default,Default,Default,Default,Default,Default,3,Default,1,Default,Default,Default,Default,Default,Default,Default,3,"ShortRun(IterationCount=3, LaunchCount=1, WarmupCount=3)",Size=16,1,Workload,Pilot,10,144600,8192,17.65,0,0,0,0
FillBenchmarks.DllImport_RefByte,PInvokeBench,FillBenchmarks,DllImport_RefByte,ShortRun,Default,Default,Default,Default,Default,Default,Default,Default,Default,Default,Default,Default,Default,Default,Default,Default,Default,Default,Default,Default,Default,Default,Default,Default,Default,Default,Default,Default,Default,Default,Default,3,Default,1,Default,Default,Default,Default,Default,Default,Default,3,"ShortRun(IterationCount=3, LaunchCount=1, WarmupCount=3)",Size=16,1,Workload,Pilot,11,286200,16384,17.47,0,0,0,0
FillBenchmarks.DllImport_RefByte,PInvokeBench,FillBenchmarks,DllImport_RefByte,ShortRun,Default,Default,Default,Default,Default,Default,Default,Default,Default,Default,Default,Default,Default,Default,Default,Default,Default,Default,Default,Default,Default,Default,Default,Default,Default,Default,Default,Default,Default,Default,Default,3,Default,1,Default,Default,Default,Default,Default,Default,Default,3,"ShortRun(IterationCount=3, LaunchCount=1, WarmupCount=3)",Size=16,1,Workload,Pilot,12,580600,32768,17.72,0,0,0,0
FillBenchmarks.DllImport_RefByte,PInvokeBench,FillBenchmarks,DllImport_RefByte,ShortRun,Default,Default,Default,Default,Default,Default,Default,Default,Default,Default,Default,Default,Default,Default,Default,Default,Default,Default,Default,Default,Default,Default,Default,Default,Default,Default,Default,Default,Default,Default,Default,3,Default,1,Default,Default,Default,Default,Default,Default,Default,3,"ShortRun(IterationCount=3, LaunchCount=1, WarmupCount=3)",Size=16,1,Workload,Pilot,13,1170500,65536,17.86,0,0,0,0
FillBenchmarks.DllImport_RefByte,PInvokeBench,FillBenchmarks,DllImport_RefByte,ShortRun,Default,Default,Default,Default,Default,Default,Default,Default,Default,Default,Default,Default,Default,Default,Default,Default,Default,Default,Default,Default,Default,Default,Default,Default,Default,Default,Default,Default,Default,Default,Default,3,Default,1,Default,Default,Default,Default,Default,Default,Default,3,"ShortRun(IterationCount=3, LaunchCount=1, WarmupCount=3)",Size=16,1,Workload,Pilot,14,2398600,131072,18.3,0,0,0,0
FillBenchmarks.DllImport_RefByte,PInvokeBench,FillBenchmarks,DllImport_RefByte,ShortRun,Default,Default,Default,Default,Default,Default,Default,Default,Default,Default,Default,Default,Default,Default,Default,Default,Default,Default,Default,Default,Default,Default,Default,Default,Default,Default,Default,Default,Default,Default,Default,3,Default,1,Default,Default,Default,Default,Default,Default,Default,3,"ShortRun(IterationCount=3, LaunchCount=1, WarmupCount=3)",Size=16,1,Workload,Pilot,15,4661700,262144,17.78,0,0,0,0
FillBenchmarks.DllImport_RefByte,PInvokeBench,FillBenchmarks,DllImport_RefByte,ShortRun,Default,Default,Default,Default,Default,Default,Default,Default,Default,Default,Default,Default,Default,Default,Default,Default,Default,Default,Default,Default,Default,Default,Default,Default,Default,Default,Default,Default,Default,Default,Default,3,Default,1,Default,Default,Default,Default,Default,Default,Default,3,"ShortRun(IterationCount=3, LaunchCount=1, WarmupCount=3)",Size=16,1,Workload,Pilot,16,9589700,524288,18.29,0,0,0,0
FillBenchmarks.DllImport_RefByte,PInvokeBench,FillBenchmarks,DllImport_RefByte,ShortRun,Default,Default,Default,Default,Default,Default,Default,Default,Default,Default,Default,Default,Default,Default,Default,Default,Default,Default,Default,Default,Default,Default,Default,Default,Default,Default,Default,Default,Default,Default,Default,3,Default,1,Default,Default,Default,Default,Default,Default,Default,3,"ShortRun(IterationCount=3, LaunchCount=1, WarmupCount=3)",Size=16,1,Workload,Pilot,17,20154200,1048576,19.22,0,0,0,0
FillBenchmarks.DllImport_RefByte,PInvokeBench,FillBenchmarks,DllImport_RefByte,ShortRun,Default,Default,Default,Default,Default,Default,Default,Default,Default,Default,Default,Default,Default,Default,Default,Default,Default,Default,Default,Default,Default,Default,Default,Default,Default,Default,Default,Default,Default,Default,Default,3,Default,1,Default,Default,Default,Default,Default,Default,Default,3,"ShortRun(IterationCount=3, LaunchCount=1, WarmupCount=3)",Size=16,1,Workload,Pilot,18,43355200,2097152,20.67,0,0,0,0
FillBenchmarks.DllImport_RefByte,PInvokeBench,FillBenchmarks,DllImport_RefByte,ShortRun,Default,Default,Default,Default,Default,Default,Default,Default,Default,Default,Default,Default,Default,Default,Default,Default,Default,Default,Default,Default,Default,Default,Default,Default,Default,Default,Default,Default,Default,Default,Default,3,Default,1,Default,Default,Default,Default,Default,Default,Default,3,"ShortRun(IterationCount=3, LaunchCount=1, WarmupCount=3)",Size=16,1,Workload,Pilot,19,61144100,4194304,14.58,0,0,0,0
FillBenchmarks.DllImport_RefByte,PInvokeBench,FillBenchmarks,DllImport_RefByte,ShortRun,Default,Default,Default,Default,Default,Default,Default,Default,Default,Default,Default,Default,Default,Default,Default,Default,Default,Default,Default,Default,Default,Default,Default,Default,Default,Default,Default,Default,Default,Default,Default,3,Default,1,Default,Default,Default,Default,Default,Default,Default,3,"ShortRun(IterationCount=3, LaunchCount=1, WarmupCount=3)",Size=16,1,Workload,Pilot,20,104446600,8388608,12.45,0,0,0,0
FillBenchmarks.DllImport_RefByte,PInvokeBench,FillBenchmarks,DllImport_RefByte,ShortRun,Default,Default,Default,Default,Default,Default,Default,Default,Default,Default,Default,Default,Default,Default,Default,Default,Default,Default,Default,Default,Default,Default,Default,Default,Default,Default,Default,Default,Default,Default,Default,3,Default,1,Default,Default,Default,Default,Default,Default,Default,3,"ShortRun(IterationCount=3, LaunchCount=1, WarmupCount=3)",Size=16,1,Workload,Pilot,21,181194900,16777216,10.8,0,0,0,0
FillBenchmarks.DllImport_RefByte,PInvokeBench,FillBenchmarks,DllImport_RefByte,ShortRun,Default,Default,Default,Default,Default,Default,Default,Default,Default,Default,Default,Default,Default,Default,Default,Default,Default,Default,Default,Default,Default,Default,Default,Default,Default,Default,Default,Default,Default,Default,Default,3,Default,1,Default,Default,Default,Default,Default,Default,Default,3,"ShortRun(IterationCount=3, LaunchCount=1, WarmupCount=3)",Size=16,1,Workload,Pilot,22,379749900,33554432,11.32,0,0,0,0
FillBenchmarks.DllImport_RefByte,PInvokeBench,FillBenchmarks,DllImport_RefByte,ShortRun,Default,Default,Default,Default,Default,Default,Default,Default,Default,Default,Default,Default,Default,Default,Default,Default,Default,Default,Default,Default,Default,Default,Default,Default,Default,Default,Default,Default,Default,Default,Default,3,Default,1,Default,Default,Default,Default,Default,Default,Default,3,"ShortRun(IterationCount=3, LaunchCount=1, WarmupCount=3)",Size=16,1,Workload,Pilot,23,767692300,67108864,11.44,0,0,0,0
FillBenchmarks.DllImport_RefByte,PInvokeBench,FillBenchmarks,DllImport_RefByte,ShortRun,Default,Default,Default,Default,Default,Default,Default,Default,Default,Default,Default,Default,Default,Default,Default,Default,Default,Default,Default,Default,Default,Default,Default,Default,Default,Default,Default,Default,Default,Default,Default,3,Default,1,Default,Default,Default,Default,Default,Default,Default,3,"ShortRun(IterationCount=3, LaunchCount=1, WarmupCount=3)",Size=16,1,Overhead,Warmup,1,171922000,67108864,2.56,0,0,0,0
FillBenchmarks.DllImport_RefByte,PInvokeBench,FillBenchmarks,DllImport_RefByte,ShortRun,Default,Default,Default,Default,Default,Default,Default,Default,Default,Default,Default,Default,Default,Default,Default,Default,Default,Default,Default,Default,Default,Default,Default,Default,Default,Default,Default,Default,Default,Default,Default,3,Default,1,Default,Default,Default,Default,Default,Default,Default,3,"ShortRun(IterationCount=3, LaunchCount=1, WarmupCount=3)",Size=16,1,Overhead,Warmup,2,142281300,67108864,2.12,0,0,0,0
FillBenchmarks.DllImport_RefByte,PInvokeBench,FillBenchmarks,DllImport_RefByte,ShortRun,Default,Default,Default,Default,Default,Default,Default,Default,Default,Default,Default,Default,Default,Default,Default,Default,Default,Default,Default,Default,Default,Default,Default,Default,Default,Default,Default,Default,Default,Default,Default,3,Default,1,Default,Default,Default,Default,Default,Default,Default,3,"ShortRun(IterationCount=3, LaunchCount=1, WarmupCount=3)",Size=16,1,Overhead,Warmup,3,130057800,67108864,1.94,0,0,0,0
FillBenchmarks.DllImport_RefByte,PInvokeBench,FillBenchmarks,DllImport_RefByte,ShortRun,Default,Default,Default,Default,Default,Default,Default,Default,Default,Default,Default,Default,Default,Default,Default,Default,Default,Default,Default,Default,Default,Default,Default,Default,Default,Default,Default,Default,Default,Default,Default,3,Default,1,Default,Default,Default,Default,Default,Default,Default,3,"ShortRun(IterationCount=3, LaunchCount=1, WarmupCount=3)",Size=16,1,Overhead,Warmup,4,141344700,67108864,2.11,0,0,0,0
FillBenchmarks.DllImport_RefByte,PInvokeBench,FillBenchmarks,DllImport_RefByte,ShortRun,Default,Default,Default,Default,Default,Default,Default,Default,Default,Default,Default,Default,Default,Default,Default,Default,Default,Default,Default,Default,Default,Default,Default,Default,Default,Default,Default,Default,Default,Default,Default,3,Default,1,Default,Default,Default,Default,Default,Default,Default,3,"ShortRun(IterationCount=3, LaunchCount=1, WarmupCount=3)",Size=16,1,Overhead,Warmup,5,138301800,67108864,2.06,0,0,0,0
FillBenchmarks.DllImport_RefByte,PInvokeBench,FillBenchmarks,DllImport_RefByte,ShortRun,Default,Default,Default,Default,Default,Default,Default,Default,Default,Default,Default,Default,Default,Default,Default,Default,Default,Default,Default,Default,Default,Default,Default,Default,Default,Default,Default,Default,Default,Default,Default,3,Default,1,Default,Default,Default,Default,Default,Default,Default,3,"ShortRun(IterationCount=3, LaunchCount=1, WarmupCount=3)",Size=16,1,Overhead,Warmup,6,129498300,67108864,1.93,0,0,0,0
FillBenchmarks.DllImport_RefByte,PInvokeBench,FillBenchmarks,DllImport_RefByte,ShortRun,Default,Default,Default,Default,Default,Default,Default,Default,Default,Default,Default,Default,Default,Default,Default,Default,Default,Default,Default,Default,Default,Default,Default,Default,Default,Default,Default,Default,Default,Default,Default,3,Default,1,Default,Default,Default,Default,Default,Default,Default,3,"ShortRun(IterationCount=3, LaunchCount=1, WarmupCount=3)",Size=16,1,Overhead,Warmup,7,130523800,67108864,1.94,0,0,0,0
FillBenchmarks.DllImport_RefByte,PInvokeBench,FillBenchmarks,DllImport_RefByte,ShortRun,Default,Default,Default,Default,Default,Default,Default,Default,Default,Default,Default,Default,Default,Default,Default,Default,Default,Default,Default,Default,Default,Default,Default,Default,Default,Default,Default,Default,Default,Default,Default,3,Default,1,Default,Default,Default,Default,Default,Default,Default,3,"ShortRun(IterationCount=3, LaunchCount=1, WarmupCount=3)",Size=16,1,Overhead,Warmup,8,140883000,67108864,2.1,0,0,0,0
FillBenchmarks.DllImport_RefByte,PInvokeBench,FillBenchmarks,DllImport_RefByte,ShortRun,Default,Default,Default,Default,Default,Default,Default,Default,Default,Default,Default,Default,Default,Default,Default,Default,Default,Default,Default,Default,Default,Default,Default,Default,Default,Default,Default,Default,Default,Default,Default,3,Default,1,Default,Default,Default,Default,Default,Default,Default,3,"ShortRun(IterationCount=3, LaunchCount=1, WarmupCount=3)",Size=16,1,Overhead,Warmup,9,142627600,67108864,2.13,0,0,0,0
FillBenchmarks.DllImport_RefByte,PInvokeBench,FillBenchmarks,DllImport_RefByte,ShortRun,Default,Default,Default,Default,Default,Default,Default,Default,Default,Default,Default,Default,Default,Default,Default,Default,Default,Default,Default,Default,Default,Default,Default,Default,Default,Default,Default,Default,Default,Default,Default,3,Default,1,Default,Default,Default,Default,Default,Default,Default,3,"ShortRun(IterationCount=3, LaunchCount=1, WarmupCount=3)",Size=16,1,Overhead,Warmup,10,137092200,67108864,2.04,0,0,0,0
FillBenchmarks.DllImport_RefByte,PInvokeBench,FillBenchmarks,DllImport_RefByte,ShortRun,Default,Default,Default,Default,Default,Default,Default,Default,Default,Default,Default,Default,Default,Default,Default,Default,Default,Default,Default,Default,Default,Default,Default,Default,Default,Default,Default,Default,Default,Default,Default,3,Default,1,Default,Default,Default,Default,Default,Default,Default,3,"ShortRun(IterationCount=3, LaunchCount=1, WarmupCount=3)",Size=16,1,Overhead,Actual,1,129693700,67108864,1.93,0,0,0,0
FillBenchmarks.DllImport_RefByte,PInvokeBench,FillBenchmarks,DllImport_RefByte,ShortRun,Default,Default,Default,Default,Default,Default,Default,Default,Default,Default,Default,Default,Default,Default,Default,Default,Default,Default,Default,Default,Default,Default,Default,Default,Default,Default,Default,Default,Default,Default,Default,3,Default,1,Default,Default,Default,Default,Default,Default,Default,3,"ShortRun(IterationCount=3, LaunchCount=1, WarmupCount=3)",Size=16,1,Overhead,Actual,2,144000900,67108864,2.15,0,0,0,0
FillBenchmarks.DllImport_RefByte,PInvokeBench,FillBenchmarks,DllImport_RefByte,ShortRun,Default,Default,Default,Default,Default,Default,Default,Default,Default,Default,Default,Default,Default,Default,Default,Default,Default,Default,Default,Default,Default,Default,Default,Default,Default,Default,Default,Default,Default,Default,Default,3,Default,1,Default,Default,Default,Default,Default,Default,Default,3,"ShortRun(IterationCount=3, LaunchCount=1, WarmupCount=3)",Size=16,1,Overhead,Actual,3,139904200,67108864,2.08,0,0,0,0
FillBenchmarks.DllImport_RefByte,PInvokeBench,FillBenchmarks,DllImport_RefByte,ShortRun,Default,Default,Default,Default,Default,Default,Default,Default,Default,Default,Default,Default,Default,Default,Default,Default,Default,Default,Default,Default,Default,Default,Default,Default,Default,Default,Default,Default,Default,Default,Default,3,Default,1,Default,Default,Default,Default,Default,Default,Default,3,"ShortRun(IterationCount=3, LaunchCount=1, WarmupCount=3)",Size=16,1,Overhead,Actual,4,141063300,67108864,2.1,0,0,0,0
FillBenchmarks.DllImport_RefByte,PInvokeBench,FillBenchmarks,DllImport_RefByte,ShortRun,Default,Default,Default,Default,Default,Default,Default,Default,Default,Default,Default,Default,Default,Default,Default,Default,Default,Default,Default,Default,Default,Default,Default,Default,Default,Default,Default,Default,Default,Default,Default,3,Default,1,Default,Default,Default,Default,Default,Default,Default,3,"ShortRun(IterationCount=3, LaunchCount=1, WarmupCount=3)",Size=16,1,Overhead,Actual,5,141708200,67108864,2.11,0,0,0,0
FillBenchmarks.DllImport_RefByte,PInvokeBench,FillBenchmarks,DllImport_RefByte,ShortRun,Default,Default,Default,Default,Default,Default,Default,Default,Default,Default,Default,Default,Default,Default,Default,Default,Default,Default,Default,Default,Default,Default,Default,Default,Default,Default,Default,Default,Default,Default,Default,3,Default,1,Default,Default,Default,Default,Default,Default,Default,3,"ShortRun(IterationCount=3, LaunchCount=1, WarmupCount=3)",Size=16,1,Overhead,Actual,6,147007600,67108864,2.19,0,0,0,0
FillBenchmarks.DllImport_RefByte,PInvokeBench,FillBenchmarks,DllImport_RefByte,ShortRun,Default,Default,Default,Default,Default,Default,Default,Default,Default,Default,Default,Default,Default,Default,Default,Default,Default,Default,Default,Default,Default,Default,Default,Default,Default,Default,Default,Default,Default,Default,Default,3,Default,1,Default,Default,Default,Default,Default,Default,Default,3,"ShortRun(IterationCount=3, LaunchCount=1, WarmupCount=3)",Size=16,1,Overhead,Actual,7,134182100,67108864,2,0,0,0,0
FillBenchmarks.DllImport_RefByte,PInvokeBench,FillBenchmarks,DllImport_RefByte,ShortRun,Default,Default,Default,Default,Default,Default,Default,Default,Default,Default,Default,Default,Default,Default,Default,Default,Default,Default,Default,Default,Default,Default,Default,Default,Default,Default,Default,Default,Default,Default,Default,3,Default,1,Default,Default,Default,Default,Default,Default,Default,3,"ShortRun(IterationCount=3, LaunchCount=1, WarmupCount=3)",Size=16,1,Overhead,Actual,8,131289600,67108864,1.96,0,0,0,0
FillBenchmarks.DllImport_RefByte,PInvokeBench,FillBenchmarks,DllImport_RefByte,ShortRun,Default,Default,Default,Default,Default,Default,Default,Default,Default,Default,Default,Default,Default,Default,Default,Default,Default,Default,Default,Default,Default,Default,Default,Default,Default,Default,Default,Default,Default,Default,Default,3,Default,1,Default,Default,Default,Default,Default,Default,Default,3,"ShortRun(IterationCount=3, LaunchCount=1, WarmupCount=3)",Size=16,1,Overhead,Actual,9,129926700,67108864,1.94,0,0,0,0
FillBenchmarks.DllImport_RefByte,PInvokeBench,FillBenchmarks,DllImport_RefByte,ShortRun,Default,Default,Default,Default,Default,Default,Default,Default,Default,Default,Default,Default,Default,Default,Default,Default,Default,Default,Default,Default,Default,Default,Default,Default,Default,Default,Default,Default,Default,Default,Default,3,Default,1,Default,Default,Default,Default,Default,Default,Default,3,"ShortRun(IterationCount=3, LaunchCount=1, WarmupCount=3)",Size=16,1,Overhead,Actual,10,130193800,67108864,1.94,0,0,0,0
FillBenchmarks.DllImport_RefByte,PInvokeBench,FillBenchmarks,DllImport_RefByte,ShortRun,Default,Default,Default,Default,Default,Default,Default,Default,Default,Default,Default,Default,Default,Default,Default,Default,Default,Default,Default,Default,Default,Default,Default,Default,Default,Default,Default,Default,Default,Default,Default,3,Default,1,Default,Default,Default,Default,Default,Default,Default,3,"ShortRun(IterationCount=3, LaunchCount=1, WarmupCount=3)",Size=16,1,Overhead,Actual,11,129994800,67108864,1.94,0,0,0,0
FillBenchmarks.DllImport_RefByte,PInvokeBench,FillBenchmarks,DllImport_RefByte,ShortRun,Default,Default,Default,Default,Default,Default,Default,Default,Default,Default,Default,Default,Default,Default,Default,Default,Default,Default,Default,Default,Default,Default,Default,Default,Default,Default,Default,Default,Default,Default,Default,3,Default,1,Default,Default,Default,Default,Default,Default,Default,3,"ShortRun(IterationCount=3, LaunchCount=1, WarmupCount=3)",Size=16,1,Overhead,Actual,12,128159800,67108864,1.91,0,0,0,0
FillBenchmarks.DllImport_RefByte,PInvokeBench,FillBenchmarks,DllImport_RefByte,ShortRun,Default,Default,Default,Default,Default,Default,Default,Default,Default,Default,Default,Default,Default,Default,Default,Default,Default,Default,Default,Default,Default,Default,Default,Default,Default,Default,Default,Default,Default,Default,Default,3,Default,1,Default,Default,Default,Default,Default,Default,Default,3,"ShortRun(IterationCount=3, LaunchCount=1, WarmupCount=3)",Size=16,1,Overhead,Actual,13,129348000,67108864,1.93,0,0,0,0
FillBenchmarks.DllImport_RefByte,PInvokeBench,FillBenchmarks,DllImport_RefByte,ShortRun,Default,Default,Default,Default,Default,Default,Default,Default,Default,Default,Default,Default,Default,Default,Default,Default,Default,Default,Default,Default,Default,Default,Default,Default,Default,Default,Default,Default,Default,Default,Default,3,Default,1,Default,Default,Default,Default,Default,Default,Default,3,"ShortRun(IterationCount=3, LaunchCount=1, WarmupCount=3)",Size=16,1,Overhead,Actual,14,133203900,67108864,1.98,0,0,0,0
FillBenchmarks.DllImport_RefByte,PInvokeBench,FillBenchmarks,DllImport_RefByte,ShortRun,Default,Default,Default,Default,Default,Default,Default,Default,Default,Default,Default,Default,Default,Default,Default,Default,Default,Default,Default,Default,Default,Default,Default,Default,Default,Default,Default,Default,Default,Default,Default,3,Default,1,Default,Default,Default,Default,Default,Default,Default,3,"ShortRun(IterationCount=3, LaunchCount=1, WarmupCount=3)",Size=16,1,Overhead,Actual,15,136029200,67108864,2.03,0,0,0,0
FillBenchmarks.DllImport_RefByte,PInvokeBench,FillBenchmarks,DllImport_RefByte,ShortRun,Default,Default,Default,Default,Default,Default,Default,Default,Default,Default,Default,Default,Default,Default,Default,Default,Default,Default,Default,Default,Default,Default,Default,Default,Default,Default,Default,Default,Default,Default,Default,3,Default,1,Default,Default,Default,Default,Default,Default,Default,3,"ShortRun(IterationCount=3, LaunchCount=1, WarmupCount=3)",Size=16,1,Workload,Warmup,1,784984500,67108864,11.7,0,0,0,0
FillBenchmarks.DllImport_RefByte,PInvokeBench,FillBenchmarks,DllImport_RefByte,ShortRun,Default,Default,Default,Default,Default,Default,Default,Default,Default,Default,Default,Default,Default,Default,Default,Default,Default,Default,Default,Default,Default,Default,Default,Default,Default,Default,Default,Default,Default,Default,Default,3,Default,1,Default,Default,Default,Default,Default,Default,Default,3,"ShortRun(IterationCount=3, LaunchCount=1, WarmupCount=3)",Size=16,1,Workload,Warmup,2,770698400,67108864,11.48,0,0,0,0
FillBenchmarks.DllImport_RefByte,PInvokeBench,FillBenchmarks,DllImport_RefByte,ShortRun,Default,Default,Default,Default,Default,Default,Default,Default,Default,Default,Default,Default,Default,Default,Default,Default,Default,Default,Default,Default,Default,Default,Default,Default,Default,Default,Default,Default,Default,Default,Default,3,Default,1,Default,Default,Default,Default,Default,Default,Default,3,"ShortRun(IterationCount=3, LaunchCount=1, WarmupCount=3)",Size=16,1,Workload,Warmup,3,780645100,67108864,11.63,0,0,0,0
FillBenchmarks.DllImport_RefByte,PInvokeBench,FillBenchmarks,DllImport_RefByte,ShortRun,Default,Default,Default,Default,Default,Default,Default,Default,Default,Default,Default,Default,Default,Default,Default,Default,Default,Default,Default,Default,Default,Default,Default,Default,Default,Default,Default,Default,Default,Default,Default,3,Default,1,Default,Default,Default,Default,Default,Default,Default,3,"ShortRun(IterationCount=3, LaunchCount=1, WarmupCount=3)",Size=16,1,Workload,Actual,1,756815400,67108864,11.28,0,0,0,0
FillBenchmarks.DllImport_RefByte,PInvokeBench,FillBenchmarks,DllImport_RefByte,ShortRun,Default,Default,Default,Default,Default,Default,Default,Default,Default,Default,Default,Default,Default,Default,Default,Default,Default,Default,Default,Default,Default,Default,Default,Default,Default,Default,Default,Default,Default,Default,Default,3,Default,1,Default,Default,Default,Default,Default,Default,Default,3,"ShortRun(IterationCount=3, LaunchCount=1, WarmupCount=3)",Size=16,1,Workload,Actual,2,741583300,67108864,11.05,0,0,0,0
FillBenchmarks.DllImport_RefByte,PInvokeBench,FillBenchmarks,DllImport_RefByte,ShortRun,Default,Default,Default,Default,Default,Default,Default,Default,Default,Default,Default,Default,Default,Default,Default,Default,Default,Default,Default,Default,Default,Default,Default,Default,Default,Default,Default,Default,Default,Default,Default,3,Default,1,Default,Default,Default,Default,Default,Default,Default,3,"ShortRun(IterationCount=3, LaunchCount=1, WarmupCount=3)",Size=16,1,Workload,Actual,3,764118700,67108864,11.39,0,0,0,0
FillBenchmarks.DllImport_RefByte,PInvokeBench,FillBenchmarks,DllImport_RefByte,ShortRun,Default,Default,Default,Default,Default,Default,Default,Default,Default,Default,Default,Default,Default,Default,Default,Default,Default,Default,Default,Default,Default,Default,Default,Default,Default,Default,Default,Default,Default,Default,Default,3,Default,1,Default,Default,Default,Default,Default,Default,Default,3,"ShortRun(IterationCount=3, LaunchCount=1, WarmupCount=3)",Size=16,1,Workload,Result,1,623611500,67108864,9.29,0,0,0,0
FillBenchmarks.DllImport_RefByte,PInvokeBench,FillBenchmarks,DllImport_RefByte,ShortRun,Default,Default,Default,Default,Default,Default,Default,Default,Default,Default,Default,Default,Default,Default,Default,Default,Default,Default,Default,Default,Default,Default,Default,Default,Default,Default,Default,Default,Default,Default,Default,3,Default,1,Default,Default,Default,Default,Default,Default,Default,3,"ShortRun(IterationCount=3, LaunchCount=1, WarmupCount=3)",Size=16,1,Workload,Result,2,608379400,67108864,9.07,0,0,0,0
FillBenchmarks.DllImport_RefByte,PInvokeBench,FillBenchmarks,DllImport_RefByte,ShortRun,Default,Default,Default,Default,Default,Default,Default,Default,Default,Default,Default,Default,Default,Default,Default,Default,Default,Default,Default,Default,Default,Default,Default,Default,Default,Default,Default,Default,Default,Default,Default,3,Default,1,Default,Default,Default,Default,Default,Default,Default,3,"ShortRun(IterationCount=3, LaunchCount=1, WarmupCount=3)",Size=16,1,Workload,Result,3,630914800,67108864,9.4,0,0,0,0
FillBenchmarks.LibraryImport_Span,PInvokeBench,FillBenchmarks,LibraryImport_Span,ShortRun,Default,Default,Default,Default,Default,Default,Default,Default,Default,Default,Default,Default,Default,Default,Default,Default,Default,Default,Default,Default,Default,Default,Default,Default,Default,Default,Default,Default,Default,Default,Default,3,Default,1,Default,Default,Default,Default,Default,Default,Default,3,"ShortRun(IterationCount=3, LaunchCount=1, WarmupCount=3)",Size=16,1,Overhead,Jitting,1,217900,1,217900,0,0,0,0
FillBenchmarks.LibraryImport_Span,PInvokeBench,FillBenchmarks,LibraryImport_Span,ShortRun,Default,Default,Default,Default,Default,Default,Default,Default,Default,Default,Default,Default,Default,Default,Default,Default,Default,Default,Default,Default,Default,Default,Default,Default,Default,Default,Default,Default,Default,Default,Default,3,Default,1,Default,Default,Default,Default,Default,Default,Default,3,"ShortRun(IterationCount=3, LaunchCount=1, WarmupCount=3)",Size=16,1,Workload,Jitting,1,745900,1,745900,0,0,0,0
FillBenchmarks.LibraryImport_Span,PInvokeBench,FillBenchmarks,LibraryImport_Span,ShortRun,Default,Default,Default,Default,Default,Default,Default,Default,Default,Default,Default,Default,Default,Default,Default,Default,Default,Default,Default,Default,Default,Default,Default,Default,Default,Default,Default,Default,Default,Default,Default,3,Default,1,Default,Default,Default,Default,Default,Default,Default,3,"ShortRun(IterationCount=3, LaunchCount=1, WarmupCount=3)",Size=16,1,Overhead,Jitting,2,307400,16,19212.5,0,0,0,0
FillBenchmarks.LibraryImport_Span,PInvokeBench,FillBenchmarks,LibraryImport_Span,ShortRun,Default,Default,Default,Default,Default,Default,Default,Default,Default,Default,Default,Default,Default,Default,Default,Default,Default,Default,Default,Default,Default,Default,Default,Default,Default,Default,Default,Default,Default,Default,Default,3,Default,1,Default,Default,Default,Default,Default,Default,Default,3,"ShortRun(IterationCount=3, LaunchCount=1, WarmupCount=3)",Size=16,1,Workload,Jitting,2,310000,16,19375,0,0,0,0
FillBenchmarks.LibraryImport_Span,PInvokeBench,FillBenchmarks,LibraryImport_Span,ShortRun,Default,Default,Default,Default,Default,Default,Default,Default,Default,Default,Default,Default,Default,Default,Default,Default,Default,Default,Default,Default,Default,Default,Default,Default,Default,Default,Default,Default,Default,Default,Default,3,Default,1,Default,Default,Default,Default,Default,Default,Default,3,"ShortRun(IterationCount=3, LaunchCount=1, WarmupCount=3)",Size=16,1,Workload,Pilot,1,900,16,56.25,0,0,0,0
FillBenchmarks.LibraryImport_Span,PInvokeBench,FillBenchmarks,LibraryImport_Span,ShortRun,Default,Default,Default,Default,Default,Default,Default,Default,Default,Default,Default,Default,Default,Default,Default,Default,Default,Default,Default,Default,Default,Default,Default,Default,Default,Default,Default,Default,Default,Default,Default,3,Default,1,Default,Default,Default,Default,Default,Default,Default,3,"ShortRun(IterationCount=3, LaunchCount=1, WarmupCount=3)",Size=16,1,Workload,Pilot,2,1200,32,37.5,0,0,0,0
FillBenchmarks.LibraryImport_Span,PInvokeBench,FillBenchmarks,LibraryImport_Span,ShortRun,Default,Default,Default,Default,Default,Default,Default,Default,Default,Default,Default,Default,Default,Default,Default,Default,Default,Default,Default,Default,Default,Default,Default,Default,Default,Default,Default,Default,Default,Default,Default,3,Default,1,Default,Default,Default,Default,Default,Default,Default,3,"ShortRun(IterationCount=3, LaunchCount=1, WarmupCount=3)",Size=16,1,Workload,Pilot,3,2200,64,34.38,0,0,0,0
FillBenchmarks.LibraryImport_Span,PInvokeBench,FillBenchmarks,LibraryImport_Span,ShortRun,Default,Default,Default,Default,Default,Default,Default,Default,Default,Default,Default,Default,Default,Default,Default,Default,Default,Default,Default,Default,Default,Default,Default,Default,Default,Default,Default,Default,Default,Default,Default,3,Default,1,Default,Default,Default,Default,Default,Default,Default,3,"ShortRun(IterationCount=3, LaunchCount=1, WarmupCount=3)",Size=16,1,Workload,Pilot,4,4700,128,36.72,0,0,0,0
FillBenchmarks.LibraryImport_Span,PInvokeBench,FillBenchmarks,LibraryImport_Span,ShortRun,Default,Default,Default,Default,Default,Default,Default,Default,Default,Default,Default,Default,Default,Default,Default,Default,Default,Default,Default,Default,Default,Default,Default,Default,Default,Default,Default,Default,Default,Default,Default,3,Default,1,Default,Default,Default,Default,Default,Default,Default,3,"ShortRun(IterationCount=3, LaunchCount=1, WarmupCount=3)",Size=16,1,Workload,Pilot,5,7400,256,28.91,0,0,0,0
FillBenchmarks.LibraryImport_Span,PInvokeBench,FillBenchmarks,LibraryImport_Span,ShortRun,Default,Default,Default,Default,Default,Default,Default,Default,Default,Default,Default,Default,Default,Default,Default,Default,Default,Default,Default,Default,Default,Default,Default,Default,Default,Default,Default,Default,Default,Default,Default,3,Default,1,Default,Default,Default,Default,Default,Default,Default,3,"ShortRun(IterationCount=3, LaunchCount=1, WarmupCount=3)",Size=16,1,Workload,Pilot,6,15600,512,30.47,0,0,0,0
FillBenchmarks.LibraryImport_Span,PInvokeBench,FillBenchmarks,LibraryImport_Span,ShortRun,Default,Default,Default,Default,Default,Default,Default,Default,Default,Default,Default,Default,Default,Default,Default,Default,Default,Default,Default,Default,Default,Default,Default,Default,Default,Default,Default,Default,Default,Default,Default,3,Default,1,Default,Default,Default,Default,Default,Default,Default,3,"ShortRun(IterationCount=3, LaunchCount=1, WarmupCount=3)",Size=16,1,Workload,Pilot,7,19600,1024,19.14,0,0,0,0
FillBenchmarks.LibraryImport_Span,PInvokeBench,FillBenchmarks,LibraryImport_Span,ShortRun,Default,Default,Default,Default,Default,Default,Default,Default,Default,Default,Default,Default,Default,Default,Default,Default,Default,Default,Default,Default,Default,Default,Default,Default,Default,Default,Default,Default,Default,Default,Default,3,Default,1,Default,Default,Default,Default,Default,Default,Default,3,"ShortRun(IterationCount=3, LaunchCount=1, WarmupCount=3)",Size=16,1,Workload,Pilot,8,39100,2048,19.09,0,0,0,0
FillBenchmarks.LibraryImport_Span,PInvokeBench,FillBenchmarks,LibraryImport_Span,ShortRun,Default,Default,Default,Default,Default,Default,Default,Default,Default,Default,Default,Default,Default,Default,Default,Default,Default,Default,Default,Default,Default,Default,Default,Default,Default,Default,Default,Default,Default,Default,Default,3,Default,1,Default,Default,Default,Default,Default,Default,Default,3,"ShortRun(IterationCount=3, LaunchCount=1, WarmupCount=3)",Size=16,1,Workload,Pilot,9,75200,4096,18.36,0,0,0,0
FillBenchmarks.LibraryImport_Span,PInvokeBench,FillBenchmarks,LibraryImport_Span,ShortRun,Default,Default,Default,Default,Default,Default,Default,Default,Default,Default,Default,Default,Default,Default,Default,Default,Default,Default,Default,Default,Default,Default,Default,Default,Default,Default,Default,Default,Default,Default,Default,3,Default,1,Default,Default,Default,Default,Default,Default,Default,3,"ShortRun(IterationCount=3, LaunchCount=1, WarmupCount=3)",Size=16,1,Workload,Pilot,10,171500,8192,20.94,0,0,0,0
FillBenchmarks.LibraryImport_Span,PInvokeBench,FillBenchmarks,LibraryImport_Span,ShortRun,Default,Default,Default,Default,Default,Default,Default,Default,Default,Default,Default,Default,Default,Default,Default,Default,Default,Default,Default,Default,Default,Default,Default,Default,Default,Default,Default,Default,Default,Default,Default,3,Default,1,Default,Default,Default,Default,Default,Default,Default,3,"ShortRun(IterationCount=3, LaunchCount=1, WarmupCount=3)",Size=16,1,Workload,Pilot,11,296100,16384,18.07,0,0,0,0
FillBenchmarks.LibraryImport_Span,PInvokeBench,FillBenchmarks,LibraryImport_Span,ShortRun,Default,Default,Default,Default,Default,Default,Default,Default,Default,Default,Default,Default,Default,Default,Default,Default,Default,Default,Default,Default,Default,Default,Default,Default,Default,Default,Default,Default,Default,Default,Default,3,Default,1,Default,Default,Default,Default,Default,Default,Default,3,"ShortRun(IterationCount=3, LaunchCount=1, WarmupCount=3)",Size=16,1,Workload,Pilot,12,614100,32768,18.74,0,0,0,0
FillBenchmarks.LibraryImport_Span,PInvokeBench,FillBenchmarks,LibraryImport_Span,ShortRun,Default,Default,Default,Default,Default,Default,Default,Default,Default,Default,Default,Default,Default,Default,Default,Default,Default,Default,Default,Default,Default,Default,Default,Default,Default,Default,Default,Default,Default,Default,Default,3,Default,1,Default,Default,Default,Default,Default,Default,Default,3,"ShortRun(IterationCount=3, LaunchCount=1, WarmupCount=3)",Size=16,1,Workload,Pilot,13,1248900,65536,19.06,0,0,0,0
FillBenchmarks.LibraryImport_Span,PInvokeBench,FillBenchmarks,LibraryImport_Span,ShortRun,Default,Default,Default,Default,Default,Default,Default,Default,Default,Default,Default,Default,Default,Default,Default,Default,Default,Default,Default,Default,Default,Default,Default,Default,Default,Default,Default,Default,Default,Default,Default,3,Default,1,Default,Default,Default,Default,Default,Default,Default,3,"ShortRun(IterationCount=3, LaunchCount=1, WarmupCount=3)",Size=16,1,Workload,Pilot,14,2550100,131072,19.46,0,0,0,0
FillBenchmarks.LibraryImport_Span,PInvokeBench,FillBenchmarks,LibraryImport_Span,ShortRun,Default,Default,Default,Default,Default,Default,Default,Default,Default,Default,Default,Default,Default,Default,Default,Default,Default,Default,Default,Default,Default,Default,Default,Default,Default,Default,Default,Default,Default,Default,Default,3,Default,1,Default,Default,Default,Default,Default,Default,Default,3,"ShortRun(IterationCount=3, LaunchCount=1, WarmupCount=3)",Size=16,1,Workload,Pilot,15,5125100,262144,19.55,0,0,0,0
FillBenchmarks.LibraryImport_Span,PInvokeBench,FillBenchmarks,LibraryImport_Span,ShortRun,Default,Default,Default,Default,Default,Default,Default,Default,Default,Default,Default,Default,Default,Default,Default,Default,Default,Default,Default,Default,Default,Default,Default,Default,Default,Default,Default,Default,Default,Default,Default,3,Default,1,Default,Default,Default,Default,Default,Default,Default,3,"ShortRun(IterationCount=3, LaunchCount=1, WarmupCount=3)",Size=16,1,Workload,Pilot,16,10399500,524288,19.84,0,0,0,0
FillBenchmarks.LibraryImport_Span,PInvokeBench,FillBenchmarks,LibraryImport_Span,ShortRun,Default,Default,Default,Default,Default,Default,Default,Default,Default,Default,Default,Default,Default,Default,Default,Default,Default,Default,Default,Default,Default,Default,Default,Default,Default,Default,Default,Default,Default,Default,Default,3,Default,1,Default,Default,Default,Default,Default,Default,Default,3,"ShortRun(IterationCount=3, LaunchCount=1, WarmupCount=3)",Size=16,1,Workload,Pilot,17,22221700,1048576,21.19,0,0,0,0
FillBenchmarks.LibraryImport_Span,PInvokeBench,FillBenchmarks,LibraryImport_Span,ShortRun,Default,Default,Default,Default,Default,Default,Default,Default,Default,Default,Default,Default,Default,Default,Default,Default,Default,Default,Default,Default,Default,Default,Default,Default,Default,Default,Default,Default,Default,Default,Default,3,Default,1,Default,Default,Default,Default,Default,Default,Default,3,"ShortRun(IterationCount=3, LaunchCount=1, WarmupCount=3)",Size=16,1,Workload,Pilot,18,45156000,2097152,21.53,0,0,0,0
FillBenchmarks.LibraryImport_Span,PInvokeBench,FillBenchmarks,LibraryImport_Span,ShortRun,Default,Default,Default,Default,Default,Default,Default,Default,Default,Default,Default,Default,Default,Default,Default,Default,Default,Default,Default,Default,Default,Default,Default,Default,Default,Default,Default,Default,Default,Default,Default,3,Default,1,Default,Default,Default,Default,Default,Default,Default,3,"ShortRun(IterationCount=3, LaunchCount=1, WarmupCount=3)",Size=16,1,Workload,Pilot,19,63240000,4194304,15.08,0,0,0,0
FillBenchmarks.LibraryImport_Span,PInvokeBench,FillBenchmarks,LibraryImport_Span,ShortRun,Default,Default,Default,Default,Default,Default,Default,Default,Default,Default,Default,Default,Default,Default,Default,Default,Default,Default,Default,Default,Default,Default,Default,Default,Default,Default,Default,Default,Default,Default,Default,3,Default,1,Default,Default,Default,Default,Default,Default,Default,3,"ShortRun(IterationCount=3, LaunchCount=1, WarmupCount=3)",Size=16,1,Workload,Pilot,20,88526500,8388608,10.55,0,0,0,0
FillBenchmarks.LibraryImport_Span,PInvokeBench,FillBenchmarks,LibraryImport_Span,ShortRun,Default,Default,Default,Default,Default,Default,Default,Default,Default,Default,Default,Default,Default,Default,Default,Default,Default,Default,Default,Default,Default,Default,Default,Default,Default,Default,Default,Default,Default,Default,Default,3,Default,1,Default,Default,Default,Default,Default,Default,Default,3,"ShortRun(IterationCount=3, LaunchCount=1, WarmupCount=3)",Size=16,1,Workload,Pilot,21,184963700,16777216,11.02,0,0,0,0
FillBenchmarks.LibraryImport_Span,PInvokeBench,FillBenchmarks,LibraryImport_Span,ShortRun,Default,Default,Default,Default,Default,Default,Default,Default,Default,Default,Default,Default,Default,Default,Default,Default,Default,Default,Default,Default,Default,Default,Default,Default,Default,Default,Default,Default,Default,Default,Default,3,Default,1,Default,Default,Default,Default,Default,Default,Default,3,"ShortRun(IterationCount=3, LaunchCount=1, WarmupCount=3)",Size=16,1,Workload,Pilot,22,368563700,33554432,10.98,0,0,0,0
FillBenchmarks.LibraryImport_Span,PInvokeBench,FillBenchmarks,LibraryImport_Span,ShortRun,Default,Default,Default,Default,Default,Default,Default,Default,Default,Default,Default,Default,Default,Default,Default,Default,Default,Default,Default,Default,Default,Default,Default,Default,Default,Default,Default,Default,Default,Default,Default,3,Default,1,Default,Default,Default,Default,Default,Default,Default,3,"ShortRun(IterationCount=3, LaunchCount=1, WarmupCount=3)",Size=16,1,Workload,Pilot,23,670844400,67108864,10,0,0,0,0
FillBenchmarks.LibraryImport_Span,PInvokeBench,FillBenchmarks,LibraryImport_Span,ShortRun,Default,Default,Default,Default,Default,Default,Default,Default,Default,Default,Default,Default,Default,Default,Default,Default,Default,Default,Default,Default,Default,Default,Default,Default,Default,Default,Default,Default,Default,Default,Default,3,Default,1,Default,Default,Default,Default,Default,Default,Default,3,"ShortRun(IterationCount=3, LaunchCount=1, WarmupCount=3)",Size=16,1,Overhead,Warmup,1,185764000,67108864,2.77,0,0,0,0
FillBenchmarks.LibraryImport_Span,PInvokeBench,FillBenchmarks,LibraryImport_Span,ShortRun,Default,Default,Default,Default,Default,Default,Default,Default,Default,Default,Default,Default,Default,Default,Default,Default,Default,Default,Default,Default,Default,Default,Default,Default,Default,Default,Default,Default,Default,Default,Default,3,Default,1,Default,Default,Default,Default,Default,Default,Default,3,"ShortRun(IterationCount=3, LaunchCount=1, WarmupCount=3)",Size=16,1,Overhead,Warmup,2,149248900,67108864,2.22,0,0,0,0
FillBenchmarks.LibraryImport_Span,PInvokeBench,FillBenchmarks,LibraryImport_Span,ShortRun,Default,Default,Default,Default,Default,Default,Default,Default,Default,Default,Default,Default,Default,Default,Default,Default,Default,Default,Default,Default,Default,Default,Default,Default,Default,Default,Default,Default,Default,Default,Default,3,Default,1,Default,Default,Default,Default,Default,Default,Default,3,"ShortRun(IterationCount=3, LaunchCount=1, WarmupCount=3)",Size=16,1,Overhead,Warmup,3,142261100,67108864,2.12,0,0,0,0
FillBenchmarks.LibraryImport_Span,PInvokeBench,FillBenchmarks,LibraryImport_Span,ShortRun,Default,Default,Default,Default,Default,Default,Default,Default,Default,Default,Default,Default,Default,Default,Default,Default,Default,Default,Default,Default,Default,Default,Default,Default,Default,Default,Default,Default,Default,Default,Default,3,Default,1,Default,Default,Default,Default,Default,Default,Default,3,"ShortRun(IterationCount=3, LaunchCount=1, WarmupCount=3)",Size=16,1,Overhead,Warmup,4,144417000,67108864,2.15,0,0,0,0
FillBenchmarks.LibraryImport_Span,PInvokeBench,FillBenchmarks,LibraryImport_Span,ShortRun,Default,Default,Default,Default,Default,Default,Default,Default,Default,Default,Default,Default,Default,Default,Default,Default,Default,Default,Default,Default,Default,Default,Default,Default,Default,Default,Default,Default,Default,Default,Default,3,Default,1,Default,Default,Default,Default,Default,Default,Default,3,"ShortRun(IterationCount=3, LaunchCount=1, WarmupCount=3)",Size=16,1,Overhead,Warmup,5,148632300,67108864,2.21,0,0,0,0
FillBenchmarks.LibraryImport_Span,PInvokeBench,FillBenchmarks,LibraryImport_Span,ShortRun,Default,Default,Default,Default,Default,Default,Default,Default,Default,Default,Default,Default,Default,Default,Default,Default,Default,Default,Default,Default,Default,Default,Default,Default,Default,Default,Default,Default,Default,Default,Default,3,Default,1,Default,Default,Default,Default,Default,Default,Default,3,"ShortRun(IterationCount=3, LaunchCount=1, WarmupCount=3)",Size=16,1,Overhead,Warmup,6,138686700,67108864,2.07,0,0,0,0
FillBenchmarks.LibraryImport_Span,PInvokeBench,FillBenchmarks,LibraryImport_Span,ShortRun,Default,Default,Default,Default,Default,Default,Default,Default,Default,Default,Default,Default,Default,Default,Default,Default,Default,Default,Default,Default,Default,Default,Default,Default,Default,Default,Default,Default,Default,Default,Default,3,Default,1,Default,Default,Default,Default,Default,Default,Default,3,"ShortRun(IterationCount=3, LaunchCount=1, WarmupCount=3)",Size=16,1,Overhead,Warmup,7,142675700,67108864,2.13,0,0,0,0
FillBenchmarks.LibraryImport_Span,PInvokeBench,FillBenchmarks,LibraryImport_Span,ShortRun,Default,Default,Default,Default,Default,Default,Default,Default,Default,Default,Default,Default,Default,Default,Default,Default,Default,Default,Default,Default,Default,Default,Default,Default,Default,Default,Default,Default,Default,Default,Default,3,Default,1,Default,Default,Default,Default,Default,Default,Default,3,"ShortRun(IterationCount=3, LaunchCount=1, WarmupCount=3)",Size=16,1,Overhead,Warmup,8,149076300,67108864,2.22,0,0,0,0
FillBenchmarks.LibraryImport_Span,PInvokeBench,FillBenchmarks,LibraryImport_Span,ShortRun,Default,Default,Default,Default,Default,Default,Default,Default,Default,Default,Default,Default,Default,Default,Default,Default,Default,Default,Default,Default,Default,Default,Default,Default,Default,Default,Default,Default,Default,Default,Default,3,Default,1,Default,Default,Default,Default,Default,Default,Default,3,"ShortRun(IterationCount=3, LaunchCount=1, WarmupCount=3)",Size=16,1,Overhead,Warmup,9,143873000,67108864,2.14,0,0,0,0
FillBenchmarks.LibraryImport_Span,PInvokeBench,FillBenchmarks,LibraryImport_Span,ShortRun,Default,Default,Default,Default,Default,Default,Default,Default,Default,Default,Default,Default,Default,Default,Default,Default,Default,Default,Default,Default,Default,Default,Default,Default,Default,Default,Default,Default,Default,Default,Default,3,Default,1,Default,Default,Default,Default,Default,Default,Default,3,"ShortRun(IterationCount=3, LaunchCount=1, WarmupCount=3)",Size=16,1,Overhead,Actual,1,141980900,67108864,2.12,0,0,0,0
FillBenchmarks.LibraryImport_Span,PInvokeBench,FillBenchmarks,LibraryImport_Span,ShortRun,Default,Default,Default,Default,Default,Default,Default,Default,Default,Default,Default,Default,Default,Default,Default,Default,Default,Default,Default,Default,Default,Default,Default,Default,Default,Default,Default,Default,Default,Default,Default,3,Default,1,Default,Default,Default,Default,Default,Default,Default,3,"ShortRun(IterationCount=3, LaunchCount=1, WarmupCount=3)",Size=16,1,Overhead,Actual,2,133542400,67108864,1.99,0,0,0,0
FillBenchmarks.LibraryImport_Span,PInvokeBench,FillBenchmarks,LibraryImport_Span,ShortRun,Default,Default,Default,Default,Default,Default,Default,Default,Default,Default,Default,Default,Default,Default,Default,Default,Default,Default,Default,Default,Default,Default,Default,Default,Default,Default,Default,Default,Default,Default,Default,3,Default,1,Default,Default,Default,Default,Default,Default,Default,3,"ShortRun(IterationCount=3, LaunchCount=1, WarmupCount=3)",Size=16,1,Overhead,Actual,3,134946500,67108864,2.01,0,0,0,0
FillBenchmarks.LibraryImport_Span,PInvokeBench,FillBenchmarks,LibraryImport_Span,ShortRun,Default,Default,Default,Default,Default,Default,Default,Default,Default,Default,Default,Default,Default,Default,Default,Default,Default,Default,Default,Default,Default,Default,Default,Default,Default,Default,Default,Default,Default,Default,Default,3,Default,1,Default,Default,Default,Default,Default,Default,Default,3,"ShortRun(IterationCount=3, LaunchCount=1, WarmupCount=3)",Size=16,1,Overhead,Actual,4,144785200,67108864,2.16,0,0,0,0
FillBenchmarks.LibraryImport_Span,PInvokeBench,FillBenchmarks,LibraryImport_Span,ShortRun,Default,Default,Default,Default,Default,Default,Default,Default,Default,Default,Default,Default,Default,Default,Default,Default,Default,Default,Default,Default,Default,Default,Default,Default,Default,Default,Default,Default,Default,Default,Default,3,Default,1,Default,Default,Default,Default,Default,Default,Default,3,"ShortRun(IterationCount=3, LaunchCount=1, WarmupCount=3)",Size=16,1,Overhead,Actual,5,143735200,67108864,2.14,0,0,0,0
FillBenchmarks.LibraryImport_Span,PInvokeBench,FillBenchmarks,LibraryImport_Span,ShortRun,Default,Default,Default,Default,Default,Default,Default,Default,Default,Default,Default,Default,Default,Default,Default,Default,Default,Default,Default,Default,Default,Default,Default,Default,Default,Default,Default,Default,Default,Default,Default,3,Default,1,Default,Default,Default,Default,Default,Default,Default,3,"ShortRun(IterationCount=3, LaunchCount=1, WarmupCount=3)",Size=16,1,Overhead,Actual,6,142323700,67108864,2.12,0,0,0,0
FillBenchmarks.LibraryImport_Span,PInvokeBench,FillBenchmarks,LibraryImport_Span,ShortRun,Default,Default,Default,Default,Default,Default,Default,Default,Default,Default,Default,Default,Default,Default,Default,Default,Default,Default,Default,Default,Default,Default,Default,Default,Default,Default,Default,Default,Default,Default,Default,3,Default,1,Default,Default,Default,Default,Default,Default,Default,3,"ShortRun(IterationCount=3, LaunchCount=1, WarmupCount=3)",Size=16,1,Overhead,Actual,7,141947500,67108864,2.12,0,0,0,0
FillBenchmarks.LibraryImport_Span,PInvokeBench,FillBenchmarks,LibraryImport_Span,ShortRun,Default,Default,Default,Default,Default,Default,Default,Default,Default,Default,Default,Default,Default,Default,Default,Default,Default,Default,Default,Default,Default,Default,Default,Default,Default,Default,Default,Default,Default,Default,Default,3,Default,1,Default,Default,Default,Default,Default,Default,Default,3,"ShortRun(IterationCount=3, LaunchCount=1, WarmupCount=3)",Size=16,1,Overhead,Actual,8,144931500,67108864,2.16,0,0,0,0
FillBenchmarks.LibraryImport_Span,PInvokeBench,FillBenchmarks,LibraryImport_Span,ShortRun,Default,Default,Default,Default,Default,Default,Default,Default,Default,Default,Default,Default,Default,Default,Default,Default,Default,Default,Default,Default,Default,Default,Default,Default,Default,Default,Default,Default,Default,Default,Default,3,Default,1,Default,Default,Default,Default,Default,Default,Default,3,"ShortRun(IterationCount=3, LaunchCount=1, WarmupCount=3)",Size=16,1,Overhead,Actual,9,141325100,67108864,2.11,0,0,0,0
FillBenchmarks.LibraryImport_Span,PInvokeBench,FillBenchmarks,LibraryImport_Span,ShortRun,Default,Default,Default,Default,Default,Default,Default,Default,Default,Default,Default,Default,Default,Default,Default,Default,Default,Default,Default,Default,Default,Default,Default,Default,Default,Default,Default,Default,Default,Default,Default,3,Default,1,Default,Default,Default,Default,Default,Default,Default,3,"ShortRun(IterationCount=3, LaunchCount=1, WarmupCount=3)",Size=16,1,Overhead,Actual,10,144246800,67108864,2.15,0,0,0,0
FillBenchmarks.LibraryImport_Span,PInvokeBench,FillBenchmarks,LibraryImport_Span,ShortRun,Default,Default,Default,Default,Default,Default,Default,Default,Default,Default,Default,Default,Default,Default,Default,Default,Default,Default,Default,Default,Default,Default,Default,Default,Default,Default,Default,Default,Default,Default,Default,3,Default,1,Default,Default,Default,Default,Default,Default,Default,3,"ShortRun(IterationCount=3, LaunchCount=1, WarmupCount=3)",Size=16,1,Overhead,Actual,11,139318600,67108864,2.08,0,0,0,0
FillBenchmarks.LibraryImport_Span,PInvokeBench,FillBenchmarks,LibraryImport_Span,ShortRun,Default,Default,Default,Default,Default,Default,Default,Default,Default,Default,Default,Default,Default,Default,Default,Default,Default,Default,Default,Default,Default,Default,Default,Default,Default,Default,Default,Default,Default,Default,Default,3,Default,1,Default,Default,Default,Default,Default,Default,Default,3,"ShortRun(IterationCount=3, LaunchCount=1, WarmupCount=3)",Size=16,1,Overhead,Actual,12,138423900,67108864,2.06,0,0,0,0
FillBenchmarks.LibraryImport_Span,PInvokeBench,FillBenchmarks,LibraryImport_Span,ShortRun,Default,Default,Default,Default,Default,Default,Default,Default,Default,Default,Default,Default,Default,Default,Default,Default,Default,Default,Default,Default,Default,Default,Default,Default,Default,Default,Default,Default,Default,Default,Default,3,Default,1,Default,Default,Default,Default,Default,Default,Default,3,"ShortRun(IterationCount=3, LaunchCount=1, WarmupCount=3)",Size=16,1,Overhead,Actual,13,137900500,67108864,2.05,0,0,0,0
FillBenchmarks.LibraryImport_Span,PInvokeBench,FillBenchmarks,LibraryImport_Span,ShortRun,Default,Default,Default,Default,Default,Default,Default,Default,Default,Default,Default,Default,Default,Default,Default,Default,Default,Default,Default,Default,Default,Default,Default,Default,Default,Default,Default,Default,Default,Default,Default,3,Default,1,Default,Default,Default,Default,Default,Default,Default,3,"ShortRun(IterationCount=3, LaunchCount=1, WarmupCount=3)",Size=16,1,Overhead,Actual,14,131254900,67108864,1.96,0,0,0,0
FillBenchmarks.LibraryImport_Span,PInvokeBench,FillBenchmarks,LibraryImport_Span,ShortRun,Default,Default,Default,Default,Default,Default,Default,Default,Default,Default,Default,Default,Default,Default,Default,Default,Default,Default,Default,Default,Default,Default,Default,Default,Default,Default,Default,Default,Default,Default,Default,3,Default,1,Default,Default,Default,Default,Default,Default,Default,3,"ShortRun(IterationCount=3, LaunchCount=1, WarmupCount=3)",Size=16,1,Overhead,Actual,15,152479800,67108864,2.27,0,0,0,0
FillBenchmarks.LibraryImport_Span,PInvokeBench,FillBenchmarks,LibraryImport_Span,ShortRun,Default,Default,Default,Default,Default,Default,Default,Default,Default,Default,Default,Default,Default,Default,Default,Default,Default,Default,Default,Default,Default,Default,Default,Default,Default,Default,Default,Default,Default,Default,Default,3,Default,1,Default,Default,Default,Default,Default,Default,Default,3,"ShortRun(IterationCount=3, LaunchCount=1, WarmupCount=3)",Size=16,1,Workload,Warmup,1,827219900,67108864,12.33,0,0,0,0
FillBenchmarks.LibraryImport_Span,PInvokeBench,FillBenchmarks,LibraryImport_Span,ShortRun,Default,Default,Default,Default,Default,Default,Default,Default,Default,Default,Default,Default,Default,Default,Default,Default,Default,Default,Default,Default,Default,Default,Default,Default,Default,Default,Default,Default,Default,Default,Default,3,Default,1,Default,Default,Default,Default,Default,Default,Default,3,"ShortRun(IterationCount=3, LaunchCount=1, WarmupCount=3)",Size=16,1,Workload,Warmup,2,699890900,67108864,10.43,0,0,0,0
FillBenchmarks.LibraryImport_Span,PInvokeBench,FillBenchmarks,LibraryImport_Span,ShortRun,Default,Default,Default,Default,Default,Default,Default,Default,Default,Default,Default,Default,Default,Default,Default,Default,Default,Default,Default,Default,Default,Default,Default,Default,Default,Default,Default,Default,Default,Default,Default,3,Default,1,Default,Default,Default,Default,Default,Default,Default,3,"ShortRun(IterationCount=3, LaunchCount=1, WarmupCount=3)",Size=16,1,Workload,Warmup,3,651981000,67108864,9.72,0,0,0,0
FillBenchmarks.LibraryImport_Span,PInvokeBench,FillBenchmarks,LibraryImport_Span,ShortRun,Default,Default,Default,Default,Default,Default,Default,Default,Default,Default,Default,Default,Default,Default,Default,Default,Default,Default,Default,Default,Default,Default,Default,Default,Default,Default,Default,Default,Default,Default,Default,3,Default,1,Default,Default,Default,Default,Default,Default,Default,3,"ShortRun(IterationCount=3, LaunchCount=1, WarmupCount=3)",Size=16,1,Workload,Actual,1,719104300,67108864,10.72,0,0,0,0
FillBenchmarks.LibraryImport_Span,PInvokeBench,FillBenchmarks,LibraryImport_Span,ShortRun,Default,Default,Default,Default,Default,Default,Default,Default,Default,Default,Default,Default,Default,Default,Default,Default,Default,Default,Default,Default,Default,Default,Default,Default,Default,Default,Default,Default,Default,Default,Default,3,Default,1,Default,Default,Default,Default,Default,Default,Default,3,"ShortRun(IterationCount=3, LaunchCount=1, WarmupCount=3)",Size=16,1,Workload,Actual,2,713118700,67108864,10.63,0,0,0,0
FillBenchmarks.LibraryImport_Span,PInvokeBench,FillBenchmarks,LibraryImport_Span,ShortRun,Default,Default,Default,Default,Default,Default,Default,Default,Default,Default,Default,Default,Default,Default,Default,Default,Default,Default,Default,Default,Default,Default,Default,Default,Default,Default,Default,Default,Default,Default,Default,3,Default,1,Default,Default,Default,Default,Default,Default,Default,3,"ShortRun(IterationCount=3, LaunchCount=1, WarmupCount=3)",Size=16,1,Workload,Actual,3,676966000,67108864,10.09,0,0,0,0
FillBenchmarks.LibraryImport_Span,PInvokeBench,FillBenchmarks,LibraryImport_Span,ShortRun,Default,Default,Default,Default,Default,Default,Default,Default,Default,Default,Default,Default,Default,Default,Default,Default,Default,Default,Default,Default,Default,Default,Default,Default,Default,Default,Default,Default,Default,Default,Default,3,Default,1,Default,Default,Default,Default,Default,Default,Default,3,"ShortRun(IterationCount=3, LaunchCount=1, WarmupCount=3)",Size=16,1,Workload,Result,1,577156800,67108864,8.6,0,0,0,0
FillBenchmarks.LibraryImport_Span,PInvokeBench,FillBenchmarks,LibraryImport_Span,ShortRun,Default,Default,Default,Default,Default,Default,Default,Default,Default,Default,Default,Default,Default,Default,Default,Default,Default,Default,Default,Default,Default,Default,Default,Default,Default,Default,Default,Default,Default,Default,Default,3,Default,1,Default,Default,Default,Default,Default,Default,Default,3,"ShortRun(IterationCount=3, LaunchCount=1, WarmupCount=3)",Size=16,1,Workload,Result,2,571171200,67108864,8.51,0,0,0,0
FillBenchmarks.LibraryImport_Span,PInvokeBench,FillBenchmarks,LibraryImport_Span,ShortRun,Default,Default,Default,Default,Default,Default,Default,Default,Default,Default,Default,Default,Default,Default,Default,Default,Default,Default,Default,Default,Default,Default,Default,Default,Default,Default,Default,Default,Default,Default,Default,3,Default,1,Default,Default,Default,Default,Default,Default,Default,3,"ShortRun(IterationCount=3, LaunchCount=1, WarmupCount=3)",Size=16,1,Workload,Result,3,535018500,67108864,7.97,0,0,0,0
FillBenchmarks.LibraryImport_RefByte,PInvokeBench,FillBenchmarks,LibraryImport_RefByte,ShortRun,Default,Default,Default,Default,Default,Default,Default,Default,Default,Default,Default,Default,Default,Default,Default,Default,Default,Default,Default,Default,Default,Default,Default,Default,Default,Default,Default,Default,Default,Default,Default,3,Default,1,Default,Default,Default,Default,Default,Default,Default,3,"ShortRun(IterationCount=3, LaunchCount=1, WarmupCount=3)",Size=16,1,Overhead,Jitting,1,220900,1,220900,0,0,0,0
FillBenchmarks.LibraryImport_RefByte,PInvokeBench,FillBenchmarks,LibraryImport_RefByte,ShortRun,Default,Default,Default,Default,Default,Default,Default,Default,Default,Default,Default,Default,Default,Default,Default,Default,Default,Default,Default,Default,Default,Default,Default,Default,Default,Default,Default,Default,Default,Default,Default,3,Default,1,Default,Default,Default,Default,Default,Default,Default,3,"ShortRun(IterationCount=3, LaunchCount=1, WarmupCount=3)",Size=16,1,Workload,Jitting,1,703900,1,703900,0,0,0,0
FillBenchmarks.LibraryImport_RefByte,PInvokeBench,FillBenchmarks,LibraryImport_RefByte,ShortRun,Default,Default,Default,Default,Default,Default,Default,Default,Default,Default,Default,Default,Default,Default,Default,Default,Default,Default,Default,Default,Default,Default,Default,Default,Default,Default,Default,Default,Default,Default,Default,3,Default,1,Default,Default,Default,Default,Default,Default,Default,3,"ShortRun(IterationCount=3, LaunchCount=1, WarmupCount=3)",Size=16,1,Overhead,Jitting,2,318700,16,19918.75,0,0,0,0
FillBenchmarks.LibraryImport_RefByte,PInvokeBench,FillBenchmarks,LibraryImport_RefByte,ShortRun,Default,Default,Default,Default,Default,Default,Default,Default,Default,Default,Default,Default,Default,Default,Default,Default,Default,Default,Default,Default,Default,Default,Default,Default,Default,Default,Default,Default,Default,Default,Default,3,Default,1,Default,Default,Default,Default,Default,Default,Default,3,"ShortRun(IterationCount=3, LaunchCount=1, WarmupCount=3)",Size=16,1,Workload,Jitting,2,311300,16,19456.25,0,0,0,0
FillBenchmarks.LibraryImport_RefByte,PInvokeBench,FillBenchmarks,LibraryImport_RefByte,ShortRun,Default,Default,Default,Default,Default,Default,Default,Default,Default,Default,Default,Default,Default,Default,Default,Default,Default,Default,Default,Default,Default,Default,Default,Default,Default,Default,Default,Default,Default,Default,Default,3,Default,1,Default,Default,Default,Default,Default,Default,Default,3,"ShortRun(IterationCount=3, LaunchCount=1, WarmupCount=3)",Size=16,1,Workload,Pilot,1,1100,16,68.75,0,0,0,0
FillBenchmarks.LibraryImport_RefByte,PInvokeBench,FillBenchmarks,LibraryImport_RefByte,ShortRun,Default,Default,Default,Default,Default,Default,Default,Default,Default,Default,Default,Default,Default,Default,Default,Default,Default,Default,Default,Default,Default,Default,Default,Default,Default,Default,Default,Default,Default,Default,Default,3,Default,1,Default,Default,Default,Default,Default,Default,Default,3,"ShortRun(IterationCount=3, LaunchCount=1, WarmupCount=3)",Size=16,1,Workload,Pilot,2,3200,32,100,0,0,0,0
FillBenchmarks.LibraryImport_RefByte,PInvokeBench,FillBenchmarks,LibraryImport_RefByte,ShortRun,Default,Default,Default,Default,Default,Default,Default,Default,Default,Default,Default,Default,Default,Default,Default,Default,Default,Default,Default,Default,Default,Default,Default,Default,Default,Default,Default,Default,Default,Default,Default,3,Default,1,Default,Default,Default,Default,Default,Default,Default,3,"ShortRun(IterationCount=3, LaunchCount=1, WarmupCount=3)",Size=16,1,Workload,Pilot,3,1800,64,28.13,0,0,0,0
FillBenchmarks.LibraryImport_RefByte,PInvokeBench,FillBenchmarks,LibraryImport_RefByte,ShortRun,Default,Default,Default,Default,Default,Default,Default,Default,Default,Default,Default,Default,Default,Default,Default,Default,Default,Default,Default,Default,Default,Default,Default,Default,Default,Default,Default,Default,Default,Default,Default,3,Default,1,Default,Default,Default,Default,Default,Default,Default,3,"ShortRun(IterationCount=3, LaunchCount=1, WarmupCount=3)",Size=16,1,Workload,Pilot,4,3400,128,26.56,0,0,0,0
FillBenchmarks.LibraryImport_RefByte,PInvokeBench,FillBenchmarks,LibraryImport_RefByte,ShortRun,Default,Default,Default,Default,Default,Default,Default,Default,Default,Default,Default,Default,Default,Default,Default,Default,Default,Default,Default,Default,Default,Default,Default,Default,Default,Default,Default,Default,Default,Default,Default,3,Default,1,Default,Default,Default,Default,Default,Default,Default,3,"ShortRun(IterationCount=3, LaunchCount=1, WarmupCount=3)",Size=16,1,Workload,Pilot,5,5800,256,22.66,0,0,0,0
FillBenchmarks.LibraryImport_RefByte,PInvokeBench,FillBenchmarks,LibraryImport_RefByte,ShortRun,Default,Default,Default,Default,Default,Default,Default,Default,Default,Default,Default,Default,Default,Default,Default,Default,Default,Default,Default,Default,Default,Default,Default,Default,Default,Default,Default,Default,Default,Default,Default,3,Default,1,Default,Default,Default,Default,Default,Default,Default,3,"ShortRun(IterationCount=3, LaunchCount=1, WarmupCount=3)",Size=16,1,Workload,Pilot,6,10100,512,19.73,0,0,0,0
FillBenchmarks.LibraryImport_RefByte,PInvokeBench,FillBenchmarks,LibraryImport_RefByte,ShortRun,Default,Default,Default,Default,Default,Default,Default,Default,Default,Default,Default,Default,Default,Default,Default,Default,Default,Default,Default,Default,Default,Default,Default,Default,Default,Default,Default,Default,Default,Default,Default,3,Default,1,Default,Default,Default,Default,Default,Default,Default,3,"ShortRun(IterationCount=3, LaunchCount=1, WarmupCount=3)",Size=16,1,Workload,Pilot,7,20300,1024,19.82,0,0,0,0
FillBenchmarks.LibraryImport_RefByte,PInvokeBench,FillBenchmarks,LibraryImport_RefByte,ShortRun,Default,Default,Default,Default,Default,Default,Default,Default,Default,Default,Default,Default,Default,Default,Default,Default,Default,Default,Default,Default,Default,Default,Default,Default,Default,Default,Default,Default,Default,Default,Default,3,Default,1,Default,Default,Default,Default,Default,Default,Default,3,"ShortRun(IterationCount=3, LaunchCount=1, WarmupCount=3)",Size=16,1,Workload,Pilot,8,39200,2048,19.14,0,0,0,0
FillBenchmarks.LibraryImport_RefByte,PInvokeBench,FillBenchmarks,LibraryImport_RefByte,ShortRun,Default,Default,Default,Default,Default,Default,Default,Default,Default,Default,Default,Default,Default,Default,Default,Default,Default,Default,Default,Default,Default,Default,Default,Default,Default,Default,Default,Default,Default,Default,Default,3,Default,1,Default,Default,Default,Default,Default,Default,Default,3,"ShortRun(IterationCount=3, LaunchCount=1, WarmupCount=3)",Size=16,1,Workload,Pilot,9,76100,4096,18.58,0,0,0,0
FillBenchmarks.LibraryImport_RefByte,PInvokeBench,FillBenchmarks,LibraryImport_RefByte,ShortRun,Default,Default,Default,Default,Default,Default,Default,Default,Default,Default,Default,Default,Default,Default,Default,Default,Default,Default,Default,Default,Default,Default,Default,Default,Default,Default,Default,Default,Default,Default,Default,3,Default,1,Default,Default,Default,Default,Default,Default,Default,3,"ShortRun(IterationCount=3, LaunchCount=1, WarmupCount=3)",Size=16,1,Workload,Pilot,10,153900,8192,18.79,0,0,0,0
FillBenchmarks.LibraryImport_RefByte,PInvokeBench,FillBenchmarks,LibraryImport_RefByte,ShortRun,Default,Default,Default,Default,Default,Default,Default,Default,Default,Default,Default,Default,Default,Default,Default,Default,Default,Default,Default,Default,Default,Default,Default,Default,Default,Default,Default,Default,Default,Default,Default,3,Default,1,Default,Default,Default,Default,Default,Default,Default,3,"ShortRun(IterationCount=3, LaunchCount=1, WarmupCount=3)",Size=16,1,Workload,Pilot,11,309300,16384,18.88,0,0,0,0
FillBenchmarks.LibraryImport_RefByte,PInvokeBench,FillBenchmarks,LibraryImport_RefByte,ShortRun,Default,Default,Default,Default,Default,Default,Default,Default,Default,Default,Default,Default,Default,Default,Default,Default,Default,Default,Default,Default,Default,Default,Default,Default,Default,Default,Default,Default,Default,Default,Default,3,Default,1,Default,Default,Default,Default,Default,Default,Default,3,"ShortRun(IterationCount=3, LaunchCount=1, WarmupCount=3)",Size=16,1,Workload,Pilot,12,610000,32768,18.62,0,0,0,0
FillBenchmarks.LibraryImport_RefByte,PInvokeBench,FillBenchmarks,LibraryImport_RefByte,ShortRun,Default,Default,Default,Default,Default,Default,Default,Default,Default,Default,Default,Default,Default,Default,Default,Default,Default,Default,Default,Default,Default,Default,Default,Default,Default,Default,Default,Default,Default,Default,Default,3,Default,1,Default,Default,Default,Default,Default,Default,Default,3,"ShortRun(IterationCount=3, LaunchCount=1, WarmupCount=3)",Size=16,1,Workload,Pilot,13,1291400,65536,19.71,0,0,0,0
FillBenchmarks.LibraryImport_RefByte,PInvokeBench,FillBenchmarks,LibraryImport_RefByte,ShortRun,Default,Default,Default,Default,Default,Default,Default,Default,Default,Default,Default,Default,Default,Default,Default,Default,Default,Default,Default,Default,Default,Default,Default,Default,Default,Default,Default,Default,Default,Default,Default,3,Default,1,Default,Default,Default,Default,Default,Default,Default,3,"ShortRun(IterationCount=3, LaunchCount=1, WarmupCount=3)",Size=16,1,Workload,Pilot,14,2536300,131072,19.35,0,0,0,0
FillBenchmarks.LibraryImport_RefByte,PInvokeBench,FillBenchmarks,LibraryImport_RefByte,ShortRun,Default,Default,Default,Default,Default,Default,Default,Default,Default,Default,Default,Default,Default,Default,Default,Default,Default,Default,Default,Default,Default,Default,Default,Default,Default,Default,Default,Default,Default,Default,Default,3,Default,1,Default,Default,Default,Default,Default,Default,Default,3,"ShortRun(IterationCount=3, LaunchCount=1, WarmupCount=3)",Size=16,1,Workload,Pilot,15,5067900,262144,19.33,0,0,0,0
FillBenchmarks.LibraryImport_RefByte,PInvokeBench,FillBenchmarks,LibraryImport_RefByte,ShortRun,Default,Default,Default,Default,Default,Default,Default,Default,Default,Default,Default,Default,Default,Default,Default,Default,Default,Default,Default,Default,Default,Default,Default,Default,Default,Default,Default,Default,Default,Default,Default,3,Default,1,Default,Default,Default,Default,Default,Default,Default,3,"ShortRun(IterationCount=3, LaunchCount=1, WarmupCount=3)",Size=16,1,Workload,Pilot,16,10519700,524288,20.06,0,0,0,0
FillBenchmarks.LibraryImport_RefByte,PInvokeBench,FillBenchmarks,LibraryImport_RefByte,ShortRun,Default,Default,Default,Default,Default,Default,Default,Default,Default,Default,Default,Default,Default,Default,Default,Default,Default,Default,Default,Default,Default,Default,Default,Default,Default,Default,Default,Default,Default,Default,Default,3,Default,1,Default,Default,Default,Default,Default,Default,Default,3,"ShortRun(IterationCount=3, LaunchCount=1, WarmupCount=3)",Size=16,1,Workload,Pilot,17,20752700,1048576,19.79,0,0,0,0
FillBenchmarks.LibraryImport_RefByte,PInvokeBench,FillBenchmarks,LibraryImport_RefByte,ShortRun,Default,Default,Default,Default,Default,Default,Default,Default,Default,Default,Default,Default,Default,Default,Default,Default,Default,Default,Default,Default,Default,Default,Default,Default,Default,Default,Default,Default,Default,Default,Default,3,Default,1,Default,Default,Default,Default,Default,Default,Default,3,"ShortRun(IterationCount=3, LaunchCount=1, WarmupCount=3)",Size=16,1,Workload,Pilot,18,40999200,2097152,19.55,0,0,0,0
FillBenchmarks.LibraryImport_RefByte,PInvokeBench,FillBenchmarks,LibraryImport_RefByte,ShortRun,Default,Default,Default,Default,Default,Default,Default,Default,Default,Default,Default,Default,Default,Default,Default,Default,Default,Default,Default,Default,Default,Default,Default,Default,Default,Default,Default,Default,Default,Default,Default,3,Default,1,Default,Default,Default,Default,Default,Default,Default,3,"ShortRun(IterationCount=3, LaunchCount=1, WarmupCount=3)",Size=16,1,Workload,Pilot,19,63064700,4194304,15.04,0,0,0,0
FillBenchmarks.LibraryImport_RefByte,PInvokeBench,FillBenchmarks,LibraryImport_RefByte,ShortRun,Default,Default,Default,Default,Default,Default,Default,Default,Default,Default,Default,Default,Default,Default,Default,Default,Default,Default,Default,Default,Default,Default,Default,Default,Default,Default,Default,Default,Default,Default,Default,3,Default,1,Default,Default,Default,Default,Default,Default,Default,3,"ShortRun(IterationCount=3, LaunchCount=1, WarmupCount=3)",Size=16,1,Workload,Pilot,20,86520900,8388608,10.31,0,0,0,0
FillBenchmarks.LibraryImport_RefByte,PInvokeBench,FillBenchmarks,LibraryImport_RefByte,ShortRun,Default,Default,Default,Default,Default,Default,Default,Default,Default,Default,Default,Default,Default,Default,Default,Default,Default,Default,Default,Default,Default,Default,Default,Default,Default,Default,Default,Default,Default,Default,Default,3,Default,1,Default,Default,Default,Default,Default,Default,Default,3,"ShortRun(IterationCount=3, LaunchCount=1, WarmupCount=3)",Size=16,1,Workload,Pilot,21,182687800,16777216,10.89,0,0,0,0
FillBenchmarks.LibraryImport_RefByte,PInvokeBench,FillBenchmarks,LibraryImport_RefByte,ShortRun,Default,Default,Default,Default,Default,Default,Default,Default,Default,Default,Default,Default,Default,Default,Default,Default,Default,Default,Default,Default,Default,Default,Default,Default,Default,Default,Default,Default,Default,Default,Default,3,Default,1,Default,Default,Default,Default,Default,Default,Default,3,"ShortRun(IterationCount=3, LaunchCount=1, WarmupCount=3)",Size=16,1,Workload,Pilot,22,353149300,33554432,10.52,0,0,0,0
FillBenchmarks.LibraryImport_RefByte,PInvokeBench,FillBenchmarks,LibraryImport_RefByte,ShortRun,Default,Default,Default,Default,Default,Default,Default,Default,Default,Default,Default,Default,Default,Default,Default,Default,Default,Default,Default,Default,Default,Default,Default,Default,Default,Default,Default,Default,Default,Default,Default,3,Default,1,Default,Default,Default,Default,Default,Default,Default,3,"ShortRun(IterationCount=3, LaunchCount=1, WarmupCount=3)",Size=16,1,Workload,Pilot,23,644733900,67108864,9.61,0,0,0,0
FillBenchmarks.LibraryImport_RefByte,PInvokeBench,FillBenchmarks,LibraryImport_RefByte,ShortRun,Default,Default,Default,Default,Default,Default,Default,Default,Default,Default,Default,Default,Default,Default,Default,Default,Default,Default,Default,Default,Default,Default,Default,Default,Default,Default,Default,Default,Default,Default,Default,3,Default,1,Default,Default,Default,Default,Default,Default,Default,3,"ShortRun(IterationCount=3, LaunchCount=1, WarmupCount=3)",Size=16,1,Overhead,Warmup,1,172701500,67108864,2.57,0,0,0,0
FillBenchmarks.LibraryImport_RefByte,PInvokeBench,FillBenchmarks,LibraryImport_RefByte,ShortRun,Default,Default,Default,Default,Default,Default,Default,Default,Default,Default,Default,Default,Default,Default,Default,Default,Default,Default,Default,Default,Default,Default,Default,Default,Default,Default,Default,Default,Default,Default,Default,3,Default,1,Default,Default,Default,Default,Default,Default,Default,3,"ShortRun(IterationCount=3, LaunchCount=1, WarmupCount=3)",Size=16,1,Overhead,Warmup,2,143906200,67108864,2.14,0,0,0,0
FillBenchmarks.LibraryImport_RefByte,PInvokeBench,FillBenchmarks,LibraryImport_RefByte,ShortRun,Default,Default,Default,Default,Default,Default,Default,Default,Default,Default,Default,Default,Default,Default,Default,Default,Default,Default,Default,Default,Default,Default,Default,Default,Default,Default,Default,Default,Default,Default,Default,3,Default,1,Default,Default,Default,Default,Default,Default,Default,3,"ShortRun(IterationCount=3, LaunchCount=1, WarmupCount=3)",Size=16,1,Overhead,Warmup,3,141793400,67108864,2.11,0,0,0,0
FillBenchmarks.LibraryImport_RefByte,PInvokeBench,FillBenchmarks,LibraryImport_RefByte,ShortRun,Default,Default,Default,Default,Default,Default,Default,Default,Default,Default,Default,Default,Default,Default,Default,Default,Default,Default,Default,Default,Default,Default,Default,Default,Default,Default,Default,Default,Default,Default,Default,3,Default,1,Default,Default,Default,Default,Default,Default,Default,3,"ShortRun(IterationCount=3, LaunchCount=1, WarmupCount=3)",Size=16,1,Overhead,Warmup,4,141886800,67108864,2.11,0,0,0,0
FillBenchmarks.LibraryImport_RefByte,PInvokeBench,FillBenchmarks,LibraryImport_RefByte,ShortRun,Default,Default,Default,Default,Default,Default,Default,Default,Default,Default,Default,Default,Default,Default,Default,Default,Default,Default,Default,Default,Default,Default,Default,Default,Default,Default,Default,Default,Default,Default,Default,3,Default,1,Default,Default,Default,Default,Default,Default,Default,3,"ShortRun(IterationCount=3, LaunchCount=1, WarmupCount=3)",Size=16,1,Overhead,Warmup,5,137536500,67108864,2.05,0,0,0,0
FillBenchmarks.LibraryImport_RefByte,PInvokeBench,FillBenchmarks,LibraryImport_RefByte,ShortRun,Default,Default,Default,Default,Default,Default,Default,Default,Default,Default,Default,Default,Default,Default,Default,Default,Default,Default,Default,Default,Default,Default,Default,Default,Default,Default,Default,Default,Default,Default,Default,3,Default,1,Default,Default,Default,Default,Default,Default,Default,3,"ShortRun(IterationCount=3, LaunchCount=1, WarmupCount=3)",Size=16,1,Overhead,Warmup,6,133328500,67108864,1.99,0,0,0,0
FillBenchmarks.LibraryImport_RefByte,PInvokeBench,FillBenchmarks,LibraryImport_RefByte,ShortRun,Default,Default,Default,Default,Default,Default,Default,Default,Default,Default,Default,Default,Default,Default,Default,Default,Default,Default,Default,Default,Default,Default,Default,Default,Default,Default,Default,Default,Default,Default,Default,3,Default,1,Default,Default,Default,Default,Default,Default,Default,3,"ShortRun(IterationCount=3, LaunchCount=1, WarmupCount=3)",Size=16,1,Overhead,Warmup,7,135571400,67108864,2.02,0,0,0,0
FillBenchmarks.LibraryImport_RefByte,PInvokeBench,FillBenchmarks,LibraryImport_RefByte,ShortRun,Default,Default,Default,Default,Default,Default,Default,Default,Default,Default,Default,Default,Default,Default,Default,Default,Default,Default,Default,Default,Default,Default,Default,Default,Default,Default,Default,Default,Default,Default,Default,3,Default,1,Default,Default,Default,Default,Default,Default,Default,3,"ShortRun(IterationCount=3, LaunchCount=1, WarmupCount=3)",Size=16,1,Overhead,Warmup,8,147754600,67108864,2.2,0,0,0,0
FillBenchmarks.LibraryImport_RefByte,PInvokeBench,FillBenchmarks,LibraryImport_RefByte,ShortRun,Default,Default,Default,Default,Default,Default,Default,Default,Default,Default,Default,Default,Default,Default,Default,Default,Default,Default,Default,Default,Default,Default,Default,Default,Default,Default,Default,Default,Default,Default,Default,3,Default,1,Default,Default,Default,Default,Default,Default,Default,3,"ShortRun(IterationCount=3, LaunchCount=1, WarmupCount=3)",Size=16,1,Overhead,Warmup,9,134058000,67108864,2,0,0,0,0
FillBenchmarks.LibraryImport_RefByte,PInvokeBench,FillBenchmarks,LibraryImport_RefByte,ShortRun,Default,Default,Default,Default,Default,Default,Default,Default,Default,Default,Default,Default,Default,Default,Default,Default,Default,Default,Default,Default,Default,Default,Default,Default,Default,Default,Default,Default,Default,Default,Default,3,Default,1,Default,Default,Default,Default,Default,Default,Default,3,"ShortRun(IterationCount=3, LaunchCount=1, WarmupCount=3)",Size=16,1,Overhead,Actual,1,139861700,67108864,2.08,0,0,0,0
FillBenchmarks.LibraryImport_RefByte,PInvokeBench,FillBenchmarks,LibraryImport_RefByte,ShortRun,Default,Default,Default,Default,Default,Default,Default,Default,Default,Default,Default,Default,Default,Default,Default,Default,Default,Default,Default,Default,Default,Default,Default,Default,Default,Default,Default,Default,Default,Default,Default,3,Default,1,Default,Default,Default,Default,Default,Default,Default,3,"ShortRun(IterationCount=3, LaunchCount=1, WarmupCount=3)",Size=16,1,Overhead,Actual,2,145654700,67108864,2.17,0,0,0,0
FillBenchmarks.LibraryImport_RefByte,PInvokeBench,FillBenchmarks,LibraryImport_RefByte,ShortRun,Default,Default,Default,Default,Default,Default,Default,Default,Default,Default,Default,Default,Default,Default,Default,Default,Default,Default,Default,Default,Default,Default,Default,Default,Default,Default,Default,Default,Default,Default,Default,3,Default,1,Default,Default,Default,Default,Default,Default,Default,3,"ShortRun(IterationCount=3, LaunchCount=1, WarmupCount=3)",Size=16,1,Overhead,Actual,3,145909700,67108864,2.17,0,0,0,0
FillBenchmarks.LibraryImport_RefByte,PInvokeBench,FillBenchmarks,LibraryImport_RefByte,ShortRun,Default,Default,Default,Default,Default,Default,Default,Default,Default,Default,Default,Default,Default,Default,Default,Default,Default,Default,Default,Default,Default,Default,Default,Default,Default,Default,Default,Default,Default,Default,Default,3,Default,1,Default,Default,Default,Default,Default,Default,Default,3,"ShortRun(IterationCount=3, LaunchCount=1, WarmupCount=3)",Size=16,1,Overhead,Actual,4,142354800,67108864,2.12,0,0,0,0
FillBenchmarks.LibraryImport_RefByte,PInvokeBench,FillBenchmarks,LibraryImport_RefByte,ShortRun,Default,Default,Default,Default,Default,Default,Default,Default,Default,Default,Default,Default,Default,Default,Default,Default,Default,Default,Default,Default,Default,Default,Default,Default,Default,Default,Default,Default,Default,Default,Default,3,Default,1,Default,Default,Default,Default,Default,Default,Default,3,"ShortRun(IterationCount=3, LaunchCount=1, WarmupCount=3)",Size=16,1,Overhead,Actual,5,139073600,67108864,2.07,0,0,0,0
FillBenchmarks.LibraryImport_RefByte,PInvokeBench,FillBenchmarks,LibraryImport_RefByte,ShortRun,Default,Default,Default,Default,Default,Default,Default,Default,Default,Default,Default,Default,Default,Default,Default,Default,Default,Default,Default,Default,Default,Default,Default,Default,Default,Default,Default,Default,Default,Default,Default,3,Default,1,Default,Default,Default,Default,Default,Default,Default,3,"ShortRun(IterationCount=3, LaunchCount=1, WarmupCount=3)",Size=16,1,Overhead,Actual,6,130979500,67108864,1.95,0,0,0,0
FillBenchmarks.LibraryImport_RefByte,PInvokeBench,FillBenchmarks,LibraryImport_RefByte,ShortRun,Default,Default,Default,Default,Default,Default,Default,Default,Default,Default,Default,Default,Default,Default,Default,Default,Default,Default,Default,Default,Default,Default,Default,Default,Default,Default,Default,Default,Default,Default,Default,3,Default,1,Default,Default,Default,Default,Default,Default,Default,3,"ShortRun(IterationCount=3, LaunchCount=1, WarmupCount=3)",Size=16,1,Overhead,Actual,7,129945800,67108864,1.94,0,0,0,0
FillBenchmarks.LibraryImport_RefByte,PInvokeBench,FillBenchmarks,LibraryImport_RefByte,ShortRun,Default,Default,Default,Default,Default,Default,Default,Default,Default,Default,Default,Default,Default,Default,Default,Default,Default,Default,Default,Default,Default,Default,Default,Default,Default,Default,Default,Default,Default,Default,Default,3,Default,1,Default,Default,Default,Default,Default,Default,Default,3,"ShortRun(IterationCount=3, LaunchCount=1, WarmupCount=3)",Size=16,1,Overhead,Actual,8,130267100,67108864,1.94,0,0,0,0
FillBenchmarks.LibraryImport_RefByte,PInvokeBench,FillBenchmarks,LibraryImport_RefByte,ShortRun,Default,Default,Default,Default,Default,Default,Default,Default,Default,Default,Default,Default,Default,Default,Default,Default,Default,Default,Default,Default,Default,Default,Default,Default,Default,Default,Default,Default,Default,Default,Default,3,Default,1,Default,Default,Default,Default,Default,Default,Default,3,"ShortRun(IterationCount=3, LaunchCount=1, WarmupCount=3)",Size=16,1,Overhead,Actual,9,130507700,67108864,1.94,0,0,0,0
FillBenchmarks.LibraryImport_RefByte,PInvokeBench,FillBenchmarks,LibraryImport_RefByte,ShortRun,Default,Default,Default,Default,Default,Default,Default,Default,Default,Default,Default,Default,Default,Default,Default,Default,Default,Default,Default,Default,Default,Default,Default,Default,Default,Default,Default,Default,Default,Default,Default,3,Default,1,Default,Default,Default,Default,Default,Default,Default,3,"ShortRun(IterationCount=3, LaunchCount=1, WarmupCount=3)",Size=16,1,Overhead,Actual,10,135598200,67108864,2.02,0,0,0,0
FillBenchmarks.LibraryImport_RefByte,PInvokeBench,FillBenchmarks,LibraryImport_RefByte,ShortRun,Default,Default,Default,Default,Default,Default,Default,Default,Default,Default,Default,Default,Default,Default,Default,Default,Default,Default,Default,Default,Default,Default,Default,Default,Default,Default,Default,Default,Default,Default,Default,3,Default,1,Default,Default,Default,Default,Default,Default,Default,3,"ShortRun(IterationCount=3, LaunchCount=1, WarmupCount=3)",Size=16,1,Overhead,Actual,11,138691900,67108864,2.07,0,0,0,0
FillBenchmarks.LibraryImport_RefByte,PInvokeBench,FillBenchmarks,LibraryImport_RefByte,ShortRun,Default,Default,Default,Default,Default,Default,Default,Default,Default,Default,Default,Default,Default,Default,Default,Default,Default,Default,Default,Default,Default,Default,Default,Default,Default,Default,Default,Default,Default,Default,Default,3,Default,1,Default,Default,Default,Default,Default,Default,Default,3,"ShortRun(IterationCount=3, LaunchCount=1, WarmupCount=3)",Size=16,1,Overhead,Actual,12,137861200,67108864,2.05,0,0,0,0
FillBenchmarks.LibraryImport_RefByte,PInvokeBench,FillBenchmarks,LibraryImport_RefByte,ShortRun,Default,Default,Default,Default,Default,Default,Default,Default,Default,Default,Default,Default,Default,Default,Default,Default,Default,Default,Default,Default,Default,Default,Default,Default,Default,Default,Default,Default,Default,Default,Default,3,Default,1,Default,Default,Default,Default,Default,Default,Default,3,"ShortRun(IterationCount=3, LaunchCount=1, WarmupCount=3)",Size=16,1,Overhead,Actual,13,133746900,67108864,1.99,0,0,0,0
FillBenchmarks.LibraryImport_RefByte,PInvokeBench,FillBenchmarks,LibraryImport_RefByte,ShortRun,Default,Default,Default,Default,Default,Default,Default,Default,Default,Default,Default,Default,Default,Default,Default,Default,Default,Default,Default,Default,Default,Default,Default,Default,Default,Default,Default,Default,Default,Default,Default,3,Default,1,Default,Default,Default,Default,Default,Default,Default,3,"ShortRun(IterationCount=3, LaunchCount=1, WarmupCount=3)",Size=16,1,Overhead,Actual,14,129446900,67108864,1.93,0,0,0,0
FillBenchmarks.LibraryImport_RefByte,PInvokeBench,FillBenchmarks,LibraryImport_RefByte,ShortRun,Default,Default,Default,Default,Default,Default,Default,Default,Default,Default,Default,Default,Default,Default,Default,Default,Default,Default,Default,Default,Default,Default,Default,Default,Default,Default,Default,Default,Default,Default,Default,3,Default,1,Default,Default,Default,Default,Default,Default,Default,3,"ShortRun(IterationCount=3, LaunchCount=1, WarmupCount=3)",Size=16,1,Overhead,Actual,15,130587800,67108864,1.95,0,0,0,0
FillBenchmarks.LibraryImport_RefByte,PInvokeBench,FillBenchmarks,LibraryImport_RefByte,ShortRun,Default,Default,Default,Default,Default,Default,Default,Default,Default,Default,Default,Default,Default,Default,Default,Default,Default,Default,Default,Default,Default,Default,Default,Default,Default,Default,Default,Default,Default,Default,Default,3,Default,1,Default,Default,Default,Default,Default,Default,Default,3,"ShortRun(IterationCount=3, LaunchCount=1, WarmupCount=3)",Size=16,1,Workload,Warmup,1,803828800,67108864,11.98,0,0,0,0
FillBenchmarks.LibraryImport_RefByte,PInvokeBench,FillBenchmarks,LibraryImport_RefByte,ShortRun,Default,Default,Default,Default,Default,Default,Default,Default,Default,Default,Default,Default,Default,Default,Default,Default,Default,Default,Default,Default,Default,Default,Default,Default,Default,Default,Default,Default,Default,Default,Default,3,Default,1,Default,Default,Default,Default,Default,Default,Default,3,"ShortRun(IterationCount=3, LaunchCount=1, WarmupCount=3)",Size=16,1,Workload,Warmup,2,723267600,67108864,10.78,0,0,0,0
FillBenchmarks.LibraryImport_RefByte,PInvokeBench,FillBenchmarks,LibraryImport_RefByte,ShortRun,Default,Default,Default,Default,Default,Default,Default,Default,Default,Default,Default,Default,Default,Default,Default,Default,Default,Default,Default,Default,Default,Default,Default,Default,Default,Default,Default,Default,Default,Default,Default,3,Default,1,Default,Default,Default,Default,Default,Default,Default,3,"ShortRun(IterationCount=3, LaunchCount=1, WarmupCount=3)",Size=16,1,Workload,Warmup,3,784483700,67108864,11.69,0,0,0,0
FillBenchmarks.LibraryImport_RefByte,PInvokeBench,FillBenchmarks,LibraryImport_RefByte,ShortRun,Default,Default,Default,Default,Default,Default,Default,Default,Default,Default,Default,Default,Default,Default,Default,Default,Default,Default,Default,Default,Default,Default,Default,Default,Default,Default,Default,Default,Default,Default,Default,3,Default,1,Default,Default,Default,Default,Default,Default,Default,3,"ShortRun(IterationCount=3, LaunchCount=1, WarmupCount=3)",Size=16,1,Workload,Actual,1,693176800,67108864,10.33,0,0,0,0
FillBenchmarks.LibraryImport_RefByte,PInvokeBench,FillBenchmarks,LibraryImport_RefByte,ShortRun,Default,Default,Default,Default,Default,Default,Default,Default,Default,Default,Default,Default,Default,Default,Default,Default,Default,Default,Default,Default,Default,Default,Default,Default,Default,Default,Default,Default,Default,Default,Default,3,Default,1,Default,Default,Default,Default,Default,Default,Default,3,"ShortRun(IterationCount=3, LaunchCount=1, WarmupCount=3)",Size=16,1,Workload,Actual,2,712507800,67108864,10.62,0,0,0,0
FillBenchmarks.LibraryImport_RefByte,PInvokeBench,FillBenchmarks,LibraryImport_RefByte,ShortRun,Default,Default,Default,Default,Default,Default,Default,Default,Default,Default,Default,Default,Default,Default,Default,Default,Default,Default,Default,Default,Default,Default,Default,Default,Default,Default,Default,Default,Default,Default,Default,3,Default,1,Default,Default,Default,Default,Default,Default,Default,3,"ShortRun(IterationCount=3, LaunchCount=1, WarmupCount=3)",Size=16,1,Workload,Actual,3,664888200,67108864,9.91,0,0,0,0
FillBenchmarks.LibraryImport_RefByte,PInvokeBench,FillBenchmarks,LibraryImport_RefByte,ShortRun,Default,Default,Default,Default,Default,Default,Default,Default,Default,Default,Default,Default,Default,Default,Default,Default,Default,Default,Default,Default,Default,Default,Default,Default,Default,Default,Default,Default,Default,Default,Default,3,Default,1,Default,Default,Default,Default,Default,Default,Default,3,"ShortRun(IterationCount=3, LaunchCount=1, WarmupCount=3)",Size=16,1,Workload,Result,1,557578600,67108864,8.31,0,0,0,0
FillBenchmarks.LibraryImport_RefByte,PInvokeBench,FillBenchmarks,LibraryImport_RefByte,ShortRun,Default,Default,Default,Default,Default,Default,Default,Default,Default,Default,Default,Default,Default,Default,Default,Default,Default,Default,Default,Default,Default,Default,Default,Default,Default,Default,Default,Default,Default,Default,Default,3,Default,1,Default,Default,Default,Default,Default,Default,Default,3,"ShortRun(IterationCount=3, LaunchCount=1, WarmupCount=3)",Size=16,1,Workload,Result,2,576909600,67108864,8.6,0,0,0,0
FillBenchmarks.LibraryImport_RefByte,PInvokeBench,FillBenchmarks,LibraryImport_RefByte,ShortRun,Default,Default,Default,Default,Default,Default,Default,Default,Default,Default,Default,Default,Default,Default,Default,Default,Default,Default,Default,Default,Default,Default,Default,Default,Default,Default,Default,Default,Default,Default,Default,3,Default,1,Default,Default,Default,Default,Default,Default,Default,3,"ShortRun(IterationCount=3, LaunchCount=1, WarmupCount=3)",Size=16,1,Workload,Result,3,529290000,67108864,7.89,0,0,0,0
FillBenchmarks.LibraryImport_Span_SuppressGC,PInvokeBench,FillBenchmarks,LibraryImport_Span_SuppressGC,ShortRun,Default,Default,Default,Default,Default,Default,Default,Default,Default,Default,Default,Default,Default,Default,Default,Default,Default,Default,Default,Default,Default,Default,Default,Default,Default,Default,Default,Default,Default,Default,Default,3,Default,1,Default,Default,Default,Default,Default,Default,Default,3,"ShortRun(IterationCount=3, LaunchCount=1, WarmupCount=3)",Size=16,1,Overhead,Jitting,1,266500,1,266500,0,0,0,0
FillBenchmarks.LibraryImport_Span_SuppressGC,PInvokeBench,FillBenchmarks,LibraryImport_Span_SuppressGC,ShortRun,Default,Default,Default,Default,Default,Default,Default,Default,Default,Default,Default,Default,Default,Default,Default,Default,Default,Default,Default,Default,Default,Default,Default,Default,Default,Default,Default,Default,Default,Default,Default,3,Default,1,Default,Default,Default,Default,Default,Default,Default,3,"ShortRun(IterationCount=3, LaunchCount=1, WarmupCount=3)",Size=16,1,Workload,Jitting,1,893500,1,893500,0,0,0,0
FillBenchmarks.LibraryImport_Span_SuppressGC,PInvokeBench,FillBenchmarks,LibraryImport_Span_SuppressGC,ShortRun,Default,Default,Default,Default,Default,Default,Default,Default,Default,Default,Default,Default,Default,Default,Default,Default,Default,Default,Default,Default,Default,Default,Default,Default,Default,Default,Default,Default,Default,Default,Default,3,Default,1,Default,Default,Default,Default,Default,Default,Default,3,"ShortRun(IterationCount=3, LaunchCount=1, WarmupCount=3)",Size=16,1,Overhead,Jitting,2,382700,16,23918.75,0,0,0,0
FillBenchmarks.LibraryImport_Span_SuppressGC,PInvokeBench,FillBenchmarks,LibraryImport_Span_SuppressGC,ShortRun,Default,Default,Default,Default,Default,Default,Default,Default,Default,Default,Default,Default,Default,Default,Default,Default,Default,Default,Default,Default,Default,Default,Default,Default,Default,Default,Default,Default,Default,Default,Default,3,Default,1,Default,Default,Default,Default,Default,Default,Default,3,"ShortRun(IterationCount=3, LaunchCount=1, WarmupCount=3)",Size=16,1,Workload,Jitting,2,378500,16,23656.25,0,0,0,0
FillBenchmarks.LibraryImport_Span_SuppressGC,PInvokeBench,FillBenchmarks,LibraryImport_Span_SuppressGC,ShortRun,Default,Default,Default,Default,Default,Default,Default,Default,Default,Default,Default,Default,Default,Default,Default,Default,Default,Default,Default,Default,Default,Default,Default,Default,Default,Default,Default,Default,Default,Default,Default,3,Default,1,Default,Default,Default,Default,Default,Default,Default,3,"ShortRun(IterationCount=3, LaunchCount=1, WarmupCount=3)",Size=16,1,Workload,Pilot,1,1500,16,93.75,0,0,0,0
FillBenchmarks.LibraryImport_Span_SuppressGC,PInvokeBench,FillBenchmarks,LibraryImport_Span_SuppressGC,ShortRun,Default,Default,Default,Default,Default,Default,Default,Default,Default,Default,Default,Default,Default,Default,Default,Default,Default,Default,Default,Default,Default,Default,Default,Default,Default,Default,Default,Default,Default,Default,Default,3,Default,1,Default,Default,Default,Default,Default,Default,Default,3,"ShortRun(IterationCount=3, LaunchCount=1, WarmupCount=3)",Size=16,1,Workload,Pilot,2,2000,32,62.5,0,0,0,0
FillBenchmarks.LibraryImport_Span_SuppressGC,PInvokeBench,FillBenchmarks,LibraryImport_Span_SuppressGC,ShortRun,Default,Default,Default,Default,Default,Default,Default,Default,Default,Default,Default,Default,Default,Default,Default,Default,Default,Default,Default,Default,Default,Default,Default,Default,Default,Default,Default,Default,Default,Default,Default,3,Default,1,Default,Default,Default,Default,Default,Default,Default,3,"ShortRun(IterationCount=3, LaunchCount=1, WarmupCount=3)",Size=16,1,Workload,Pilot,3,2000,64,31.25,0,0,0,0
FillBenchmarks.LibraryImport_Span_SuppressGC,PInvokeBench,FillBenchmarks,LibraryImport_Span_SuppressGC,ShortRun,Default,Default,Default,Default,Default,Default,Default,Default,Default,Default,Default,Default,Default,Default,Default,Default,Default,Default,Default,Default,Default,Default,Default,Default,Default,Default,Default,Default,Default,Default,Default,3,Default,1,Default,Default,Default,Default,Default,Default,Default,3,"ShortRun(IterationCount=3, LaunchCount=1, WarmupCount=3)",Size=16,1,Workload,Pilot,4,3800,128,29.69,0,0,0,0
FillBenchmarks.LibraryImport_Span_SuppressGC,PInvokeBench,FillBenchmarks,LibraryImport_Span_SuppressGC,ShortRun,Default,Default,Default,Default,Default,Default,Default,Default,Default,Default,Default,Default,Default,Default,Default,Default,Default,Default,Default,Default,Default,Default,Default,Default,Default,Default,Default,Default,Default,Default,Default,3,Default,1,Default,Default,Default,Default,Default,Default,Default,3,"ShortRun(IterationCount=3, LaunchCount=1, WarmupCount=3)",Size=16,1,Workload,Pilot,5,6900,256,26.95,0,0,0,0
FillBenchmarks.LibraryImport_Span_SuppressGC,PInvokeBench,FillBenchmarks,LibraryImport_Span_SuppressGC,ShortRun,Default,Default,Default,Default,Default,Default,Default,Default,Default,Default,Default,Default,Default,Default,Default,Default,Default,Default,Default,Default,Default,Default,Default,Default,Default,Default,Default,Default,Default,Default,Default,3,Default,1,Default,Default,Default,Default,Default,Default,Default,3,"ShortRun(IterationCount=3, LaunchCount=1, WarmupCount=3)",Size=16,1,Workload,Pilot,6,12400,512,24.22,0,0,0,0
FillBenchmarks.LibraryImport_Span_SuppressGC,PInvokeBench,FillBenchmarks,LibraryImport_Span_SuppressGC,ShortRun,Default,Default,Default,Default,Default,Default,Default,Default,Default,Default,Default,Default,Default,Default,Default,Default,Default,Default,Default,Default,Default,Default,Default,Default,Default,Default,Default,Default,Default,Default,Default,3,Default,1,Default,Default,Default,Default,Default,Default,Default,3,"ShortRun(IterationCount=3, LaunchCount=1, WarmupCount=3)",Size=16,1,Workload,Pilot,7,23500,1024,22.95,0,0,0,0
FillBenchmarks.LibraryImport_Span_SuppressGC,PInvokeBench,FillBenchmarks,LibraryImport_Span_SuppressGC,ShortRun,Default,Default,Default,Default,Default,Default,Default,Default,Default,Default,Default,Default,Default,Default,Default,Default,Default,Default,Default,Default,Default,Default,Default,Default,Default,Default,Default,Default,Default,Default,Default,3,Default,1,Default,Default,Default,Default,Default,Default,Default,3,"ShortRun(IterationCount=3, LaunchCount=1, WarmupCount=3)",Size=16,1,Workload,Pilot,8,44800,2048,21.88,0,0,0,0
FillBenchmarks.LibraryImport_Span_SuppressGC,PInvokeBench,FillBenchmarks,LibraryImport_Span_SuppressGC,ShortRun,Default,Default,Default,Default,Default,Default,Default,Default,Default,Default,Default,Default,Default,Default,Default,Default,Default,Default,Default,Default,Default,Default,Default,Default,Default,Default,Default,Default,Default,Default,Default,3,Default,1,Default,Default,Default,Default,Default,Default,Default,3,"ShortRun(IterationCount=3, LaunchCount=1, WarmupCount=3)",Size=16,1,Workload,Pilot,9,99700,4096,24.34,0,0,0,0
FillBenchmarks.LibraryImport_Span_SuppressGC,PInvokeBench,FillBenchmarks,LibraryImport_Span_SuppressGC,ShortRun,Default,Default,Default,Default,Default,Default,Default,Default,Default,Default,Default,Default,Default,Default,Default,Default,Default,Default,Default,Default,Default,Default,Default,Default,Default,Default,Default,Default,Default,Default,Default,3,Default,1,Default,Default,Default,Default,Default,Default,Default,3,"ShortRun(IterationCount=3, LaunchCount=1, WarmupCount=3)",Size=16,1,Workload,Pilot,10,183100,8192,22.35,0,0,0,0
FillBenchmarks.LibraryImport_Span_SuppressGC,PInvokeBench,FillBenchmarks,LibraryImport_Span_SuppressGC,ShortRun,Default,Default,Default,Default,Default,Default,Default,Default,Default,Default,Default,Default,Default,Default,Default,Default,Default,Default,Default,Default,Default,Default,Default,Default,Default,Default,Default,Default,Default,Default,Default,3,Default,1,Default,Default,Default,Default,Default,Default,Default,3,"ShortRun(IterationCount=3, LaunchCount=1, WarmupCount=3)",Size=16,1,Workload,Pilot,11,355200,16384,21.68,0,0,0,0
FillBenchmarks.LibraryImport_Span_SuppressGC,PInvokeBench,FillBenchmarks,LibraryImport_Span_SuppressGC,ShortRun,Default,Default,Default,Default,Default,Default,Default,Default,Default,Default,Default,Default,Default,Default,Default,Default,Default,Default,Default,Default,Default,Default,Default,Default,Default,Default,Default,Default,Default,Default,Default,3,Default,1,Default,Default,Default,Default,Default,Default,Default,3,"ShortRun(IterationCount=3, LaunchCount=1, WarmupCount=3)",Size=16,1,Workload,Pilot,12,653100,32768,19.93,0,0,0,0
FillBenchmarks.LibraryImport_Span_SuppressGC,PInvokeBench,FillBenchmarks,LibraryImport_Span_SuppressGC,ShortRun,Default,Default,Default,Default,Default,Default,Default,Default,Default,Default,Default,Default,Default,Default,Default,Default,Default,Default,Default,Default,Default,Default,Default,Default,Default,Default,Default,Default,Default,Default,Default,3,Default,1,Default,Default,Default,Default,Default,Default,Default,3,"ShortRun(IterationCount=3, LaunchCount=1, WarmupCount=3)",Size=16,1,Workload,Pilot,13,1428100,65536,21.79,0,0,0,0
FillBenchmarks.LibraryImport_Span_SuppressGC,PInvokeBench,FillBenchmarks,LibraryImport_Span_SuppressGC,ShortRun,Default,Default,Default,Default,Default,Default,Default,Default,Default,Default,Default,Default,Default,Default,Default,Default,Default,Default,Default,Default,Default,Default,Default,Default,Default,Default,Default,Default,Default,Default,Default,3,Default,1,Default,Default,Default,Default,Default,Default,Default,3,"ShortRun(IterationCount=3, LaunchCount=1, WarmupCount=3)",Size=16,1,Workload,Pilot,14,3906900,131072,29.81,0,0,0,0
FillBenchmarks.LibraryImport_Span_SuppressGC,PInvokeBench,FillBenchmarks,LibraryImport_Span_SuppressGC,ShortRun,Default,Default,Default,Default,Default,Default,Default,Default,Default,Default,Default,Default,Default,Default,Default,Default,Default,Default,Default,Default,Default,Default,Default,Default,Default,Default,Default,Default,Default,Default,Default,3,Default,1,Default,Default,Default,Default,Default,Default,Default,3,"ShortRun(IterationCount=3, LaunchCount=1, WarmupCount=3)",Size=16,1,Workload,Pilot,15,6205400,262144,23.67,0,0,0,0
FillBenchmarks.LibraryImport_Span_SuppressGC,PInvokeBench,FillBenchmarks,LibraryImport_Span_SuppressGC,ShortRun,Default,Default,Default,Default,Default,Default,Default,Default,Default,Default,Default,Default,Default,Default,Default,Default,Default,Default,Default,Default,Default,Default,Default,Default,Default,Default,Default,Default,Default,Default,Default,3,Default,1,Default,Default,Default,Default,Default,Default,Default,3,"ShortRun(IterationCount=3, LaunchCount=1, WarmupCount=3)",Size=16,1,Workload,Pilot,16,13078400,524288,24.95,0,0,0,0
FillBenchmarks.LibraryImport_Span_SuppressGC,PInvokeBench,FillBenchmarks,LibraryImport_Span_SuppressGC,ShortRun,Default,Default,Default,Default,Default,Default,Default,Default,Default,Default,Default,Default,Default,Default,Default,Default,Default,Default,Default,Default,Default,Default,Default,Default,Default,Default,Default,Default,Default,Default,Default,3,Default,1,Default,Default,Default,Default,Default,Default,Default,3,"ShortRun(IterationCount=3, LaunchCount=1, WarmupCount=3)",Size=16,1,Workload,Pilot,17,23820700,1048576,22.72,0,0,0,0
FillBenchmarks.LibraryImport_Span_SuppressGC,PInvokeBench,FillBenchmarks,LibraryImport_Span_SuppressGC,ShortRun,Default,Default,Default,Default,Default,Default,Default,Default,Default,Default,Default,Default,Default,Default,Default,Default,Default,Default,Default,Default,Default,Default,Default,Default,Default,Default,Default,Default,Default,Default,Default,3,Default,1,Default,Default,Default,Default,Default,Default,Default,3,"ShortRun(IterationCount=3, LaunchCount=1, WarmupCount=3)",Size=16,1,Workload,Pilot,18,48103000,2097152,22.94,0,0,0,0
FillBenchmarks.LibraryImport_Span_SuppressGC,PInvokeBench,FillBenchmarks,LibraryImport_Span_SuppressGC,ShortRun,Default,Default,Default,Default,Default,Default,Default,Default,Default,Default,Default,Default,Default,Default,Default,Default,Default,Default,Default,Default,Default,Default,Default,Default,Default,Default,Default,Default,Default,Default,Default,3,Default,1,Default,Default,Default,Default,Default,Default,Default,3,"ShortRun(IterationCount=3, LaunchCount=1, WarmupCount=3)",Size=16,1,Workload,Pilot,19,102116300,4194304,24.35,0,0,0,0
FillBenchmarks.LibraryImport_Span_SuppressGC,PInvokeBench,FillBenchmarks,LibraryImport_Span_SuppressGC,ShortRun,Default,Default,Default,Default,Default,Default,Default,Default,Default,Default,Default,Default,Default,Default,Default,Default,Default,Default,Default,Default,Default,Default,Default,Default,Default,Default,Default,Default,Default,Default,Default,3,Default,1,Default,Default,Default,Default,Default,Default,Default,3,"ShortRun(IterationCount=3, LaunchCount=1, WarmupCount=3)",Size=16,1,Workload,Pilot,20,63097700,8388608,7.52,0,0,0,0
FillBenchmarks.LibraryImport_Span_SuppressGC,PInvokeBench,FillBenchmarks,LibraryImport_Span_SuppressGC,ShortRun,Default,Default,Default,Default,Default,Default,Default,Default,Default,Default,Default,Default,Default,Default,Default,Default,Default,Default,Default,Default,Default,Default,Default,Default,Default,Default,Default,Default,Default,Default,Default,3,Default,1,Default,Default,Default,Default,Default,Default,Default,3,"ShortRun(IterationCount=3, LaunchCount=1, WarmupCount=3)",Size=16,1,Workload,Pilot,21,115054500,16777216,6.86,0,0,0,0
FillBenchmarks.LibraryImport_Span_SuppressGC,PInvokeBench,FillBenchmarks,LibraryImport_Span_SuppressGC,ShortRun,Default,Default,Default,Default,Default,Default,Default,Default,Default,Default,Default,Default,Default,Default,Default,Default,Default,Default,Default,Default,Default,Default,Default,Default,Default,Default,Default,Default,Default,Default,Default,3,Default,1,Default,Default,Default,Default,Default,Default,Default,3,"ShortRun(IterationCount=3, LaunchCount=1, WarmupCount=3)",Size=16,1,Workload,Pilot,22,237250000,33554432,7.07,0,0,0,0
FillBenchmarks.LibraryImport_Span_SuppressGC,PInvokeBench,FillBenchmarks,LibraryImport_Span_SuppressGC,ShortRun,Default,Default,Default,Default,Default,Default,Default,Default,Default,Default,Default,Default,Default,Default,Default,Default,Default,Default,Default,Default,Default,Default,Default,Default,Default,Default,Default,Default,Default,Default,Default,3,Default,1,Default,Default,Default,Default,Default,Default,Default,3,"ShortRun(IterationCount=3, LaunchCount=1, WarmupCount=3)",Size=16,1,Workload,Pilot,23,409012600,67108864,6.09,0,0,0,0
FillBenchmarks.LibraryImport_Span_SuppressGC,PInvokeBench,FillBenchmarks,LibraryImport_Span_SuppressGC,ShortRun,Default,Default,Default,Default,Default,Default,Default,Default,Default,Default,Default,Default,Default,Default,Default,Default,Default,Default,Default,Default,Default,Default,Default,Default,Default,Default,Default,Default,Default,Default,Default,3,Default,1,Default,Default,Default,Default,Default,Default,Default,3,"ShortRun(IterationCount=3, LaunchCount=1, WarmupCount=3)",Size=16,1,Workload,Pilot,24,781359300,134217728,5.82,0,0,0,0
FillBenchmarks.LibraryImport_Span_SuppressGC,PInvokeBench,FillBenchmarks,LibraryImport_Span_SuppressGC,ShortRun,Default,Default,Default,Default,Default,Default,Default,Default,Default,Default,Default,Default,Default,Default,Default,Default,Default,Default,Default,Default,Default,Default,Default,Default,Default,Default,Default,Default,Default,Default,Default,3,Default,1,Default,Default,Default,Default,Default,Default,Default,3,"ShortRun(IterationCount=3, LaunchCount=1, WarmupCount=3)",Size=16,1,Overhead,Warmup,1,328269700,134217728,2.45,0,0,0,0
FillBenchmarks.LibraryImport_Span_SuppressGC,PInvokeBench,FillBenchmarks,LibraryImport_Span_SuppressGC,ShortRun,Default,Default,Default,Default,Default,Default,Default,Default,Default,Default,Default,Default,Default,Default,Default,Default,Default,Default,Default,Default,Default,Default,Default,Default,Default,Default,Default,Default,Default,Default,Default,3,Default,1,Default,Default,Default,Default,Default,Default,Default,3,"ShortRun(IterationCount=3, LaunchCount=1, WarmupCount=3)",Size=16,1,Overhead,Warmup,2,293419200,134217728,2.19,0,0,0,0
FillBenchmarks.LibraryImport_Span_SuppressGC,PInvokeBench,FillBenchmarks,LibraryImport_Span_SuppressGC,ShortRun,Default,Default,Default,Default,Default,Default,Default,Default,Default,Default,Default,Default,Default,Default,Default,Default,Default,Default,Default,Default,Default,Default,Default,Default,Default,Default,Default,Default,Default,Default,Default,3,Default,1,Default,Default,Default,Default,Default,Default,Default,3,"ShortRun(IterationCount=3, LaunchCount=1, WarmupCount=3)",Size=16,1,Overhead,Warmup,3,262973300,134217728,1.96,0,0,0,0
FillBenchmarks.LibraryImport_Span_SuppressGC,PInvokeBench,FillBenchmarks,LibraryImport_Span_SuppressGC,ShortRun,Default,Default,Default,Default,Default,Default,Default,Default,Default,Default,Default,Default,Default,Default,Default,Default,Default,Default,Default,Default,Default,Default,Default,Default,Default,Default,Default,Default,Default,Default,Default,3,Default,1,Default,Default,Default,Default,Default,Default,Default,3,"ShortRun(IterationCount=3, LaunchCount=1, WarmupCount=3)",Size=16,1,Overhead,Warmup,4,263062700,134217728,1.96,0,0,0,0
FillBenchmarks.LibraryImport_Span_SuppressGC,PInvokeBench,FillBenchmarks,LibraryImport_Span_SuppressGC,ShortRun,Default,Default,Default,Default,Default,Default,Default,Default,Default,Default,Default,Default,Default,Default,Default,Default,Default,Default,Default,Default,Default,Default,Default,Default,Default,Default,Default,Default,Default,Default,Default,3,Default,1,Default,Default,Default,Default,Default,Default,Default,3,"ShortRun(IterationCount=3, LaunchCount=1, WarmupCount=3)",Size=16,1,Overhead,Warmup,5,259908700,134217728,1.94,0,0,0,0
FillBenchmarks.LibraryImport_Span_SuppressGC,PInvokeBench,FillBenchmarks,LibraryImport_Span_SuppressGC,ShortRun,Default,Default,Default,Default,Default,Default,Default,Default,Default,Default,Default,Default,Default,Default,Default,Default,Default,Default,Default,Default,Default,Default,Default,Default,Default,Default,Default,Default,Default,Default,Default,3,Default,1,Default,Default,Default,Default,Default,Default,Default,3,"ShortRun(IterationCount=3, LaunchCount=1, WarmupCount=3)",Size=16,1,Overhead,Warmup,6,263255700,134217728,1.96,0,0,0,0
FillBenchmarks.LibraryImport_Span_SuppressGC,PInvokeBench,FillBenchmarks,LibraryImport_Span_SuppressGC,ShortRun,Default,Default,Default,Default,Default,Default,Default,Default,Default,Default,Default,Default,Default,Default,Default,Default,Default,Default,Default,Default,Default,Default,Default,Default,Default,Default,Default,Default,Default,Default,Default,3,Default,1,Default,Default,Default,Default,Default,Default,Default,3,"ShortRun(IterationCount=3, LaunchCount=1, WarmupCount=3)",Size=16,1,Overhead,Warmup,7,260625600,134217728,1.94,0,0,0,0
FillBenchmarks.LibraryImport_Span_SuppressGC,PInvokeBench,FillBenchmarks,LibraryImport_Span_SuppressGC,ShortRun,Default,Default,Default,Default,Default,Default,Default,Default,Default,Default,Default,Default,Default,Default,Default,Default,Default,Default,Default,Default,Default,Default,Default,Default,Default,Default,Default,Default,Default,Default,Default,3,Default,1,Default,Default,Default,Default,Default,Default,Default,3,"ShortRun(IterationCount=3, LaunchCount=1, WarmupCount=3)",Size=16,1,Overhead,Actual,1,265164100,134217728,1.98,0,0,0,0
FillBenchmarks.LibraryImport_Span_SuppressGC,PInvokeBench,FillBenchmarks,LibraryImport_Span_SuppressGC,ShortRun,Default,Default,Default,Default,Default,Default,Default,Default,Default,Default,Default,Default,Default,Default,Default,Default,Default,Default,Default,Default,Default,Default,Default,Default,Default,Default,Default,Default,Default,Default,Default,3,Default,1,Default,Default,Default,Default,Default,Default,Default,3,"ShortRun(IterationCount=3, LaunchCount=1, WarmupCount=3)",Size=16,1,Overhead,Actual,2,259531700,134217728,1.93,0,0,0,0
FillBenchmarks.LibraryImport_Span_SuppressGC,PInvokeBench,FillBenchmarks,LibraryImport_Span_SuppressGC,ShortRun,Default,Default,Default,Default,Default,Default,Default,Default,Default,Default,Default,Default,Default,Default,Default,Default,Default,Default,Default,Default,Default,Default,Default,Default,Default,Default,Default,Default,Default,Default,Default,3,Default,1,Default,Default,Default,Default,Default,Default,Default,3,"ShortRun(IterationCount=3, LaunchCount=1, WarmupCount=3)",Size=16,1,Overhead,Actual,3,278540000,134217728,2.08,0,0,0,0
FillBenchmarks.LibraryImport_Span_SuppressGC,PInvokeBench,FillBenchmarks,LibraryImport_Span_SuppressGC,ShortRun,Default,Default,Default,Default,Default,Default,Default,Default,Default,Default,Default,Default,Default,Default,Default,Default,Default,Default,Default,Default,Default,Default,Default,Default,Default,Default,Default,Default,Default,Default,Default,3,Default,1,Default,Default,Default,Default,Default,Default,Default,3,"ShortRun(IterationCount=3, LaunchCount=1, WarmupCount=3)",Size=16,1,Overhead,Actual,4,272062400,134217728,2.03,0,0,0,0
FillBenchmarks.LibraryImport_Span_SuppressGC,PInvokeBench,FillBenchmarks,LibraryImport_Span_SuppressGC,ShortRun,Default,Default,Default,Default,Default,Default,Default,Default,Default,Default,Default,Default,Default,Default,Default,Default,Default,Default,Default,Default,Default,Default,Default,Default,Default,Default,Default,Default,Default,Default,Default,3,Default,1,Default,Default,Default,Default,Default,Default,Default,3,"ShortRun(IterationCount=3, LaunchCount=1, WarmupCount=3)",Size=16,1,Overhead,Actual,5,277557000,134217728,2.07,0,0,0,0
FillBenchmarks.LibraryImport_Span_SuppressGC,PInvokeBench,FillBenchmarks,LibraryImport_Span_SuppressGC,ShortRun,Default,Default,Default,Default,Default,Default,Default,Default,Default,Default,Default,Default,Default,Default,Default,Default,Default,Default,Default,Default,Default,Default,Default,Default,Default,Default,Default,Default,Default,Default,Default,3,Default,1,Default,Default,Default,Default,Default,Default,Default,3,"ShortRun(IterationCount=3, LaunchCount=1, WarmupCount=3)",Size=16,1,Overhead,Actual,6,262272800,134217728,1.95,0,0,0,0
FillBenchmarks.LibraryImport_Span_SuppressGC,PInvokeBench,FillBenchmarks,LibraryImport_Span_SuppressGC,ShortRun,Default,Default,Default,Default,Default,Default,Default,Default,Default,Default,Default,Default,Default,Default,Default,Default,Default,Default,Default,Default,Default,Default,Default,Default,Default,Default,Default,Default,Default,Default,Default,3,Default,1,Default,Default,Default,Default,Default,Default,Default,3,"ShortRun(IterationCount=3, LaunchCount=1, WarmupCount=3)",Size=16,1,Overhead,Actual,7,280987700,134217728,2.09,0,0,0,0
FillBenchmarks.LibraryImport_Span_SuppressGC,PInvokeBench,FillBenchmarks,LibraryImport_Span_SuppressGC,ShortRun,Default,Default,Default,Default,Default,Default,Default,Default,Default,Default,Default,Default,Default,Default,Default,Default,Default,Default,Default,Default,Default,Default,Default,Default,Default,Default,Default,Default,Default,Default,Default,3,Default,1,Default,Default,Default,Default,Default,Default,Default,3,"ShortRun(IterationCount=3, LaunchCount=1, WarmupCount=3)",Size=16,1,Overhead,Actual,8,260328900,134217728,1.94,0,0,0,0
FillBenchmarks.LibraryImport_Span_SuppressGC,PInvokeBench,FillBenchmarks,LibraryImport_Span_SuppressGC,ShortRun,Default,Default,Default,Default,Default,Default,Default,Default,Default,Default,Default,Default,Default,Default,Default,Default,Default,Default,Default,Default,Default,Default,Default,Default,Default,Default,Default,Default,Default,Default,Default,3,Default,1,Default,Default,Default,Default,Default,Default,Default,3,"ShortRun(IterationCount=3, LaunchCount=1, WarmupCount=3)",Size=16,1,Overhead,Actual,9,272155900,134217728,2.03,0,0,0,0
FillBenchmarks.LibraryImport_Span_SuppressGC,PInvokeBench,FillBenchmarks,LibraryImport_Span_SuppressGC,ShortRun,Default,Default,Default,Default,Default,Default,Default,Default,Default,Default,Default,Default,Default,Default,Default,Default,Default,Default,Default,Default,Default,Default,Default,Default,Default,Default,Default,Default,Default,Default,Default,3,Default,1,Default,Default,Default,Default,Default,Default,Default,3,"ShortRun(IterationCount=3, LaunchCount=1, WarmupCount=3)",Size=16,1,Overhead,Actual,10,275085800,134217728,2.05,0,0,0,0
FillBenchmarks.LibraryImport_Span_SuppressGC,PInvokeBench,FillBenchmarks,LibraryImport_Span_SuppressGC,ShortRun,Default,Default,Default,Default,Default,Default,Default,Default,Default,Default,Default,Default,Default,Default,Default,Default,Default,Default,Default,Default,Default,Default,Default,Default,Default,Default,Default,Default,Default,Default,Default,3,Default,1,Default,Default,Default,Default,Default,Default,Default,3,"ShortRun(IterationCount=3, LaunchCount=1, WarmupCount=3)",Size=16,1,Overhead,Actual,11,279233500,134217728,2.08,0,0,0,0
FillBenchmarks.LibraryImport_Span_SuppressGC,PInvokeBench,FillBenchmarks,LibraryImport_Span_SuppressGC,ShortRun,Default,Default,Default,Default,Default,Default,Default,Default,Default,Default,Default,Default,Default,Default,Default,Default,Default,Default,Default,Default,Default,Default,Default,Default,Default,Default,Default,Default,Default,Default,Default,3,Default,1,Default,Default,Default,Default,Default,Default,Default,3,"ShortRun(IterationCount=3, LaunchCount=1, WarmupCount=3)",Size=16,1,Overhead,Actual,12,263194200,134217728,1.96,0,0,0,0
FillBenchmarks.LibraryImport_Span_SuppressGC,PInvokeBench,FillBenchmarks,LibraryImport_Span_SuppressGC,ShortRun,Default,Default,Default,Default,Default,Default,Default,Default,Default,Default,Default,Default,Default,Default,Default,Default,Default,Default,Default,Default,Default,Default,Default,Default,Default,Default,Default,Default,Default,Default,Default,3,Default,1,Default,Default,Default,Default,Default,Default,Default,3,"ShortRun(IterationCount=3, LaunchCount=1, WarmupCount=3)",Size=16,1,Overhead,Actual,13,259445800,134217728,1.93,0,0,0,0
FillBenchmarks.LibraryImport_Span_SuppressGC,PInvokeBench,FillBenchmarks,LibraryImport_Span_SuppressGC,ShortRun,Default,Default,Default,Default,Default,Default,Default,Default,Default,Default,Default,Default,Default,Default,Default,Default,Default,Default,Default,Default,Default,Default,Default,Default,Default,Default,Default,Default,Default,Default,Default,3,Default,1,Default,Default,Default,Default,Default,Default,Default,3,"ShortRun(IterationCount=3, LaunchCount=1, WarmupCount=3)",Size=16,1,Overhead,Actual,14,258991400,134217728,1.93,0,0,0,0
FillBenchmarks.LibraryImport_Span_SuppressGC,PInvokeBench,FillBenchmarks,LibraryImport_Span_SuppressGC,ShortRun,Default,Default,Default,Default,Default,Default,Default,Default,Default,Default,Default,Default,Default,Default,Default,Default,Default,Default,Default,Default,Default,Default,Default,Default,Default,Default,Default,Default,Default,Default,Default,3,Default,1,Default,Default,Default,Default,Default,Default,Default,3,"ShortRun(IterationCount=3, LaunchCount=1, WarmupCount=3)",Size=16,1,Overhead,Actual,15,280382500,134217728,2.09,0,0,0,0
FillBenchmarks.LibraryImport_Span_SuppressGC,PInvokeBench,FillBenchmarks,LibraryImport_Span_SuppressGC,ShortRun,Default,Default,Default,Default,Default,Default,Default,Default,Default,Default,Default,Default,Default,Default,Default,Default,Default,Default,Default,Default,Default,Default,Default,Default,Default,Default,Default,Default,Default,Default,Default,3,Default,1,Default,Default,Default,Default,Default,Default,Default,3,"ShortRun(IterationCount=3, LaunchCount=1, WarmupCount=3)",Size=16,1,Workload,Warmup,1,777891400,134217728,5.8,0,0,0,0
FillBenchmarks.LibraryImport_Span_SuppressGC,PInvokeBench,FillBenchmarks,LibraryImport_Span_SuppressGC,ShortRun,Default,Default,Default,Default,Default,Default,Default,Default,Default,Default,Default,Default,Default,Default,Default,Default,Default,Default,Default,Default,Default,Default,Default,Default,Default,Default,Default,Default,Default,Default,Default,3,Default,1,Default,Default,Default,Default,Default,Default,Default,3,"ShortRun(IterationCount=3, LaunchCount=1, WarmupCount=3)",Size=16,1,Workload,Warmup,2,795576100,134217728,5.93,0,0,0,0
FillBenchmarks.LibraryImport_Span_SuppressGC,PInvokeBench,FillBenchmarks,LibraryImport_Span_SuppressGC,ShortRun,Default,Default,Default,Default,Default,Default,Default,Default,Default,Default,Default,Default,Default,Default,Default,Default,Default,Default,Default,Default,Default,Default,Default,Default,Default,Default,Default,Default,Default,Default,Default,3,Default,1,Default,Default,Default,Default,Default,Default,Default,3,"ShortRun(IterationCount=3, LaunchCount=1, WarmupCount=3)",Size=16,1,Workload,Warmup,3,796082300,134217728,5.93,0,0,0,0
FillBenchmarks.LibraryImport_Span_SuppressGC,PInvokeBench,FillBenchmarks,LibraryImport_Span_SuppressGC,ShortRun,Default,Default,Default,Default,Default,Default,Default,Default,Default,Default,Default,Default,Default,Default,Default,Default,Default,Default,Default,Default,Default,Default,Default,Default,Default,Default,Default,Default,Default,Default,Default,3,Default,1,Default,Default,Default,Default,Default,Default,Default,3,"ShortRun(IterationCount=3, LaunchCount=1, WarmupCount=3)",Size=16,1,Workload,Actual,1,757255400,134217728,5.64,0,0,0,0
FillBenchmarks.LibraryImport_Span_SuppressGC,PInvokeBench,FillBenchmarks,LibraryImport_Span_SuppressGC,ShortRun,Default,Default,Default,Default,Default,Default,Default,Default,Default,Default,Default,Default,Default,Default,Default,Default,Default,Default,Default,Default,Default,Default,Default,Default,Default,Default,Default,Default,Default,Default,Default,3,Default,1,Default,Default,Default,Default,Default,Default,Default,3,"ShortRun(IterationCount=3, LaunchCount=1, WarmupCount=3)",Size=16,1,Workload,Actual,2,759100600,134217728,5.66,0,0,0,0
FillBenchmarks.LibraryImport_Span_SuppressGC,PInvokeBench,FillBenchmarks,LibraryImport_Span_SuppressGC,ShortRun,Default,Default,Default,Default,Default,Default,Default,Default,Default,Default,Default,Default,Default,Default,Default,Default,Default,Default,Default,Default,Default,Default,Default,Default,Default,Default,Default,Default,Default,Default,Default,3,Default,1,Default,Default,Default,Default,Default,Default,Default,3,"ShortRun(IterationCount=3, LaunchCount=1, WarmupCount=3)",Size=16,1,Workload,Actual,3,787089100,134217728,5.86,0,0,0,0
FillBenchmarks.LibraryImport_Span_SuppressGC,PInvokeBench,FillBenchmarks,LibraryImport_Span_SuppressGC,ShortRun,Default,Default,Default,Default,Default,Default,Default,Default,Default,Default,Default,Default,Default,Default,Default,Default,Default,Default,Default,Default,Default,Default,Default,Default,Default,Default,Default,Default,Default,Default,Default,3,Default,1,Default,Default,Default,Default,Default,Default,Default,3,"ShortRun(IterationCount=3, LaunchCount=1, WarmupCount=3)",Size=16,1,Workload,Result,1,485193000,134217728,3.61,0,0,0,0
FillBenchmarks.LibraryImport_Span_SuppressGC,PInvokeBench,FillBenchmarks,LibraryImport_Span_SuppressGC,ShortRun,Default,Default,Default,Default,Default,Default,Default,Default,Default,Default,Default,Default,Default,Default,Default,Default,Default,Default,Default,Default,Default,Default,Default,Default,Default,Default,Default,Default,Default,Default,Default,3,Default,1,Default,Default,Default,Default,Default,Default,Default,3,"ShortRun(IterationCount=3, LaunchCount=1, WarmupCount=3)",Size=16,1,Workload,Result,2,487038200,134217728,3.63,0,0,0,0
FillBenchmarks.LibraryImport_Span_SuppressGC,PInvokeBench,FillBenchmarks,LibraryImport_Span_SuppressGC,ShortRun,Default,Default,Default,Default,Default,Default,Default,Default,Default,Default,Default,Default,Default,Default,Default,Default,Default,Default,Default,Default,Default,Default,Default,Default,Default,Default,Default,Default,Default,Default,Default,3,Default,1,Default,Default,Default,Default,Default,Default,Default,3,"ShortRun(IterationCount=3, LaunchCount=1, WarmupCount=3)",Size=16,1,Workload,Result,3,515026700,134217728,3.84,0,0,0,0
FillBenchmarks.LibraryImport_RefByte_SuppressGC,PInvokeBench,FillBenchmarks,LibraryImport_RefByte_SuppressGC,ShortRun,Default,Default,Default,Default,Default,Default,Default,Default,Default,Default,Default,Default,Default,Default,Default,Default,Default,Default,Default,Default,Default,Default,Default,Default,Default,Default,Default,Default,Default,Default,Default,3,Default,1,Default,Default,Default,Default,Default,Default,Default,3,"ShortRun(IterationCount=3, LaunchCount=1, WarmupCount=3)",Size=16,1,Overhead,Jitting,1,217100,1,217100,0,0,0,0
FillBenchmarks.LibraryImport_RefByte_SuppressGC,PInvokeBench,FillBenchmarks,LibraryImport_RefByte_SuppressGC,ShortRun,Default,Default,Default,Default,Default,Default,Default,Default,Default,Default,Default,Default,Default,Default,Default,Default,Default,Default,Default,Default,Default,Default,Default,Default,Default,Default,Default,Default,Default,Default,Default,3,Default,1,Default,Default,Default,Default,Default,Default,Default,3,"ShortRun(IterationCount=3, LaunchCount=1, WarmupCount=3)",Size=16,1,Workload,Jitting,1,772000,1,772000,0,0,0,0
FillBenchmarks.LibraryImport_RefByte_SuppressGC,PInvokeBench,FillBenchmarks,LibraryImport_RefByte_SuppressGC,ShortRun,Default,Default,Default,Default,Default,Default,Default,Default,Default,Default,Default,Default,Default,Default,Default,Default,Default,Default,Default,Default,Default,Default,Default,Default,Default,Default,Default,Default,Default,Default,Default,3,Default,1,Default,Default,Default,Default,Default,Default,Default,3,"ShortRun(IterationCount=3, LaunchCount=1, WarmupCount=3)",Size=16,1,Overhead,Jitting,2,313100,16,19568.75,0,0,0,0
FillBenchmarks.LibraryImport_RefByte_SuppressGC,PInvokeBench,FillBenchmarks,LibraryImport_RefByte_SuppressGC,ShortRun,Default,Default,Default,Default,Default,Default,Default,Default,Default,Default,Default,Default,Default,Default,Default,Default,Default,Default,Default,Default,Default,Default,Default,Default,Default,Default,Default,Default,Default,Default,Default,3,Default,1,Default,Default,Default,Default,Default,Default,Default,3,"ShortRun(IterationCount=3, LaunchCount=1, WarmupCount=3)",Size=16,1,Workload,Jitting,2,298500,16,18656.25,0,0,0,0
FillBenchmarks.LibraryImport_RefByte_SuppressGC,PInvokeBench,FillBenchmarks,LibraryImport_RefByte_SuppressGC,ShortRun,Default,Default,Default,Default,Default,Default,Default,Default,Default,Default,Default,Default,Default,Default,Default,Default,Default,Default,Default,Default,Default,Default,Default,Default,Default,Default,Default,Default,Default,Default,Default,3,Default,1,Default,Default,Default,Default,Default,Default,Default,3,"ShortRun(IterationCount=3, LaunchCount=1, WarmupCount=3)",Size=16,1,Workload,Pilot,1,1200,16,75,0,0,0,0
FillBenchmarks.LibraryImport_RefByte_SuppressGC,PInvokeBench,FillBenchmarks,LibraryImport_RefByte_SuppressGC,ShortRun,Default,Default,Default,Default,Default,Default,Default,Default,Default,Default,Default,Default,Default,Default,Default,Default,Default,Default,Default,Default,Default,Default,Default,Default,Default,Default,Default,Default,Default,Default,Default,3,Default,1,Default,Default,Default,Default,Default,Default,Default,3,"ShortRun(IterationCount=3, LaunchCount=1, WarmupCount=3)",Size=16,1,Workload,Pilot,2,1300,32,40.63,0,0,0,0
FillBenchmarks.LibraryImport_RefByte_SuppressGC,PInvokeBench,FillBenchmarks,LibraryImport_RefByte_SuppressGC,ShortRun,Default,Default,Default,Default,Default,Default,Default,Default,Default,Default,Default,Default,Default,Default,Default,Default,Default,Default,Default,Default,Default,Default,Default,Default,Default,Default,Default,Default,Default,Default,Default,3,Default,1,Default,Default,Default,Default,Default,Default,Default,3,"ShortRun(IterationCount=3, LaunchCount=1, WarmupCount=3)",Size=16,1,Workload,Pilot,3,1900,64,29.69,0,0,0,0
FillBenchmarks.LibraryImport_RefByte_SuppressGC,PInvokeBench,FillBenchmarks,LibraryImport_RefByte_SuppressGC,ShortRun,Default,Default,Default,Default,Default,Default,Default,Default,Default,Default,Default,Default,Default,Default,Default,Default,Default,Default,Default,Default,Default,Default,Default,Default,Default,Default,Default,Default,Default,Default,Default,3,Default,1,Default,Default,Default,Default,Default,Default,Default,3,"ShortRun(IterationCount=3, LaunchCount=1, WarmupCount=3)",Size=16,1,Workload,Pilot,4,3000,128,23.44,0,0,0,0
FillBenchmarks.LibraryImport_RefByte_SuppressGC,PInvokeBench,FillBenchmarks,LibraryImport_RefByte_SuppressGC,ShortRun,Default,Default,Default,Default,Default,Default,Default,Default,Default,Default,Default,Default,Default,Default,Default,Default,Default,Default,Default,Default,Default,Default,Default,Default,Default,Default,Default,Default,Default,Default,Default,3,Default,1,Default,Default,Default,Default,Default,Default,Default,3,"ShortRun(IterationCount=3, LaunchCount=1, WarmupCount=3)",Size=16,1,Workload,Pilot,5,4600,256,17.97,0,0,0,0
FillBenchmarks.LibraryImport_RefByte_SuppressGC,PInvokeBench,FillBenchmarks,LibraryImport_RefByte_SuppressGC,ShortRun,Default,Default,Default,Default,Default,Default,Default,Default,Default,Default,Default,Default,Default,Default,Default,Default,Default,Default,Default,Default,Default,Default,Default,Default,Default,Default,Default,Default,Default,Default,Default,3,Default,1,Default,Default,Default,Default,Default,Default,Default,3,"ShortRun(IterationCount=3, LaunchCount=1, WarmupCount=3)",Size=16,1,Workload,Pilot,6,7700,512,15.04,0,0,0,0
FillBenchmarks.LibraryImport_RefByte_SuppressGC,PInvokeBench,FillBenchmarks,LibraryImport_RefByte_SuppressGC,ShortRun,Default,Default,Default,Default,Default,Default,Default,Default,Default,Default,Default,Default,Default,Default,Default,Default,Default,Default,Default,Default,Default,Default,Default,Default,Default,Default,Default,Default,Default,Default,Default,3,Default,1,Default,Default,Default,Default,Default,Default,Default,3,"ShortRun(IterationCount=3, LaunchCount=1, WarmupCount=3)",Size=16,1,Workload,Pilot,7,16000,1024,15.63,0,0,0,0
FillBenchmarks.LibraryImport_RefByte_SuppressGC,PInvokeBench,FillBenchmarks,LibraryImport_RefByte_SuppressGC,ShortRun,Default,Default,Default,Default,Default,Default,Default,Default,Default,Default,Default,Default,Default,Default,Default,Default,Default,Default,Default,Default,Default,Default,Default,Default,Default,Default,Default,Default,Default,Default,Default,3,Default,1,Default,Default,Default,Default,Default,Default,Default,3,"ShortRun(IterationCount=3, LaunchCount=1, WarmupCount=3)",Size=16,1,Workload,Pilot,8,29100,2048,14.21,0,0,0,0
FillBenchmarks.LibraryImport_RefByte_SuppressGC,PInvokeBench,FillBenchmarks,LibraryImport_RefByte_SuppressGC,ShortRun,Default,Default,Default,Default,Default,Default,Default,Default,Default,Default,Default,Default,Default,Default,Default,Default,Default,Default,Default,Default,Default,Default,Default,Default,Default,Default,Default,Default,Default,Default,Default,3,Default,1,Default,Default,Default,Default,Default,Default,Default,3,"ShortRun(IterationCount=3, LaunchCount=1, WarmupCount=3)",Size=16,1,Workload,Pilot,9,61500,4096,15.01,0,0,0,0
FillBenchmarks.LibraryImport_RefByte_SuppressGC,PInvokeBench,FillBenchmarks,LibraryImport_RefByte_SuppressGC,ShortRun,Default,Default,Default,Default,Default,Default,Default,Default,Default,Default,Default,Default,Default,Default,Default,Default,Default,Default,Default,Default,Default,Default,Default,Default,Default,Default,Default,Default,Default,Default,Default,3,Default,1,Default,Default,Default,Default,Default,Default,Default,3,"ShortRun(IterationCount=3, LaunchCount=1, WarmupCount=3)",Size=16,1,Workload,Pilot,10,120900,8192,14.76,0,0,0,0
FillBenchmarks.LibraryImport_RefByte_SuppressGC,PInvokeBench,FillBenchmarks,LibraryImport_RefByte_SuppressGC,ShortRun,Default,Default,Default,Default,Default,Default,Default,Default,Default,Default,Default,Default,Default,Default,Default,Default,Default,Default,Default,Default,Default,Default,Default,Default,Default,Default,Default,Default,Default,Default,Default,3,Default,1,Default,Default,Default,Default,Default,Default,Default,3,"ShortRun(IterationCount=3, LaunchCount=1, WarmupCount=3)",Size=16,1,Workload,Pilot,11,242300,16384,14.79,0,0,0,0
FillBenchmarks.LibraryImport_RefByte_SuppressGC,PInvokeBench,FillBenchmarks,LibraryImport_RefByte_SuppressGC,ShortRun,Default,Default,Default,Default,Default,Default,Default,Default,Default,Default,Default,Default,Default,Default,Default,Default,Default,Default,Default,Default,Default,Default,Default,Default,Default,Default,Default,Default,Default,Default,Default,3,Default,1,Default,Default,Default,Default,Default,Default,Default,3,"ShortRun(IterationCount=3, LaunchCount=1, WarmupCount=3)",Size=16,1,Workload,Pilot,12,493600,32768,15.06,0,0,0,0
FillBenchmarks.LibraryImport_RefByte_SuppressGC,PInvokeBench,FillBenchmarks,LibraryImport_RefByte_SuppressGC,ShortRun,Default,Default,Default,Default,Default,Default,Default,Default,Default,Default,Default,Default,Default,Default,Default,Default,Default,Default,Default,Default,Default,Default,Default,Default,Default,Default,Default,Default,Default,Default,Default,3,Default,1,Default,Default,Default,Default,Default,Default,Default,3,"ShortRun(IterationCount=3, LaunchCount=1, WarmupCount=3)",Size=16,1,Workload,Pilot,13,974200,65536,14.87,0,0,0,0
FillBenchmarks.LibraryImport_RefByte_SuppressGC,PInvokeBench,FillBenchmarks,LibraryImport_RefByte_SuppressGC,ShortRun,Default,Default,Default,Default,Default,Default,Default,Default,Default,Default,Default,Default,Default,Default,Default,Default,Default,Default,Default,Default,Default,Default,Default,Default,Default,Default,Default,Default,Default,Default,Default,3,Default,1,Default,Default,Default,Default,Default,Default,Default,3,"ShortRun(IterationCount=3, LaunchCount=1, WarmupCount=3)",Size=16,1,Workload,Pilot,14,1865000,131072,14.23,0,0,0,0
FillBenchmarks.LibraryImport_RefByte_SuppressGC,PInvokeBench,FillBenchmarks,LibraryImport_RefByte_SuppressGC,ShortRun,Default,Default,Default,Default,Default,Default,Default,Default,Default,Default,Default,Default,Default,Default,Default,Default,Default,Default,Default,Default,Default,Default,Default,Default,Default,Default,Default,Default,Default,Default,Default,3,Default,1,Default,Default,Default,Default,Default,Default,Default,3,"ShortRun(IterationCount=3, LaunchCount=1, WarmupCount=3)",Size=16,1,Workload,Pilot,15,3668400,262144,13.99,0,0,0,0
FillBenchmarks.LibraryImport_RefByte_SuppressGC,PInvokeBench,FillBenchmarks,LibraryImport_RefByte_SuppressGC,ShortRun,Default,Default,Default,Default,Default,Default,Default,Default,Default,Default,Default,Default,Default,Default,Default,Default,Default,Default,Default,Default,Default,Default,Default,Default,Default,Default,Default,Default,Default,Default,Default,3,Default,1,Default,Default,Default,Default,Default,Default,Default,3,"ShortRun(IterationCount=3, LaunchCount=1, WarmupCount=3)",Size=16,1,Workload,Pilot,16,7918200,524288,15.1,0,0,0,0
FillBenchmarks.LibraryImport_RefByte_SuppressGC,PInvokeBench,FillBenchmarks,LibraryImport_RefByte_SuppressGC,ShortRun,Default,Default,Default,Default,Default,Default,Default,Default,Default,Default,Default,Default,Default,Default,Default,Default,Default,Default,Default,Default,Default,Default,Default,Default,Default,Default,Default,Default,Default,Default,Default,3,Default,1,Default,Default,Default,Default,Default,Default,Default,3,"ShortRun(IterationCount=3, LaunchCount=1, WarmupCount=3)",Size=16,1,Workload,Pilot,17,15102400,1048576,14.4,0,0,0,0
FillBenchmarks.LibraryImport_RefByte_SuppressGC,PInvokeBench,FillBenchmarks,LibraryImport_RefByte_SuppressGC,ShortRun,Default,Default,Default,Default,Default,Default,Default,Default,Default,Default,Default,Default,Default,Default,Default,Default,Default,Default,Default,Default,Default,Default,Default,Default,Default,Default,Default,Default,Default,Default,Default,3,Default,1,Default,Default,Default,Default,Default,Default,Default,3,"ShortRun(IterationCount=3, LaunchCount=1, WarmupCount=3)",Size=16,1,Workload,Pilot,18,30348900,2097152,14.47,0,0,0,0
FillBenchmarks.LibraryImport_RefByte_SuppressGC,PInvokeBench,FillBenchmarks,LibraryImport_RefByte_SuppressGC,ShortRun,Default,Default,Default,Default,Default,Default,Default,Default,Default,Default,Default,Default,Default,Default,Default,Default,Default,Default,Default,Default,Default,Default,Default,Default,Default,Default,Default,Default,Default,Default,Default,3,Default,1,Default,Default,Default,Default,Default,Default,Default,3,"ShortRun(IterationCount=3, LaunchCount=1, WarmupCount=3)",Size=16,1,Workload,Pilot,19,59993400,4194304,14.3,0,0,0,0
FillBenchmarks.LibraryImport_RefByte_SuppressGC,PInvokeBench,FillBenchmarks,LibraryImport_RefByte_SuppressGC,ShortRun,Default,Default,Default,Default,Default,Default,Default,Default,Default,Default,Default,Default,Default,Default,Default,Default,Default,Default,Default,Default,Default,Default,Default,Default,Default,Default,Default,Default,Default,Default,Default,3,Default,1,Default,Default,Default,Default,Default,Default,Default,3,"ShortRun(IterationCount=3, LaunchCount=1, WarmupCount=3)",Size=16,1,Workload,Pilot,20,50684300,8388608,6.04,0,0,0,0
FillBenchmarks.LibraryImport_RefByte_SuppressGC,PInvokeBench,FillBenchmarks,LibraryImport_RefByte_SuppressGC,ShortRun,Default,Default,Default,Default,Default,Default,Default,Default,Default,Default,Default,Default,Default,Default,Default,Default,Default,Default,Default,Default,Default,Default,Default,Default,Default,Default,Default,Default,Default,Default,Default,3,Default,1,Default,Default,Default,Default,Default,Default,Default,3,"ShortRun(IterationCount=3, LaunchCount=1, WarmupCount=3)",Size=16,1,Workload,Pilot,21,98951500,16777216,5.9,0,0,0,0
FillBenchmarks.LibraryImport_RefByte_SuppressGC,PInvokeBench,FillBenchmarks,LibraryImport_RefByte_SuppressGC,ShortRun,Default,Default,Default,Default,Default,Default,Default,Default,Default,Default,Default,Default,Default,Default,Default,Default,Default,Default,Default,Default,Default,Default,Default,Default,Default,Default,Default,Default,Default,Default,Default,3,Default,1,Default,Default,Default,Default,Default,Default,Default,3,"ShortRun(IterationCount=3, LaunchCount=1, WarmupCount=3)",Size=16,1,Workload,Pilot,22,206419100,33554432,6.15,0,0,0,0
FillBenchmarks.LibraryImport_RefByte_SuppressGC,PInvokeBench,FillBenchmarks,LibraryImport_RefByte_SuppressGC,ShortRun,Default,Default,Default,Default,Default,Default,Default,Default,Default,Default,Default,Default,Default,Default,Default,Default,Default,Default,Default,Default,Default,Default,Default,Default,Default,Default,Default,Default,Default,Default,Default,3,Default,1,Default,Default,Default,Default,Default,Default,Default,3,"ShortRun(IterationCount=3, LaunchCount=1, WarmupCount=3)",Size=16,1,Workload,Pilot,23,390842800,67108864,5.82,0,0,0,0
FillBenchmarks.LibraryImport_RefByte_SuppressGC,PInvokeBench,FillBenchmarks,LibraryImport_RefByte_SuppressGC,ShortRun,Default,Default,Default,Default,Default,Default,Default,Default,Default,Default,Default,Default,Default,Default,Default,Default,Default,Default,Default,Default,Default,Default,Default,Default,Default,Default,Default,Default,Default,Default,Default,3,Default,1,Default,Default,Default,Default,Default,Default,Default,3,"ShortRun(IterationCount=3, LaunchCount=1, WarmupCount=3)",Size=16,1,Workload,Pilot,24,883551200,134217728,6.58,0,0,0,0
FillBenchmarks.LibraryImport_RefByte_SuppressGC,PInvokeBench,FillBenchmarks,LibraryImport_RefByte_SuppressGC,ShortRun,Default,Default,Default,Default,Default,Default,Default,Default,Default,Default,Default,Default,Default,Default,Default,Default,Default,Default,Default,Default,Default,Default,Default,Default,Default,Default,Default,Default,Default,Default,Default,3,Default,1,Default,Default,Default,Default,Default,Default,Default,3,"ShortRun(IterationCount=3, LaunchCount=1, WarmupCount=3)",Size=16,1,Overhead,Warmup,1,364092700,134217728,2.71,0,0,0,0
FillBenchmarks.LibraryImport_RefByte_SuppressGC,PInvokeBench,FillBenchmarks,LibraryImport_RefByte_SuppressGC,ShortRun,Default,Default,Default,Default,Default,Default,Default,Default,Default,Default,Default,Default,Default,Default,Default,Default,Default,Default,Default,Default,Default,Default,Default,Default,Default,Default,Default,Default,Default,Default,Default,3,Default,1,Default,Default,Default,Default,Default,Default,Default,3,"ShortRun(IterationCount=3, LaunchCount=1, WarmupCount=3)",Size=16,1,Overhead,Warmup,2,280465000,134217728,2.09,0,0,0,0
FillBenchmarks.LibraryImport_RefByte_SuppressGC,PInvokeBench,FillBenchmarks,LibraryImport_RefByte_SuppressGC,ShortRun,Default,Default,Default,Default,Default,Default,Default,Default,Default,Default,Default,Default,Default,Default,Default,Default,Default,Default,Default,Default,Default,Default,Default,Default,Default,Default,Default,Default,Default,Default,Default,3,Default,1,Default,Default,Default,Default,Default,Default,Default,3,"ShortRun(IterationCount=3, LaunchCount=1, WarmupCount=3)",Size=16,1,Overhead,Warmup,3,266147400,134217728,1.98,0,0,0,0
FillBenchmarks.LibraryImport_RefByte_SuppressGC,PInvokeBench,FillBenchmarks,LibraryImport_RefByte_SuppressGC,ShortRun,Default,Default,Default,Default,Default,Default,Default,Default,Default,Default,Default,Default,Default,Default,Default,Default,Default,Default,Default,Default,Default,Default,Default,Default,Default,Default,Default,Default,Default,Default,Default,3,Default,1,Default,Default,Default,Default,Default,Default,Default,3,"ShortRun(IterationCount=3, LaunchCount=1, WarmupCount=3)",Size=16,1,Overhead,Warmup,4,271090500,134217728,2.02,0,0,0,0
FillBenchmarks.LibraryImport_RefByte_SuppressGC,PInvokeBench,FillBenchmarks,LibraryImport_RefByte_SuppressGC,ShortRun,Default,Default,Default,Default,Default,Default,Default,Default,Default,Default,Default,Default,Default,Default,Default,Default,Default,Default,Default,Default,Default,Default,Default,Default,Default,Default,Default,Default,Default,Default,Default,3,Default,1,Default,Default,Default,Default,Default,Default,Default,3,"ShortRun(IterationCount=3, LaunchCount=1, WarmupCount=3)",Size=16,1,Overhead,Warmup,5,272133400,134217728,2.03,0,0,0,0
FillBenchmarks.LibraryImport_RefByte_SuppressGC,PInvokeBench,FillBenchmarks,LibraryImport_RefByte_SuppressGC,ShortRun,Default,Default,Default,Default,Default,Default,Default,Default,Default,Default,Default,Default,Default,Default,Default,Default,Default,Default,Default,Default,Default,Default,Default,Default,Default,Default,Default,Default,Default,Default,Default,3,Default,1,Default,Default,Default,Default,Default,Default,Default,3,"ShortRun(IterationCount=3, LaunchCount=1, WarmupCount=3)",Size=16,1,Overhead,Warmup,6,281548300,134217728,2.1,0,0,0,0
FillBenchmarks.LibraryImport_RefByte_SuppressGC,PInvokeBench,FillBenchmarks,LibraryImport_RefByte_SuppressGC,ShortRun,Default,Default,Default,Default,Default,Default,Default,Default,Default,Default,Default,Default,Default,Default,Default,Default,Default,Default,Default,Default,Default,Default,Default,Default,Default,Default,Default,Default,Default,Default,Default,3,Default,1,Default,Default,Default,Default,Default,Default,Default,3,"ShortRun(IterationCount=3, LaunchCount=1, WarmupCount=3)",Size=16,1,Overhead,Warmup,7,279966200,134217728,2.09,0,0,0,0
FillBenchmarks.LibraryImport_RefByte_SuppressGC,PInvokeBench,FillBenchmarks,LibraryImport_RefByte_SuppressGC,ShortRun,Default,Default,Default,Default,Default,Default,Default,Default,Default,Default,Default,Default,Default,Default,Default,Default,Default,Default,Default,Default,Default,Default,Default,Default,Default,Default,Default,Default,Default,Default,Default,3,Default,1,Default,Default,Default,Default,Default,Default,Default,3,"ShortRun(IterationCount=3, LaunchCount=1, WarmupCount=3)",Size=16,1,Overhead,Warmup,8,279304900,134217728,2.08,0,0,0,0
FillBenchmarks.LibraryImport_RefByte_SuppressGC,PInvokeBench,FillBenchmarks,LibraryImport_RefByte_SuppressGC,ShortRun,Default,Default,Default,Default,Default,Default,Default,Default,Default,Default,Default,Default,Default,Default,Default,Default,Default,Default,Default,Default,Default,Default,Default,Default,Default,Default,Default,Default,Default,Default,Default,3,Default,1,Default,Default,Default,Default,Default,Default,Default,3,"ShortRun(IterationCount=3, LaunchCount=1, WarmupCount=3)",Size=16,1,Overhead,Warmup,9,278412300,134217728,2.07,0,0,0,0
FillBenchmarks.LibraryImport_RefByte_SuppressGC,PInvokeBench,FillBenchmarks,LibraryImport_RefByte_SuppressGC,ShortRun,Default,Default,Default,Default,Default,Default,Default,Default,Default,Default,Default,Default,Default,Default,Default,Default,Default,Default,Default,Default,Default,Default,Default,Default,Default,Default,Default,Default,Default,Default,Default,3,Default,1,Default,Default,Default,Default,Default,Default,Default,3,"ShortRun(IterationCount=3, LaunchCount=1, WarmupCount=3)",Size=16,1,Overhead,Warmup,10,262403700,134217728,1.96,0,0,0,0
FillBenchmarks.LibraryImport_RefByte_SuppressGC,PInvokeBench,FillBenchmarks,LibraryImport_RefByte_SuppressGC,ShortRun,Default,Default,Default,Default,Default,Default,Default,Default,Default,Default,Default,Default,Default,Default,Default,Default,Default,Default,Default,Default,Default,Default,Default,Default,Default,Default,Default,Default,Default,Default,Default,3,Default,1,Default,Default,Default,Default,Default,Default,Default,3,"ShortRun(IterationCount=3, LaunchCount=1, WarmupCount=3)",Size=16,1,Overhead,Actual,1,278009800,134217728,2.07,0,0,0,0
FillBenchmarks.LibraryImport_RefByte_SuppressGC,PInvokeBench,FillBenchmarks,LibraryImport_RefByte_SuppressGC,ShortRun,Default,Default,Default,Default,Default,Default,Default,Default,Default,Default,Default,Default,Default,Default,Default,Default,Default,Default,Default,Default,Default,Default,Default,Default,Default,Default,Default,Default,Default,Default,Default,3,Default,1,Default,Default,Default,Default,Default,Default,Default,3,"ShortRun(IterationCount=3, LaunchCount=1, WarmupCount=3)",Size=16,1,Overhead,Actual,2,279013200,134217728,2.08,0,0,0,0
FillBenchmarks.LibraryImport_RefByte_SuppressGC,PInvokeBench,FillBenchmarks,LibraryImport_RefByte_SuppressGC,ShortRun,Default,Default,Default,Default,Default,Default,Default,Default,Default,Default,Default,Default,Default,Default,Default,Default,Default,Default,Default,Default,Default,Default,Default,Default,Default,Default,Default,Default,Default,Default,Default,3,Default,1,Default,Default,Default,Default,Default,Default,Default,3,"ShortRun(IterationCount=3, LaunchCount=1, WarmupCount=3)",Size=16,1,Overhead,Actual,3,287035700,134217728,2.14,0,0,0,0
FillBenchmarks.LibraryImport_RefByte_SuppressGC,PInvokeBench,FillBenchmarks,LibraryImport_RefByte_SuppressGC,ShortRun,Default,Default,Default,Default,Default,Default,Default,Default,Default,Default,Default,Default,Default,Default,Default,Default,Default,Default,Default,Default,Default,Default,Default,Default,Default,Default,Default,Default,Default,Default,Default,3,Default,1,Default,Default,Default,Default,Default,Default,Default,3,"ShortRun(IterationCount=3, LaunchCount=1, WarmupCount=3)",Size=16,1,Overhead,Actual,4,277547600,134217728,2.07,0,0,0,0
FillBenchmarks.LibraryImport_RefByte_SuppressGC,PInvokeBench,FillBenchmarks,LibraryImport_RefByte_SuppressGC,ShortRun,Default,Default,Default,Default,Default,Default,Default,Default,Default,Default,Default,Default,Default,Default,Default,Default,Default,Default,Default,Default,Default,Default,Default,Default,Default,Default,Default,Default,Default,Default,Default,3,Default,1,Default,Default,Default,Default,Default,Default,Default,3,"ShortRun(IterationCount=3, LaunchCount=1, WarmupCount=3)",Size=16,1,Overhead,Actual,5,262219800,134217728,1.95,0,0,0,0
FillBenchmarks.LibraryImport_RefByte_SuppressGC,PInvokeBench,FillBenchmarks,LibraryImport_RefByte_SuppressGC,ShortRun,Default,Default,Default,Default,Default,Default,Default,Default,Default,Default,Default,Default,Default,Default,Default,Default,Default,Default,Default,Default,Default,Default,Default,Default,Default,Default,Default,Default,Default,Default,Default,3,Default,1,Default,Default,Default,Default,Default,Default,Default,3,"ShortRun(IterationCount=3, LaunchCount=1, WarmupCount=3)",Size=16,1,Overhead,Actual,6,284763500,134217728,2.12,0,0,0,0
FillBenchmarks.LibraryImport_RefByte_SuppressGC,PInvokeBench,FillBenchmarks,LibraryImport_RefByte_SuppressGC,ShortRun,Default,Default,Default,Default,Default,Default,Default,Default,Default,Default,Default,Default,Default,Default,Default,Default,Default,Default,Default,Default,Default,Default,Default,Default,Default,Default,Default,Default,Default,Default,Default,3,Default,1,Default,Default,Default,Default,Default,Default,Default,3,"ShortRun(IterationCount=3, LaunchCount=1, WarmupCount=3)",Size=16,1,Overhead,Actual,7,263039400,134217728,1.96,0,0,0,0
FillBenchmarks.LibraryImport_RefByte_SuppressGC,PInvokeBench,FillBenchmarks,LibraryImport_RefByte_SuppressGC,ShortRun,Default,Default,Default,Default,Default,Default,Default,Default,Default,Default,Default,Default,Default,Default,Default,Default,Default,Default,Default,Default,Default,Default,Default,Default,Default,Default,Default,Default,Default,Default,Default,3,Default,1,Default,Default,Default,Default,Default,Default,Default,3,"ShortRun(IterationCount=3, LaunchCount=1, WarmupCount=3)",Size=16,1,Overhead,Actual,8,262325900,134217728,1.95,0,0,0,0
FillBenchmarks.LibraryImport_RefByte_SuppressGC,PInvokeBench,FillBenchmarks,LibraryImport_RefByte_SuppressGC,ShortRun,Default,Default,Default,Default,Default,Default,Default,Default,Default,Default,Default,Default,Default,Default,Default,Default,Default,Default,Default,Default,Default,Default,Default,Default,Default,Default,Default,Default,Default,Default,Default,3,Default,1,Default,Default,Default,Default,Default,Default,Default,3,"ShortRun(IterationCount=3, LaunchCount=1, WarmupCount=3)",Size=16,1,Overhead,Actual,9,266358200,134217728,1.98,0,0,0,0
FillBenchmarks.LibraryImport_RefByte_SuppressGC,PInvokeBench,FillBenchmarks,LibraryImport_RefByte_SuppressGC,ShortRun,Default,Default,Default,Default,Default,Default,Default,Default,Default,Default,Default,Default,Default,Default,Default,Default,Default,Default,Default,Default,Default,Default,Default,Default,Default,Default,Default,Default,Default,Default,Default,3,Default,1,Default,Default,Default,Default,Default,Default,Default,3,"ShortRun(IterationCount=3, LaunchCount=1, WarmupCount=3)",Size=16,1,Overhead,Actual,10,285010100,134217728,2.12,0,0,0,0
FillBenchmarks.LibraryImport_RefByte_SuppressGC,PInvokeBench,FillBenchmarks,LibraryImport_RefByte_SuppressGC,ShortRun,Default,Default,Default,Default,Default,Default,Default,Default,Default,Default,Default,Default,Default,Default,Default,Default,Default,Default,Default,Default,Default,Default,Default,Default,Default,Default,Default,Default,Default,Default,Default,3,Default,1,Default,Default,Default,Default,Default,Default,Default,3,"ShortRun(IterationCount=3, LaunchCount=1, WarmupCount=3)",Size=16,1,Overhead,Actual,11,281025100,134217728,2.09,0,0,0,0
FillBenchmarks.LibraryImport_RefByte_SuppressGC,PInvokeBench,FillBenchmarks,LibraryImport_RefByte_SuppressGC,ShortRun,Default,Default,Default,Default,Default,Default,Default,Default,Default,Default,Default,Default,Default,Default,Default,Default,Default,Default,Default,Default,Default,Default,Default,Default,Default,Default,Default,Default,Default,Default,Default,3,Default,1,Default,Default,Default,Default,Default,Default,Default,3,"ShortRun(IterationCount=3, LaunchCount=1, WarmupCount=3)",Size=16,1,Overhead,Actual,12,263741700,134217728,1.97,0,0,0,0
FillBenchmarks.LibraryImport_RefByte_SuppressGC,PInvokeBench,FillBenchmarks,LibraryImport_RefByte_SuppressGC,ShortRun,Default,Default,Default,Default,Default,Default,Default,Default,Default,Default,Default,Default,Default,Default,Default,Default,Default,Default,Default,Default,Default,Default,Default,Default,Default,Default,Default,Default,Default,Default,Default,3,Default,1,Default,Default,Default,Default,Default,Default,Default,3,"ShortRun(IterationCount=3, LaunchCount=1, WarmupCount=3)",Size=16,1,Overhead,Actual,13,268334600,134217728,2,0,0,0,0
FillBenchmarks.LibraryImport_RefByte_SuppressGC,PInvokeBench,FillBenchmarks,LibraryImport_RefByte_SuppressGC,ShortRun,Default,Default,Default,Default,Default,Default,Default,Default,Default,Default,Default,Default,Default,Default,Default,Default,Default,Default,Default,Default,Default,Default,Default,Default,Default,Default,Default,Default,Default,Default,Default,3,Default,1,Default,Default,Default,Default,Default,Default,Default,3,"ShortRun(IterationCount=3, LaunchCount=1, WarmupCount=3)",Size=16,1,Overhead,Actual,14,344483700,134217728,2.57,0,0,0,0
FillBenchmarks.LibraryImport_RefByte_SuppressGC,PInvokeBench,FillBenchmarks,LibraryImport_RefByte_SuppressGC,ShortRun,Default,Default,Default,Default,Default,Default,Default,Default,Default,Default,Default,Default,Default,Default,Default,Default,Default,Default,Default,Default,Default,Default,Default,Default,Default,Default,Default,Default,Default,Default,Default,3,Default,1,Default,Default,Default,Default,Default,Default,Default,3,"ShortRun(IterationCount=3, LaunchCount=1, WarmupCount=3)",Size=16,1,Overhead,Actual,15,335952300,134217728,2.5,0,0,0,0
FillBenchmarks.LibraryImport_RefByte_SuppressGC,PInvokeBench,FillBenchmarks,LibraryImport_RefByte_SuppressGC,ShortRun,Default,Default,Default,Default,Default,Default,Default,Default,Default,Default,Default,Default,Default,Default,Default,Default,Default,Default,Default,Default,Default,Default,Default,Default,Default,Default,Default,Default,Default,Default,Default,3,Default,1,Default,Default,Default,Default,Default,Default,Default,3,"ShortRun(IterationCount=3, LaunchCount=1, WarmupCount=3)",Size=16,1,Workload,Warmup,1,988984200,134217728,7.37,0,0,0,0
FillBenchmarks.LibraryImport_RefByte_SuppressGC,PInvokeBench,FillBenchmarks,LibraryImport_RefByte_SuppressGC,ShortRun,Default,Default,Default,Default,Default,Default,Default,Default,Default,Default,Default,Default,Default,Default,Default,Default,Default,Default,Default,Default,Default,Default,Default,Default,Default,Default,Default,Default,Default,Default,Default,3,Default,1,Default,Default,Default,Default,Default,Default,Default,3,"ShortRun(IterationCount=3, LaunchCount=1, WarmupCount=3)",Size=16,1,Workload,Warmup,2,876820500,134217728,6.53,0,0,0,0
FillBenchmarks.LibraryImport_RefByte_SuppressGC,PInvokeBench,FillBenchmarks,LibraryImport_RefByte_SuppressGC,ShortRun,Default,Default,Default,Default,Default,Default,Default,Default,Default,Default,Default,Default,Default,Default,Default,Default,Default,Default,Default,Default,Default,Default,Default,Default,Default,Default,Default,Default,Default,Default,Default,3,Default,1,Default,Default,Default,Default,Default,Default,Default,3,"ShortRun(IterationCount=3, LaunchCount=1, WarmupCount=3)",Size=16,1,Workload,Warmup,3,745428200,134217728,5.55,0,0,0,0
FillBenchmarks.LibraryImport_RefByte_SuppressGC,PInvokeBench,FillBenchmarks,LibraryImport_RefByte_SuppressGC,ShortRun,Default,Default,Default,Default,Default,Default,Default,Default,Default,Default,Default,Default,Default,Default,Default,Default,Default,Default,Default,Default,Default,Default,Default,Default,Default,Default,Default,Default,Default,Default,Default,3,Default,1,Default,Default,Default,Default,Default,Default,Default,3,"ShortRun(IterationCount=3, LaunchCount=1, WarmupCount=3)",Size=16,1,Workload,Actual,1,995913200,134217728,7.42,0,0,0,0
FillBenchmarks.LibraryImport_RefByte_SuppressGC,PInvokeBench,FillBenchmarks,LibraryImport_RefByte_SuppressGC,ShortRun,Default,Default,Default,Default,Default,Default,Default,Default,Default,Default,Default,Default,Default,Default,Default,Default,Default,Default,Default,Default,Default,Default,Default,Default,Default,Default,Default,Default,Default,Default,Default,3,Default,1,Default,Default,Default,Default,Default,Default,Default,3,"ShortRun(IterationCount=3, LaunchCount=1, WarmupCount=3)",Size=16,1,Workload,Actual,2,974583200,134217728,7.26,0,0,0,0
FillBenchmarks.LibraryImport_RefByte_SuppressGC,PInvokeBench,FillBenchmarks,LibraryImport_RefByte_SuppressGC,ShortRun,Default,Default,Default,Default,Default,Default,Default,Default,Default,Default,Default,Default,Default,Default,Default,Default,Default,Default,Default,Default,Default,Default,Default,Default,Default,Default,Default,Default,Default,Default,Default,3,Default,1,Default,Default,Default,Default,Default,Default,Default,3,"ShortRun(IterationCount=3, LaunchCount=1, WarmupCount=3)",Size=16,1,Workload,Actual,3,956322500,134217728,7.13,0,0,0,0
FillBenchmarks.LibraryImport_RefByte_SuppressGC,PInvokeBench,FillBenchmarks,LibraryImport_RefByte_SuppressGC,ShortRun,Default,Default,Default,Default,Default,Default,Default,Default,Default,Default,Default,Default,Default,Default,Default,Default,Default,Default,Default,Default,Default,Default,Default,Default,Default,Default,Default,Default,Default,Default,Default,3,Default,1,Default,Default,Default,Default,Default,Default,Default,3,"ShortRun(IterationCount=3, LaunchCount=1, WarmupCount=3)",Size=16,1,Workload,Result,1,717903400,134217728,5.35,0,0,0,0
FillBenchmarks.LibraryImport_RefByte_SuppressGC,PInvokeBench,FillBenchmarks,LibraryImport_RefByte_SuppressGC,ShortRun,Default,Default,Default,Default,Default,Default,Default,Default,Default,Default,Default,Default,Default,Default,Default,Default,Default,Default,Default,Default,Default,Default,Default,Default,Default,Default,Default,Default,Default,Default,Default,3,Default,1,Default,Default,Default,Default,Default,Default,Default,3,"ShortRun(IterationCount=3, LaunchCount=1, WarmupCount=3)",Size=16,1,Workload,Result,2,696573400,134217728,5.19,0,0,0,0
FillBenchmarks.LibraryImport_RefByte_SuppressGC,PInvokeBench,FillBenchmarks,LibraryImport_RefByte_SuppressGC,ShortRun,Default,Default,Default,Default,Default,Default,Default,Default,Default,Default,Default,Default,Default,Default,Default,Default,Default,Default,Default,Default,Default,Default,Default,Default,Default,Default,Default,Default,Default,Default,Default,3,Default,1,Default,Default,Default,Default,Default,Default,Default,3,"ShortRun(IterationCount=3, LaunchCount=1, WarmupCount=3)",Size=16,1,Workload,Result,3,678312700,134217728,5.05,0,0,0,0
FillBenchmarks.DllImport_ByteArray,PInvokeBench,FillBenchmarks,DllImport_ByteArray,ShortRun,Default,Default,Default,Default,Default,Default,Default,Default,Default,Default,Default,Default,Default,Default,Default,Default,Default,Default,Default,Default,Default,Default,Default,Default,Default,Default,Default,Default,Default,Default,Default,3,Default,1,Default,Default,Default,Default,Default,Default,Default,3,"ShortRun(IterationCount=3, LaunchCount=1, WarmupCount=3)",Size=256,1,Overhead,Jitting,1,209600,1,209600,0,0,0,0
FillBenchmarks.DllImport_ByteArray,PInvokeBench,FillBenchmarks,DllImport_ByteArray,ShortRun,Default,Default,Default,Default,Default,Default,Default,Default,Default,Default,Default,Default,Default,Default,Default,Default,Default,Default,Default,Default,Default,Default,Default,Default,Default,Default,Default,Default,Default,Default,Default,3,Default,1,Default,Default,Default,Default,Default,Default,Default,3,"ShortRun(IterationCount=3, LaunchCount=1, WarmupCount=3)",Size=256,1,Workload,Jitting,1,694400,1,694400,0,0,0,0
FillBenchmarks.DllImport_ByteArray,PInvokeBench,FillBenchmarks,DllImport_ByteArray,ShortRun,Default,Default,Default,Default,Default,Default,Default,Default,Default,Default,Default,Default,Default,Default,Default,Default,Default,Default,Default,Default,Default,Default,Default,Default,Default,Default,Default,Default,Default,Default,Default,3,Default,1,Default,Default,Default,Default,Default,Default,Default,3,"ShortRun(IterationCount=3, LaunchCount=1, WarmupCount=3)",Size=256,1,Overhead,Jitting,2,332400,16,20775,0,0,0,0
FillBenchmarks.DllImport_ByteArray,PInvokeBench,FillBenchmarks,DllImport_ByteArray,ShortRun,Default,Default,Default,Default,Default,Default,Default,Default,Default,Default,Default,Default,Default,Default,Default,Default,Default,Default,Default,Default,Default,Default,Default,Default,Default,Default,Default,Default,Default,Default,Default,3,Default,1,Default,Default,Default,Default,Default,Default,Default,3,"ShortRun(IterationCount=3, LaunchCount=1, WarmupCount=3)",Size=256,1,Workload,Jitting,2,398400,16,24900,0,0,0,0
FillBenchmarks.DllImport_ByteArray,PInvokeBench,FillBenchmarks,DllImport_ByteArray,ShortRun,Default,Default,Default,Default,Default,Default,Default,Default,Default,Default,Default,Default,Default,Default,Default,Default,Default,Default,Default,Default,Default,Default,Default,Default,Default,Default,Default,Default,Default,Default,Default,3,Default,1,Default,Default,Default,Default,Default,Default,Default,3,"ShortRun(IterationCount=3, LaunchCount=1, WarmupCount=3)",Size=256,1,Workload,Pilot,1,1500,16,93.75,0,0,0,0
FillBenchmarks.DllImport_ByteArray,PInvokeBench,FillBenchmarks,DllImport_ByteArray,ShortRun,Default,Default,Default,Default,Default,Default,Default,Default,Default,Default,Default,Default,Default,Default,Default,Default,Default,Default,Default,Default,Default,Default,Default,Default,Default,Default,Default,Default,Default,Default,Default,3,Default,1,Default,Default,Default,Default,Default,Default,Default,3,"ShortRun(IterationCount=3, LaunchCount=1, WarmupCount=3)",Size=256,1,Workload,Pilot,2,2000,32,62.5,0,0,0,0
FillBenchmarks.DllImport_ByteArray,PInvokeBench,FillBenchmarks,DllImport_ByteArray,ShortRun,Default,Default,Default,Default,Default,Default,Default,Default,Default,Default,Default,Default,Default,Default,Default,Default,Default,Default,Default,Default,Default,Default,Default,Default,Default,Default,Default,Default,Default,Default,Default,3,Default,1,Default,Default,Default,Default,Default,Default,Default,3,"ShortRun(IterationCount=3, LaunchCount=1, WarmupCount=3)",Size=256,1,Workload,Pilot,3,3400,64,53.13,0,0,0,0
FillBenchmarks.DllImport_ByteArray,PInvokeBench,FillBenchmarks,DllImport_ByteArray,ShortRun,Default,Default,Default,Default,Default,Default,Default,Default,Default,Default,Default,Default,Default,Default,Default,Default,Default,Default,Default,Default,Default,Default,Default,Default,Default,Default,Default,Default,Default,Default,Default,3,Default,1,Default,Default,Default,Default,Default,Default,Default,3,"ShortRun(IterationCount=3, LaunchCount=1, WarmupCount=3)",Size=256,1,Workload,Pilot,4,6100,128,47.66,0,0,0,0
FillBenchmarks.DllImport_ByteArray,PInvokeBench,FillBenchmarks,DllImport_ByteArray,ShortRun,Default,Default,Default,Default,Default,Default,Default,Default,Default,Default,Default,Default,Default,Default,Default,Default,Default,Default,Default,Default,Default,Default,Default,Default,Default,Default,Default,Default,Default,Default,Default,3,Default,1,Default,Default,Default,Default,Default,Default,Default,3,"ShortRun(IterationCount=3, LaunchCount=1, WarmupCount=3)",Size=256,1,Workload,Pilot,5,12100,256,47.27,0,0,0,0
FillBenchmarks.DllImport_ByteArray,PInvokeBench,FillBenchmarks,DllImport_ByteArray,ShortRun,Default,Default,Default,Default,Default,Default,Default,Default,Default,Default,Default,Default,Default,Default,Default,Default,Default,Default,Default,Default,Default,Default,Default,Default,Default,Default,Default,Default,Default,Default,Default,3,Default,1,Default,Default,Default,Default,Default,Default,Default,3,"ShortRun(IterationCount=3, LaunchCount=1, WarmupCount=3)",Size=256,1,Workload,Pilot,6,27400,512,53.52,0,0,0,0
FillBenchmarks.DllImport_ByteArray,PInvokeBench,FillBenchmarks,DllImport_ByteArray,ShortRun,Default,Default,Default,Default,Default,Default,Default,Default,Default,Default,Default,Default,Default,Default,Default,Default,Default,Default,Default,Default,Default,Default,Default,Default,Default,Default,Default,Default,Default,Default,Default,3,Default,1,Default,Default,Default,Default,Default,Default,Default,3,"ShortRun(IterationCount=3, LaunchCount=1, WarmupCount=3)",Size=256,1,Workload,Pilot,7,46600,1024,45.51,0,0,0,0
FillBenchmarks.DllImport_ByteArray,PInvokeBench,FillBenchmarks,DllImport_ByteArray,ShortRun,Default,Default,Default,Default,Default,Default,Default,Default,Default,Default,Default,Default,Default,Default,Default,Default,Default,Default,Default,Default,Default,Default,Default,Default,Default,Default,Default,Default,Default,Default,Default,3,Default,1,Default,Default,Default,Default,Default,Default,Default,3,"ShortRun(IterationCount=3, LaunchCount=1, WarmupCount=3)",Size=256,1,Workload,Pilot,8,91600,2048,44.73,0,0,0,0
FillBenchmarks.DllImport_ByteArray,PInvokeBench,FillBenchmarks,DllImport_ByteArray,ShortRun,Default,Default,Default,Default,Default,Default,Default,Default,Default,Default,Default,Default,Default,Default,Default,Default,Default,Default,Default,Default,Default,Default,Default,Default,Default,Default,Default,Default,Default,Default,Default,3,Default,1,Default,Default,Default,Default,Default,Default,Default,3,"ShortRun(IterationCount=3, LaunchCount=1, WarmupCount=3)",Size=256,1,Workload,Pilot,9,222400,4096,54.3,0,0,0,0
FillBenchmarks.DllImport_ByteArray,PInvokeBench,FillBenchmarks,DllImport_ByteArray,ShortRun,Default,Default,Default,Default,Default,Default,Default,Default,Default,Default,Default,Default,Default,Default,Default,Default,Default,Default,Default,Default,Default,Default,Default,Default,Default,Default,Default,Default,Default,Default,Default,3,Default,1,Default,Default,Default,Default,Default,Default,Default,3,"ShortRun(IterationCount=3, LaunchCount=1, WarmupCount=3)",Size=256,1,Workload,Pilot,10,364200,8192,44.46,0,0,0,0
FillBenchmarks.DllImport_ByteArray,PInvokeBench,FillBenchmarks,DllImport_ByteArray,ShortRun,Default,Default,Default,Default,Default,Default,Default,Default,Default,Default,Default,Default,Default,Default,Default,Default,Default,Default,Default,Default,Default,Default,Default,Default,Default,Default,Default,Default,Default,Default,Default,3,Default,1,Default,Default,Default,Default,Default,Default,Default,3,"ShortRun(IterationCount=3, LaunchCount=1, WarmupCount=3)",Size=256,1,Workload,Pilot,11,736000,16384,44.92,0,0,0,0
FillBenchmarks.DllImport_ByteArray,PInvokeBench,FillBenchmarks,DllImport_ByteArray,ShortRun,Default,Default,Default,Default,Default,Default,Default,Default,Default,Default,Default,Default,Default,Default,Default,Default,Default,Default,Default,Default,Default,Default,Default,Default,Default,Default,Default,Default,Default,Default,Default,3,Default,1,Default,Default,Default,Default,Default,Default,Default,3,"ShortRun(IterationCount=3, LaunchCount=1, WarmupCount=3)",Size=256,1,Workload,Pilot,12,1501500,32768,45.82,0,0,0,0
FillBenchmarks.DllImport_ByteArray,PInvokeBench,FillBenchmarks,DllImport_ByteArray,ShortRun,Default,Default,Default,Default,Default,Default,Default,Default,Default,Default,Default,Default,Default,Default,Default,Default,Default,Default,Default,Default,Default,Default,Default,Default,Default,Default,Default,Default,Default,Default,Default,3,Default,1,Default,Default,Default,Default,Default,Default,Default,3,"ShortRun(IterationCount=3, LaunchCount=1, WarmupCount=3)",Size=256,1,Workload,Pilot,13,4970800,65536,75.85,0,0,0,0
FillBenchmarks.DllImport_ByteArray,PInvokeBench,FillBenchmarks,DllImport_ByteArray,ShortRun,Default,Default,Default,Default,Default,Default,Default,Default,Default,Default,Default,Default,Default,Default,Default,Default,Default,Default,Default,Default,Default,Default,Default,Default,Default,Default,Default,Default,Default,Default,Default,3,Default,1,Default,Default,Default,Default,Default,Default,Default,3,"ShortRun(IterationCount=3, LaunchCount=1, WarmupCount=3)",Size=256,1,Workload,Pilot,14,10427400,131072,79.55,0,0,0,0
FillBenchmarks.DllImport_ByteArray,PInvokeBench,FillBenchmarks,DllImport_ByteArray,ShortRun,Default,Default,Default,Default,Default,Default,Default,Default,Default,Default,Default,Default,Default,Default,Default,Default,Default,Default,Default,Default,Default,Default,Default,Default,Default,Default,Default,Default,Default,Default,Default,3,Default,1,Default,Default,Default,Default,Default,Default,Default,3,"ShortRun(IterationCount=3, LaunchCount=1, WarmupCount=3)",Size=256,1,Workload,Pilot,15,18256600,262144,69.64,0,0,0,0
FillBenchmarks.DllImport_ByteArray,PInvokeBench,FillBenchmarks,DllImport_ByteArray,ShortRun,Default,Default,Default,Default,Default,Default,Default,Default,Default,Default,Default,Default,Default,Default,Default,Default,Default,Default,Default,Default,Default,Default,Default,Default,Default,Default,Default,Default,Default,Default,Default,3,Default,1,Default,Default,Default,Default,Default,Default,Default,3,"ShortRun(IterationCount=3, LaunchCount=1, WarmupCount=3)",Size=256,1,Workload,Pilot,16,28960500,524288,55.24,0,0,0,0
FillBenchmarks.DllImport_ByteArray,PInvokeBench,FillBenchmarks,DllImport_ByteArray,ShortRun,Default,Default,Default,Default,Default,Default,Default,Default,Default,Default,Default,Default,Default,Default,Default,Default,Default,Default,Default,Default,Default,Default,Default,Default,Default,Default,Default,Default,Default,Default,Default,3,Default,1,Default,Default,Default,Default,Default,Default,Default,3,"ShortRun(IterationCount=3, LaunchCount=1, WarmupCount=3)",Size=256,1,Workload,Pilot,17,59561900,1048576,56.8,0,0,0,0
FillBenchmarks.DllImport_ByteArray,PInvokeBench,FillBenchmarks,DllImport_ByteArray,ShortRun,Default,Default,Default,Default,Default,Default,Default,Default,Default,Default,Default,Default,Default,Default,Default,Default,Default,Default,Default,Default,Default,Default,Default,Default,Default,Default,Default,Default,Default,Default,Default,3,Default,1,Default,Default,Default,Default,Default,Default,Default,3,"ShortRun(IterationCount=3, LaunchCount=1, WarmupCount=3)",Size=256,1,Workload,Pilot,18,114425700,2097152,54.56,0,0,0,0
FillBenchmarks.DllImport_ByteArray,PInvokeBench,FillBenchmarks,DllImport_ByteArray,ShortRun,Default,Default,Default,Default,Default,Default,Default,Default,Default,Default,Default,Default,Default,Default,Default,Default,Default,Default,Default,Default,Default,Default,Default,Default,Default,Default,Default,Default,Default,Default,Default,3,Default,1,Default,Default,Default,Default,Default,Default,Default,3,"ShortRun(IterationCount=3, LaunchCount=1, WarmupCount=3)",Size=256,1,Workload,Pilot,19,194913500,4194304,46.47,0,0,0,0
FillBenchmarks.DllImport_ByteArray,PInvokeBench,FillBenchmarks,DllImport_ByteArray,ShortRun,Default,Default,Default,Default,Default,Default,Default,Default,Default,Default,Default,Default,Default,Default,Default,Default,Default,Default,Default,Default,Default,Default,Default,Default,Default,Default,Default,Default,Default,Default,Default,3,Default,1,Default,Default,Default,Default,Default,Default,Default,3,"ShortRun(IterationCount=3, LaunchCount=1, WarmupCount=3)",Size=256,1,Workload,Pilot,20,396272100,8388608,47.24,0,0,0,0
FillBenchmarks.DllImport_ByteArray,PInvokeBench,FillBenchmarks,DllImport_ByteArray,ShortRun,Default,Default,Default,Default,Default,Default,Default,Default,Default,Default,Default,Default,Default,Default,Default,Default,Default,Default,Default,Default,Default,Default,Default,Default,Default,Default,Default,Default,Default,Default,Default,3,Default,1,Default,Default,Default,Default,Default,Default,Default,3,"ShortRun(IterationCount=3, LaunchCount=1, WarmupCount=3)",Size=256,1,Workload,Pilot,21,794584400,16777216,47.36,0,0,0,0
FillBenchmarks.DllImport_ByteArray,PInvokeBench,FillBenchmarks,DllImport_ByteArray,ShortRun,Default,Default,Default,Default,Default,Default,Default,Default,Default,Default,Default,Default,Default,Default,Default,Default,Default,Default,Default,Default,Default,Default,Default,Default,Default,Default,Default,Default,Default,Default,Default,3,Default,1,Default,Default,Default,Default,Default,Default,Default,3,"ShortRun(IterationCount=3, LaunchCount=1, WarmupCount=3)",Size=256,1,Overhead,Warmup,1,44843300,16777216,2.67,0,0,0,0
FillBenchmarks.DllImport_ByteArray,PInvokeBench,FillBenchmarks,DllImport_ByteArray,ShortRun,Default,Default,Default,Default,Default,Default,Default,Default,Default,Default,Default,Default,Default,Default,Default,Default,Default,Default,Default,Default,Default,Default,Default,Default,Default,Default,Default,Default,Default,Default,Default,3,Default,1,Default,Default,Default,Default,Default,Default,Default,3,"ShortRun(IterationCount=3, LaunchCount=1, WarmupCount=3)",Size=256,1,Overhead,Warmup,2,47924400,16777216,2.86,0,0,0,0
FillBenchmarks.DllImport_ByteArray,PInvokeBench,FillBenchmarks,DllImport_ByteArray,ShortRun,Default,Default,Default,Default,Default,Default,Default,Default,Default,Default,Default,Default,Default,Default,Default,Default,Default,Default,Default,Default,Default,Default,Default,Default,Default,Default,Default,Default,Default,Default,Default,3,Default,1,Default,Default,Default,Default,Default,Default,Default,3,"ShortRun(IterationCount=3, LaunchCount=1, WarmupCount=3)",Size=256,1,Overhead,Warmup,3,46049200,16777216,2.74,0,0,0,0
FillBenchmarks.DllImport_ByteArray,PInvokeBench,FillBenchmarks,DllImport_ByteArray,ShortRun,Default,Default,Default,Default,Default,Default,Default,Default,Default,Default,Default,Default,Default,Default,Default,Default,Default,Default,Default,Default,Default,Default,Default,Default,Default,Default,Default,Default,Default,Default,Default,3,Default,1,Default,Default,Default,Default,Default,Default,Default,3,"ShortRun(IterationCount=3, LaunchCount=1, WarmupCount=3)",Size=256,1,Overhead,Warmup,4,51443600,16777216,3.07,0,0,0,0
FillBenchmarks.DllImport_ByteArray,PInvokeBench,FillBenchmarks,DllImport_ByteArray,ShortRun,Default,Default,Default,Default,Default,Default,Default,Default,Default,Default,Default,Default,Default,Default,Default,Default,Default,Default,Default,Default,Default,Default,Default,Default,Default,Default,Default,Default,Default,Default,Default,3,Default,1,Default,Default,Default,Default,Default,Default,Default,3,"ShortRun(IterationCount=3, LaunchCount=1, WarmupCount=3)",Size=256,1,Overhead,Warmup,5,49278200,16777216,2.94,0,0,0,0
FillBenchmarks.DllImport_ByteArray,PInvokeBench,FillBenchmarks,DllImport_ByteArray,ShortRun,Default,Default,Default,Default,Default,Default,Default,Default,Default,Default,Default,Default,Default,Default,Default,Default,Default,Default,Default,Default,Default,Default,Default,Default,Default,Default,Default,Default,Default,Default,Default,3,Default,1,Default,Default,Default,Default,Default,Default,Default,3,"ShortRun(IterationCount=3, LaunchCount=1, WarmupCount=3)",Size=256,1,Overhead,Actual,1,47839500,16777216,2.85,0,0,0,0
FillBenchmarks.DllImport_ByteArray,PInvokeBench,FillBenchmarks,DllImport_ByteArray,ShortRun,Default,Default,Default,Default,Default,Default,Default,Default,Default,Default,Default,Default,Default,Default,Default,Default,Default,Default,Default,Default,Default,Default,Default,Default,Default,Default,Default,Default,Default,Default,Default,3,Default,1,Default,Default,Default,Default,Default,Default,Default,3,"ShortRun(IterationCount=3, LaunchCount=1, WarmupCount=3)",Size=256,1,Overhead,Actual,2,44505100,16777216,2.65,0,0,0,0
FillBenchmarks.DllImport_ByteArray,PInvokeBench,FillBenchmarks,DllImport_ByteArray,ShortRun,Default,Default,Default,Default,Default,Default,Default,Default,Default,Default,Default,Default,Default,Default,Default,Default,Default,Default,Default,Default,Default,Default,Default,Default,Default,Default,Default,Default,Default,Default,Default,3,Default,1,Default,Default,Default,Default,Default,Default,Default,3,"ShortRun(IterationCount=3, LaunchCount=1, WarmupCount=3)",Size=256,1,Overhead,Actual,3,43663700,16777216,2.6,0,0,0,0
FillBenchmarks.DllImport_ByteArray,PInvokeBench,FillBenchmarks,DllImport_ByteArray,ShortRun,Default,Default,Default,Default,Default,Default,Default,Default,Default,Default,Default,Default,Default,Default,Default,Default,Default,Default,Default,Default,Default,Default,Default,Default,Default,Default,Default,Default,Default,Default,Default,3,Default,1,Default,Default,Default,Default,Default,Default,Default,3,"ShortRun(IterationCount=3, LaunchCount=1, WarmupCount=3)",Size=256,1,Overhead,Actual,4,43694400,16777216,2.6,0,0,0,0
FillBenchmarks.DllImport_ByteArray,PInvokeBench,FillBenchmarks,DllImport_ByteArray,ShortRun,Default,Default,Default,Default,Default,Default,Default,Default,Default,Default,Default,Default,Default,Default,Default,Default,Default,Default,Default,Default,Default,Default,Default,Default,Default,Default,Default,Default,Default,Default,Default,3,Default,1,Default,Default,Default,Default,Default,Default,Default,3,"ShortRun(IterationCount=3, LaunchCount=1, WarmupCount=3)",Size=256,1,Overhead,Actual,5,46445000,16777216,2.77,0,0,0,0
FillBenchmarks.DllImport_ByteArray,PInvokeBench,FillBenchmarks,DllImport_ByteArray,ShortRun,Default,Default,Default,Default,Default,Default,Default,Default,Default,Default,Default,Default,Default,Default,Default,Default,Default,Default,Default,Default,Default,Default,Default,Default,Default,Default,Default,Default,Default,Default,Default,3,Default,1,Default,Default,Default,Default,Default,Default,Default,3,"ShortRun(IterationCount=3, LaunchCount=1, WarmupCount=3)",Size=256,1,Overhead,Actual,6,46733600,16777216,2.79,0,0,0,0
FillBenchmarks.DllImport_ByteArray,PInvokeBench,FillBenchmarks,DllImport_ByteArray,ShortRun,Default,Default,Default,Default,Default,Default,Default,Default,Default,Default,Default,Default,Default,Default,Default,Default,Default,Default,Default,Default,Default,Default,Default,Default,Default,Default,Default,Default,Default,Default,Default,3,Default,1,Default,Default,Default,Default,Default,Default,Default,3,"ShortRun(IterationCount=3, LaunchCount=1, WarmupCount=3)",Size=256,1,Overhead,Actual,7,43609300,16777216,2.6,0,0,0,0
FillBenchmarks.DllImport_ByteArray,PInvokeBench,FillBenchmarks,DllImport_ByteArray,ShortRun,Default,Default,Default,Default,Default,Default,Default,Default,Default,Default,Default,Default,Default,Default,Default,Default,Default,Default,Default,Default,Default,Default,Default,Default,Default,Default,Default,Default,Default,Default,Default,3,Default,1,Default,Default,Default,Default,Default,Default,Default,3,"ShortRun(IterationCount=3, LaunchCount=1, WarmupCount=3)",Size=256,1,Overhead,Actual,8,34430500,16777216,2.05,0,0,0,0
FillBenchmarks.DllImport_ByteArray,PInvokeBench,FillBenchmarks,DllImport_ByteArray,ShortRun,Default,Default,Default,Default,Default,Default,Default,Default,Default,Default,Default,Default,Default,Default,Default,Default,Default,Default,Default,Default,Default,Default,Default,Default,Default,Default,Default,Default,Default,Default,Default,3,Default,1,Default,Default,Default,Default,Default,Default,Default,3,"ShortRun(IterationCount=3, LaunchCount=1, WarmupCount=3)",Size=256,1,Overhead,Actual,9,34337000,16777216,2.05,0,0,0,0
FillBenchmarks.DllImport_ByteArray,PInvokeBench,FillBenchmarks,DllImport_ByteArray,ShortRun,Default,Default,Default,Default,Default,Default,Default,Default,Default,Default,Default,Default,Default,Default,Default,Default,Default,Default,Default,Default,Default,Default,Default,Default,Default,Default,Default,Default,Default,Default,Default,3,Default,1,Default,Default,Default,Default,Default,Default,Default,3,"ShortRun(IterationCount=3, LaunchCount=1, WarmupCount=3)",Size=256,1,Overhead,Actual,10,33884600,16777216,2.02,0,0,0,0
FillBenchmarks.DllImport_ByteArray,PInvokeBench,FillBenchmarks,DllImport_ByteArray,ShortRun,Default,Default,Default,Default,Default,Default,Default,Default,Default,Default,Default,Default,Default,Default,Default,Default,Default,Default,Default,Default,Default,Default,Default,Default,Default,Default,Default,Default,Default,Default,Default,3,Default,1,Default,Default,Default,Default,Default,Default,Default,3,"ShortRun(IterationCount=3, LaunchCount=1, WarmupCount=3)",Size=256,1,Overhead,Actual,11,33437700,16777216,1.99,0,0,0,0
FillBenchmarks.DllImport_ByteArray,PInvokeBench,FillBenchmarks,DllImport_ByteArray,ShortRun,Default,Default,Default,Default,Default,Default,Default,Default,Default,Default,Default,Default,Default,Default,Default,Default,Default,Default,Default,Default,Default,Default,Default,Default,Default,Default,Default,Default,Default,Default,Default,3,Default,1,Default,Default,Default,Default,Default,Default,Default,3,"ShortRun(IterationCount=3, LaunchCount=1, WarmupCount=3)",Size=256,1,Overhead,Actual,12,33401600,16777216,1.99,0,0,0,0
FillBenchmarks.DllImport_ByteArray,PInvokeBench,FillBenchmarks,DllImport_ByteArray,ShortRun,Default,Default,Default,Default,Default,Default,Default,Default,Default,Default,Default,Default,Default,Default,Default,Default,Default,Default,Default,Default,Default,Default,Default,Default,Default,Default,Default,Default,Default,Default,Default,3,Default,1,Default,Default,Default,Default,Default,Default,Default,3,"ShortRun(IterationCount=3, LaunchCount=1, WarmupCount=3)",Size=256,1,Overhead,Actual,13,36072100,16777216,2.15,0,0,0,0
FillBenchmarks.DllImport_ByteArray,PInvokeBench,FillBenchmarks,DllImport_ByteArray,ShortRun,Default,Default,Default,Default,Default,Default,Default,Default,Default,Default,Default,Default,Default,Default,Default,Default,Default,Default,Default,Default,Default,Default,Default,Default,Default,Default,Default,Default,Default,Default,Default,3,Default,1,Default,Default,Default,Default,Default,Default,Default,3,"ShortRun(IterationCount=3, LaunchCount=1, WarmupCount=3)",Size=256,1,Overhead,Actual,14,35583700,16777216,2.12,0,0,0,0
FillBenchmarks.DllImport_ByteArray,PInvokeBench,FillBenchmarks,DllImport_ByteArray,ShortRun,Default,Default,Default,Default,Default,Default,Default,Default,Default,Default,Default,Default,Default,Default,Default,Default,Default,Default,Default,Default,Default,Default,Default,Default,Default,Default,Default,Default,Default,Default,Default,3,Default,1,Default,Default,Default,Default,Default,Default,Default,3,"ShortRun(IterationCount=3, LaunchCount=1, WarmupCount=3)",Size=256,1,Overhead,Actual,15,34946300,16777216,2.08,0,0,0,0
FillBenchmarks.DllImport_ByteArray,PInvokeBench,FillBenchmarks,DllImport_ByteArray,ShortRun,Default,Default,Default,Default,Default,Default,Default,Default,Default,Default,Default,Default,Default,Default,Default,Default,Default,Default,Default,Default,Default,Default,Default,Default,Default,Default,Default,Default,Default,Default,Default,3,Default,1,Default,Default,Default,Default,Default,Default,Default,3,"ShortRun(IterationCount=3, LaunchCount=1, WarmupCount=3)",Size=256,1,Overhead,Actual,16,36631200,16777216,2.18,0,0,0,0
FillBenchmarks.DllImport_ByteArray,PInvokeBench,FillBenchmarks,DllImport_ByteArray,ShortRun,Default,Default,Default,Default,Default,Default,Default,Default,Default,Default,Default,Default,Default,Default,Default,Default,Default,Default,Default,Default,Default,Default,Default,Default,Default,Default,Default,Default,Default,Default,Default,3,Default,1,Default,Default,Default,Default,Default,Default,Default,3,"ShortRun(IterationCount=3, LaunchCount=1, WarmupCount=3)",Size=256,1,Overhead,Actual,17,36462100,16777216,2.17,0,0,0,0
FillBenchmarks.DllImport_ByteArray,PInvokeBench,FillBenchmarks,DllImport_ByteArray,ShortRun,Default,Default,Default,Default,Default,Default,Default,Default,Default,Default,Default,Default,Default,Default,Default,Default,Default,Default,Default,Default,Default,Default,Default,Default,Default,Default,Default,Default,Default,Default,Default,3,Default,1,Default,Default,Default,Default,Default,Default,Default,3,"ShortRun(IterationCount=3, LaunchCount=1, WarmupCount=3)",Size=256,1,Overhead,Actual,18,35421200,16777216,2.11,0,0,0,0
FillBenchmarks.DllImport_ByteArray,PInvokeBench,FillBenchmarks,DllImport_ByteArray,ShortRun,Default,Default,Default,Default,Default,Default,Default,Default,Default,Default,Default,Default,Default,Default,Default,Default,Default,Default,Default,Default,Default,Default,Default,Default,Default,Default,Default,Default,Default,Default,Default,3,Default,1,Default,Default,Default,Default,Default,Default,Default,3,"ShortRun(IterationCount=3, LaunchCount=1, WarmupCount=3)",Size=256,1,Overhead,Actual,19,35926200,16777216,2.14,0,0,0,0
FillBenchmarks.DllImport_ByteArray,PInvokeBench,FillBenchmarks,DllImport_ByteArray,ShortRun,Default,Default,Default,Default,Default,Default,Default,Default,Default,Default,Default,Default,Default,Default,Default,Default,Default,Default,Default,Default,Default,Default,Default,Default,Default,Default,Default,Default,Default,Default,Default,3,Default,1,Default,Default,Default,Default,Default,Default,Default,3,"ShortRun(IterationCount=3, LaunchCount=1, WarmupCount=3)",Size=256,1,Overhead,Actual,20,35191700,16777216,2.1,0,0,0,0
FillBenchmarks.DllImport_ByteArray,PInvokeBench,FillBenchmarks,DllImport_ByteArray,ShortRun,Default,Default,Default,Default,Default,Default,Default,Default,Default,Default,Default,Default,Default,Default,Default,Default,Default,Default,Default,Default,Default,Default,Default,Default,Default,Default,Default,Default,Default,Default,Default,3,Default,1,Default,Default,Default,Default,Default,Default,Default,3,"ShortRun(IterationCount=3, LaunchCount=1, WarmupCount=3)",Size=256,1,Workload,Warmup,1,787359400,16777216,46.93,0,0,0,0
FillBenchmarks.DllImport_ByteArray,PInvokeBench,FillBenchmarks,DllImport_ByteArray,ShortRun,Default,Default,Default,Default,Default,Default,Default,Default,Default,Default,Default,Default,Default,Default,Default,Default,Default,Default,Default,Default,Default,Default,Default,Default,Default,Default,Default,Default,Default,Default,Default,3,Default,1,Default,Default,Default,Default,Default,Default,Default,3,"ShortRun(IterationCount=3, LaunchCount=1, WarmupCount=3)",Size=256,1,Workload,Warmup,2,812977400,16777216,48.46,0,0,0,0
FillBenchmarks.DllImport_ByteArray,PInvokeBench,FillBenchmarks,DllImport_ByteArray,ShortRun,Default,Default,Default,Default,Default,Default,Default,Default,Default,Default,Default,Default,Default,Default,Default,Default,Default,Default,Default,Default,Default,Default,Default,Default,Default,Default,Default,Default,Default,Default,Default,3,Default,1,Default,Default,Default,Default,Default,Default,Default,3,"ShortRun(IterationCount=3, LaunchCount=1, WarmupCount=3)",Size=256,1,Workload,Warmup,3,773243600,16777216,46.09,0,0,0,0
FillBenchmarks.DllImport_ByteArray,PInvokeBench,FillBenchmarks,DllImport_ByteArray,ShortRun,Default,Default,Default,Default,Default,Default,Default,Default,Default,Default,Default,Default,Default,Default,Default,Default,Default,Default,Default,Default,Default,Default,Default,Default,Default,Default,Default,Default,Default,Default,Default,3,Default,1,Default,Default,Default,Default,Default,Default,Default,3,"ShortRun(IterationCount=3, LaunchCount=1, WarmupCount=3)",Size=256,1,Workload,Actual,1,761564300,16777216,45.39,0,0,0,0
FillBenchmarks.DllImport_ByteArray,PInvokeBench,FillBenchmarks,DllImport_ByteArray,ShortRun,Default,Default,Default,Default,Default,Default,Default,Default,Default,Default,Default,Default,Default,Default,Default,Default,Default,Default,Default,Default,Default,Default,Default,Default,Default,Default,Default,Default,Default,Default,Default,3,Default,1,Default,Default,Default,Default,Default,Default,Default,3,"ShortRun(IterationCount=3, LaunchCount=1, WarmupCount=3)",Size=256,1,Workload,Actual,2,677748300,16777216,40.4,0,0,0,0
FillBenchmarks.DllImport_ByteArray,PInvokeBench,FillBenchmarks,DllImport_ByteArray,ShortRun,Default,Default,Default,Default,Default,Default,Default,Default,Default,Default,Default,Default,Default,Default,Default,Default,Default,Default,Default,Default,Default,Default,Default,Default,Default,Default,Default,Default,Default,Default,Default,3,Default,1,Default,Default,Default,Default,Default,Default,Default,3,"ShortRun(IterationCount=3, LaunchCount=1, WarmupCount=3)",Size=256,1,Workload,Actual,3,689833300,16777216,41.12,0,0,0,0
FillBenchmarks.DllImport_ByteArray,PInvokeBench,FillBenchmarks,DllImport_ByteArray,ShortRun,Default,Default,Default,Default,Default,Default,Default,Default,Default,Default,Default,Default,Default,Default,Default,Default,Default,Default,Default,Default,Default,Default,Default,Default,Default,Default,Default,Default,Default,Default,Default,3,Default,1,Default,Default,Default,Default,Default,Default,Default,3,"ShortRun(IterationCount=3, LaunchCount=1, WarmupCount=3)",Size=256,1,Workload,Result,1,725565150,16777216,43.25,0,0,0,0
FillBenchmarks.DllImport_ByteArray,PInvokeBench,FillBenchmarks,DllImport_ByteArray,ShortRun,Default,Default,Default,Default,Default,Default,Default,Default,Default,Default,Default,Default,Default,Default,Default,Default,Default,Default,Default,Default,Default,Default,Default,Default,Default,Default,Default,Default,Default,Default,Default,3,Default,1,Default,Default,Default,Default,Default,Default,Default,3,"ShortRun(IterationCount=3, LaunchCount=1, WarmupCount=3)",Size=256,1,Workload,Result,2,641749150,16777216,38.25,0,0,0,0
FillBenchmarks.DllImport_ByteArray,PInvokeBench,FillBenchmarks,DllImport_ByteArray,ShortRun,Default,Default,Default,Default,Default,Default,Default,Default,Default,Default,Default,Default,Default,Default,Default,Default,Default,Default,Default,Default,Default,Default,Default,Default,Default,Default,Default,Default,Default,Default,Default,3,Default,1,Default,Default,Default,Default,Default,Default,Default,3,"ShortRun(IterationCount=3, LaunchCount=1, WarmupCount=3)",Size=256,1,Workload,Result,3,653834150,16777216,38.97,0,0,0,0
FillBenchmarks.DllImport_BytePointer,PInvokeBench,FillBenchmarks,DllImport_BytePointer,ShortRun,Default,Default,Default,Default,Default,Default,Default,Default,Default,Default,Default,Default,Default,Default,Default,Default,Default,Default,Default,Default,Default,Default,Default,Default,Default,Default,Default,Default,Default,Default,Default,3,Default,1,Default,Default,Default,Default,Default,Default,Default,3,"ShortRun(IterationCount=3, LaunchCount=1, WarmupCount=3)",Size=256,1,Overhead,Jitting,1,228700,1,228700,0,0,0,0
FillBenchmarks.DllImport_BytePointer,PInvokeBench,FillBenchmarks,DllImport_BytePointer,ShortRun,Default,Default,Default,Default,Default,Default,Default,Default,Default,Default,Default,Default,Default,Default,Default,Default,Default,Default,Default,Default,Default,Default,Default,Default,Default,Default,Default,Default,Default,Default,Default,3,Default,1,Default,Default,Default,Default,Default,Default,Default,3,"ShortRun(IterationCount=3, LaunchCount=1, WarmupCount=3)",Size=256,1,Workload,Jitting,1,510900,1,510900,0,0,0,0
FillBenchmarks.DllImport_BytePointer,PInvokeBench,FillBenchmarks,DllImport_BytePointer,ShortRun,Default,Default,Default,Default,Default,Default,Default,Default,Default,Default,Default,Default,Default,Default,Default,Default,Default,Default,Default,Default,Default,Default,Default,Default,Default,Default,Default,Default,Default,Default,Default,3,Default,1,Default,Default,Default,Default,Default,Default,Default,3,"ShortRun(IterationCount=3, LaunchCount=1, WarmupCount=3)",Size=256,1,Overhead,Jitting,2,292300,16,18268.75,0,0,0,0
FillBenchmarks.DllImport_BytePointer,PInvokeBench,FillBenchmarks,DllImport_BytePointer,ShortRun,Default,Default,Default,Default,Default,Default,Default,Default,Default,Default,Default,Default,Default,Default,Default,Default,Default,Default,Default,Default,Default,Default,Default,Default,Default,Default,Default,Default,Default,Default,Default,3,Default,1,Default,Default,Default,Default,Default,Default,Default,3,"ShortRun(IterationCount=3, LaunchCount=1, WarmupCount=3)",Size=256,1,Workload,Jitting,2,292700,16,18293.75,0,0,0,0
FillBenchmarks.DllImport_BytePointer,PInvokeBench,FillBenchmarks,DllImport_BytePointer,ShortRun,Default,Default,Default,Default,Default,Default,Default,Default,Default,Default,Default,Default,Default,Default,Default,Default,Default,Default,Default,Default,Default,Default,Default,Default,Default,Default,Default,Default,Default,Default,Default,3,Default,1,Default,Default,Default,Default,Default,Default,Default,3,"ShortRun(IterationCount=3, LaunchCount=1, WarmupCount=3)",Size=256,1,Workload,Pilot,1,1500,16,93.75,0,0,0,0
FillBenchmarks.DllImport_BytePointer,PInvokeBench,FillBenchmarks,DllImport_BytePointer,ShortRun,Default,Default,Default,Default,Default,Default,Default,Default,Default,Default,Default,Default,Default,Default,Default,Default,Default,Default,Default,Default,Default,Default,Default,Default,Default,Default,Default,Default,Default,Default,Default,3,Default,1,Default,Default,Default,Default,Default,Default,Default,3,"ShortRun(IterationCount=3, LaunchCount=1, WarmupCount=3)",Size=256,1,Workload,Pilot,2,2000,32,62.5,0,0,0,0
FillBenchmarks.DllImport_BytePointer,PInvokeBench,FillBenchmarks,DllImport_BytePointer,ShortRun,Default,Default,Default,Default,Default,Default,Default,Default,Default,Default,Default,Default,Default,Default,Default,Default,Default,Default,Default,Default,Default,Default,Default,Default,Default,Default,Default,Default,Default,Default,Default,3,Default,1,Default,Default,Default,Default,Default,Default,Default,3,"ShortRun(IterationCount=3, LaunchCount=1, WarmupCount=3)",Size=256,1,Workload,Pilot,3,3200,64,50,0,0,0,0
FillBenchmarks.DllImport_BytePointer,PInvokeBench,FillBenchmarks,DllImport_BytePointer,ShortRun,Default,Default,Default,Default,Default,Default,Default,Default,Default,Default,Default,Default,Default,Default,Default,Default,Default,Default,Default,Default,Default,Default,Default,Default,Default,Default,Default,Default,Default,Default,Default,3,Default,1,Default,Default,Default,Default,Default,Default,Default,3,"ShortRun(IterationCount=3, LaunchCount=1, WarmupCount=3)",Size=256,1,Workload,Pilot,4,6400,128,50,0,0,0,0
FillBenchmarks.DllImport_BytePointer,PInvokeBench,FillBenchmarks,DllImport_BytePointer,ShortRun,Default,Default,Default,Default,Default,Default,Default,Default,Default,Default,Default,Default,Default,Default,Default,Default,Default,Default,Default,Default,Default,Default,Default,Default,Default,Default,Default,Default,Default,Default,Default,3,Default,1,Default,Default,Default,Default,Default,Default,Default,3,"ShortRun(IterationCount=3, LaunchCount=1, WarmupCount=3)",Size=256,1,Workload,Pilot,5,13200,256,51.56,0,0,0,0
FillBenchmarks.DllImport_BytePointer,PInvokeBench,FillBenchmarks,DllImport_BytePointer,ShortRun,Default,Default,Default,Default,Default,Default,Default,Default,Default,Default,Default,Default,Default,Default,Default,Default,Default,Default,Default,Default,Default,Default,Default,Default,Default,Default,Default,Default,Default,Default,Default,3,Default,1,Default,Default,Default,Default,Default,Default,Default,3,"ShortRun(IterationCount=3, LaunchCount=1, WarmupCount=3)",Size=256,1,Workload,Pilot,6,25600,512,50,0,0,0,0
FillBenchmarks.DllImport_BytePointer,PInvokeBench,FillBenchmarks,DllImport_BytePointer,ShortRun,Default,Default,Default,Default,Default,Default,Default,Default,Default,Default,Default,Default,Default,Default,Default,Default,Default,Default,Default,Default,Default,Default,Default,Default,Default,Default,Default,Default,Default,Default,Default,3,Default,1,Default,Default,Default,Default,Default,Default,Default,3,"ShortRun(IterationCount=3, LaunchCount=1, WarmupCount=3)",Size=256,1,Workload,Pilot,7,44900,1024,43.85,0,0,0,0
FillBenchmarks.DllImport_BytePointer,PInvokeBench,FillBenchmarks,DllImport_BytePointer,ShortRun,Default,Default,Default,Default,Default,Default,Default,Default,Default,Default,Default,Default,Default,Default,Default,Default,Default,Default,Default,Default,Default,Default,Default,Default,Default,Default,Default,Default,Default,Default,Default,3,Default,1,Default,Default,Default,Default,Default,Default,Default,3,"ShortRun(IterationCount=3, LaunchCount=1, WarmupCount=3)",Size=256,1,Workload,Pilot,8,96500,2048,47.12,0,0,0,0
FillBenchmarks.DllImport_BytePointer,PInvokeBench,FillBenchmarks,DllImport_BytePointer,ShortRun,Default,Default,Default,Default,Default,Default,Default,Default,Default,Default,Default,Default,Default,Default,Default,Default,Default,Default,Default,Default,Default,Default,Default,Default,Default,Default,Default,Default,Default,Default,Default,3,Default,1,Default,Default,Default,Default,Default,Default,Default,3,"ShortRun(IterationCount=3, LaunchCount=1, WarmupCount=3)",Size=256,1,Workload,Pilot,9,180500,4096,44.07,0,0,0,0
FillBenchmarks.DllImport_BytePointer,PInvokeBench,FillBenchmarks,DllImport_BytePointer,ShortRun,Default,Default,Default,Default,Default,Default,Default,Default,Default,Default,Default,Default,Default,Default,Default,Default,Default,Default,Default,Default,Default,Default,Default,Default,Default,Default,Default,Default,Default,Default,Default,3,Default,1,Default,Default,Default,Default,Default,Default,Default,3,"ShortRun(IterationCount=3, LaunchCount=1, WarmupCount=3)",Size=256,1,Workload,Pilot,10,345800,8192,42.21,0,0,0,0
FillBenchmarks.DllImport_BytePointer,PInvokeBench,FillBenchmarks,DllImport_BytePointer,ShortRun,Default,Default,Default,Default,Default,Default,Default,Default,Default,Default,Default,Default,Default,Default,Default,Default,Default,Default,Default,Default,Default,Default,Default,Default,Default,Default,Default,Default,Default,Default,Default,3,Default,1,Default,Default,Default,Default,Default,Default,Default,3,"ShortRun(IterationCount=3, LaunchCount=1, WarmupCount=3)",Size=256,1,Workload,Pilot,11,775600,16384,47.34,0,0,0,0
FillBenchmarks.DllImport_BytePointer,PInvokeBench,FillBenchmarks,DllImport_BytePointer,ShortRun,Default,Default,Default,Default,Default,Default,Default,Default,Default,Default,Default,Default,Default,Default,Default,Default,Default,Default,Default,Default,Default,Default,Default,Default,Default,Default,Default,Default,Default,Default,Default,3,Default,1,Default,Default,Default,Default,Default,Default,Default,3,"ShortRun(IterationCount=3, LaunchCount=1, WarmupCount=3)",Size=256,1,Workload,Pilot,12,1615400,32768,49.3,0,0,0,0
FillBenchmarks.DllImport_BytePointer,PInvokeBench,FillBenchmarks,DllImport_BytePointer,ShortRun,Default,Default,Default,Default,Default,Default,Default,Default,Default,Default,Default,Default,Default,Default,Default,Default,Default,Default,Default,Default,Default,Default,Default,Default,Default,Default,Default,Default,Default,Default,Default,3,Default,1,Default,Default,Default,Default,Default,Default,Default,3,"ShortRun(IterationCount=3, LaunchCount=1, WarmupCount=3)",Size=256,1,Workload,Pilot,13,3346500,65536,51.06,0,0,0,0
FillBenchmarks.DllImport_BytePointer,PInvokeBench,FillBenchmarks,DllImport_BytePointer,ShortRun,Default,Default,Default,Default,Default,Default,Default,Default,Default,Default,Default,Default,Default,Default,Default,Default,Default,Default,Default,Default,Default,Default,Default,Default,Default,Default,Default,Default,Default,Default,Default,3,Default,1,Default,Default,Default,Default,Default,Default,Default,3,"ShortRun(IterationCount=3, LaunchCount=1, WarmupCount=3)",Size=256,1,Workload,Pilot,14,5960900,131072,45.48,0,0,0,0
FillBenchmarks.DllImport_BytePointer,PInvokeBench,FillBenchmarks,DllImport_BytePointer,ShortRun,Default,Default,Default,Default,Default,Default,Default,Default,Default,Default,Default,Default,Default,Default,Default,Default,Default,Default,Default,Default,Default,Default,Default,Default,Default,Default,Default,Default,Default,Default,Default,3,Default,1,Default,Default,Default,Default,Default,Default,Default,3,"ShortRun(IterationCount=3, LaunchCount=1, WarmupCount=3)",Size=256,1,Workload,Pilot,15,12377800,262144,47.22,0,0,0,0
FillBenchmarks.DllImport_BytePointer,PInvokeBench,FillBenchmarks,DllImport_BytePointer,ShortRun,Default,Default,Default,Default,Default,Default,Default,Default,Default,Default,Default,Default,Default,Default,Default,Default,Default,Default,Default,Default,Default,Default,Default,Default,Default,Default,Default,Default,Default,Default,Default,3,Default,1,Default,Default,Default,Default,Default,Default,Default,3,"ShortRun(IterationCount=3, LaunchCount=1, WarmupCount=3)",Size=256,1,Workload,Pilot,16,25922700,524288,49.44,0,0,0,0
FillBenchmarks.DllImport_BytePointer,PInvokeBench,FillBenchmarks,DllImport_BytePointer,ShortRun,Default,Default,Default,Default,Default,Default,Default,Default,Default,Default,Default,Default,Default,Default,Default,Default,Default,Default,Default,Default,Default,Default,Default,Default,Default,Default,Default,Default,Default,Default,Default,3,Default,1,Default,Default,Default,Default,Default,Default,Default,3,"ShortRun(IterationCount=3, LaunchCount=1, WarmupCount=3)",Size=256,1,Workload,Pilot,17,50458600,1048576,48.12,0,0,0,0
FillBenchmarks.DllImport_BytePointer,PInvokeBench,FillBenchmarks,DllImport_BytePointer,ShortRun,Default,Default,Default,Default,Default,Default,Default,Default,Default,Default,Default,Default,Default,Default,Default,Default,Default,Default,Default,Default,Default,Default,Default,Default,Default,Default,Default,Default,Default,Default,Default,3,Default,1,Default,Default,Default,Default,Default,Default,Default,3,"ShortRun(IterationCount=3, LaunchCount=1, WarmupCount=3)",Size=256,1,Workload,Pilot,18,91713000,2097152,43.73,0,0,0,0
FillBenchmarks.DllImport_BytePointer,PInvokeBench,FillBenchmarks,DllImport_BytePointer,ShortRun,Default,Default,Default,Default,Default,Default,Default,Default,Default,Default,Default,Default,Default,Default,Default,Default,Default,Default,Default,Default,Default,Default,Default,Default,Default,Default,Default,Default,Default,Default,Default,3,Default,1,Default,Default,Default,Default,Default,Default,Default,3,"ShortRun(IterationCount=3, LaunchCount=1, WarmupCount=3)",Size=256,1,Workload,Pilot,19,186364700,4194304,44.43,0,0,0,0
FillBenchmarks.DllImport_BytePointer,PInvokeBench,FillBenchmarks,DllImport_BytePointer,ShortRun,Default,Default,Default,Default,Default,Default,Default,Default,Default,Default,Default,Default,Default,Default,Default,Default,Default,Default,Default,Default,Default,Default,Default,Default,Default,Default,Default,Default,Default,Default,Default,3,Default,1,Default,Default,Default,Default,Default,Default,Default,3,"ShortRun(IterationCount=3, LaunchCount=1, WarmupCount=3)",Size=256,1,Workload,Pilot,20,348853700,8388608,41.59,0,0,0,0
FillBenchmarks.DllImport_BytePointer,PInvokeBench,FillBenchmarks,DllImport_BytePointer,ShortRun,Default,Default,Default,Default,Default,Default,Default,Default,Default,Default,Default,Default,Default,Default,Default,Default,Default,Default,Default,Default,Default,Default,Default,Default,Default,Default,Default,Default,Default,Default,Default,3,Default,1,Default,Default,Default,Default,Default,Default,Default,3,"ShortRun(IterationCount=3, LaunchCount=1, WarmupCount=3)",Size=256,1,Workload,Pilot,21,676776300,16777216,40.34,0,0,0,0
FillBenchmarks.DllImport_BytePointer,PInvokeBench,FillBenchmarks,DllImport_BytePointer,ShortRun,Default,Default,Default,Default,Default,Default,Default,Default,Default,Default,Default,Default,Default,Default,Default,Default,Default,Default,Default,Default,Default,Default,Default,Default,Default,Default,Default,Default,Default,Default,Default,3,Default,1,Default,Default,Default,Default,Default,Default,Default,3,"ShortRun(IterationCount=3, LaunchCount=1, WarmupCount=3)",Size=256,1,Overhead,Warmup,1,38691600,16777216,2.31,0,0,0,0
FillBenchmarks.DllImport_BytePointer,PInvokeBench,FillBenchmarks,DllImport_BytePointer,ShortRun,Default,Default,Default,Default,Default,Default,Default,Default,Default,Default,Default,Default,Default,Default,Default,Default,Default,Default,Default,Default,Default,Default,Default,Default,Default,Default,Default,Default,Default,Default,Default,3,Default,1,Default,Default,Default,Default,Default,Default,Default,3,"ShortRun(IterationCount=3, LaunchCount=1, WarmupCount=3)",Size=256,1,Overhead,Warmup,2,39112100,16777216,2.33,0,0,0,0
FillBenchmarks.DllImport_BytePointer,PInvokeBench,FillBenchmarks,DllImport_BytePointer,ShortRun,Default,Default,Default,Default,Default,Default,Default,Default,Default,Default,Default,Default,Default,Default,Default,Default,Default,Default,Default,Default,Default,Default,Default,Default,Default,Default,Default,Default,Default,Default,Default,3,Default,1,Default,Default,Default,Default,Default,Default,Default,3,"ShortRun(IterationCount=3, LaunchCount=1, WarmupCount=3)",Size=256,1,Overhead,Warmup,3,39489800,16777216,2.35,0,0,0,0
FillBenchmarks.DllImport_BytePointer,PInvokeBench,FillBenchmarks,DllImport_BytePointer,ShortRun,Default,Default,Default,Default,Default,Default,Default,Default,Default,Default,Default,Default,Default,Default,Default,Default,Default,Default,Default,Default,Default,Default,Default,Default,Default,Default,Default,Default,Default,Default,Default,3,Default,1,Default,Default,Default,Default,Default,Default,Default,3,"ShortRun(IterationCount=3, LaunchCount=1, WarmupCount=3)",Size=256,1,Overhead,Warmup,4,39117500,16777216,2.33,0,0,0,0
FillBenchmarks.DllImport_BytePointer,PInvokeBench,FillBenchmarks,DllImport_BytePointer,ShortRun,Default,Default,Default,Default,Default,Default,Default,Default,Default,Default,Default,Default,Default,Default,Default,Default,Default,Default,Default,Default,Default,Default,Default,Default,Default,Default,Default,Default,Default,Default,Default,3,Default,1,Default,Default,Default,Default,Default,Default,Default,3,"ShortRun(IterationCount=3, LaunchCount=1, WarmupCount=3)",Size=256,1,Overhead,Warmup,5,39097800,16777216,2.33,0,0,0,0
FillBenchmarks.DllImport_BytePointer,PInvokeBench,FillBenchmarks,DllImport_BytePointer,ShortRun,Default,Default,Default,Default,Default,Default,Default,Default,Default,Default,Default,Default,Default,Default,Default,Default,Default,Default,Default,Default,Default,Default,Default,Default,Default,Default,Default,Default,Default,Default,Default,3,Default,1,Default,Default,Default,Default,Default,Default,Default,3,"ShortRun(IterationCount=3, LaunchCount=1, WarmupCount=3)",Size=256,1,Overhead,Warmup,6,40684400,16777216,2.42,0,0,0,0
FillBenchmarks.DllImport_BytePointer,PInvokeBench,FillBenchmarks,DllImport_BytePointer,ShortRun,Default,Default,Default,Default,Default,Default,Default,Default,Default,Default,Default,Default,Default,Default,Default,Default,Default,Default,Default,Default,Default,Default,Default,Default,Default,Default,Default,Default,Default,Default,Default,3,Default,1,Default,Default,Default,Default,Default,Default,Default,3,"ShortRun(IterationCount=3, LaunchCount=1, WarmupCount=3)",Size=256,1,Overhead,Warmup,7,40135300,16777216,2.39,0,0,0,0
FillBenchmarks.DllImport_BytePointer,PInvokeBench,FillBenchmarks,DllImport_BytePointer,ShortRun,Default,Default,Default,Default,Default,Default,Default,Default,Default,Default,Default,Default,Default,Default,Default,Default,Default,Default,Default,Default,Default,Default,Default,Default,Default,Default,Default,Default,Default,Default,Default,3,Default,1,Default,Default,Default,Default,Default,Default,Default,3,"ShortRun(IterationCount=3, LaunchCount=1, WarmupCount=3)",Size=256,1,Overhead,Actual,1,44167900,16777216,2.63,0,0,0,0
FillBenchmarks.DllImport_BytePointer,PInvokeBench,FillBenchmarks,DllImport_BytePointer,ShortRun,Default,Default,Default,Default,Default,Default,Default,Default,Default,Default,Default,Default,Default,Default,Default,Default,Default,Default,Default,Default,Default,Default,Default,Default,Default,Default,Default,Default,Default,Default,Default,3,Default,1,Default,Default,Default,Default,Default,Default,Default,3,"ShortRun(IterationCount=3, LaunchCount=1, WarmupCount=3)",Size=256,1,Overhead,Actual,2,43008300,16777216,2.56,0,0,0,0
FillBenchmarks.DllImport_BytePointer,PInvokeBench,FillBenchmarks,DllImport_BytePointer,ShortRun,Default,Default,Default,Default,Default,Default,Default,Default,Default,Default,Default,Default,Default,Default,Default,Default,Default,Default,Default,Default,Default,Default,Default,Default,Default,Default,Default,Default,Default,Default,Default,3,Default,1,Default,Default,Default,Default,Default,Default,Default,3,"ShortRun(IterationCount=3, LaunchCount=1, WarmupCount=3)",Size=256,1,Overhead,Actual,3,45496700,16777216,2.71,0,0,0,0
FillBenchmarks.DllImport_BytePointer,PInvokeBench,FillBenchmarks,DllImport_BytePointer,ShortRun,Default,Default,Default,Default,Default,Default,Default,Default,Default,Default,Default,Default,Default,Default,Default,Default,Default,Default,Default,Default,Default,Default,Default,Default,Default,Default,Default,Default,Default,Default,Default,3,Default,1,Default,Default,Default,Default,Default,Default,Default,3,"ShortRun(IterationCount=3, LaunchCount=1, WarmupCount=3)",Size=256,1,Overhead,Actual,4,40165700,16777216,2.39,0,0,0,0
FillBenchmarks.DllImport_BytePointer,PInvokeBench,FillBenchmarks,DllImport_BytePointer,ShortRun,Default,Default,Default,Default,Default,Default,Default,Default,Default,Default,Default,Default,Default,Default,Default,Default,Default,Default,Default,Default,Default,Default,Default,Default,Default,Default,Default,Default,Default,Default,Default,3,Default,1,Default,Default,Default,Default,Default,Default,Default,3,"ShortRun(IterationCount=3, LaunchCount=1, WarmupCount=3)",Size=256,1,Overhead,Actual,5,40101300,16777216,2.39,0,0,0,0
FillBenchmarks.DllImport_BytePointer,PInvokeBench,FillBenchmarks,DllImport_BytePointer,ShortRun,Default,Default,Default,Default,Default,Default,Default,Default,Default,Default,Default,Default,Default,Default,Default,Default,Default,Default,Default,Default,Default,Default,Default,Default,Default,Default,Default,Default,Default,Default,Default,3,Default,1,Default,Default,Default,Default,Default,Default,Default,3,"ShortRun(IterationCount=3, LaunchCount=1, WarmupCount=3)",Size=256,1,Overhead,Actual,6,40116100,16777216,2.39,0,0,0,0
FillBenchmarks.DllImport_BytePointer,PInvokeBench,FillBenchmarks,DllImport_BytePointer,ShortRun,Default,Default,Default,Default,Default,Default,Default,Default,Default,Default,Default,Default,Default,Default,Default,Default,Default,Default,Default,Default,Default,Default,Default,Default,Default,Default,Default,Default,Default,Default,Default,3,Default,1,Default,Default,Default,Default,Default,Default,Default,3,"ShortRun(IterationCount=3, LaunchCount=1, WarmupCount=3)",Size=256,1,Overhead,Actual,7,40218700,16777216,2.4,0,0,0,0
FillBenchmarks.DllImport_BytePointer,PInvokeBench,FillBenchmarks,DllImport_BytePointer,ShortRun,Default,Default,Default,Default,Default,Default,Default,Default,Default,Default,Default,Default,Default,Default,Default,Default,Default,Default,Default,Default,Default,Default,Default,Default,Default,Default,Default,Default,Default,Default,Default,3,Default,1,Default,Default,Default,Default,Default,Default,Default,3,"ShortRun(IterationCount=3, LaunchCount=1, WarmupCount=3)",Size=256,1,Overhead,Actual,8,40146600,16777216,2.39,0,0,0,0
FillBenchmarks.DllImport_BytePointer,PInvokeBench,FillBenchmarks,DllImport_BytePointer,ShortRun,Default,Default,Default,Default,Default,Default,Default,Default,Default,Default,Default,Default,Default,Default,Default,Default,Default,Default,Default,Default,Default,Default,Default,Default,Default,Default,Default,Default,Default,Default,Default,3,Default,1,Default,Default,Default,Default,Default,Default,Default,3,"ShortRun(IterationCount=3, LaunchCount=1, WarmupCount=3)",Size=256,1,Overhead,Actual,9,40339400,16777216,2.4,0,0,0,0
FillBenchmarks.DllImport_BytePointer,PInvokeBench,FillBenchmarks,DllImport_BytePointer,ShortRun,Default,Default,Default,Default,Default,Default,Default,Default,Default,Default,Default,Default,Default,Default,Default,Default,Default,Default,Default,Default,Default,Default,Default,Default,Default,Default,Default,Default,Default,Default,Default,3,Default,1,Default,Default,Default,Default,Default,Default,Default,3,"ShortRun(IterationCount=3, LaunchCount=1, WarmupCount=3)",Size=256,1,Overhead,Actual,10,32405000,16777216,1.93,0,0,0,0
FillBenchmarks.DllImport_BytePointer,PInvokeBench,FillBenchmarks,DllImport_BytePointer,ShortRun,Default,Default,Default,Default,Default,Default,Default,Default,Default,Default,Default,Default,Default,Default,Default,Default,Default,Default,Default,Default,Default,Default,Default,Default,Default,Default,Default,Default,Default,Default,Default,3,Default,1,Default,Default,Default,Default,Default,Default,Default,3,"ShortRun(IterationCount=3, LaunchCount=1, WarmupCount=3)",Size=256,1,Overhead,Actual,11,32431600,16777216,1.93,0,0,0,0
FillBenchmarks.DllImport_BytePointer,PInvokeBench,FillBenchmarks,DllImport_BytePointer,ShortRun,Default,Default,Default,Default,Default,Default,Default,Default,Default,Default,Default,Default,Default,Default,Default,Default,Default,Default,Default,Default,Default,Default,Default,Default,Default,Default,Default,Default,Default,Default,Default,3,Default,1,Default,Default,Default,Default,Default,Default,Default,3,"ShortRun(IterationCount=3, LaunchCount=1, WarmupCount=3)",Size=256,1,Overhead,Actual,12,32436700,16777216,1.93,0,0,0,0
FillBenchmarks.DllImport_BytePointer,PInvokeBench,FillBenchmarks,DllImport_BytePointer,ShortRun,Default,Default,Default,Default,Default,Default,Default,Default,Default,Default,Default,Default,Default,Default,Default,Default,Default,Default,Default,Default,Default,Default,Default,Default,Default,Default,Default,Default,Default,Default,Default,3,Default,1,Default,Default,Default,Default,Default,Default,Default,3,"ShortRun(IterationCount=3, LaunchCount=1, WarmupCount=3)",Size=256,1,Overhead,Actual,13,32494400,16777216,1.94,0,0,0,0
FillBenchmarks.DllImport_BytePointer,PInvokeBench,FillBenchmarks,DllImport_BytePointer,ShortRun,Default,Default,Default,Default,Default,Default,Default,Default,Default,Default,Default,Default,Default,Default,Default,Default,Default,Default,Default,Default,Default,Default,Default,Default,Default,Default,Default,Default,Default,Default,Default,3,Default,1,Default,Default,Default,Default,Default,Default,Default,3,"ShortRun(IterationCount=3, LaunchCount=1, WarmupCount=3)",Size=256,1,Overhead,Actual,14,32408700,16777216,1.93,0,0,0,0
FillBenchmarks.DllImport_BytePointer,PInvokeBench,FillBenchmarks,DllImport_BytePointer,ShortRun,Default,Default,Default,Default,Default,Default,Default,Default,Default,Default,Default,Default,Default,Default,Default,Default,Default,Default,Default,Default,Default,Default,Default,Default,Default,Default,Default,Default,Default,Default,Default,3,Default,1,Default,Default,Default,Default,Default,Default,Default,3,"ShortRun(IterationCount=3, LaunchCount=1, WarmupCount=3)",Size=256,1,Overhead,Actual,15,32440600,16777216,1.93,0,0,0,0
FillBenchmarks.DllImport_BytePointer,PInvokeBench,FillBenchmarks,DllImport_BytePointer,ShortRun,Default,Default,Default,Default,Default,Default,Default,Default,Default,Default,Default,Default,Default,Default,Default,Default,Default,Default,Default,Default,Default,Default,Default,Default,Default,Default,Default,Default,Default,Default,Default,3,Default,1,Default,Default,Default,Default,Default,Default,Default,3,"ShortRun(IterationCount=3, LaunchCount=1, WarmupCount=3)",Size=256,1,Overhead,Actual,16,32402000,16777216,1.93,0,0,0,0
FillBenchmarks.DllImport_BytePointer,PInvokeBench,FillBenchmarks,DllImport_BytePointer,ShortRun,Default,Default,Default,Default,Default,Default,Default,Default,Default,Default,Default,Default,Default,Default,Default,Default,Default,Default,Default,Default,Default,Default,Default,Default,Default,Default,Default,Default,Default,Default,Default,3,Default,1,Default,Default,Default,Default,Default,Default,Default,3,"ShortRun(IterationCount=3, LaunchCount=1, WarmupCount=3)",Size=256,1,Overhead,Actual,17,31694600,16777216,1.89,0,0,0,0
FillBenchmarks.DllImport_BytePointer,PInvokeBench,FillBenchmarks,DllImport_BytePointer,ShortRun,Default,Default,Default,Default,Default,Default,Default,Default,Default,Default,Default,Default,Default,Default,Default,Default,Default,Default,Default,Default,Default,Default,Default,Default,Default,Default,Default,Default,Default,Default,Default,3,Default,1,Default,Default,Default,Default,Default,Default,Default,3,"ShortRun(IterationCount=3, LaunchCount=1, WarmupCount=3)",Size=256,1,Overhead,Actual,18,36127600,16777216,2.15,0,0,0,0
FillBenchmarks.DllImport_BytePointer,PInvokeBench,FillBenchmarks,DllImport_BytePointer,ShortRun,Default,Default,Default,Default,Default,Default,Default,Default,Default,Default,Default,Default,Default,Default,Default,Default,Default,Default,Default,Default,Default,Default,Default,Default,Default,Default,Default,Default,Default,Default,Default,3,Default,1,Default,Default,Default,Default,Default,Default,Default,3,"ShortRun(IterationCount=3, LaunchCount=1, WarmupCount=3)",Size=256,1,Overhead,Actual,19,37046700,16777216,2.21,0,0,0,0
FillBenchmarks.DllImport_BytePointer,PInvokeBench,FillBenchmarks,DllImport_BytePointer,ShortRun,Default,Default,Default,Default,Default,Default,Default,Default,Default,Default,Default,Default,Default,Default,Default,Default,Default,Default,Default,Default,Default,Default,Default,Default,Default,Default,Default,Default,Default,Default,Default,3,Default,1,Default,Default,Default,Default,Default,Default,Default,3,"ShortRun(IterationCount=3, LaunchCount=1, WarmupCount=3)",Size=256,1,Overhead,Actual,20,37727000,16777216,2.25,0,0,0,0
FillBenchmarks.DllImport_BytePointer,PInvokeBench,FillBenchmarks,DllImport_BytePointer,ShortRun,Default,Default,Default,Default,Default,Default,Default,Default,Default,Default,Default,Default,Default,Default,Default,Default,Default,Default,Default,Default,Default,Default,Default,Default,Default,Default,Default,Default,Default,Default,Default,3,Default,1,Default,Default,Default,Default,Default,Default,Default,3,"ShortRun(IterationCount=3, LaunchCount=1, WarmupCount=3)",Size=256,1,Workload,Warmup,1,833863200,16777216,49.7,0,0,0,0
FillBenchmarks.DllImport_BytePointer,PInvokeBench,FillBenchmarks,DllImport_BytePointer,ShortRun,Default,Default,Default,Default,Default,Default,Default,Default,Default,Default,Default,Default,Default,Default,Default,Default,Default,Default,Default,Default,Default,Default,Default,Default,Default,Default,Default,Default,Default,Default,Default,3,Default,1,Default,Default,Default,Default,Default,Default,Default,3,"ShortRun(IterationCount=3, LaunchCount=1, WarmupCount=3)",Size=256,1,Workload,Warmup,2,660687100,16777216,39.38,0,0,0,0
FillBenchmarks.DllImport_BytePointer,PInvokeBench,FillBenchmarks,DllImport_BytePointer,ShortRun,Default,Default,Default,Default,Default,Default,Default,Default,Default,Default,Default,Default,Default,Default,Default,Default,Default,Default,Default,Default,Default,Default,Default,Default,Default,Default,Default,Default,Default,Default,Default,3,Default,1,Default,Default,Default,Default,Default,Default,Default,3,"ShortRun(IterationCount=3, LaunchCount=1, WarmupCount=3)",Size=256,1,Workload,Warmup,3,650805900,16777216,38.79,0,0,0,0
FillBenchmarks.DllImport_BytePointer,PInvokeBench,FillBenchmarks,DllImport_BytePointer,ShortRun,Default,Default,Default,Default,Default,Default,Default,Default,Default,Default,Default,Default,Default,Default,Default,Default,Default,Default,Default,Default,Default,Default,Default,Default,Default,Default,Default,Default,Default,Default,Default,3,Default,1,Default,Default,Default,Default,Default,Default,Default,3,"ShortRun(IterationCount=3, LaunchCount=1, WarmupCount=3)",Size=256,1,Workload,Actual,1,670411800,16777216,39.96,0,0,0,0
FillBenchmarks.DllImport_BytePointer,PInvokeBench,FillBenchmarks,DllImport_BytePointer,ShortRun,Default,Default,Default,Default,Default,Default,Default,Default,Default,Default,Default,Default,Default,Default,Default,Default,Default,Default,Default,Default,Default,Default,Default,Default,Default,Default,Default,Default,Default,Default,Default,3,Default,1,Default,Default,Default,Default,Default,Default,Default,3,"ShortRun(IterationCount=3, LaunchCount=1, WarmupCount=3)",Size=256,1,Workload,Actual,2,729126700,16777216,43.46,0,0,0,0
FillBenchmarks.DllImport_BytePointer,PInvokeBench,FillBenchmarks,DllImport_BytePointer,ShortRun,Default,Default,Default,Default,Default,Default,Default,Default,Default,Default,Default,Default,Default,Default,Default,Default,Default,Default,Default,Default,Default,Default,Default,Default,Default,Default,Default,Default,Default,Default,Default,3,Default,1,Default,Default,Default,Default,Default,Default,Default,3,"ShortRun(IterationCount=3, LaunchCount=1, WarmupCount=3)",Size=256,1,Workload,Actual,3,653419200,16777216,38.95,0,0,0,0
FillBenchmarks.DllImport_BytePointer,PInvokeBench,FillBenchmarks,DllImport_BytePointer,ShortRun,Default,Default,Default,Default,Default,Default,Default,Default,Default,Default,Default,Default,Default,Default,Default,Default,Default,Default,Default,Default,Default,Default,Default,Default,Default,Default,Default,Default,Default,Default,Default,3,Default,1,Default,Default,Default,Default,Default,Default,Default,3,"ShortRun(IterationCount=3, LaunchCount=1, WarmupCount=3)",Size=256,1,Workload,Result,1,633024950,16777216,37.73,0,0,0,0
FillBenchmarks.DllImport_BytePointer,PInvokeBench,FillBenchmarks,DllImport_BytePointer,ShortRun,Default,Default,Default,Default,Default,Default,Default,Default,Default,Default,Default,Default,Default,Default,Default,Default,Default,Default,Default,Default,Default,Default,Default,Default,Default,Default,Default,Default,Default,Default,Default,3,Default,1,Default,Default,Default,Default,Default,Default,Default,3,"ShortRun(IterationCount=3, LaunchCount=1, WarmupCount=3)",Size=256,1,Workload,Result,2,691739850,16777216,41.23,0,0,0,0
FillBenchmarks.DllImport_BytePointer,PInvokeBench,FillBenchmarks,DllImport_BytePointer,ShortRun,Default,Default,Default,Default,Default,Default,Default,Default,Default,Default,Default,Default,Default,Default,Default,Default,Default,Default,Default,Default,Default,Default,Default,Default,Default,Default,Default,Default,Default,Default,Default,3,Default,1,Default,Default,Default,Default,Default,Default,Default,3,"ShortRun(IterationCount=3, LaunchCount=1, WarmupCount=3)",Size=256,1,Workload,Result,3,616032350,16777216,36.72,0,0,0,0
FillBenchmarks.DllImport_RefByte,PInvokeBench,FillBenchmarks,DllImport_RefByte,ShortRun,Default,Default,Default,Default,Default,Default,Default,Default,Default,Default,Default,Default,Default,Default,Default,Default,Default,Default,Default,Default,Default,Default,Default,Default,Default,Default,Default,Default,Default,Default,Default,3,Default,1,Default,Default,Default,Default,Default,Default,Default,3,"ShortRun(IterationCount=3, LaunchCount=1, WarmupCount=3)",Size=256,1,Overhead,Jitting,1,185100,1,185100,0,0,0,0
FillBenchmarks.DllImport_RefByte,PInvokeBench,FillBenchmarks,DllImport_RefByte,ShortRun,Default,Default,Default,Default,Default,Default,Default,Default,Default,Default,Default,Default,Default,Default,Default,Default,Default,Default,Default,Default,Default,Default,Default,Default,Default,Default,Default,Default,Default,Default,Default,3,Default,1,Default,Default,Default,Default,Default,Default,Default,3,"ShortRun(IterationCount=3, LaunchCount=1, WarmupCount=3)",Size=256,1,Workload,Jitting,1,736500,1,736500,0,0,0,0
FillBenchmarks.DllImport_RefByte,PInvokeBench,FillBenchmarks,DllImport_RefByte,ShortRun,Default,Default,Default,Default,Default,Default,Default,Default,Default,Default,Default,Default,Default,Default,Default,Default,Default,Default,Default,Default,Default,Default,Default,Default,Default,Default,Default,Default,Default,Default,Default,3,Default,1,Default,Default,Default,Default,Default,Default,Default,3,"ShortRun(IterationCount=3, LaunchCount=1, WarmupCount=3)",Size=256,1,Overhead,Jitting,2,284700,16,17793.75,0,0,0,0
FillBenchmarks.DllImport_RefByte,PInvokeBench,FillBenchmarks,DllImport_RefByte,ShortRun,Default,Default,Default,Default,Default,Default,Default,Default,Default,Default,Default,Default,Default,Default,Default,Default,Default,Default,Default,Default,Default,Default,Default,Default,Default,Default,Default,Default,Default,Default,Default,3,Default,1,Default,Default,Default,Default,Default,Default,Default,3,"ShortRun(IterationCount=3, LaunchCount=1, WarmupCount=3)",Size=256,1,Workload,Jitting,2,283700,16,17731.25,0,0,0,0
FillBenchmarks.DllImport_RefByte,PInvokeBench,FillBenchmarks,DllImport_RefByte,ShortRun,Default,Default,Default,Default,Default,Default,Default,Default,Default,Default,Default,Default,Default,Default,Default,Default,Default,Default,Default,Default,Default,Default,Default,Default,Default,Default,Default,Default,Default,Default,Default,3,Default,1,Default,Default,Default,Default,Default,Default,Default,3,"ShortRun(IterationCount=3, LaunchCount=1, WarmupCount=3)",Size=256,1,Workload,Pilot,1,2100,16,131.25,0,0,0,0
FillBenchmarks.DllImport_RefByte,PInvokeBench,FillBenchmarks,DllImport_RefByte,ShortRun,Default,Default,Default,Default,Default,Default,Default,Default,Default,Default,Default,Default,Default,Default,Default,Default,Default,Default,Default,Default,Default,Default,Default,Default,Default,Default,Default,Default,Default,Default,Default,3,Default,1,Default,Default,Default,Default,Default,Default,Default,3,"ShortRun(IterationCount=3, LaunchCount=1, WarmupCount=3)",Size=256,1,Workload,Pilot,2,2300,32,71.88,0,0,0,0
FillBenchmarks.DllImport_RefByte,PInvokeBench,FillBenchmarks,DllImport_RefByte,ShortRun,Default,Default,Default,Default,Default,Default,Default,Default,Default,Default,Default,Default,Default,Default,Default,Default,Default,Default,Default,Default,Default,Default,Default,Default,Default,Default,Default,Default,Default,Default,Default,3,Default,1,Default,Default,Default,Default,Default,Default,Default,3,"ShortRun(IterationCount=3, LaunchCount=1, WarmupCount=3)",Size=256,1,Workload,Pilot,3,4400,64,68.75,0,0,0,0
FillBenchmarks.DllImport_RefByte,PInvokeBench,FillBenchmarks,DllImport_RefByte,ShortRun,Default,Default,Default,Default,Default,Default,Default,Default,Default,Default,Default,Default,Default,Default,Default,Default,Default,Default,Default,Default,Default,Default,Default,Default,Default,Default,Default,Default,Default,Default,Default,3,Default,1,Default,Default,Default,Default,Default,Default,Default,3,"ShortRun(IterationCount=3, LaunchCount=1, WarmupCount=3)",Size=256,1,Workload,Pilot,4,7600,128,59.38,0,0,0,0
FillBenchmarks.DllImport_RefByte,PInvokeBench,FillBenchmarks,DllImport_RefByte,ShortRun,Default,Default,Default,Default,Default,Default,Default,Default,Default,Default,Default,Default,Default,Default,Default,Default,Default,Default,Default,Default,Default,Default,Default,Default,Default,Default,Default,Default,Default,Default,Default,3,Default,1,Default,Default,Default,Default,Default,Default,Default,3,"ShortRun(IterationCount=3, LaunchCount=1, WarmupCount=3)",Size=256,1,Workload,Pilot,5,13200,256,51.56,0,0,0,0
FillBenchmarks.DllImport_RefByte,PInvokeBench,FillBenchmarks,DllImport_RefByte,ShortRun,Default,Default,Default,Default,Default,Default,Default,Default,Default,Default,Default,Default,Default,Default,Default,Default,Default,Default,Default,Default,Default,Default,Default,Default,Default,Default,Default,Default,Default,Default,Default,3,Default,1,Default,Default,Default,Default,Default,Default,Default,3,"ShortRun(IterationCount=3, LaunchCount=1, WarmupCount=3)",Size=256,1,Workload,Pilot,6,26000,512,50.78,0,0,0,0
FillBenchmarks.DllImport_RefByte,PInvokeBench,FillBenchmarks,DllImport_RefByte,ShortRun,Default,Default,Default,Default,Default,Default,Default,Default,Default,Default,Default,Default,Default,Default,Default,Default,Default,Default,Default,Default,Default,Default,Default,Default,Default,Default,Default,Default,Default,Default,Default,3,Default,1,Default,Default,Default,Default,Default,Default,Default,3,"ShortRun(IterationCount=3, LaunchCount=1, WarmupCount=3)",Size=256,1,Workload,Pilot,7,57300,1024,55.96,0,0,0,0
FillBenchmarks.DllImport_RefByte,PInvokeBench,FillBenchmarks,DllImport_RefByte,ShortRun,Default,Default,Default,Default,Default,Default,Default,Default,Default,Default,Default,Default,Default,Default,Default,Default,Default,Default,Default,Default,Default,Default,Default,Default,Default,Default,Default,Default,Default,Default,Default,3,Default,1,Default,Default,Default,Default,Default,Default,Default,3,"ShortRun(IterationCount=3, LaunchCount=1, WarmupCount=3)",Size=256,1,Workload,Pilot,8,101400,2048,49.51,0,0,0,0
FillBenchmarks.DllImport_RefByte,PInvokeBench,FillBenchmarks,DllImport_RefByte,ShortRun,Default,Default,Default,Default,Default,Default,Default,Default,Default,Default,Default,Default,Default,Default,Default,Default,Default,Default,Default,Default,Default,Default,Default,Default,Default,Default,Default,Default,Default,Default,Default,3,Default,1,Default,Default,Default,Default,Default,Default,Default,3,"ShortRun(IterationCount=3, LaunchCount=1, WarmupCount=3)",Size=256,1,Workload,Pilot,9,226200,4096,55.22,0,0,0,0
FillBenchmarks.DllImport_RefByte,PInvokeBench,FillBenchmarks,DllImport_RefByte,ShortRun,Default,Default,Default,Default,Default,Default,Default,Default,Default,Default,Default,Default,Default,Default,Default,Default,Default,Default,Default,Default,Default,Default,Default,Default,Default,Default,Default,Default,Default,Default,Default,3,Default,1,Default,Default,Default,Default,Default,Default,Default,3,"ShortRun(IterationCount=3, LaunchCount=1, WarmupCount=3)",Size=256,1,Workload,Pilot,10,451300,8192,55.09,0,0,0,0
FillBenchmarks.DllImport_RefByte,PInvokeBench,FillBenchmarks,DllImport_RefByte,ShortRun,Default,Default,Default,Default,Default,Default,Default,Default,Default,Default,Default,Default,Default,Default,Default,Default,Default,Default,Default,Default,Default,Default,Default,Default,Default,Default,Default,Default,Default,Default,Default,3,Default,1,Default,Default,Default,Default,Default,Default,Default,3,"ShortRun(IterationCount=3, LaunchCount=1, WarmupCount=3)",Size=256,1,Workload,Pilot,11,807300,16384,49.27,0,0,0,0
FillBenchmarks.DllImport_RefByte,PInvokeBench,FillBenchmarks,DllImport_RefByte,ShortRun,Default,Default,Default,Default,Default,Default,Default,Default,Default,Default,Default,Default,Default,Default,Default,Default,Default,Default,Default,Default,Default,Default,Default,Default,Default,Default,Default,Default,Default,Default,Default,3,Default,1,Default,Default,Default,Default,Default,Default,Default,3,"ShortRun(IterationCount=3, LaunchCount=1, WarmupCount=3)",Size=256,1,Workload,Pilot,12,1634800,32768,49.89,0,0,0,0
FillBenchmarks.DllImport_RefByte,PInvokeBench,FillBenchmarks,DllImport_RefByte,ShortRun,Default,Default,Default,Default,Default,Default,Default,Default,Default,Default,Default,Default,Default,Default,Default,Default,Default,Default,Default,Default,Default,Default,Default,Default,Default,Default,Default,Default,Default,Default,Default,3,Default,1,Default,Default,Default,Default,Default,Default,Default,3,"ShortRun(IterationCount=3, LaunchCount=1, WarmupCount=3)",Size=256,1,Workload,Pilot,13,3243300,65536,49.49,0,0,0,0
FillBenchmarks.DllImport_RefByte,PInvokeBench,FillBenchmarks,DllImport_RefByte,ShortRun,Default,Default,Default,Default,Default,Default,Default,Default,Default,Default,Default,Default,Default,Default,Default,Default,Default,Default,Default,Default,Default,Default,Default,Default,Default,Default,Default,Default,Default,Default,Default,3,Default,1,Default,Default,Default,Default,Default,Default,Default,3,"ShortRun(IterationCount=3, LaunchCount=1, WarmupCount=3)",Size=256,1,Workload,Pilot,14,6486500,131072,49.49,0,0,0,0
FillBenchmarks.DllImport_RefByte,PInvokeBench,FillBenchmarks,DllImport_RefByte,ShortRun,Default,Default,Default,Default,Default,Default,Default,Default,Default,Default,Default,Default,Default,Default,Default,Default,Default,Default,Default,Default,Default,Default,Default,Default,Default,Default,Default,Default,Default,Default,Default,3,Default,1,Default,Default,Default,Default,Default,Default,Default,3,"ShortRun(IterationCount=3, LaunchCount=1, WarmupCount=3)",Size=256,1,Workload,Pilot,15,13469100,262144,51.38,0,0,0,0
FillBenchmarks.DllImport_RefByte,PInvokeBench,FillBenchmarks,DllImport_RefByte,ShortRun,Default,Default,Default,Default,Default,Default,Default,Default,Default,Default,Default,Default,Default,Default,Default,Default,Default,Default,Default,Default,Default,Default,Default,Default,Default,Default,Default,Default,Default,Default,Default,3,Default,1,Default,Default,Default,Default,Default,Default,Default,3,"ShortRun(IterationCount=3, LaunchCount=1, WarmupCount=3)",Size=256,1,Workload,Pilot,16,27769100,524288,52.97,0,0,0,0
FillBenchmarks.DllImport_RefByte,PInvokeBench,FillBenchmarks,DllImport_RefByte,ShortRun,Default,Default,Default,Default,Default,Default,Default,Default,Default,Default,Default,Default,Default,Default,Default,Default,Default,Default,Default,Default,Default,Default,Default,Default,Default,Default,Default,Default,Default,Default,Default,3,Default,1,Default,Default,Default,Default,Default,Default,Default,3,"ShortRun(IterationCount=3, LaunchCount=1, WarmupCount=3)",Size=256,1,Workload,Pilot,17,54136400,1048576,51.63,0,0,0,0
FillBenchmarks.DllImport_RefByte,PInvokeBench,FillBenchmarks,DllImport_RefByte,ShortRun,Default,Default,Default,Default,Default,Default,Default,Default,Default,Default,Default,Default,Default,Default,Default,Default,Default,Default,Default,Default,Default,Default,Default,Default,Default,Default,Default,Default,Default,Default,Default,3,Default,1,Default,Default,Default,Default,Default,Default,Default,3,"ShortRun(IterationCount=3, LaunchCount=1, WarmupCount=3)",Size=256,1,Workload,Pilot,18,106948900,2097152,51,0,0,0,0
FillBenchmarks.DllImport_RefByte,PInvokeBench,FillBenchmarks,DllImport_RefByte,ShortRun,Default,Default,Default,Default,Default,Default,Default,Default,Default,Default,Default,Default,Default,Default,Default,Default,Default,Default,Default,Default,Default,Default,Default,Default,Default,Default,Default,Default,Default,Default,Default,3,Default,1,Default,Default,Default,Default,Default,Default,Default,3,"ShortRun(IterationCount=3, LaunchCount=1, WarmupCount=3)",Size=256,1,Workload,Pilot,19,228573100,4194304,54.5,0,0,0,0
FillBenchmarks.DllImport_RefByte,PInvokeBench,FillBenchmarks,DllImport_RefByte,ShortRun,Default,Default,Default,Default,Default,Default,Default,Default,Default,Default,Default,Default,Default,Default,Default,Default,Default,Default,Default,Default,Default,Default,Default,Default,Default,Default,Default,Default,Default,Default,Default,3,Default,1,Default,Default,Default,Default,Default,Default,Default,3,"ShortRun(IterationCount=3, LaunchCount=1, WarmupCount=3)",Size=256,1,Workload,Pilot,20,433134700,8388608,51.63,0,0,0,0
FillBenchmarks.DllImport_RefByte,PInvokeBench,FillBenchmarks,DllImport_RefByte,ShortRun,Default,Default,Default,Default,Default,Default,Default,Default,Default,Default,Default,Default,Default,Default,Default,Default,Default,Default,Default,Default,Default,Default,Default,Default,Default,Default,Default,Default,Default,Default,Default,3,Default,1,Default,Default,Default,Default,Default,Default,Default,3,"ShortRun(IterationCount=3, LaunchCount=1, WarmupCount=3)",Size=256,1,Workload,Pilot,21,756443300,16777216,45.09,0,0,0,0
FillBenchmarks.DllImport_RefByte,PInvokeBench,FillBenchmarks,DllImport_RefByte,ShortRun,Default,Default,Default,Default,Default,Default,Default,Default,Default,Default,Default,Default,Default,Default,Default,Default,Default,Default,Default,Default,Default,Default,Default,Default,Default,Default,Default,Default,Default,Default,Default,3,Default,1,Default,Default,Default,Default,Default,Default,Default,3,"ShortRun(IterationCount=3, LaunchCount=1, WarmupCount=3)",Size=256,1,Overhead,Warmup,1,38262900,16777216,2.28,0,0,0,0
FillBenchmarks.DllImport_RefByte,PInvokeBench,FillBenchmarks,DllImport_RefByte,ShortRun,Default,Default,Default,Default,Default,Default,Default,Default,Default,Default,Default,Default,Default,Default,Default,Default,Default,Default,Default,Default,Default,Default,Default,Default,Default,Default,Default,Default,Default,Default,Default,3,Default,1,Default,Default,Default,Default,Default,Default,Default,3,"ShortRun(IterationCount=3, LaunchCount=1, WarmupCount=3)",Size=256,1,Overhead,Warmup,2,38405800,16777216,2.29,0,0,0,0
FillBenchmarks.DllImport_RefByte,PInvokeBench,FillBenchmarks,DllImport_RefByte,ShortRun,Default,Default,Default,Default,Default,Default,Default,Default,Default,Default,Default,Default,Default,Default,Default,Default,Default,Default,Default,Default,Default,Default,Default,Default,Default,Default,Default,Default,Default,Default,Default,3,Default,1,Default,Default,Default,Default,Default,Default,Default,3,"ShortRun(IterationCount=3, LaunchCount=1, WarmupCount=3)",Size=256,1,Overhead,Warmup,3,38979900,16777216,2.32,0,0,0,0
FillBenchmarks.DllImport_RefByte,PInvokeBench,FillBenchmarks,DllImport_RefByte,ShortRun,Default,Default,Default,Default,Default,Default,Default,Default,Default,Default,Default,Default,Default,Default,Default,Default,Default,Default,Default,Default,Default,Default,Default,Default,Default,Default,Default,Default,Default,Default,Default,3,Default,1,Default,Default,Default,Default,Default,Default,Default,3,"ShortRun(IterationCount=3, LaunchCount=1, WarmupCount=3)",Size=256,1,Overhead,Warmup,4,39441900,16777216,2.35,0,0,0,0
FillBenchmarks.DllImport_RefByte,PInvokeBench,FillBenchmarks,DllImport_RefByte,ShortRun,Default,Default,Default,Default,Default,Default,Default,Default,Default,Default,Default,Default,Default,Default,Default,Default,Default,Default,Default,Default,Default,Default,Default,Default,Default,Default,Default,Default,Default,Default,Default,3,Default,1,Default,Default,Default,Default,Default,Default,Default,3,"ShortRun(IterationCount=3, LaunchCount=1, WarmupCount=3)",Size=256,1,Overhead,Warmup,5,39353600,16777216,2.35,0,0,0,0
FillBenchmarks.DllImport_RefByte,PInvokeBench,FillBenchmarks,DllImport_RefByte,ShortRun,Default,Default,Default,Default,Default,Default,Default,Default,Default,Default,Default,Default,Default,Default,Default,Default,Default,Default,Default,Default,Default,Default,Default,Default,Default,Default,Default,Default,Default,Default,Default,3,Default,1,Default,Default,Default,Default,Default,Default,Default,3,"ShortRun(IterationCount=3, LaunchCount=1, WarmupCount=3)",Size=256,1,Overhead,Warmup,6,39312800,16777216,2.34,0,0,0,0
FillBenchmarks.DllImport_RefByte,PInvokeBench,FillBenchmarks,DllImport_RefByte,ShortRun,Default,Default,Default,Default,Default,Default,Default,Default,Default,Default,Default,Default,Default,Default,Default,Default,Default,Default,Default,Default,Default,Default,Default,Default,Default,Default,Default,Default,Default,Default,Default,3,Default,1,Default,Default,Default,Default,Default,Default,Default,3,"ShortRun(IterationCount=3, LaunchCount=1, WarmupCount=3)",Size=256,1,Overhead,Warmup,7,39751500,16777216,2.37,0,0,0,0
FillBenchmarks.DllImport_RefByte,PInvokeBench,FillBenchmarks,DllImport_RefByte,ShortRun,Default,Default,Default,Default,Default,Default,Default,Default,Default,Default,Default,Default,Default,Default,Default,Default,Default,Default,Default,Default,Default,Default,Default,Default,Default,Default,Default,Default,Default,Default,Default,3,Default,1,Default,Default,Default,Default,Default,Default,Default,3,"ShortRun(IterationCount=3, LaunchCount=1, WarmupCount=3)",Size=256,1,Overhead,Warmup,8,45530800,16777216,2.71,0,0,0,0
FillBenchmarks.DllImport_RefByte,PInvokeBench,FillBenchmarks,DllImport_RefByte,ShortRun,Default,Default,Default,Default,Default,Default,Default,Default,Default,Default,Default,Default,Default,Default,Default,Default,Default,Default,Default,Default,Default,Default,Default,Default,Default,Default,Default,Default,Default,Default,Default,3,Default,1,Default,Default,Default,Default,Default,Default,Default,3,"ShortRun(IterationCount=3, LaunchCount=1, WarmupCount=3)",Size=256,1,Overhead,Warmup,9,35522800,16777216,2.12,0,0,0,0
FillBenchmarks.DllImport_RefByte,PInvokeBench,FillBenchmarks,DllImport_RefByte,ShortRun,Default,Default,Default,Default,Default,Default,Default,Default,Default,Default,Default,Default,Default,Default,Default,Default,Default,Default,Default,Default,Default,Default,Default,Default,Default,Default,Default,Default,Default,Default,Default,3,Default,1,Default,Default,Default,Default,Default,Default,Default,3,"ShortRun(IterationCount=3, LaunchCount=1, WarmupCount=3)",Size=256,1,Overhead,Actual,1,35846500,16777216,2.14,0,0,0,0
FillBenchmarks.DllImport_RefByte,PInvokeBench,FillBenchmarks,DllImport_RefByte,ShortRun,Default,Default,Default,Default,Default,Default,Default,Default,Default,Default,Default,Default,Default,Default,Default,Default,Default,Default,Default,Default,Default,Default,Default,Default,Default,Default,Default,Default,Default,Default,Default,3,Default,1,Default,Default,Default,Default,Default,Default,Default,3,"ShortRun(IterationCount=3, LaunchCount=1, WarmupCount=3)",Size=256,1,Overhead,Actual,2,35243600,16777216,2.1,0,0,0,0
FillBenchmarks.DllImport_RefByte,PInvokeBench,FillBenchmarks,DllImport_RefByte,ShortRun,Default,Default,Default,Default,Default,Default,Default,Default,Default,Default,Default,Default,Default,Default,Default,Default,Default,Default,Default,Default,Default,Default,Default,Default,Default,Default,Default,Default,Default,Default,Default,3,Default,1,Default,Default,Default,Default,Default,Default,Default,3,"ShortRun(IterationCount=3, LaunchCount=1, WarmupCount=3)",Size=256,1,Overhead,Actual,3,34988100,16777216,2.09,0,0,0,0
FillBenchmarks.DllImport_RefByte,PInvokeBench,FillBenchmarks,DllImport_RefByte,ShortRun,Default,Default,Default,Default,Default,Default,Default,Default,Default,Default,Default,Default,Default,Default,Default,Default,Default,Default,Default,Default,Default,Default,Default,Default,Default,Default,Default,Default,Default,Default,Default,3,Default,1,Default,Default,Default,Default,Default,Default,Default,3,"ShortRun(IterationCount=3, LaunchCount=1, WarmupCount=3)",Size=256,1,Overhead,Actual,4,32070100,16777216,1.91,0,0,0,0
FillBenchmarks.DllImport_RefByte,PInvokeBench,FillBenchmarks,DllImport_RefByte,ShortRun,Default,Default,Default,Default,Default,Default,Default,Default,Default,Default,Default,Default,Default,Default,Default,Default,Default,Default,Default,Default,Default,Default,Default,Default,Default,Default,Default,Default,Default,Default,Default,3,Default,1,Default,Default,Default,Default,Default,Default,Default,3,"ShortRun(IterationCount=3, LaunchCount=1, WarmupCount=3)",Size=256,1,Overhead,Actual,5,31692100,16777216,1.89,0,0,0,0
FillBenchmarks.DllImport_RefByte,PInvokeBench,FillBenchmarks,DllImport_RefByte,ShortRun,Default,Default,Default,Default,Default,Default,Default,Default,Default,Default,Default,Default,Default,Default,Default,Default,Default,Default,Default,Default,Default,Default,Default,Default,Default,Default,Default,Default,Default,Default,Default,3,Default,1,Default,Default,Default,Default,Default,Default,Default,3,"ShortRun(IterationCount=3, LaunchCount=1, WarmupCount=3)",Size=256,1,Overhead,Actual,6,31599000,16777216,1.88,0,0,0,0
FillBenchmarks.DllImport_RefByte,PInvokeBench,FillBenchmarks,DllImport_RefByte,ShortRun,Default,Default,Default,Default,Default,Default,Default,Default,Default,Default,Default,Default,Default,Default,Default,Default,Default,Default,Default,Default,Default,Default,Default,Default,Default,Default,Default,Default,Default,Default,Default,3,Default,1,Default,Default,Default,Default,Default,Default,Default,3,"ShortRun(IterationCount=3, LaunchCount=1, WarmupCount=3)",Size=256,1,Overhead,Actual,7,31705200,16777216,1.89,0,0,0,0
FillBenchmarks.DllImport_RefByte,PInvokeBench,FillBenchmarks,DllImport_RefByte,ShortRun,Default,Default,Default,Default,Default,Default,Default,Default,Default,Default,Default,Default,Default,Default,Default,Default,Default,Default,Default,Default,Default,Default,Default,Default,Default,Default,Default,Default,Default,Default,Default,3,Default,1,Default,Default,Default,Default,Default,Default,Default,3,"ShortRun(IterationCount=3, LaunchCount=1, WarmupCount=3)",Size=256,1,Overhead,Actual,8,31593200,16777216,1.88,0,0,0,0
FillBenchmarks.DllImport_RefByte,PInvokeBench,FillBenchmarks,DllImport_RefByte,ShortRun,Default,Default,Default,Default,Default,Default,Default,Default,Default,Default,Default,Default,Default,Default,Default,Default,Default,Default,Default,Default,Default,Default,Default,Default,Default,Default,Default,Default,Default,Default,Default,3,Default,1,Default,Default,Default,Default,Default,Default,Default,3,"ShortRun(IterationCount=3, LaunchCount=1, WarmupCount=3)",Size=256,1,Overhead,Actual,9,31596500,16777216,1.88,0,0,0,0
FillBenchmarks.DllImport_RefByte,PInvokeBench,FillBenchmarks,DllImport_RefByte,ShortRun,Default,Default,Default,Default,Default,Default,Default,Default,Default,Default,Default,Default,Default,Default,Default,Default,Default,Default,Default,Default,Default,Default,Default,Default,Default,Default,Default,Default,Default,Default,Default,3,Default,1,Default,Default,Default,Default,Default,Default,Default,3,"ShortRun(IterationCount=3, LaunchCount=1, WarmupCount=3)",Size=256,1,Overhead,Actual,10,35288800,16777216,2.1,0,0,0,0
FillBenchmarks.DllImport_RefByte,PInvokeBench,FillBenchmarks,DllImport_RefByte,ShortRun,Default,Default,Default,Default,Default,Default,Default,Default,Default,Default,Default,Default,Default,Default,Default,Default,Default,Default,Default,Default,Default,Default,Default,Default,Default,Default,Default,Default,Default,Default,Default,3,Default,1,Default,Default,Default,Default,Default,Default,Default,3,"ShortRun(IterationCount=3, LaunchCount=1, WarmupCount=3)",Size=256,1,Overhead,Actual,11,33595700,16777216,2,0,0,0,0
FillBenchmarks.DllImport_RefByte,PInvokeBench,FillBenchmarks,DllImport_RefByte,ShortRun,Default,Default,Default,Default,Default,Default,Default,Default,Default,Default,Default,Default,Default,Default,Default,Default,Default,Default,Default,Default,Default,Default,Default,Default,Default,Default,Default,Default,Default,Default,Default,3,Default,1,Default,Default,Default,Default,Default,Default,Default,3,"ShortRun(IterationCount=3, LaunchCount=1, WarmupCount=3)",Size=256,1,Overhead,Actual,12,35397000,16777216,2.11,0,0,0,0
FillBenchmarks.DllImport_RefByte,PInvokeBench,FillBenchmarks,DllImport_RefByte,ShortRun,Default,Default,Default,Default,Default,Default,Default,Default,Default,Default,Default,Default,Default,Default,Default,Default,Default,Default,Default,Default,Default,Default,Default,Default,Default,Default,Default,Default,Default,Default,Default,3,Default,1,Default,Default,Default,Default,Default,Default,Default,3,"ShortRun(IterationCount=3, LaunchCount=1, WarmupCount=3)",Size=256,1,Overhead,Actual,13,31673700,16777216,1.89,0,0,0,0
FillBenchmarks.DllImport_RefByte,PInvokeBench,FillBenchmarks,DllImport_RefByte,ShortRun,Default,Default,Default,Default,Default,Default,Default,Default,Default,Default,Default,Default,Default,Default,Default,Default,Default,Default,Default,Default,Default,Default,Default,Default,Default,Default,Default,Default,Default,Default,Default,3,Default,1,Default,Default,Default,Default,Default,Default,Default,3,"ShortRun(IterationCount=3, LaunchCount=1, WarmupCount=3)",Size=256,1,Overhead,Actual,14,31620600,16777216,1.88,0,0,0,0
FillBenchmarks.DllImport_RefByte,PInvokeBench,FillBenchmarks,DllImport_RefByte,ShortRun,Default,Default,Default,Default,Default,Default,Default,Default,Default,Default,Default,Default,Default,Default,Default,Default,Default,Default,Default,Default,Default,Default,Default,Default,Default,Default,Default,Default,Default,Default,Default,3,Default,1,Default,Default,Default,Default,Default,Default,Default,3,"ShortRun(IterationCount=3, LaunchCount=1, WarmupCount=3)",Size=256,1,Overhead,Actual,15,31474300,16777216,1.88,0,0,0,0
FillBenchmarks.DllImport_RefByte,PInvokeBench,FillBenchmarks,DllImport_RefByte,ShortRun,Default,Default,Default,Default,Default,Default,Default,Default,Default,Default,Default,Default,Default,Default,Default,Default,Default,Default,Default,Default,Default,Default,Default,Default,Default,Default,Default,Default,Default,Default,Default,3,Default,1,Default,Default,Default,Default,Default,Default,Default,3,"ShortRun(IterationCount=3, LaunchCount=1, WarmupCount=3)",Size=256,1,Overhead,Actual,16,30837600,16777216,1.84,0,0,0,0
FillBenchmarks.DllImport_RefByte,PInvokeBench,FillBenchmarks,DllImport_RefByte,ShortRun,Default,Default,Default,Default,Default,Default,Default,Default,Default,Default,Default,Default,Default,Default,Default,Default,Default,Default,Default,Default,Default,Default,Default,Default,Default,Default,Default,Default,Default,Default,Default,3,Default,1,Default,Default,Default,Default,Default,Default,Default,3,"ShortRun(IterationCount=3, LaunchCount=1, WarmupCount=3)",Size=256,1,Overhead,Actual,17,30841900,16777216,1.84,0,0,0,0
FillBenchmarks.DllImport_RefByte,PInvokeBench,FillBenchmarks,DllImport_RefByte,ShortRun,Default,Default,Default,Default,Default,Default,Default,Default,Default,Default,Default,Default,Default,Default,Default,Default,Default,Default,Default,Default,Default,Default,Default,Default,Default,Default,Default,Default,Default,Default,Default,3,Default,1,Default,Default,Default,Default,Default,Default,Default,3,"ShortRun(IterationCount=3, LaunchCount=1, WarmupCount=3)",Size=256,1,Overhead,Actual,18,31553800,16777216,1.88,0,0,0,0
FillBenchmarks.DllImport_RefByte,PInvokeBench,FillBenchmarks,DllImport_RefByte,ShortRun,Default,Default,Default,Default,Default,Default,Default,Default,Default,Default,Default,Default,Default,Default,Default,Default,Default,Default,Default,Default,Default,Default,Default,Default,Default,Default,Default,Default,Default,Default,Default,3,Default,1,Default,Default,Default,Default,Default,Default,Default,3,"ShortRun(IterationCount=3, LaunchCount=1, WarmupCount=3)",Size=256,1,Overhead,Actual,19,30813200,16777216,1.84,0,0,0,0
FillBenchmarks.DllImport_RefByte,PInvokeBench,FillBenchmarks,DllImport_RefByte,ShortRun,Default,Default,Default,Default,Default,Default,Default,Default,Default,Default,Default,Default,Default,Default,Default,Default,Default,Default,Default,Default,Default,Default,Default,Default,Default,Default,Default,Default,Default,Default,Default,3,Default,1,Default,Default,Default,Default,Default,Default,Default,3,"ShortRun(IterationCount=3, LaunchCount=1, WarmupCount=3)",Size=256,1,Workload,Warmup,1,766678100,16777216,45.7,0,0,0,0
FillBenchmarks.DllImport_RefByte,PInvokeBench,FillBenchmarks,DllImport_RefByte,ShortRun,Default,Default,Default,Default,Default,Default,Default,Default,Default,Default,Default,Default,Default,Default,Default,Default,Default,Default,Default,Default,Default,Default,Default,Default,Default,Default,Default,Default,Default,Default,Default,3,Default,1,Default,Default,Default,Default,Default,Default,Default,3,"ShortRun(IterationCount=3, LaunchCount=1, WarmupCount=3)",Size=256,1,Workload,Warmup,2,709545700,16777216,42.29,0,0,0,0
FillBenchmarks.DllImport_RefByte,PInvokeBench,FillBenchmarks,DllImport_RefByte,ShortRun,Default,Default,Default,Default,Default,Default,Default,Default,Default,Default,Default,Default,Default,Default,Default,Default,Default,Default,Default,Default,Default,Default,Default,Default,Default,Default,Default,Default,Default,Default,Default,3,Default,1,Default,Default,Default,Default,Default,Default,Default,3,"ShortRun(IterationCount=3, LaunchCount=1, WarmupCount=3)",Size=256,1,Workload,Warmup,3,784165000,16777216,46.74,0,0,0,0
FillBenchmarks.DllImport_RefByte,PInvokeBench,FillBenchmarks,DllImport_RefByte,ShortRun,Default,Default,Default,Default,Default,Default,Default,Default,Default,Default,Default,Default,Default,Default,Default,Default,Default,Default,Default,Default,Default,Default,Default,Default,Default,Default,Default,Default,Default,Default,Default,3,Default,1,Default,Default,Default,Default,Default,Default,Default,3,"ShortRun(IterationCount=3, LaunchCount=1, WarmupCount=3)",Size=256,1,Workload,Actual,1,747674100,16777216,44.56,0,0,0,0
FillBenchmarks.DllImport_RefByte,PInvokeBench,FillBenchmarks,DllImport_RefByte,ShortRun,Default,Default,Default,Default,Default,Default,Default,Default,Default,Default,Default,Default,Default,Default,Default,Default,Default,Default,Default,Default,Default,Default,Default,Default,Default,Default,Default,Default,Default,Default,Default,3,Default,1,Default,Default,Default,Default,Default,Default,Default,3,"ShortRun(IterationCount=3, LaunchCount=1, WarmupCount=3)",Size=256,1,Workload,Actual,2,698939400,16777216,41.66,0,0,0,0
FillBenchmarks.DllImport_RefByte,PInvokeBench,FillBenchmarks,DllImport_RefByte,ShortRun,Default,Default,Default,Default,Default,Default,Default,Default,Default,Default,Default,Default,Default,Default,Default,Default,Default,Default,Default,Default,Default,Default,Default,Default,Default,Default,Default,Default,Default,Default,Default,3,Default,1,Default,Default,Default,Default,Default,Default,Default,3,"ShortRun(IterationCount=3, LaunchCount=1, WarmupCount=3)",Size=256,1,Workload,Actual,3,707021500,16777216,42.14,0,0,0,0
FillBenchmarks.DllImport_RefByte,PInvokeBench,FillBenchmarks,DllImport_RefByte,ShortRun,Default,Default,Default,Default,Default,Default,Default,Default,Default,Default,Default,Default,Default,Default,Default,Default,Default,Default,Default,Default,Default,Default,Default,Default,Default,Default,Default,Default,Default,Default,Default,3,Default,1,Default,Default,Default,Default,Default,Default,Default,3,"ShortRun(IterationCount=3, LaunchCount=1, WarmupCount=3)",Size=256,1,Workload,Result,1,716000400,16777216,42.68,0,0,0,0
FillBenchmarks.DllImport_RefByte,PInvokeBench,FillBenchmarks,DllImport_RefByte,ShortRun,Default,Default,Default,Default,Default,Default,Default,Default,Default,Default,Default,Default,Default,Default,Default,Default,Default,Default,Default,Default,Default,Default,Default,Default,Default,Default,Default,Default,Default,Default,Default,3,Default,1,Default,Default,Default,Default,Default,Default,Default,3,"ShortRun(IterationCount=3, LaunchCount=1, WarmupCount=3)",Size=256,1,Workload,Result,2,667265700,16777216,39.77,0,0,0,0
FillBenchmarks.DllImport_RefByte,PInvokeBench,FillBenchmarks,DllImport_RefByte,ShortRun,Default,Default,Default,Default,Default,Default,Default,Default,Default,Default,Default,Default,Default,Default,Default,Default,Default,Default,Default,Default,Default,Default,Default,Default,Default,Default,Default,Default,Default,Default,Default,3,Default,1,Default,Default,Default,Default,Default,Default,Default,3,"ShortRun(IterationCount=3, LaunchCount=1, WarmupCount=3)",Size=256,1,Workload,Result,3,675347800,16777216,40.25,0,0,0,0
FillBenchmarks.LibraryImport_Span,PInvokeBench,FillBenchmarks,LibraryImport_Span,ShortRun,Default,Default,Default,Default,Default,Default,Default,Default,Default,Default,Default,Default,Default,Default,Default,Default,Default,Default,Default,Default,Default,Default,Default,Default,Default,Default,Default,Default,Default,Default,Default,3,Default,1,Default,Default,Default,Default,Default,Default,Default,3,"ShortRun(IterationCount=3, LaunchCount=1, WarmupCount=3)",Size=256,1,Overhead,Jitting,1,202200,1,202200,0,0,0,0
FillBenchmarks.LibraryImport_Span,PInvokeBench,FillBenchmarks,LibraryImport_Span,ShortRun,Default,Default,Default,Default,Default,Default,Default,Default,Default,Default,Default,Default,Default,Default,Default,Default,Default,Default,Default,Default,Default,Default,Default,Default,Default,Default,Default,Default,Default,Default,Default,3,Default,1,Default,Default,Default,Default,Default,Default,Default,3,"ShortRun(IterationCount=3, LaunchCount=1, WarmupCount=3)",Size=256,1,Workload,Jitting,1,779000,1,779000,0,0,0,0
FillBenchmarks.LibraryImport_Span,PInvokeBench,FillBenchmarks,LibraryImport_Span,ShortRun,Default,Default,Default,Default,Default,Default,Default,Default,Default,Default,Default,Default,Default,Default,Default,Default,Default,Default,Default,Default,Default,Default,Default,Default,Default,Default,Default,Default,Default,Default,Default,3,Default,1,Default,Default,Default,Default,Default,Default,Default,3,"ShortRun(IterationCount=3, LaunchCount=1, WarmupCount=3)",Size=256,1,Overhead,Jitting,2,300200,16,18762.5,0,0,0,0
FillBenchmarks.LibraryImport_Span,PInvokeBench,FillBenchmarks,LibraryImport_Span,ShortRun,Default,Default,Default,Default,Default,Default,Default,Default,Default,Default,Default,Default,Default,Default,Default,Default,Default,Default,Default,Default,Default,Default,Default,Default,Default,Default,Default,Default,Default,Default,Default,3,Default,1,Default,Default,Default,Default,Default,Default,Default,3,"ShortRun(IterationCount=3, LaunchCount=1, WarmupCount=3)",Size=256,1,Workload,Jitting,2,302100,16,18881.25,0,0,0,0
FillBenchmarks.LibraryImport_Span,PInvokeBench,FillBenchmarks,LibraryImport_Span,ShortRun,Default,Default,Default,Default,Default,Default,Default,Default,Default,Default,Default,Default,Default,Default,Default,Default,Default,Default,Default,Default,Default,Default,Default,Default,Default,Default,Default,Default,Default,Default,Default,3,Default,1,Default,Default,Default,Default,Default,Default,Default,3,"ShortRun(IterationCount=3, LaunchCount=1, WarmupCount=3)",Size=256,1,Workload,Pilot,1,2200,16,137.5,0,0,0,0
FillBenchmarks.LibraryImport_Span,PInvokeBench,FillBenchmarks,LibraryImport_Span,ShortRun,Default,Default,Default,Default,Default,Default,Default,Default,Default,Default,Default,Default,Default,Default,Default,Default,Default,Default,Default,Default,Default,Default,Default,Default,Default,Default,Default,Default,Default,Default,Default,3,Default,1,Default,Default,Default,Default,Default,Default,Default,3,"ShortRun(IterationCount=3, LaunchCount=1, WarmupCount=3)",Size=256,1,Workload,Pilot,2,3300,32,103.13,0,0,0,0
FillBenchmarks.LibraryImport_Span,PInvokeBench,FillBenchmarks,LibraryImport_Span,ShortRun,Default,Default,Default,Default,Default,Default,Default,Default,Default,Default,Default,Default,Default,Default,Default,Default,Default,Default,Default,Default,Default,Default,Default,Default,Default,Default,Default,Default,Default,Default,Default,3,Default,1,Default,Default,Default,Default,Default,Default,Default,3,"ShortRun(IterationCount=3, LaunchCount=1, WarmupCount=3)",Size=256,1,Workload,Pilot,3,4800,64,75,0,0,0,0
FillBenchmarks.LibraryImport_Span,PInvokeBench,FillBenchmarks,LibraryImport_Span,ShortRun,Default,Default,Default,Default,Default,Default,Default,Default,Default,Default,Default,Default,Default,Default,Default,Default,Default,Default,Default,Default,Default,Default,Default,Default,Default,Default,Default,Default,Default,Default,Default,3,Default,1,Default,Default,Default,Default,Default,Default,Default,3,"ShortRun(IterationCount=3, LaunchCount=1, WarmupCount=3)",Size=256,1,Workload,Pilot,4,8200,128,64.06,0,0,0,0
FillBenchmarks.LibraryImport_Span,PInvokeBench,FillBenchmarks,LibraryImport_Span,ShortRun,Default,Default,Default,Default,Default,Default,Default,Default,Default,Default,Default,Default,Default,Default,Default,Default,Default,Default,Default,Default,Default,Default,Default,Default,Default,Default,Default,Default,Default,Default,Default,3,Default,1,Default,Default,Default,Default,Default,Default,Default,3,"ShortRun(IterationCount=3, LaunchCount=1, WarmupCount=3)",Size=256,1,Workload,Pilot,5,15700,256,61.33,0,0,0,0
FillBenchmarks.LibraryImport_Span,PInvokeBench,FillBenchmarks,LibraryImport_Span,ShortRun,Default,Default,Default,Default,Default,Default,Default,Default,Default,Default,Default,Default,Default,Default,Default,Default,Default,Default,Default,Default,Default,Default,Default,Default,Default,Default,Default,Default,Default,Default,Default,3,Default,1,Default,Default,Default,Default,Default,Default,Default,3,"ShortRun(IterationCount=3, LaunchCount=1, WarmupCount=3)",Size=256,1,Workload,Pilot,6,31700,512,61.91,0,0,0,0
FillBenchmarks.LibraryImport_Span,PInvokeBench,FillBenchmarks,LibraryImport_Span,ShortRun,Default,Default,Default,Default,Default,Default,Default,Default,Default,Default,Default,Default,Default,Default,Default,Default,Default,Default,Default,Default,Default,Default,Default,Default,Default,Default,Default,Default,Default,Default,Default,3,Default,1,Default,Default,Default,Default,Default,Default,Default,3,"ShortRun(IterationCount=3, LaunchCount=1, WarmupCount=3)",Size=256,1,Workload,Pilot,7,56500,1024,55.18,0,0,0,0
FillBenchmarks.LibraryImport_Span,PInvokeBench,FillBenchmarks,LibraryImport_Span,ShortRun,Default,Default,Default,Default,Default,Default,Default,Default,Default,Default,Default,Default,Default,Default,Default,Default,Default,Default,Default,Default,Default,Default,Default,Default,Default,Default,Default,Default,Default,Default,Default,3,Default,1,Default,Default,Default,Default,Default,Default,Default,3,"ShortRun(IterationCount=3, LaunchCount=1, WarmupCount=3)",Size=256,1,Workload,Pilot,8,116600,2048,56.93,0,0,0,0
FillBenchmarks.LibraryImport_Span,PInvokeBench,FillBenchmarks,LibraryImport_Span,ShortRun,Default,Default,Default,Default,Default,Default,Default,Default,Default,Default,Default,Default,Default,Default,Default,Default,Default,Default,Default,Default,Default,Default,Default,Default,Default,Default,Default,Default,Default,Default,Default,3,Default,1,Default,Default,Default,Default,Default,Default,Default,3,"ShortRun(IterationCount=3, LaunchCount=1, WarmupCount=3)",Size=256,1,Workload,Pilot,9,223600,4096,54.59,0,0,0,0
FillBenchmarks.LibraryImport_Span,PInvokeBench,FillBenchmarks,LibraryImport_Span,ShortRun,Default,Default,Default,Default,Default,Default,Default,Default,Default,Default,Default,Default,Default,Default,Default,Default,Default,Default,Default,Default,Default,Default,Default,Default,Default,Default,Default,Default,Default,Default,Default,3,Default,1,Default,Default,Default,Default,Default,Default,Default,3,"ShortRun(IterationCount=3, LaunchCount=1, WarmupCount=3)",Size=256,1,Workload,Pilot,10,452900,8192,55.29,0,0,0,0
FillBenchmarks.LibraryImport_Span,PInvokeBench,FillBenchmarks,LibraryImport_Span,ShortRun,Default,Default,Default,Default,Default,Default,Default,Default,Default,Default,Default,Default,Default,Default,Default,Default,Default,Default,Default,Default,Default,Default,Default,Default,Default,Default,Default,Default,Default,Default,Default,3,Default,1,Default,Default,Default,Default,Default,Default,Default,3,"ShortRun(IterationCount=3, LaunchCount=1, WarmupCount=3)",Size=256,1,Workload,Pilot,11,986300,16384,60.2,0,0,0,0
FillBenchmarks.LibraryImport_Span,PInvokeBench,FillBenchmarks,LibraryImport_Span,ShortRun,Default,Default,Default,Default,Default,Default,Default,Default,Default,Default,Default,Default,Default,Default,Default,Default,Default,Default,Default,Default,Default,Default,Default,Default,Default,Default,Default,Default,Default,Default,Default,3,Default,1,Default,Default,Default,Default,Default,Default,Default,3,"ShortRun(IterationCount=3, LaunchCount=1, WarmupCount=3)",Size=256,1,Workload,Pilot,12,1976900,32768,60.33,0,0,0,0
FillBenchmarks.LibraryImport_Span,PInvokeBench,FillBenchmarks,LibraryImport_Span,ShortRun,Default,Default,Default,Default,Default,Default,Default,Default,Default,Default,Default,Default,Default,Default,Default,Default,Default,Default,Default,Default,Default,Default,Default,Default,Default,Default,Default,Default,Default,Default,Default,3,Default,1,Default,Default,Default,Default,Default,Default,Default,3,"ShortRun(IterationCount=3, LaunchCount=1, WarmupCount=3)",Size=256,1,Workload,Pilot,13,3948200,65536,60.24,0,0,0,0
FillBenchmarks.LibraryImport_Span,PInvokeBench,FillBenchmarks,LibraryImport_Span,ShortRun,Default,Default,Default,Default,Default,Default,Default,Default,Default,Default,Default,Default,Default,Default,Default,Default,Default,Default,Default,Default,Default,Default,Default,Default,Default,Default,Default,Default,Default,Default,Default,3,Default,1,Default,Default,Default,Default,Default,Default,Default,3,"ShortRun(IterationCount=3, LaunchCount=1, WarmupCount=3)",Size=256,1,Workload,Pilot,14,7818000,131072,59.65,0,0,0,0
FillBenchmarks.LibraryImport_Span,PInvokeBench,FillBenchmarks,LibraryImport_Span,ShortRun,Default,Default,Default,Default,Default,Default,Default,Default,Default,Default,Default,Default,Default,Default,Default,Default,Default,Default,Default,Default,Default,Default,Default,Default,Default,Default,Default,Default,Default,Default,Default,3,Default,1,Default,Default,Default,Default,Default,Default,Default,3,"ShortRun(IterationCount=3, LaunchCount=1, WarmupCount=3)",Size=256,1,Workload,Pilot,15,15560000,262144,59.36,0,0,0,0
FillBenchmarks.LibraryImport_Span,PInvokeBench,FillBenchmarks,LibraryImport_Span,ShortRun,Default,Default,Default,Default,Default,Default,Default,Default,Default,Default,Default,Default,Default,Default,Default,Default,Default,Default,Default,Default,Default,Default,Default,Default,Default,Default,Default,Default,Default,Default,Default,3,Default,1,Default,Default,Default,Default,Default,Default,Default,3,"ShortRun(IterationCount=3, LaunchCount=1, WarmupCount=3)",Size=256,1,Workload,Pilot,16,30134200,524288,57.48,0,0,0,0
FillBenchmarks.LibraryImport_Span,PInvokeBench,FillBenchmarks,LibraryImport_Span,ShortRun,Default,Default,Default,Default,Default,Default,Default,Default,Default,Default,Default,Default,Default,Default,Default,Default,Default,Default,Default,Default,Default,Default,Default,Default,Default,Default,Default,Default,Default,Default,Default,3,Default,1,Default,Default,Default,Default,Default,Default,Default,3,"ShortRun(IterationCount=3, LaunchCount=1, WarmupCount=3)",Size=256,1,Workload,Pilot,17,58498900,1048576,55.79,0,0,0,0
FillBenchmarks.LibraryImport_Span,PInvokeBench,FillBenchmarks,LibraryImport_Span,ShortRun,Default,Default,Default,Default,Default,Default,Default,Default,Default,Default,Default,Default,Default,Default,Default,Default,Default,Default,Default,Default,Default,Default,Default,Default,Default,Default,Default,Default,Default,Default,Default,3,Default,1,Default,Default,Default,Default,Default,Default,Default,3,"ShortRun(IterationCount=3, LaunchCount=1, WarmupCount=3)",Size=256,1,Workload,Pilot,18,89293700,2097152,42.58,0,0,0,0
FillBenchmarks.LibraryImport_Span,PInvokeBench,FillBenchmarks,LibraryImport_Span,ShortRun,Default,Default,Default,Default,Default,Default,Default,Default,Default,Default,Default,Default,Default,Default,Default,Default,Default,Default,Default,Default,Default,Default,Default,Default,Default,Default,Default,Default,Default,Default,Default,3,Default,1,Default,Default,Default,Default,Default,Default,Default,3,"ShortRun(IterationCount=3, LaunchCount=1, WarmupCount=3)",Size=256,1,Workload,Pilot,19,173867200,4194304,41.45,0,0,0,0
FillBenchmarks.LibraryImport_Span,PInvokeBench,FillBenchmarks,LibraryImport_Span,ShortRun,Default,Default,Default,Default,Default,Default,Default,Default,Default,Default,Default,Default,Default,Default,Default,Default,Default,Default,Default,Default,Default,Default,Default,Default,Default,Default,Default,Default,Default,Default,Default,3,Default,1,Default,Default,Default,Default,Default,Default,Default,3,"ShortRun(IterationCount=3, LaunchCount=1, WarmupCount=3)",Size=256,1,Workload,Pilot,20,334176100,8388608,39.84,0,0,0,0
FillBenchmarks.LibraryImport_Span,PInvokeBench,FillBenchmarks,LibraryImport_Span,ShortRun,Default,Default,Default,Default,Default,Default,Default,Default,Default,Default,Default,Default,Default,Default,Default,Default,Default,Default,Default,Default,Default,Default,Default,Default,Default,Default,Default,Default,Default,Default,Default,3,Default,1,Default,Default,Default,Default,Default,Default,Default,3,"ShortRun(IterationCount=3, LaunchCount=1, WarmupCount=3)",Size=256,1,Workload,Pilot,21,662236600,16777216,39.47,0,0,0,0
FillBenchmarks.LibraryImport_Span,PInvokeBench,FillBenchmarks,LibraryImport_Span,ShortRun,Default,Default,Default,Default,Default,Default,Default,Default,Default,Default,Default,Default,Default,Default,Default,Default,Default,Default,Default,Default,Default,Default,Default,Default,Default,Default,Default,Default,Default,Default,Default,3,Default,1,Default,Default,Default,Default,Default,Default,Default,3,"ShortRun(IterationCount=3, LaunchCount=1, WarmupCount=3)",Size=256,1,Overhead,Warmup,1,39100200,16777216,2.33,0,0,0,0
FillBenchmarks.LibraryImport_Span,PInvokeBench,FillBenchmarks,LibraryImport_Span,ShortRun,Default,Default,Default,Default,Default,Default,Default,Default,Default,Default,Default,Default,Default,Default,Default,Default,Default,Default,Default,Default,Default,Default,Default,Default,Default,Default,Default,Default,Default,Default,Default,3,Default,1,Default,Default,Default,Default,Default,Default,Default,3,"ShortRun(IterationCount=3, LaunchCount=1, WarmupCount=3)",Size=256,1,Overhead,Warmup,2,39278700,16777216,2.34,0,0,0,0
FillBenchmarks.LibraryImport_Span,PInvokeBench,FillBenchmarks,LibraryImport_Span,ShortRun,Default,Default,Default,Default,Default,Default,Default,Default,Default,Default,Default,Default,Default,Default,Default,Default,Default,Default,Default,Default,Default,Default,Default,Default,Default,Default,Default,Default,Default,Default,Default,3,Default,1,Default,Default,Default,Default,Default,Default,Default,3,"ShortRun(IterationCount=3, LaunchCount=1, WarmupCount=3)",Size=256,1,Overhead,Warmup,3,39128900,16777216,2.33,0,0,0,0
FillBenchmarks.LibraryImport_Span,PInvokeBench,FillBenchmarks,LibraryImport_Span,ShortRun,Default,Default,Default,Default,Default,Default,Default,Default,Default,Default,Default,Default,Default,Default,Default,Default,Default,Default,Default,Default,Default,Default,Default,Default,Default,Default,Default,Default,Default,Default,Default,3,Default,1,Default,Default,Default,Default,Default,Default,Default,3,"ShortRun(IterationCount=3, LaunchCount=1, WarmupCount=3)",Size=256,1,Overhead,Warmup,4,39550000,16777216,2.36,0,0,0,0
FillBenchmarks.LibraryImport_Span,PInvokeBench,FillBenchmarks,LibraryImport_Span,ShortRun,Default,Default,Default,Default,Default,Default,Default,Default,Default,Default,Default,Default,Default,Default,Default,Default,Default,Default,Default,Default,Default,Default,Default,Default,Default,Default,Default,Default,Default,Default,Default,3,Default,1,Default,Default,Default,Default,Default,Default,Default,3,"ShortRun(IterationCount=3, LaunchCount=1, WarmupCount=3)",Size=256,1,Overhead,Warmup,5,40078300,16777216,2.39,0,0,0,0
FillBenchmarks.LibraryImport_Span,PInvokeBench,FillBenchmarks,LibraryImport_Span,ShortRun,Default,Default,Default,Default,Default,Default,Default,Default,Default,Default,Default,Default,Default,Default,Default,Default,Default,Default,Default,Default,Default,Default,Default,Default,Default,Default,Default,Default,Default,Default,Default,3,Default,1,Default,Default,Default,Default,Default,Default,Default,3,"ShortRun(IterationCount=3, LaunchCount=1, WarmupCount=3)",Size=256,1,Overhead,Warmup,6,40057300,16777216,2.39,0,0,0,0
FillBenchmarks.LibraryImport_Span,PInvokeBench,FillBenchmarks,LibraryImport_Span,ShortRun,Default,Default,Default,Default,Default,Default,Default,Default,Default,Default,Default,Default,Default,Default,Default,Default,Default,Default,Default,Default,Default,Default,Default,Default,Default,Default,Default,Default,Default,Default,Default,3,Default,1,Default,Default,Default,Default,Default,Default,Default,3,"ShortRun(IterationCount=3, LaunchCount=1, WarmupCount=3)",Size=256,1,Overhead,Actual,1,40149400,16777216,2.39,0,0,0,0
FillBenchmarks.LibraryImport_Span,PInvokeBench,FillBenchmarks,LibraryImport_Span,ShortRun,Default,Default,Default,Default,Default,Default,Default,Default,Default,Default,Default,Default,Default,Default,Default,Default,Default,Default,Default,Default,Default,Default,Default,Default,Default,Default,Default,Default,Default,Default,Default,3,Default,1,Default,Default,Default,Default,Default,Default,Default,3,"ShortRun(IterationCount=3, LaunchCount=1, WarmupCount=3)",Size=256,1,Overhead,Actual,2,40120300,16777216,2.39,0,0,0,0
FillBenchmarks.LibraryImport_Span,PInvokeBench,FillBenchmarks,LibraryImport_Span,ShortRun,Default,Default,Default,Default,Default,Default,Default,Default,Default,Default,Default,Default,Default,Default,Default,Default,Default,Default,Default,Default,Default,Default,Default,Default,Default,Default,Default,Default,Default,Default,Default,3,Default,1,Default,Default,Default,Default,Default,Default,Default,3,"ShortRun(IterationCount=3, LaunchCount=1, WarmupCount=3)",Size=256,1,Overhead,Actual,3,40077500,16777216,2.39,0,0,0,0
FillBenchmarks.LibraryImport_Span,PInvokeBench,FillBenchmarks,LibraryImport_Span,ShortRun,Default,Default,Default,Default,Default,Default,Default,Default,Default,Default,Default,Default,Default,Default,Default,Default,Default,Default,Default,Default,Default,Default,Default,Default,Default,Default,Default,Default,Default,Default,Default,3,Default,1,Default,Default,Default,Default,Default,Default,Default,3,"ShortRun(IterationCount=3, LaunchCount=1, WarmupCount=3)",Size=256,1,Overhead,Actual,4,40179400,16777216,2.39,0,0,0,0
FillBenchmarks.LibraryImport_Span,PInvokeBench,FillBenchmarks,LibraryImport_Span,ShortRun,Default,Default,Default,Default,Default,Default,Default,Default,Default,Default,Default,Default,Default,Default,Default,Default,Default,Default,Default,Default,Default,Default,Default,Default,Default,Default,Default,Default,Default,Default,Default,3,Default,1,Default,Default,Default,Default,Default,Default,Default,3,"ShortRun(IterationCount=3, LaunchCount=1, WarmupCount=3)",Size=256,1,Overhead,Actual,5,40411100,16777216,2.41,0,0,0,0
FillBenchmarks.LibraryImport_Span,PInvokeBench,FillBenchmarks,LibraryImport_Span,ShortRun,Default,Default,Default,Default,Default,Default,Default,Default,Default,Default,Default,Default,Default,Default,Default,Default,Default,Default,Default,Default,Default,Default,Default,Default,Default,Default,Default,Default,Default,Default,Default,3,Default,1,Default,Default,Default,Default,Default,Default,Default,3,"ShortRun(IterationCount=3, LaunchCount=1, WarmupCount=3)",Size=256,1,Overhead,Actual,6,41120900,16777216,2.45,0,0,0,0
FillBenchmarks.LibraryImport_Span,PInvokeBench,FillBenchmarks,LibraryImport_Span,ShortRun,Default,Default,Default,Default,Default,Default,Default,Default,Default,Default,Default,Default,Default,Default,Default,Default,Default,Default,Default,Default,Default,Default,Default,Default,Default,Default,Default,Default,Default,Default,Default,3,Default,1,Default,Default,Default,Default,Default,Default,Default,3,"ShortRun(IterationCount=3, LaunchCount=1, WarmupCount=3)",Size=256,1,Overhead,Actual,7,41175200,16777216,2.45,0,0,0,0
FillBenchmarks.LibraryImport_Span,PInvokeBench,FillBenchmarks,LibraryImport_Span,ShortRun,Default,Default,Default,Default,Default,Default,Default,Default,Default,Default,Default,Default,Default,Default,Default,Default,Default,Default,Default,Default,Default,Default,Default,Default,Default,Default,Default,Default,Default,Default,Default,3,Default,1,Default,Default,Default,Default,Default,Default,Default,3,"ShortRun(IterationCount=3, LaunchCount=1, WarmupCount=3)",Size=256,1,Overhead,Actual,8,37743800,16777216,2.25,0,0,0,0
FillBenchmarks.LibraryImport_Span,PInvokeBench,FillBenchmarks,LibraryImport_Span,ShortRun,Default,Default,Default,Default,Default,Default,Default,Default,Default,Default,Default,Default,Default,Default,Default,Default,Default,Default,Default,Default,Default,Default,Default,Default,Default,Default,Default,Default,Default,Default,Default,3,Default,1,Default,Default,Default,Default,Default,Default,Default,3,"ShortRun(IterationCount=3, LaunchCount=1, WarmupCount=3)",Size=256,1,Overhead,Actual,9,33103400,16777216,1.97,0,0,0,0
FillBenchmarks.LibraryImport_Span,PInvokeBench,FillBenchmarks,LibraryImport_Span,ShortRun,Default,Default,Default,Default,Default,Default,Default,Default,Default,Default,Default,Default,Default,Default,Default,Default,Default,Default,Default,Default,Default,Default,Default,Default,Default,Default,Default,Default,Default,Default,Default,3,Default,1,Default,Default,Default,Default,Default,Default,Default,3,"ShortRun(IterationCount=3, LaunchCount=1, WarmupCount=3)",Size=256,1,Overhead,Actual,10,32922700,16777216,1.96,0,0,0,0
FillBenchmarks.LibraryImport_Span,PInvokeBench,FillBenchmarks,LibraryImport_Span,ShortRun,Default,Default,Default,Default,Default,Default,Default,Default,Default,Default,Default,Default,Default,Default,Default,Default,Default,Default,Default,Default,Default,Default,Default,Default,Default,Default,Default,Default,Default,Default,Default,3,Default,1,Default,Default,Default,Default,Default,Default,Default,3,"ShortRun(IterationCount=3, LaunchCount=1, WarmupCount=3)",Size=256,1,Overhead,Actual,11,32433000,16777216,1.93,0,0,0,0
FillBenchmarks.LibraryImport_Span,PInvokeBench,FillBenchmarks,LibraryImport_Span,ShortRun,Default,Default,Default,Default,Default,Default,Default,Default,Default,Default,Default,Default,Default,Default,Default,Default,Default,Default,Default,Default,Default,Default,Default,Default,Default,Default,Default,Default,Default,Default,Default,3,Default,1,Default,Default,Default,Default,Default,Default,Default,3,"ShortRun(IterationCount=3, LaunchCount=1, WarmupCount=3)",Size=256,1,Overhead,Actual,12,32492500,16777216,1.94,0,0,0,0
FillBenchmarks.LibraryImport_Span,PInvokeBench,FillBenchmarks,LibraryImport_Span,ShortRun,Default,Default,Default,Default,Default,Default,Default,Default,Default,Default,Default,Default,Default,Default,Default,Default,Default,Default,Default,Default,Default,Default,Default,Default,Default,Default,Default,Default,Default,Default,Default,3,Default,1,Default,Default,Default,Default,Default,Default,Default,3,"ShortRun(IterationCount=3, LaunchCount=1, WarmupCount=3)",Size=256,1,Overhead,Actual,13,32547300,16777216,1.94,0,0,0,0
FillBenchmarks.LibraryImport_Span,PInvokeBench,FillBenchmarks,LibraryImport_Span,ShortRun,Default,Default,Default,Default,Default,Default,Default,Default,Default,Default,Default,Default,Default,Default,Default,Default,Default,Default,Default,Default,Default,Default,Default,Default,Default,Default,Default,Default,Default,Default,Default,3,Default,1,Default,Default,Default,Default,Default,Default,Default,3,"ShortRun(IterationCount=3, LaunchCount=1, WarmupCount=3)",Size=256,1,Overhead,Actual,14,35904100,16777216,2.14,0,0,0,0
FillBenchmarks.LibraryImport_Span,PInvokeBench,FillBenchmarks,LibraryImport_Span,ShortRun,Default,Default,Default,Default,Default,Default,Default,Default,Default,Default,Default,Default,Default,Default,Default,Default,Default,Default,Default,Default,Default,Default,Default,Default,Default,Default,Default,Default,Default,Default,Default,3,Default,1,Default,Default,Default,Default,Default,Default,Default,3,"ShortRun(IterationCount=3, LaunchCount=1, WarmupCount=3)",Size=256,1,Overhead,Actual,15,34958100,16777216,2.08,0,0,0,0
FillBenchmarks.LibraryImport_Span,PInvokeBench,FillBenchmarks,LibraryImport_Span,ShortRun,Default,Default,Default,Default,Default,Default,Default,Default,Default,Default,Default,Default,Default,Default,Default,Default,Default,Default,Default,Default,Default,Default,Default,Default,Default,Default,Default,Default,Default,Default,Default,3,Default,1,Default,Default,Default,Default,Default,Default,Default,3,"ShortRun(IterationCount=3, LaunchCount=1, WarmupCount=3)",Size=256,1,Overhead,Actual,16,37062500,16777216,2.21,0,0,0,0
FillBenchmarks.LibraryImport_Span,PInvokeBench,FillBenchmarks,LibraryImport_Span,ShortRun,Default,Default,Default,Default,Default,Default,Default,Default,Default,Default,Default,Default,Default,Default,Default,Default,Default,Default,Default,Default,Default,Default,Default,Default,Default,Default,Default,Default,Default,Default,Default,3,Default,1,Default,Default,Default,Default,Default,Default,Default,3,"ShortRun(IterationCount=3, LaunchCount=1, WarmupCount=3)",Size=256,1,Overhead,Actual,17,34377000,16777216,2.05,0,0,0,0
FillBenchmarks.LibraryImport_Span,PInvokeBench,FillBenchmarks,LibraryImport_Span,ShortRun,Default,Default,Default,Default,Default,Default,Default,Default,Default,Default,Default,Default,Default,Default,Default,Default,Default,Default,Default,Default,Default,Default,Default,Default,Default,Default,Default,Default,Default,Default,Default,3,Default,1,Default,Default,Default,Default,Default,Default,Default,3,"ShortRun(IterationCount=3, LaunchCount=1, WarmupCount=3)",Size=256,1,Overhead,Actual,18,34906800,16777216,2.08,0,0,0,0
FillBenchmarks.LibraryImport_Span,PInvokeBench,FillBenchmarks,LibraryImport_Span,ShortRun,Default,Default,Default,Default,Default,Default,Default,Default,Default,Default,Default,Default,Default,Default,Default,Default,Default,Default,Default,Default,Default,Default,Default,Default,Default,Default,Default,Default,Default,Default,Default,3,Default,1,Default,Default,Default,Default,Default,Default,Default,3,"ShortRun(IterationCount=3, LaunchCount=1, WarmupCount=3)",Size=256,1,Overhead,Actual,19,33470900,16777216,2,0,0,0,0
FillBenchmarks.LibraryImport_Span,PInvokeBench,FillBenchmarks,LibraryImport_Span,ShortRun,Default,Default,Default,Default,Default,Default,Default,Default,Default,Default,Default,Default,Default,Default,Default,Default,Default,Default,Default,Default,Default,Default,Default,Default,Default,Default,Default,Default,Default,Default,Default,3,Default,1,Default,Default,Default,Default,Default,Default,Default,3,"ShortRun(IterationCount=3, LaunchCount=1, WarmupCount=3)",Size=256,1,Overhead,Actual,20,35403500,16777216,2.11,0,0,0,0
FillBenchmarks.LibraryImport_Span,PInvokeBench,FillBenchmarks,LibraryImport_Span,ShortRun,Default,Default,Default,Default,Default,Default,Default,Default,Default,Default,Default,Default,Default,Default,Default,Default,Default,Default,Default,Default,Default,Default,Default,Default,Default,Default,Default,Default,Default,Default,Default,3,Default,1,Default,Default,Default,Default,Default,Default,Default,3,"ShortRun(IterationCount=3, LaunchCount=1, WarmupCount=3)",Size=256,1,Workload,Warmup,1,679130500,16777216,40.48,0,0,0,0
FillBenchmarks.LibraryImport_Span,PInvokeBench,FillBenchmarks,LibraryImport_Span,ShortRun,Default,Default,Default,Default,Default,Default,Default,Default,Default,Default,Default,Default,Default,Default,Default,Default,Default,Default,Default,Default,Default,Default,Default,Default,Default,Default,Default,Default,Default,Default,Default,3,Default,1,Default,Default,Default,Default,Default,Default,Default,3,"ShortRun(IterationCount=3, LaunchCount=1, WarmupCount=3)",Size=256,1,Workload,Warmup,2,650170200,16777216,38.75,0,0,0,0
FillBenchmarks.LibraryImport_Span,PInvokeBench,FillBenchmarks,LibraryImport_Span,ShortRun,Default,Default,Default,Default,Default,Default,Default,Default,Default,Default,Default,Default,Default,Default,Default,Default,Default,Default,Default,Default,Default,Default,Default,Default,Default,Default,Default,Default,Default,Default,Default,3,Default,1,Default,Default,Default,Default,Default,Default,Default,3,"ShortRun(IterationCount=3, LaunchCount=1, WarmupCount=3)",Size=256,1,Workload,Warmup,3,708741700,16777216,42.24,0,0,0,0
FillBenchmarks.LibraryImport_Span,PInvokeBench,FillBenchmarks,LibraryImport_Span,ShortRun,Default,Default,Default,Default,Default,Default,Default,Default,Default,Default,Default,Default,Default,Default,Default,Default,Default,Default,Default,Default,Default,Default,Default,Default,Default,Default,Default,Default,Default,Default,Default,3,Default,1,Default,Default,Default,Default,Default,Default,Default,3,"ShortRun(IterationCount=3, LaunchCount=1, WarmupCount=3)",Size=256,1,Workload,Actual,1,664274100,16777216,39.59,0,0,0,0
FillBenchmarks.LibraryImport_Span,PInvokeBench,FillBenchmarks,LibraryImport_Span,ShortRun,Default,Default,Default,Default,Default,Default,Default,Default,Default,Default,Default,Default,Default,Default,Default,Default,Default,Default,Default,Default,Default,Default,Default,Default,Default,Default,Default,Default,Default,Default,Default,3,Default,1,Default,Default,Default,Default,Default,Default,Default,3,"ShortRun(IterationCount=3, LaunchCount=1, WarmupCount=3)",Size=256,1,Workload,Actual,2,667553100,16777216,39.79,0,0,0,0
FillBenchmarks.LibraryImport_Span,PInvokeBench,FillBenchmarks,LibraryImport_Span,ShortRun,Default,Default,Default,Default,Default,Default,Default,Default,Default,Default,Default,Default,Default,Default,Default,Default,Default,Default,Default,Default,Default,Default,Default,Default,Default,Default,Default,Default,Default,Default,Default,3,Default,1,Default,Default,Default,Default,Default,Default,Default,3,"ShortRun(IterationCount=3, LaunchCount=1, WarmupCount=3)",Size=256,1,Workload,Actual,3,675199200,16777216,40.25,0,0,0,0
FillBenchmarks.LibraryImport_Span,PInvokeBench,FillBenchmarks,LibraryImport_Span,ShortRun,Default,Default,Default,Default,Default,Default,Default,Default,Default,Default,Default,Default,Default,Default,Default,Default,Default,Default,Default,Default,Default,Default,Default,Default,Default,Default,Default,Default,Default,Default,Default,3,Default,1,Default,Default,Default,Default,Default,Default,Default,3,"ShortRun(IterationCount=3, LaunchCount=1, WarmupCount=3)",Size=256,1,Workload,Result,1,628620300,16777216,37.47,0,0,0,0
FillBenchmarks.LibraryImport_Span,PInvokeBench,FillBenchmarks,LibraryImport_Span,ShortRun,Default,Default,Default,Default,Default,Default,Default,Default,Default,Default,Default,Default,Default,Default,Default,Default,Default,Default,Default,Default,Default,Default,Default,Default,Default,Default,Default,Default,Default,Default,Default,3,Default,1,Default,Default,Default,Default,Default,Default,Default,3,"ShortRun(IterationCount=3, LaunchCount=1, WarmupCount=3)",Size=256,1,Workload,Result,2,631899300,16777216,37.66,0,0,0,0
FillBenchmarks.LibraryImport_Span,PInvokeBench,FillBenchmarks,LibraryImport_Span,ShortRun,Default,Default,Default,Default,Default,Default,Default,Default,Default,Default,Default,Default,Default,Default,Default,Default,Default,Default,Default,Default,Default,Default,Default,Default,Default,Default,Default,Default,Default,Default,Default,3,Default,1,Default,Default,Default,Default,Default,Default,Default,3,"ShortRun(IterationCount=3, LaunchCount=1, WarmupCount=3)",Size=256,1,Workload,Result,3,639545400,16777216,38.12,0,0,0,0
FillBenchmarks.LibraryImport_RefByte,PInvokeBench,FillBenchmarks,LibraryImport_RefByte,ShortRun,Default,Default,Default,Default,Default,Default,Default,Default,Default,Default,Default,Default,Default,Default,Default,Default,Default,Default,Default,Default,Default,Default,Default,Default,Default,Default,Default,Default,Default,Default,Default,3,Default,1,Default,Default,Default,Default,Default,Default,Default,3,"ShortRun(IterationCount=3, LaunchCount=1, WarmupCount=3)",Size=256,1,Overhead,Jitting,1,201000,1,201000,0,0,0,0
FillBenchmarks.LibraryImport_RefByte,PInvokeBench,FillBenchmarks,LibraryImport_RefByte,ShortRun,Default,Default,Default,Default,Default,Default,Default,Default,Default,Default,Default,Default,Default,Default,Default,Default,Default,Default,Default,Default,Default,Default,Default,Default,Default,Default,Default,Default,Default,Default,Default,3,Default,1,Default,Default,Default,Default,Default,Default,Default,3,"ShortRun(IterationCount=3, LaunchCount=1, WarmupCount=3)",Size=256,1,Workload,Jitting,1,607200,1,607200,0,0,0,0
FillBenchmarks.LibraryImport_RefByte,PInvokeBench,FillBenchmarks,LibraryImport_RefByte,ShortRun,Default,Default,Default,Default,Default,Default,Default,Default,Default,Default,Default,Default,Default,Default,Default,Default,Default,Default,Default,Default,Default,Default,Default,Default,Default,Default,Default,Default,Default,Default,Default,3,Default,1,Default,Default,Default,Default,Default,Default,Default,3,"ShortRun(IterationCount=3, LaunchCount=1, WarmupCount=3)",Size=256,1,Overhead,Jitting,2,288200,16,18012.5,0,0,0,0
FillBenchmarks.LibraryImport_RefByte,PInvokeBench,FillBenchmarks,LibraryImport_RefByte,ShortRun,Default,Default,Default,Default,Default,Default,Default,Default,Default,Default,Default,Default,Default,Default,Default,Default,Default,Default,Default,Default,Default,Default,Default,Default,Default,Default,Default,Default,Default,Default,Default,3,Default,1,Default,Default,Default,Default,Default,Default,Default,3,"ShortRun(IterationCount=3, LaunchCount=1, WarmupCount=3)",Size=256,1,Workload,Jitting,2,275500,16,17218.75,0,0,0,0
FillBenchmarks.LibraryImport_RefByte,PInvokeBench,FillBenchmarks,LibraryImport_RefByte,ShortRun,Default,Default,Default,Default,Default,Default,Default,Default,Default,Default,Default,Default,Default,Default,Default,Default,Default,Default,Default,Default,Default,Default,Default,Default,Default,Default,Default,Default,Default,Default,Default,3,Default,1,Default,Default,Default,Default,Default,Default,Default,3,"ShortRun(IterationCount=3, LaunchCount=1, WarmupCount=3)",Size=256,1,Workload,Pilot,1,1800,16,112.5,0,0,0,0
FillBenchmarks.LibraryImport_RefByte,PInvokeBench,FillBenchmarks,LibraryImport_RefByte,ShortRun,Default,Default,Default,Default,Default,Default,Default,Default,Default,Default,Default,Default,Default,Default,Default,Default,Default,Default,Default,Default,Default,Default,Default,Default,Default,Default,Default,Default,Default,Default,Default,3,Default,1,Default,Default,Default,Default,Default,Default,Default,3,"ShortRun(IterationCount=3, LaunchCount=1, WarmupCount=3)",Size=256,1,Workload,Pilot,2,2600,32,81.25,0,0,0,0
FillBenchmarks.LibraryImport_RefByte,PInvokeBench,FillBenchmarks,LibraryImport_RefByte,ShortRun,Default,Default,Default,Default,Default,Default,Default,Default,Default,Default,Default,Default,Default,Default,Default,Default,Default,Default,Default,Default,Default,Default,Default,Default,Default,Default,Default,Default,Default,Default,Default,3,Default,1,Default,Default,Default,Default,Default,Default,Default,3,"ShortRun(IterationCount=3, LaunchCount=1, WarmupCount=3)",Size=256,1,Workload,Pilot,3,4700,64,73.44,0,0,0,0
FillBenchmarks.LibraryImport_RefByte,PInvokeBench,FillBenchmarks,LibraryImport_RefByte,ShortRun,Default,Default,Default,Default,Default,Default,Default,Default,Default,Default,Default,Default,Default,Default,Default,Default,Default,Default,Default,Default,Default,Default,Default,Default,Default,Default,Default,Default,Default,Default,Default,3,Default,1,Default,Default,Default,Default,Default,Default,Default,3,"ShortRun(IterationCount=3, LaunchCount=1, WarmupCount=3)",Size=256,1,Workload,Pilot,4,8200,128,64.06,0,0,0,0
FillBenchmarks.LibraryImport_RefByte,PInvokeBench,FillBenchmarks,LibraryImport_RefByte,ShortRun,Default,Default,Default,Default,Default,Default,Default,Default,Default,Default,Default,Default,Default,Default,Default,Default,Default,Default,Default,Default,Default,Default,Default,Default,Default,Default,Default,Default,Default,Default,Default,3,Default,1,Default,Default,Default,Default,Default,Default,Default,3,"ShortRun(IterationCount=3, LaunchCount=1, WarmupCount=3)",Size=256,1,Workload,Pilot,5,13900,256,54.3,0,0,0,0
FillBenchmarks.LibraryImport_RefByte,PInvokeBench,FillBenchmarks,LibraryImport_RefByte,ShortRun,Default,Default,Default,Default,Default,Default,Default,Default,Default,Default,Default,Default,Default,Default,Default,Default,Default,Default,Default,Default,Default,Default,Default,Default,Default,Default,Default,Default,Default,Default,Default,3,Default,1,Default,Default,Default,Default,Default,Default,Default,3,"ShortRun(IterationCount=3, LaunchCount=1, WarmupCount=3)",Size=256,1,Workload,Pilot,6,26500,512,51.76,0,0,0,0
FillBenchmarks.LibraryImport_RefByte,PInvokeBench,FillBenchmarks,LibraryImport_RefByte,ShortRun,Default,Default,Default,Default,Default,Default,Default,Default,Default,Default,Default,Default,Default,Default,Default,Default,Default,Default,Default,Default,Default,Default,Default,Default,Default,Default,Default,Default,Default,Default,Default,3,Default,1,Default,Default,Default,Default,Default,Default,Default,3,"ShortRun(IterationCount=3, LaunchCount=1, WarmupCount=3)",Size=256,1,Workload,Pilot,7,59900,1024,58.5,0,0,0,0
FillBenchmarks.LibraryImport_RefByte,PInvokeBench,FillBenchmarks,LibraryImport_RefByte,ShortRun,Default,Default,Default,Default,Default,Default,Default,Default,Default,Default,Default,Default,Default,Default,Default,Default,Default,Default,Default,Default,Default,Default,Default,Default,Default,Default,Default,Default,Default,Default,Default,3,Default,1,Default,Default,Default,Default,Default,Default,Default,3,"ShortRun(IterationCount=3, LaunchCount=1, WarmupCount=3)",Size=256,1,Workload,Pilot,8,119100,2048,58.15,0,0,0,0
FillBenchmarks.LibraryImport_RefByte,PInvokeBench,FillBenchmarks,LibraryImport_RefByte,ShortRun,Default,Default,Default,Default,Default,Default,Default,Default,Default,Default,Default,Default,Default,Default,Default,Default,Default,Default,Default,Default,Default,Default,Default,Default,Default,Default,Default,Default,Default,Default,Default,3,Default,1,Default,Default,Default,Default,Default,Default,Default,3,"ShortRun(IterationCount=3, LaunchCount=1, WarmupCount=3)",Size=256,1,Workload,Pilot,9,211600,4096,51.66,0,0,0,0
FillBenchmarks.LibraryImport_RefByte,PInvokeBench,FillBenchmarks,LibraryImport_RefByte,ShortRun,Default,Default,Default,Default,Default,Default,Default,Default,Default,Default,Default,Default,Default,Default,Default,Default,Default,Default,Default,Default,Default,Default,Default,Default,Default,Default,Default,Default,Default,Default,Default,3,Default,1,Default,Default,Default,Default,Default,Default,Default,3,"ShortRun(IterationCount=3, LaunchCount=1, WarmupCount=3)",Size=256,1,Workload,Pilot,10,429600,8192,52.44,0,0,0,0
FillBenchmarks.LibraryImport_RefByte,PInvokeBench,FillBenchmarks,LibraryImport_RefByte,ShortRun,Default,Default,Default,Default,Default,Default,Default,Default,Default,Default,Default,Default,Default,Default,Default,Default,Default,Default,Default,Default,Default,Default,Default,Default,Default,Default,Default,Default,Default,Default,Default,3,Default,1,Default,Default,Default,Default,Default,Default,Default,3,"ShortRun(IterationCount=3, LaunchCount=1, WarmupCount=3)",Size=256,1,Workload,Pilot,11,936800,16384,57.18,0,0,0,0
FillBenchmarks.LibraryImport_RefByte,PInvokeBench,FillBenchmarks,LibraryImport_RefByte,ShortRun,Default,Default,Default,Default,Default,Default,Default,Default,Default,Default,Default,Default,Default,Default,Default,Default,Default,Default,Default,Default,Default,Default,Default,Default,Default,Default,Default,Default,Default,Default,Default,3,Default,1,Default,Default,Default,Default,Default,Default,Default,3,"ShortRun(IterationCount=3, LaunchCount=1, WarmupCount=3)",Size=256,1,Workload,Pilot,12,1881400,32768,57.42,0,0,0,0
FillBenchmarks.LibraryImport_RefByte,PInvokeBench,FillBenchmarks,LibraryImport_RefByte,ShortRun,Default,Default,Default,Default,Default,Default,Default,Default,Default,Default,Default,Default,Default,Default,Default,Default,Default,Default,Default,Default,Default,Default,Default,Default,Default,Default,Default,Default,Default,Default,Default,3,Default,1,Default,Default,Default,Default,Default,Default,Default,3,"ShortRun(IterationCount=3, LaunchCount=1, WarmupCount=3)",Size=256,1,Workload,Pilot,13,3814100,65536,58.2,0,0,0,0
FillBenchmarks.LibraryImport_RefByte,PInvokeBench,FillBenchmarks,LibraryImport_RefByte,ShortRun,Default,Default,Default,Default,Default,Default,Default,Default,Default,Default,Default,Default,Default,Default,Default,Default,Default,Default,Default,Default,Default,Default,Default,Default,Default,Default,Default,Default,Default,Default,Default,3,Default,1,Default,Default,Default,Default,Default,Default,Default,3,"ShortRun(IterationCount=3, LaunchCount=1, WarmupCount=3)",Size=256,1,Workload,Pilot,14,8652600,131072,66.01,0,0,0,0
FillBenchmarks.LibraryImport_RefByte,PInvokeBench,FillBenchmarks,LibraryImport_RefByte,ShortRun,Default,Default,Default,Default,Default,Default,Default,Default,Default,Default,Default,Default,Default,Default,Default,Default,Default,Default,Default,Default,Default,Default,Default,Default,Default,Default,Default,Default,Default,Default,Default,3,Default,1,Default,Default,Default,Default,Default,Default,Default,3,"ShortRun(IterationCount=3, LaunchCount=1, WarmupCount=3)",Size=256,1,Workload,Pilot,15,15019400,262144,57.29,0,0,0,0
FillBenchmarks.LibraryImport_RefByte,PInvokeBench,FillBenchmarks,LibraryImport_RefByte,ShortRun,Default,Default,Default,Default,Default,Default,Default,Default,Default,Default,Default,Default,Default,Default,Default,Default,Default,Default,Default,Default,Default,Default,Default,Default,Default,Default,Default,Default,Default,Default,Default,3,Default,1,Default,Default,Default,Default,Default,Default,Default,3,"ShortRun(IterationCount=3, LaunchCount=1, WarmupCount=3)",Size=256,1,Workload,Pilot,16,29687500,524288,56.62,0,0,0,0
FillBenchmarks.LibraryImport_RefByte,PInvokeBench,FillBenchmarks,LibraryImport_RefByte,ShortRun,Default,Default,Default,Default,Default,Default,Default,Default,Default,Default,Default,Default,Default,Default,Default,Default,Default,Default,Default,Default,Default,Default,Default,Default,Default,Default,Default,Default,Default,Default,Default,3,Default,1,Default,Default,Default,Default,Default,Default,Default,3,"ShortRun(IterationCount=3, LaunchCount=1, WarmupCount=3)",Size=256,1,Workload,Pilot,17,60927700,1048576,58.11,0,0,0,0
FillBenchmarks.LibraryImport_RefByte,PInvokeBench,FillBenchmarks,LibraryImport_RefByte,ShortRun,Default,Default,Default,Default,Default,Default,Default,Default,Default,Default,Default,Default,Default,Default,Default,Default,Default,Default,Default,Default,Default,Default,Default,Default,Default,Default,Default,Default,Default,Default,Default,3,Default,1,Default,Default,Default,Default,Default,Default,Default,3,"ShortRun(IterationCount=3, LaunchCount=1, WarmupCount=3)",Size=256,1,Workload,Pilot,18,92563600,2097152,44.14,0,0,0,0
FillBenchmarks.LibraryImport_RefByte,PInvokeBench,FillBenchmarks,LibraryImport_RefByte,ShortRun,Default,Default,Default,Default,Default,Default,Default,Default,Default,Default,Default,Default,Default,Default,Default,Default,Default,Default,Default,Default,Default,Default,Default,Default,Default,Default,Default,Default,Default,Default,Default,3,Default,1,Default,Default,Default,Default,Default,Default,Default,3,"ShortRun(IterationCount=3, LaunchCount=1, WarmupCount=3)",Size=256,1,Workload,Pilot,19,178820600,4194304,42.63,0,0,0,0
FillBenchmarks.LibraryImport_RefByte,PInvokeBench,FillBenchmarks,LibraryImport_RefByte,ShortRun,Default,Default,Default,Default,Default,Default,Default,Default,Default,Default,Default,Default,Default,Default,Default,Default,Default,Default,Default,Default,Default,Default,Default,Default,Default,Default,Default,Default,Default,Default,Default,3,Default,1,Default,Default,Default,Default,Default,Default,Default,3,"ShortRun(IterationCount=3, LaunchCount=1, WarmupCount=3)",Size=256,1,Workload,Pilot,20,346100000,8388608,41.26,0,0,0,0
FillBenchmarks.LibraryImport_RefByte,PInvokeBench,FillBenchmarks,LibraryImport_RefByte,ShortRun,Default,Default,Default,Default,Default,Default,Default,Default,Default,Default,Default,Default,Default,Default,Default,Default,Default,Default,Default,Default,Default,Default,Default,Default,Default,Default,Default,Default,Default,Default,Default,3,Default,1,Default,Default,Default,Default,Default,Default,Default,3,"ShortRun(IterationCount=3, LaunchCount=1, WarmupCount=3)",Size=256,1,Workload,Pilot,21,696053400,16777216,41.49,0,0,0,0
FillBenchmarks.LibraryImport_RefByte,PInvokeBench,FillBenchmarks,LibraryImport_RefByte,ShortRun,Default,Default,Default,Default,Default,Default,Default,Default,Default,Default,Default,Default,Default,Default,Default,Default,Default,Default,Default,Default,Default,Default,Default,Default,Default,Default,Default,Default,Default,Default,Default,3,Default,1,Default,Default,Default,Default,Default,Default,Default,3,"ShortRun(IterationCount=3, LaunchCount=1, WarmupCount=3)",Size=256,1,Overhead,Warmup,1,37891300,16777216,2.26,0,0,0,0
FillBenchmarks.LibraryImport_RefByte,PInvokeBench,FillBenchmarks,LibraryImport_RefByte,ShortRun,Default,Default,Default,Default,Default,Default,Default,Default,Default,Default,Default,Default,Default,Default,Default,Default,Default,Default,Default,Default,Default,Default,Default,Default,Default,Default,Default,Default,Default,Default,Default,3,Default,1,Default,Default,Default,Default,Default,Default,Default,3,"ShortRun(IterationCount=3, LaunchCount=1, WarmupCount=3)",Size=256,1,Overhead,Warmup,2,39900900,16777216,2.38,0,0,0,0
FillBenchmarks.LibraryImport_RefByte,PInvokeBench,FillBenchmarks,LibraryImport_RefByte,ShortRun,Default,Default,Default,Default,Default,Default,Default,Default,Default,Default,Default,Default,Default,Default,Default,Default,Default,Default,Default,Default,Default,Default,Default,Default,Default,Default,Default,Default,Default,Default,Default,3,Default,1,Default,Default,Default,Default,Default,Default,Default,3,"ShortRun(IterationCount=3, LaunchCount=1, WarmupCount=3)",Size=256,1,Overhead,Warmup,3,40855500,16777216,2.44,0,0,0,0
FillBenchmarks.LibraryImport_RefByte,PInvokeBench,FillBenchmarks,LibraryImport_RefByte,ShortRun,Default,Default,Default,Default,Default,Default,Default,Default,Default,Default,Default,Default,Default,Default,Default,Default,Default,Default,Default,Default,Default,Default,Default,Default,Default,Default,Default,Default,Default,Default,Default,3,Default,1,Default,Default,Default,Default,Default,Default,Default,3,"ShortRun(IterationCount=3, LaunchCount=1, WarmupCount=3)",Size=256,1,Overhead,Warmup,4,40899300,16777216,2.44,0,0,0,0
FillBenchmarks.LibraryImport_RefByte,PInvokeBench,FillBenchmarks,LibraryImport_RefByte,ShortRun,Default,Default,Default,Default,Default,Default,Default,Default,Default,Default,Default,Default,Default,Default,Default,Default,Default,Default,Default,Default,Default,Default,Default,Default,Default,Default,Default,Default,Default,Default,Default,3,Default,1,Default,Default,Default,Default,Default,Default,Default,3,"ShortRun(IterationCount=3, LaunchCount=1, WarmupCount=3)",Size=256,1,Overhead,Warmup,5,40895500,16777216,2.44,0,0,0,0
FillBenchmarks.LibraryImport_RefByte,PInvokeBench,FillBenchmarks,LibraryImport_RefByte,ShortRun,Default,Default,Default,Default,Default,Default,Default,Default,Default,Default,Default,Default,Default,Default,Default,Default,Default,Default,Default,Default,Default,Default,Default,Default,Default,Default,Default,Default,Default,Default,Default,3,Default,1,Default,Default,Default,Default,Default,Default,Default,3,"ShortRun(IterationCount=3, LaunchCount=1, WarmupCount=3)",Size=256,1,Overhead,Warmup,6,40967200,16777216,2.44,0,0,0,0
FillBenchmarks.LibraryImport_RefByte,PInvokeBench,FillBenchmarks,LibraryImport_RefByte,ShortRun,Default,Default,Default,Default,Default,Default,Default,Default,Default,Default,Default,Default,Default,Default,Default,Default,Default,Default,Default,Default,Default,Default,Default,Default,Default,Default,Default,Default,Default,Default,Default,3,Default,1,Default,Default,Default,Default,Default,Default,Default,3,"ShortRun(IterationCount=3, LaunchCount=1, WarmupCount=3)",Size=256,1,Overhead,Warmup,7,39563000,16777216,2.36,0,0,0,0
FillBenchmarks.LibraryImport_RefByte,PInvokeBench,FillBenchmarks,LibraryImport_RefByte,ShortRun,Default,Default,Default,Default,Default,Default,Default,Default,Default,Default,Default,Default,Default,Default,Default,Default,Default,Default,Default,Default,Default,Default,Default,Default,Default,Default,Default,Default,Default,Default,Default,3,Default,1,Default,Default,Default,Default,Default,Default,Default,3,"ShortRun(IterationCount=3, LaunchCount=1, WarmupCount=3)",Size=256,1,Overhead,Actual,1,41030700,16777216,2.45,0,0,0,0
FillBenchmarks.LibraryImport_RefByte,PInvokeBench,FillBenchmarks,LibraryImport_RefByte,ShortRun,Default,Default,Default,Default,Default,Default,Default,Default,Default,Default,Default,Default,Default,Default,Default,Default,Default,Default,Default,Default,Default,Default,Default,Default,Default,Default,Default,Default,Default,Default,Default,3,Default,1,Default,Default,Default,Default,Default,Default,Default,3,"ShortRun(IterationCount=3, LaunchCount=1, WarmupCount=3)",Size=256,1,Overhead,Actual,2,41826100,16777216,2.49,0,0,0,0
FillBenchmarks.LibraryImport_RefByte,PInvokeBench,FillBenchmarks,LibraryImport_RefByte,ShortRun,Default,Default,Default,Default,Default,Default,Default,Default,Default,Default,Default,Default,Default,Default,Default,Default,Default,Default,Default,Default,Default,Default,Default,Default,Default,Default,Default,Default,Default,Default,Default,3,Default,1,Default,Default,Default,Default,Default,Default,Default,3,"ShortRun(IterationCount=3, LaunchCount=1, WarmupCount=3)",Size=256,1,Overhead,Actual,3,39307200,16777216,2.34,0,0,0,0
FillBenchmarks.LibraryImport_RefByte,PInvokeBench,FillBenchmarks,LibraryImport_RefByte,ShortRun,Default,Default,Default,Default,Default,Default,Default,Default,Default,Default,Default,Default,Default,Default,Default,Default,Default,Default,Default,Default,Default,Default,Default,Default,Default,Default,Default,Default,Default,Default,Default,3,Default,1,Default,Default,Default,Default,Default,Default,Default,3,"ShortRun(IterationCount=3, LaunchCount=1, WarmupCount=3)",Size=256,1,Overhead,Actual,4,39594000,16777216,2.36,0,0,0,0
FillBenchmarks.LibraryImport_RefByte,PInvokeBench,FillBenchmarks,LibraryImport_RefByte,ShortRun,Default,Default,Default,Default,Default,Default,Default,Default,Default,Default,Default,Default,Default,Default,Default,Default,Default,Default,Default,Default,Default,Default,Default,Default,Default,Default,Default,Default,Default,Default,Default,3,Default,1,Default,Default,Default,Default,Default,Default,Default,3,"ShortRun(IterationCount=3, LaunchCount=1, WarmupCount=3)",Size=256,1,Overhead,Actual,5,39287100,16777216,2.34,0,0,0,0
FillBenchmarks.LibraryImport_RefByte,PInvokeBench,FillBenchmarks,LibraryImport_RefByte,ShortRun,Default,Default,Default,Default,Default,Default,Default,Default,Default,Default,Default,Default,Default,Default,Default,Default,Default,Default,Default,Default,Default,Default,Default,Default,Default,Default,Default,Default,Default,Default,Default,3,Default,1,Default,Default,Default,Default,Default,Default,Default,3,"ShortRun(IterationCount=3, LaunchCount=1, WarmupCount=3)",Size=256,1,Overhead,Actual,6,39296100,16777216,2.34,0,0,0,0
FillBenchmarks.LibraryImport_RefByte,PInvokeBench,FillBenchmarks,LibraryImport_RefByte,ShortRun,Default,Default,Default,Default,Default,Default,Default,Default,Default,Default,Default,Default,Default,Default,Default,Default,Default,Default,Default,Default,Default,Default,Default,Default,Default,Default,Default,Default,Default,Default,Default,3,Default,1,Default,Default,Default,Default,Default,Default,Default,3,"ShortRun(IterationCount=3, LaunchCount=1, WarmupCount=3)",Size=256,1,Overhead,Actual,7,39249100,16777216,2.34,0,0,0,0
FillBenchmarks.LibraryImport_RefByte,PInvokeBench,FillBenchmarks,LibraryImport_RefByte,ShortRun,Default,Default,Default,Default,Default,Default,Default,Default,Default,Default,Default,Default,Default,Default,Default,Default,Default,Default,Default,Default,Default,Default,Default,Default,Default,Default,Default,Default,Default,Default,Default,3,Default,1,Default,Default,Default,Default,Default,Default,Default,3,"ShortRun(IterationCount=3, LaunchCount=1, WarmupCount=3)",Size=256,1,Overhead,Actual,8,42248700,16777216,2.52,0,0,0,0
FillBenchmarks.LibraryImport_RefByte,PInvokeBench,FillBenchmarks,LibraryImport_RefByte,ShortRun,Default,Default,Default,Default,Default,Default,Default,Default,Default,Default,Default,Default,Default,Default,Default,Default,Default,Default,Default,Default,Default,Default,Default,Default,Default,Default,Default,Default,Default,Default,Default,3,Default,1,Default,Default,Default,Default,Default,Default,Default,3,"ShortRun(IterationCount=3, LaunchCount=1, WarmupCount=3)",Size=256,1,Overhead,Actual,9,40415900,16777216,2.41,0,0,0,0
FillBenchmarks.LibraryImport_RefByte,PInvokeBench,FillBenchmarks,LibraryImport_RefByte,ShortRun,Default,Default,Default,Default,Default,Default,Default,Default,Default,Default,Default,Default,Default,Default,Default,Default,Default,Default,Default,Default,Default,Default,Default,Default,Default,Default,Default,Default,Default,Default,Default,3,Default,1,Default,Default,Default,Default,Default,Default,Default,3,"ShortRun(IterationCount=3, LaunchCount=1, WarmupCount=3)",Size=256,1,Overhead,Actual,10,32453300,16777216,1.93,0,0,0,0
FillBenchmarks.LibraryImport_RefByte,PInvokeBench,FillBenchmarks,LibraryImport_RefByte,ShortRun,Default,Default,Default,Default,Default,Default,Default,Default,Default,Default,Default,Default,Default,Default,Default,Default,Default,Default,Default,Default,Default,Default,Default,Default,Default,Default,Default,Default,Default,Default,Default,3,Default,1,Default,Default,Default,Default,Default,Default,Default,3,"ShortRun(IterationCount=3, LaunchCount=1, WarmupCount=3)",Size=256,1,Overhead,Actual,11,35485500,16777216,2.12,0,0,0,0
FillBenchmarks.LibraryImport_RefByte,PInvokeBench,FillBenchmarks,LibraryImport_RefByte,ShortRun,Default,Default,Default,Default,Default,Default,Default,Default,Default,Default,Default,Default,Default,Default,Default,Default,Default,Default,Default,Default,Default,Default,Default,Default,Default,Default,Default,Default,Default,Default,Default,3,Default,1,Default,Default,Default,Default,Default,Default,Default,3,"ShortRun(IterationCount=3, LaunchCount=1, WarmupCount=3)",Size=256,1,Overhead,Actual,12,34392300,16777216,2.05,0,0,0,0
FillBenchmarks.LibraryImport_RefByte,PInvokeBench,FillBenchmarks,LibraryImport_RefByte,ShortRun,Default,Default,Default,Default,Default,Default,Default,Default,Default,Default,Default,Default,Default,Default,Default,Default,Default,Default,Default,Default,Default,Default,Default,Default,Default,Default,Default,Default,Default,Default,Default,3,Default,1,Default,Default,Default,Default,Default,Default,Default,3,"ShortRun(IterationCount=3, LaunchCount=1, WarmupCount=3)",Size=256,1,Overhead,Actual,13,34265300,16777216,2.04,0,0,0,0
FillBenchmarks.LibraryImport_RefByte,PInvokeBench,FillBenchmarks,LibraryImport_RefByte,ShortRun,Default,Default,Default,Default,Default,Default,Default,Default,Default,Default,Default,Default,Default,Default,Default,Default,Default,Default,Default,Default,Default,Default,Default,Default,Default,Default,Default,Default,Default,Default,Default,3,Default,1,Default,Default,Default,Default,Default,Default,Default,3,"ShortRun(IterationCount=3, LaunchCount=1, WarmupCount=3)",Size=256,1,Overhead,Actual,14,33664100,16777216,2.01,0,0,0,0
FillBenchmarks.LibraryImport_RefByte,PInvokeBench,FillBenchmarks,LibraryImport_RefByte,ShortRun,Default,Default,Default,Default,Default,Default,Default,Default,Default,Default,Default,Default,Default,Default,Default,Default,Default,Default,Default,Default,Default,Default,Default,Default,Default,Default,Default,Default,Default,Default,Default,3,Default,1,Default,Default,Default,Default,Default,Default,Default,3,"ShortRun(IterationCount=3, LaunchCount=1, WarmupCount=3)",Size=256,1,Overhead,Actual,15,35811000,16777216,2.13,0,0,0,0
FillBenchmarks.LibraryImport_RefByte,PInvokeBench,FillBenchmarks,LibraryImport_RefByte,ShortRun,Default,Default,Default,Default,Default,Default,Default,Default,Default,Default,Default,Default,Default,Default,Default,Default,Default,Default,Default,Default,Default,Default,Default,Default,Default,Default,Default,Default,Default,Default,Default,3,Default,1,Default,Default,Default,Default,Default,Default,Default,3,"ShortRun(IterationCount=3, LaunchCount=1, WarmupCount=3)",Size=256,1,Overhead,Actual,16,34204900,16777216,2.04,0,0,0,0
FillBenchmarks.LibraryImport_RefByte,PInvokeBench,FillBenchmarks,LibraryImport_RefByte,ShortRun,Default,Default,Default,Default,Default,Default,Default,Default,Default,Default,Default,Default,Default,Default,Default,Default,Default,Default,Default,Default,Default,Default,Default,Default,Default,Default,Default,Default,Default,Default,Default,3,Default,1,Default,Default,Default,Default,Default,Default,Default,3,"ShortRun(IterationCount=3, LaunchCount=1, WarmupCount=3)",Size=256,1,Overhead,Actual,17,34037000,16777216,2.03,0,0,0,0
FillBenchmarks.LibraryImport_RefByte,PInvokeBench,FillBenchmarks,LibraryImport_RefByte,ShortRun,Default,Default,Default,Default,Default,Default,Default,Default,Default,Default,Default,Default,Default,Default,Default,Default,Default,Default,Default,Default,Default,Default,Default,Default,Default,Default,Default,Default,Default,Default,Default,3,Default,1,Default,Default,Default,Default,Default,Default,Default,3,"ShortRun(IterationCount=3, LaunchCount=1, WarmupCount=3)",Size=256,1,Overhead,Actual,18,33356700,16777216,1.99,0,0,0,0
FillBenchmarks.LibraryImport_RefByte,PInvokeBench,FillBenchmarks,LibraryImport_RefByte,ShortRun,Default,Default,Default,Default,Default,Default,Default,Default,Default,Default,Default,Default,Default,Default,Default,Default,Default,Default,Default,Default,Default,Default,Default,Default,Default,Default,Default,Default,Default,Default,Default,3,Default,1,Default,Default,Default,Default,Default,Default,Default,3,"ShortRun(IterationCount=3, LaunchCount=1, WarmupCount=3)",Size=256,1,Overhead,Actual,19,33138900,16777216,1.98,0,0,0,0
FillBenchmarks.LibraryImport_RefByte,PInvokeBench,FillBenchmarks,LibraryImport_RefByte,ShortRun,Default,Default,Default,Default,Default,Default,Default,Default,Default,Default,Default,Default,Default,Default,Default,Default,Default,Default,Default,Default,Default,Default,Default,Default,Default,Default,Default,Default,Default,Default,Default,3,Default,1,Default,Default,Default,Default,Default,Default,Default,3,"ShortRun(IterationCount=3, LaunchCount=1, WarmupCount=3)",Size=256,1,Overhead,Actual,20,32454500,16777216,1.93,0,0,0,0
FillBenchmarks.LibraryImport_RefByte,PInvokeBench,FillBenchmarks,LibraryImport_RefByte,ShortRun,Default,Default,Default,Default,Default,Default,Default,Default,Default,Default,Default,Default,Default,Default,Default,Default,Default,Default,Default,Default,Default,Default,Default,Default,Default,Default,Default,Default,Default,Default,Default,3,Default,1,Default,Default,Default,Default,Default,Default,Default,3,"ShortRun(IterationCount=3, LaunchCount=1, WarmupCount=3)",Size=256,1,Workload,Warmup,1,703504500,16777216,41.93,0,0,0,0
FillBenchmarks.LibraryImport_RefByte,PInvokeBench,FillBenchmarks,LibraryImport_RefByte,ShortRun,Default,Default,Default,Default,Default,Default,Default,Default,Default,Default,Default,Default,Default,Default,Default,Default,Default,Default,Default,Default,Default,Default,Default,Default,Default,Default,Default,Default,Default,Default,Default,3,Default,1,Default,Default,Default,Default,Default,Default,Default,3,"ShortRun(IterationCount=3, LaunchCount=1, WarmupCount=3)",Size=256,1,Workload,Warmup,2,680616300,16777216,40.57,0,0,0,0
FillBenchmarks.LibraryImport_RefByte,PInvokeBench,FillBenchmarks,LibraryImport_RefByte,ShortRun,Default,Default,Default,Default,Default,Default,Default,Default,Default,Default,Default,Default,Default,Default,Default,Default,Default,Default,Default,Default,Default,Default,Default,Default,Default,Default,Default,Default,Default,Default,Default,3,Default,1,Default,Default,Default,Default,Default,Default,Default,3,"ShortRun(IterationCount=3, LaunchCount=1, WarmupCount=3)",Size=256,1,Workload,Warmup,3,679204800,16777216,40.48,0,0,0,0
FillBenchmarks.LibraryImport_RefByte,PInvokeBench,FillBenchmarks,LibraryImport_RefByte,ShortRun,Default,Default,Default,Default,Default,Default,Default,Default,Default,Default,Default,Default,Default,Default,Default,Default,Default,Default,Default,Default,Default,Default,Default,Default,Default,Default,Default,Default,Default,Default,Default,3,Default,1,Default,Default,Default,Default,Default,Default,Default,3,"ShortRun(IterationCount=3, LaunchCount=1, WarmupCount=3)",Size=256,1,Workload,Actual,1,688074000,16777216,41.01,0,0,0,0
FillBenchmarks.LibraryImport_RefByte,PInvokeBench,FillBenchmarks,LibraryImport_RefByte,ShortRun,Default,Default,Default,Default,Default,Default,Default,Default,Default,Default,Default,Default,Default,Default,Default,Default,Default,Default,Default,Default,Default,Default,Default,Default,Default,Default,Default,Default,Default,Default,Default,3,Default,1,Default,Default,Default,Default,Default,Default,Default,3,"ShortRun(IterationCount=3, LaunchCount=1, WarmupCount=3)",Size=256,1,Workload,Actual,2,685333000,16777216,40.85,0,0,0,0
FillBenchmarks.LibraryImport_RefByte,PInvokeBench,FillBenchmarks,LibraryImport_RefByte,ShortRun,Default,Default,Default,Default,Default,Default,Default,Default,Default,Default,Default,Default,Default,Default,Default,Default,Default,Default,Default,Default,Default,Default,Default,Default,Default,Default,Default,Default,Default,Default,Default,3,Default,1,Default,Default,Default,Default,Default,Default,Default,3,"ShortRun(IterationCount=3, LaunchCount=1, WarmupCount=3)",Size=256,1,Workload,Actual,3,684145000,16777216,40.78,0,0,0,0
FillBenchmarks.LibraryImport_RefByte,PInvokeBench,FillBenchmarks,LibraryImport_RefByte,ShortRun,Default,Default,Default,Default,Default,Default,Default,Default,Default,Default,Default,Default,Default,Default,Default,Default,Default,Default,Default,Default,Default,Default,Default,Default,Default,Default,Default,Default,Default,Default,Default,3,Default,1,Default,Default,Default,Default,Default,Default,Default,3,"ShortRun(IterationCount=3, LaunchCount=1, WarmupCount=3)",Size=256,1,Workload,Result,1,652425750,16777216,38.89,0,0,0,0
FillBenchmarks.LibraryImport_RefByte,PInvokeBench,FillBenchmarks,LibraryImport_RefByte,ShortRun,Default,Default,Default,Default,Default,Default,Default,Default,Default,Default,Default,Default,Default,Default,Default,Default,Default,Default,Default,Default,Default,Default,Default,Default,Default,Default,Default,Default,Default,Default,Default,3,Default,1,Default,Default,Default,Default,Default,Default,Default,3,"ShortRun(IterationCount=3, LaunchCount=1, WarmupCount=3)",Size=256,1,Workload,Result,2,649684750,16777216,38.72,0,0,0,0
FillBenchmarks.LibraryImport_RefByte,PInvokeBench,FillBenchmarks,LibraryImport_RefByte,ShortRun,Default,Default,Default,Default,Default,Default,Default,Default,Default,Default,Default,Default,Default,Default,Default,Default,Default,Default,Default,Default,Default,Default,Default,Default,Default,Default,Default,Default,Default,Default,Default,3,Default,1,Default,Default,Default,Default,Default,Default,Default,3,"ShortRun(IterationCount=3, LaunchCount=1, WarmupCount=3)",Size=256,1,Workload,Result,3,648496750,16777216,38.65,0,0,0,0
FillBenchmarks.LibraryImport_Span_SuppressGC,PInvokeBench,FillBenchmarks,LibraryImport_Span_SuppressGC,ShortRun,Default,Default,Default,Default,Default,Default,Default,Default,Default,Default,Default,Default,Default,Default,Default,Default,Default,Default,Default,Default,Default,Default,Default,Default,Default,Default,Default,Default,Default,Default,Default,3,Default,1,Default,Default,Default,Default,Default,Default,Default,3,"ShortRun(IterationCount=3, LaunchCount=1, WarmupCount=3)",Size=256,1,Overhead,Jitting,1,189400,1,189400,0,0,0,0
FillBenchmarks.LibraryImport_Span_SuppressGC,PInvokeBench,FillBenchmarks,LibraryImport_Span_SuppressGC,ShortRun,Default,Default,Default,Default,Default,Default,Default,Default,Default,Default,Default,Default,Default,Default,Default,Default,Default,Default,Default,Default,Default,Default,Default,Default,Default,Default,Default,Default,Default,Default,Default,3,Default,1,Default,Default,Default,Default,Default,Default,Default,3,"ShortRun(IterationCount=3, LaunchCount=1, WarmupCount=3)",Size=256,1,Workload,Jitting,1,1224100,1,1224100,0,0,0,0
FillBenchmarks.LibraryImport_Span_SuppressGC,PInvokeBench,FillBenchmarks,LibraryImport_Span_SuppressGC,ShortRun,Default,Default,Default,Default,Default,Default,Default,Default,Default,Default,Default,Default,Default,Default,Default,Default,Default,Default,Default,Default,Default,Default,Default,Default,Default,Default,Default,Default,Default,Default,Default,3,Default,1,Default,Default,Default,Default,Default,Default,Default,3,"ShortRun(IterationCount=3, LaunchCount=1, WarmupCount=3)",Size=256,1,Overhead,Jitting,2,293700,16,18356.25,0,0,0,0
FillBenchmarks.LibraryImport_Span_SuppressGC,PInvokeBench,FillBenchmarks,LibraryImport_Span_SuppressGC,ShortRun,Default,Default,Default,Default,Default,Default,Default,Default,Default,Default,Default,Default,Default,Default,Default,Default,Default,Default,Default,Default,Default,Default,Default,Default,Default,Default,Default,Default,Default,Default,Default,3,Default,1,Default,Default,Default,Default,Default,Default,Default,3,"ShortRun(IterationCount=3, LaunchCount=1, WarmupCount=3)",Size=256,1,Workload,Jitting,2,278400,16,17400,0,0,0,0
FillBenchmarks.LibraryImport_Span_SuppressGC,PInvokeBench,FillBenchmarks,LibraryImport_Span_SuppressGC,ShortRun,Default,Default,Default,Default,Default,Default,Default,Default,Default,Default,Default,Default,Default,Default,Default,Default,Default,Default,Default,Default,Default,Default,Default,Default,Default,Default,Default,Default,Default,Default,Default,3,Default,1,Default,Default,Default,Default,Default,Default,Default,3,"ShortRun(IterationCount=3, LaunchCount=1, WarmupCount=3)",Size=256,1,Workload,Pilot,1,1600,16,100,0,0,0,0
FillBenchmarks.LibraryImport_Span_SuppressGC,PInvokeBench,FillBenchmarks,LibraryImport_Span_SuppressGC,ShortRun,Default,Default,Default,Default,Default,Default,Default,Default,Default,Default,Default,Default,Default,Default,Default,Default,Default,Default,Default,Default,Default,Default,Default,Default,Default,Default,Default,Default,Default,Default,Default,3,Default,1,Default,Default,Default,Default,Default,Default,Default,3,"ShortRun(IterationCount=3, LaunchCount=1, WarmupCount=3)",Size=256,1,Workload,Pilot,2,2200,32,68.75,0,0,0,0
FillBenchmarks.LibraryImport_Span_SuppressGC,PInvokeBench,FillBenchmarks,LibraryImport_Span_SuppressGC,ShortRun,Default,Default,Default,Default,Default,Default,Default,Default,Default,Default,Default,Default,Default,Default,Default,Default,Default,Default,Default,Default,Default,Default,Default,Default,Default,Default,Default,Default,Default,Default,Default,3,Default,1,Default,Default,Default,Default,Default,Default,Default,3,"ShortRun(IterationCount=3, LaunchCount=1, WarmupCount=3)",Size=256,1,Workload,Pilot,3,3500,64,54.69,0,0,0,0
FillBenchmarks.LibraryImport_Span_SuppressGC,PInvokeBench,FillBenchmarks,LibraryImport_Span_SuppressGC,ShortRun,Default,Default,Default,Default,Default,Default,Default,Default,Default,Default,Default,Default,Default,Default,Default,Default,Default,Default,Default,Default,Default,Default,Default,Default,Default,Default,Default,Default,Default,Default,Default,3,Default,1,Default,Default,Default,Default,Default,Default,Default,3,"ShortRun(IterationCount=3, LaunchCount=1, WarmupCount=3)",Size=256,1,Workload,Pilot,4,7500,128,58.59,0,0,0,0
FillBenchmarks.LibraryImport_Span_SuppressGC,PInvokeBench,FillBenchmarks,LibraryImport_Span_SuppressGC,ShortRun,Default,Default,Default,Default,Default,Default,Default,Default,Default,Default,Default,Default,Default,Default,Default,Default,Default,Default,Default,Default,Default,Default,Default,Default,Default,Default,Default,Default,Default,Default,Default,3,Default,1,Default,Default,Default,Default,Default,Default,Default,3,"ShortRun(IterationCount=3, LaunchCount=1, WarmupCount=3)",Size=256,1,Workload,Pilot,5,14200,256,55.47,0,0,0,0
FillBenchmarks.LibraryImport_Span_SuppressGC,PInvokeBench,FillBenchmarks,LibraryImport_Span_SuppressGC,ShortRun,Default,Default,Default,Default,Default,Default,Default,Default,Default,Default,Default,Default,Default,Default,Default,Default,Default,Default,Default,Default,Default,Default,Default,Default,Default,Default,Default,Default,Default,Default,Default,3,Default,1,Default,Default,Default,Default,Default,Default,Default,3,"ShortRun(IterationCount=3, LaunchCount=1, WarmupCount=3)",Size=256,1,Workload,Pilot,6,27300,512,53.32,0,0,0,0
FillBenchmarks.LibraryImport_Span_SuppressGC,PInvokeBench,FillBenchmarks,LibraryImport_Span_SuppressGC,ShortRun,Default,Default,Default,Default,Default,Default,Default,Default,Default,Default,Default,Default,Default,Default,Default,Default,Default,Default,Default,Default,Default,Default,Default,Default,Default,Default,Default,Default,Default,Default,Default,3,Default,1,Default,Default,Default,Default,Default,Default,Default,3,"ShortRun(IterationCount=3, LaunchCount=1, WarmupCount=3)",Size=256,1,Workload,Pilot,7,51500,1024,50.29,0,0,0,0
FillBenchmarks.LibraryImport_Span_SuppressGC,PInvokeBench,FillBenchmarks,LibraryImport_Span_SuppressGC,ShortRun,Default,Default,Default,Default,Default,Default,Default,Default,Default,Default,Default,Default,Default,Default,Default,Default,Default,Default,Default,Default,Default,Default,Default,Default,Default,Default,Default,Default,Default,Default,Default,3,Default,1,Default,Default,Default,Default,Default,Default,Default,3,"ShortRun(IterationCount=3, LaunchCount=1, WarmupCount=3)",Size=256,1,Workload,Pilot,8,107900,2048,52.69,0,0,0,0
FillBenchmarks.LibraryImport_Span_SuppressGC,PInvokeBench,FillBenchmarks,LibraryImport_Span_SuppressGC,ShortRun,Default,Default,Default,Default,Default,Default,Default,Default,Default,Default,Default,Default,Default,Default,Default,Default,Default,Default,Default,Default,Default,Default,Default,Default,Default,Default,Default,Default,Default,Default,Default,3,Default,1,Default,Default,Default,Default,Default,Default,Default,3,"ShortRun(IterationCount=3, LaunchCount=1, WarmupCount=3)",Size=256,1,Workload,Pilot,9,213700,4096,52.17,0,0,0,0
FillBenchmarks.LibraryImport_Span_SuppressGC,PInvokeBench,FillBenchmarks,LibraryImport_Span_SuppressGC,ShortRun,Default,Default,Default,Default,Default,Default,Default,Default,Default,Default,Default,Default,Default,Default,Default,Default,Default,Default,Default,Default,Default,Default,Default,Default,Default,Default,Default,Default,Default,Default,Default,3,Default,1,Default,Default,Default,Default,Default,Default,Default,3,"ShortRun(IterationCount=3, LaunchCount=1, WarmupCount=3)",Size=256,1,Workload,Pilot,10,457500,8192,55.85,0,0,0,0
FillBenchmarks.LibraryImport_Span_SuppressGC,PInvokeBench,FillBenchmarks,LibraryImport_Span_SuppressGC,ShortRun,Default,Default,Default,Default,Default,Default,Default,Default,Default,Default,Default,Default,Default,Default,Default,Default,Default,Default,Default,Default,Default,Default,Default,Default,Default,Default,Default,Default,Default,Default,Default,3,Default,1,Default,Default,Default,Default,Default,Default,Default,3,"ShortRun(IterationCount=3, LaunchCount=1, WarmupCount=3)",Size=256,1,Workload,Pilot,11,857200,16384,52.32,0,0,0,0
FillBenchmarks.LibraryImport_Span_SuppressGC,PInvokeBench,FillBenchmarks,LibraryImport_Span_SuppressGC,ShortRun,Default,Default,Default,Default,Default,Default,Default,Default,Default,Default,Default,Default,Default,Default,Default,Default,Default,Default,Default,Default,Default,Default,Default,Default,Default,Default,Default,Default,Default,Default,Default,3,Default,1,Default,Default,Default,Default,Default,Default,Default,3,"ShortRun(IterationCount=3, LaunchCount=1, WarmupCount=3)",Size=256,1,Workload,Pilot,12,1730400,32768,52.81,0,0,0,0
FillBenchmarks.LibraryImport_Span_SuppressGC,PInvokeBench,FillBenchmarks,LibraryImport_Span_SuppressGC,ShortRun,Default,Default,Default,Default,Default,Default,Default,Default,Default,Default,Default,Default,Default,Default,Default,Default,Default,Default,Default,Default,Default,Default,Default,Default,Default,Default,Default,Default,Default,Default,Default,3,Default,1,Default,Default,Default,Default,Default,Default,Default,3,"ShortRun(IterationCount=3, LaunchCount=1, WarmupCount=3)",Size=256,1,Workload,Pilot,13,3434200,65536,52.4,0,0,0,0
FillBenchmarks.LibraryImport_Span_SuppressGC,PInvokeBench,FillBenchmarks,LibraryImport_Span_SuppressGC,ShortRun,Default,Default,Default,Default,Default,Default,Default,Default,Default,Default,Default,Default,Default,Default,Default,Default,Default,Default,Default,Default,Default,Default,Default,Default,Default,Default,Default,Default,Default,Default,Default,3,Default,1,Default,Default,Default,Default,Default,Default,Default,3,"ShortRun(IterationCount=3, LaunchCount=1, WarmupCount=3)",Size=256,1,Workload,Pilot,14,6969000,131072,53.17,0,0,0,0
FillBenchmarks.LibraryImport_Span_SuppressGC,PInvokeBench,FillBenchmarks,LibraryImport_Span_SuppressGC,ShortRun,Default,Default,Default,Default,Default,Default,Default,Default,Default,Default,Default,Default,Default,Default,Default,Default,Default,Default,Default,Default,Default,Default,Default,Default,Default,Default,Default,Default,Default,Default,Default,3,Default,1,Default,Default,Default,Default,Default,Default,Default,3,"ShortRun(IterationCount=3, LaunchCount=1, WarmupCount=3)",Size=256,1,Workload,Pilot,15,13792200,262144,52.61,0,0,0,0
FillBenchmarks.LibraryImport_Span_SuppressGC,PInvokeBench,FillBenchmarks,LibraryImport_Span_SuppressGC,ShortRun,Default,Default,Default,Default,Default,Default,Default,Default,Default,Default,Default,Default,Default,Default,Default,Default,Default,Default,Default,Default,Default,Default,Default,Default,Default,Default,Default,Default,Default,Default,Default,3,Default,1,Default,Default,Default,Default,Default,Default,Default,3,"ShortRun(IterationCount=3, LaunchCount=1, WarmupCount=3)",Size=256,1,Workload,Pilot,16,27682300,524288,52.8,0,0,0,0
FillBenchmarks.LibraryImport_Span_SuppressGC,PInvokeBench,FillBenchmarks,LibraryImport_Span_SuppressGC,ShortRun,Default,Default,Default,Default,Default,Default,Default,Default,Default,Default,Default,Default,Default,Default,Default,Default,Default,Default,Default,Default,Default,Default,Default,Default,Default,Default,Default,Default,Default,Default,Default,3,Default,1,Default,Default,Default,Default,Default,Default,Default,3,"ShortRun(IterationCount=3, LaunchCount=1, WarmupCount=3)",Size=256,1,Workload,Pilot,17,53733400,1048576,51.24,0,0,0,0
FillBenchmarks.LibraryImport_Span_SuppressGC,PInvokeBench,FillBenchmarks,LibraryImport_Span_SuppressGC,ShortRun,Default,Default,Default,Default,Default,Default,Default,Default,Default,Default,Default,Default,Default,Default,Default,Default,Default,Default,Default,Default,Default,Default,Default,Default,Default,Default,Default,Default,Default,Default,Default,3,Default,1,Default,Default,Default,Default,Default,Default,Default,3,"ShortRun(IterationCount=3, LaunchCount=1, WarmupCount=3)",Size=256,1,Workload,Pilot,18,82786400,2097152,39.48,0,0,0,0
FillBenchmarks.LibraryImport_Span_SuppressGC,PInvokeBench,FillBenchmarks,LibraryImport_Span_SuppressGC,ShortRun,Default,Default,Default,Default,Default,Default,Default,Default,Default,Default,Default,Default,Default,Default,Default,Default,Default,Default,Default,Default,Default,Default,Default,Default,Default,Default,Default,Default,Default,Default,Default,3,Default,1,Default,Default,Default,Default,Default,Default,Default,3,"ShortRun(IterationCount=3, LaunchCount=1, WarmupCount=3)",Size=256,1,Workload,Pilot,19,152196300,4194304,36.29,0,0,0,0
FillBenchmarks.LibraryImport_Span_SuppressGC,PInvokeBench,FillBenchmarks,LibraryImport_Span_SuppressGC,ShortRun,Default,Default,Default,Default,Default,Default,Default,Default,Default,Default,Default,Default,Default,Default,Default,Default,Default,Default,Default,Default,Default,Default,Default,Default,Default,Default,Default,Default,Default,Default,Default,3,Default,1,Default,Default,Default,Default,Default,Default,Default,3,"ShortRun(IterationCount=3, LaunchCount=1, WarmupCount=3)",Size=256,1,Workload,Pilot,20,303744800,8388608,36.21,0,0,0,0
FillBenchmarks.LibraryImport_Span_SuppressGC,PInvokeBench,FillBenchmarks,LibraryImport_Span_SuppressGC,ShortRun,Default,Default,Default,Default,Default,Default,Default,Default,Default,Default,Default,Default,Default,Default,Default,Default,Default,Default,Default,Default,Default,Default,Default,Default,Default,Default,Default,Default,Default,Default,Default,3,Default,1,Default,Default,Default,Default,Default,Default,Default,3,"ShortRun(IterationCount=3, LaunchCount=1, WarmupCount=3)",Size=256,1,Workload,Pilot,21,592566500,16777216,35.32,0,0,0,0
FillBenchmarks.LibraryImport_Span_SuppressGC,PInvokeBench,FillBenchmarks,LibraryImport_Span_SuppressGC,ShortRun,Default,Default,Default,Default,Default,Default,Default,Default,Default,Default,Default,Default,Default,Default,Default,Default,Default,Default,Default,Default,Default,Default,Default,Default,Default,Default,Default,Default,Default,Default,Default,3,Default,1,Default,Default,Default,Default,Default,Default,Default,3,"ShortRun(IterationCount=3, LaunchCount=1, WarmupCount=3)",Size=256,1,Overhead,Warmup,1,38188600,16777216,2.28,0,0,0,0
FillBenchmarks.LibraryImport_Span_SuppressGC,PInvokeBench,FillBenchmarks,LibraryImport_Span_SuppressGC,ShortRun,Default,Default,Default,Default,Default,Default,Default,Default,Default,Default,Default,Default,Default,Default,Default,Default,Default,Default,Default,Default,Default,Default,Default,Default,Default,Default,Default,Default,Default,Default,Default,3,Default,1,Default,Default,Default,Default,Default,Default,Default,3,"ShortRun(IterationCount=3, LaunchCount=1, WarmupCount=3)",Size=256,1,Overhead,Warmup,2,40977400,16777216,2.44,0,0,0,0
FillBenchmarks.LibraryImport_Span_SuppressGC,PInvokeBench,FillBenchmarks,LibraryImport_Span_SuppressGC,ShortRun,Default,Default,Default,Default,Default,Default,Default,Default,Default,Default,Default,Default,Default,Default,Default,Default,Default,Default,Default,Default,Default,Default,Default,Default,Default,Default,Default,Default,Default,Default,Default,3,Default,1,Default,Default,Default,Default,Default,Default,Default,3,"ShortRun(IterationCount=3, LaunchCount=1, WarmupCount=3)",Size=256,1,Overhead,Warmup,3,42393100,16777216,2.53,0,0,0,0
FillBenchmarks.LibraryImport_Span_SuppressGC,PInvokeBench,FillBenchmarks,LibraryImport_Span_SuppressGC,ShortRun,Default,Default,Default,Default,Default,Default,Default,Default,Default,Default,Default,Default,Default,Default,Default,Default,Default,Default,Default,Default,Default,Default,Default,Default,Default,Default,Default,Default,Default,Default,Default,3,Default,1,Default,Default,Default,Default,Default,Default,Default,3,"ShortRun(IterationCount=3, LaunchCount=1, WarmupCount=3)",Size=256,1,Overhead,Warmup,4,42010600,16777216,2.5,0,0,0,0
FillBenchmarks.LibraryImport_Span_SuppressGC,PInvokeBench,FillBenchmarks,LibraryImport_Span_SuppressGC,ShortRun,Default,Default,Default,Default,Default,Default,Default,Default,Default,Default,Default,Default,Default,Default,Default,Default,Default,Default,Default,Default,Default,Default,Default,Default,Default,Default,Default,Default,Default,Default,Default,3,Default,1,Default,Default,Default,Default,Default,Default,Default,3,"ShortRun(IterationCount=3, LaunchCount=1, WarmupCount=3)",Size=256,1,Overhead,Warmup,5,41843700,16777216,2.49,0,0,0,0
FillBenchmarks.LibraryImport_Span_SuppressGC,PInvokeBench,FillBenchmarks,LibraryImport_Span_SuppressGC,ShortRun,Default,Default,Default,Default,Default,Default,Default,Default,Default,Default,Default,Default,Default,Default,Default,Default,Default,Default,Default,Default,Default,Default,Default,Default,Default,Default,Default,Default,Default,Default,Default,3,Default,1,Default,Default,Default,Default,Default,Default,Default,3,"ShortRun(IterationCount=3, LaunchCount=1, WarmupCount=3)",Size=256,1,Overhead,Warmup,6,41795400,16777216,2.49,0,0,0,0
FillBenchmarks.LibraryImport_Span_SuppressGC,PInvokeBench,FillBenchmarks,LibraryImport_Span_SuppressGC,ShortRun,Default,Default,Default,Default,Default,Default,Default,Default,Default,Default,Default,Default,Default,Default,Default,Default,Default,Default,Default,Default,Default,Default,Default,Default,Default,Default,Default,Default,Default,Default,Default,3,Default,1,Default,Default,Default,Default,Default,Default,Default,3,"ShortRun(IterationCount=3, LaunchCount=1, WarmupCount=3)",Size=256,1,Overhead,Warmup,7,40091300,16777216,2.39,0,0,0,0
FillBenchmarks.LibraryImport_Span_SuppressGC,PInvokeBench,FillBenchmarks,LibraryImport_Span_SuppressGC,ShortRun,Default,Default,Default,Default,Default,Default,Default,Default,Default,Default,Default,Default,Default,Default,Default,Default,Default,Default,Default,Default,Default,Default,Default,Default,Default,Default,Default,Default,Default,Default,Default,3,Default,1,Default,Default,Default,Default,Default,Default,Default,3,"ShortRun(IterationCount=3, LaunchCount=1, WarmupCount=3)",Size=256,1,Overhead,Warmup,8,40641400,16777216,2.42,0,0,0,0
FillBenchmarks.LibraryImport_Span_SuppressGC,PInvokeBench,FillBenchmarks,LibraryImport_Span_SuppressGC,ShortRun,Default,Default,Default,Default,Default,Default,Default,Default,Default,Default,Default,Default,Default,Default,Default,Default,Default,Default,Default,Default,Default,Default,Default,Default,Default,Default,Default,Default,Default,Default,Default,3,Default,1,Default,Default,Default,Default,Default,Default,Default,3,"ShortRun(IterationCount=3, LaunchCount=1, WarmupCount=3)",Size=256,1,Overhead,Warmup,9,31451500,16777216,1.87,0,0,0,0
FillBenchmarks.LibraryImport_Span_SuppressGC,PInvokeBench,FillBenchmarks,LibraryImport_Span_SuppressGC,ShortRun,Default,Default,Default,Default,Default,Default,Default,Default,Default,Default,Default,Default,Default,Default,Default,Default,Default,Default,Default,Default,Default,Default,Default,Default,Default,Default,Default,Default,Default,Default,Default,3,Default,1,Default,Default,Default,Default,Default,Default,Default,3,"ShortRun(IterationCount=3, LaunchCount=1, WarmupCount=3)",Size=256,1,Overhead,Actual,1,32700300,16777216,1.95,0,0,0,0
FillBenchmarks.LibraryImport_Span_SuppressGC,PInvokeBench,FillBenchmarks,LibraryImport_Span_SuppressGC,ShortRun,Default,Default,Default,Default,Default,Default,Default,Default,Default,Default,Default,Default,Default,Default,Default,Default,Default,Default,Default,Default,Default,Default,Default,Default,Default,Default,Default,Default,Default,Default,Default,3,Default,1,Default,Default,Default,Default,Default,Default,Default,3,"ShortRun(IterationCount=3, LaunchCount=1, WarmupCount=3)",Size=256,1,Overhead,Actual,2,33001600,16777216,1.97,0,0,0,0
FillBenchmarks.LibraryImport_Span_SuppressGC,PInvokeBench,FillBenchmarks,LibraryImport_Span_SuppressGC,ShortRun,Default,Default,Default,Default,Default,Default,Default,Default,Default,Default,Default,Default,Default,Default,Default,Default,Default,Default,Default,Default,Default,Default,Default,Default,Default,Default,Default,Default,Default,Default,Default,3,Default,1,Default,Default,Default,Default,Default,Default,Default,3,"ShortRun(IterationCount=3, LaunchCount=1, WarmupCount=3)",Size=256,1,Overhead,Actual,3,30886400,16777216,1.84,0,0,0,0
FillBenchmarks.LibraryImport_Span_SuppressGC,PInvokeBench,FillBenchmarks,LibraryImport_Span_SuppressGC,ShortRun,Default,Default,Default,Default,Default,Default,Default,Default,Default,Default,Default,Default,Default,Default,Default,Default,Default,Default,Default,Default,Default,Default,Default,Default,Default,Default,Default,Default,Default,Default,Default,3,Default,1,Default,Default,Default,Default,Default,Default,Default,3,"ShortRun(IterationCount=3, LaunchCount=1, WarmupCount=3)",Size=256,1,Overhead,Actual,4,30886100,16777216,1.84,0,0,0,0
FillBenchmarks.LibraryImport_Span_SuppressGC,PInvokeBench,FillBenchmarks,LibraryImport_Span_SuppressGC,ShortRun,Default,Default,Default,Default,Default,Default,Default,Default,Default,Default,Default,Default,Default,Default,Default,Default,Default,Default,Default,Default,Default,Default,Default,Default,Default,Default,Default,Default,Default,Default,Default,3,Default,1,Default,Default,Default,Default,Default,Default,Default,3,"ShortRun(IterationCount=3, LaunchCount=1, WarmupCount=3)",Size=256,1,Overhead,Actual,5,30895500,16777216,1.84,0,0,0,0
FillBenchmarks.LibraryImport_Span_SuppressGC,PInvokeBench,FillBenchmarks,LibraryImport_Span_SuppressGC,ShortRun,Default,Default,Default,Default,Default,Default,Default,Default,Default,Default,Default,Default,Default,Default,Default,Default,Default,Default,Default,Default,Default,Default,Default,Default,Default,Default,Default,Default,Default,Default,Default,3,Default,1,Default,Default,Default,Default,Default,Default,Default,3,"ShortRun(IterationCount=3, LaunchCount=1, WarmupCount=3)",Size=256,1,Overhead,Actual,6,30834100,16777216,1.84,0,0,0,0
FillBenchmarks.LibraryImport_Span_SuppressGC,PInvokeBench,FillBenchmarks,LibraryImport_Span_SuppressGC,ShortRun,Default,Default,Default,Default,Default,Default,Default,Default,Default,Default,Default,Default,Default,Default,Default,Default,Default,Default,Default,Default,Default,Default,Default,Default,Default,Default,Default,Default,Default,Default,Default,3,Default,1,Default,Default,Default,Default,Default,Default,Default,3,"ShortRun(IterationCount=3, LaunchCount=1, WarmupCount=3)",Size=256,1,Overhead,Actual,7,30841800,16777216,1.84,0,0,0,0
FillBenchmarks.LibraryImport_Span_SuppressGC,PInvokeBench,FillBenchmarks,LibraryImport_Span_SuppressGC,ShortRun,Default,Default,Default,Default,Default,Default,Default,Default,Default,Default,Default,Default,Default,Default,Default,Default,Default,Default,Default,Default,Default,Default,Default,Default,Default,Default,Default,Default,Default,Default,Default,3,Default,1,Default,Default,Default,Default,Default,Default,Default,3,"ShortRun(IterationCount=3, LaunchCount=1, WarmupCount=3)",Size=256,1,Overhead,Actual,8,30942400,16777216,1.84,0,0,0,0
FillBenchmarks.LibraryImport_Span_SuppressGC,PInvokeBench,FillBenchmarks,LibraryImport_Span_SuppressGC,ShortRun,Default,Default,Default,Default,Default,Default,Default,Default,Default,Default,Default,Default,Default,Default,Default,Default,Default,Default,Default,Default,Default,Default,Default,Default,Default,Default,Default,Default,Default,Default,Default,3,Default,1,Default,Default,Default,Default,Default,Default,Default,3,"ShortRun(IterationCount=3, LaunchCount=1, WarmupCount=3)",Size=256,1,Overhead,Actual,9,30891300,16777216,1.84,0,0,0,0
FillBenchmarks.LibraryImport_Span_SuppressGC,PInvokeBench,FillBenchmarks,LibraryImport_Span_SuppressGC,ShortRun,Default,Default,Default,Default,Default,Default,Default,Default,Default,Default,Default,Default,Default,Default,Default,Default,Default,Default,Default,Default,Default,Default,Default,Default,Default,Default,Default,Default,Default,Default,Default,3,Default,1,Default,Default,Default,Default,Default,Default,Default,3,"ShortRun(IterationCount=3, LaunchCount=1, WarmupCount=3)",Size=256,1,Overhead,Actual,10,30799500,16777216,1.84,0,0,0,0
FillBenchmarks.LibraryImport_Span_SuppressGC,PInvokeBench,FillBenchmarks,LibraryImport_Span_SuppressGC,ShortRun,Default,Default,Default,Default,Default,Default,Default,Default,Default,Default,Default,Default,Default,Default,Default,Default,Default,Default,Default,Default,Default,Default,Default,Default,Default,Default,Default,Default,Default,Default,Default,3,Default,1,Default,Default,Default,Default,Default,Default,Default,3,"ShortRun(IterationCount=3, LaunchCount=1, WarmupCount=3)",Size=256,1,Overhead,Actual,11,30900100,16777216,1.84,0,0,0,0
FillBenchmarks.LibraryImport_Span_SuppressGC,PInvokeBench,FillBenchmarks,LibraryImport_Span_SuppressGC,ShortRun,Default,Default,Default,Default,Default,Default,Default,Default,Default,Default,Default,Default,Default,Default,Default,Default,Default,Default,Default,Default,Default,Default,Default,Default,Default,Default,Default,Default,Default,Default,Default,3,Default,1,Default,Default,Default,Default,Default,Default,Default,3,"ShortRun(IterationCount=3, LaunchCount=1, WarmupCount=3)",Size=256,1,Overhead,Actual,12,31584100,16777216,1.88,0,0,0,0
FillBenchmarks.LibraryImport_Span_SuppressGC,PInvokeBench,FillBenchmarks,LibraryImport_Span_SuppressGC,ShortRun,Default,Default,Default,Default,Default,Default,Default,Default,Default,Default,Default,Default,Default,Default,Default,Default,Default,Default,Default,Default,Default,Default,Default,Default,Default,Default,Default,Default,Default,Default,Default,3,Default,1,Default,Default,Default,Default,Default,Default,Default,3,"ShortRun(IterationCount=3, LaunchCount=1, WarmupCount=3)",Size=256,1,Overhead,Actual,13,31593000,16777216,1.88,0,0,0,0
FillBenchmarks.LibraryImport_Span_SuppressGC,PInvokeBench,FillBenchmarks,LibraryImport_Span_SuppressGC,ShortRun,Default,Default,Default,Default,Default,Default,Default,Default,Default,Default,Default,Default,Default,Default,Default,Default,Default,Default,Default,Default,Default,Default,Default,Default,Default,Default,Default,Default,Default,Default,Default,3,Default,1,Default,Default,Default,Default,Default,Default,Default,3,"ShortRun(IterationCount=3, LaunchCount=1, WarmupCount=3)",Size=256,1,Overhead,Actual,14,31404900,16777216,1.87,0,0,0,0
FillBenchmarks.LibraryImport_Span_SuppressGC,PInvokeBench,FillBenchmarks,LibraryImport_Span_SuppressGC,ShortRun,Default,Default,Default,Default,Default,Default,Default,Default,Default,Default,Default,Default,Default,Default,Default,Default,Default,Default,Default,Default,Default,Default,Default,Default,Default,Default,Default,Default,Default,Default,Default,3,Default,1,Default,Default,Default,Default,Default,Default,Default,3,"ShortRun(IterationCount=3, LaunchCount=1, WarmupCount=3)",Size=256,1,Overhead,Actual,15,30813900,16777216,1.84,0,0,0,0
FillBenchmarks.LibraryImport_Span_SuppressGC,PInvokeBench,FillBenchmarks,LibraryImport_Span_SuppressGC,ShortRun,Default,Default,Default,Default,Default,Default,Default,Default,Default,Default,Default,Default,Default,Default,Default,Default,Default,Default,Default,Default,Default,Default,Default,Default,Default,Default,Default,Default,Default,Default,Default,3,Default,1,Default,Default,Default,Default,Default,Default,Default,3,"ShortRun(IterationCount=3, LaunchCount=1, WarmupCount=3)",Size=256,1,Workload,Warmup,1,608227100,16777216,36.25,0,0,0,0
FillBenchmarks.LibraryImport_Span_SuppressGC,PInvokeBench,FillBenchmarks,LibraryImport_Span_SuppressGC,ShortRun,Default,Default,Default,Default,Default,Default,Default,Default,Default,Default,Default,Default,Default,Default,Default,Default,Default,Default,Default,Default,Default,Default,Default,Default,Default,Default,Default,Default,Default,Default,Default,3,Default,1,Default,Default,Default,Default,Default,Default,Default,3,"ShortRun(IterationCount=3, LaunchCount=1, WarmupCount=3)",Size=256,1,Workload,Warmup,2,589275000,16777216,35.12,0,0,0,0
FillBenchmarks.LibraryImport_Span_SuppressGC,PInvokeBench,FillBenchmarks,LibraryImport_Span_SuppressGC,ShortRun,Default,Default,Default,Default,Default,Default,Default,Default,Default,Default,Default,Default,Default,Default,Default,Default,Default,Default,Default,Default,Default,Default,Default,Default,Default,Default,Default,Default,Default,Default,Default,3,Default,1,Default,Default,Default,Default,Default,Default,Default,3,"ShortRun(IterationCount=3, LaunchCount=1, WarmupCount=3)",Size=256,1,Workload,Warmup,3,588932500,16777216,35.1,0,0,0,0
FillBenchmarks.LibraryImport_Span_SuppressGC,PInvokeBench,FillBenchmarks,LibraryImport_Span_SuppressGC,ShortRun,Default,Default,Default,Default,Default,Default,Default,Default,Default,Default,Default,Default,Default,Default,Default,Default,Default,Default,Default,Default,Default,Default,Default,Default,Default,Default,Default,Default,Default,Default,Default,3,Default,1,Default,Default,Default,Default,Default,Default,Default,3,"ShortRun(IterationCount=3, LaunchCount=1, WarmupCount=3)",Size=256,1,Workload,Actual,1,626817300,16777216,37.36,0,0,0,0
FillBenchmarks.LibraryImport_Span_SuppressGC,PInvokeBench,FillBenchmarks,LibraryImport_Span_SuppressGC,ShortRun,Default,Default,Default,Default,Default,Default,Default,Default,Default,Default,Default,Default,Default,Default,Default,Default,Default,Default,Default,Default,Default,Default,Default,Default,Default,Default,Default,Default,Default,Default,Default,3,Default,1,Default,Default,Default,Default,Default,Default,Default,3,"ShortRun(IterationCount=3, LaunchCount=1, WarmupCount=3)",Size=256,1,Workload,Actual,2,614971500,16777216,36.66,0,0,0,0
FillBenchmarks.LibraryImport_Span_SuppressGC,PInvokeBench,FillBenchmarks,LibraryImport_Span_SuppressGC,ShortRun,Default,Default,Default,Default,Default,Default,Default,Default,Default,Default,Default,Default,Default,Default,Default,Default,Default,Default,Default,Default,Default,Default,Default,Default,Default,Default,Default,Default,Default,Default,Default,3,Default,1,Default,Default,Default,Default,Default,Default,Default,3,"ShortRun(IterationCount=3, LaunchCount=1, WarmupCount=3)",Size=256,1,Workload,Actual,3,594574600,16777216,35.44,0,0,0,0
FillBenchmarks.LibraryImport_Span_SuppressGC,PInvokeBench,FillBenchmarks,LibraryImport_Span_SuppressGC,ShortRun,Default,Default,Default,Default,Default,Default,Default,Default,Default,Default,Default,Default,Default,Default,Default,Default,Default,Default,Default,Default,Default,Default,Default,Default,Default,Default,Default,Default,Default,Default,Default,3,Default,1,Default,Default,Default,Default,Default,Default,Default,3,"ShortRun(IterationCount=3, LaunchCount=1, WarmupCount=3)",Size=256,1,Workload,Result,1,595921800,16777216,35.52,0,0,0,0
FillBenchmarks.LibraryImport_Span_SuppressGC,PInvokeBench,FillBenchmarks,LibraryImport_Span_SuppressGC,ShortRun,Default,Default,Default,Default,Default,Default,Default,Default,Default,Default,Default,Default,Default,Default,Default,Default,Default,Default,Default,Default,Default,Default,Default,Default,Default,Default,Default,Default,Default,Default,Default,3,Default,1,Default,Default,Default,Default,Default,Default,Default,3,"ShortRun(IterationCount=3, LaunchCount=1, WarmupCount=3)",Size=256,1,Workload,Result,2,584076000,16777216,34.81,0,0,0,0
FillBenchmarks.LibraryImport_Span_SuppressGC,PInvokeBench,FillBenchmarks,LibraryImport_Span_SuppressGC,ShortRun,Default,Default,Default,Default,Default,Default,Default,Default,Default,Default,Default,Default,Default,Default,Default,Default,Default,Default,Default,Default,Default,Default,Default,Default,Default,Default,Default,Default,Default,Default,Default,3,Default,1,Default,Default,Default,Default,Default,Default,Default,3,"ShortRun(IterationCount=3, LaunchCount=1, WarmupCount=3)",Size=256,1,Workload,Result,3,563679100,16777216,33.6,0,0,0,0
FillBenchmarks.LibraryImport_RefByte_SuppressGC,PInvokeBench,FillBenchmarks,LibraryImport_RefByte_SuppressGC,ShortRun,Default,Default,Default,Default,Default,Default,Default,Default,Default,Default,Default,Default,Default,Default,Default,Default,Default,Default,Default,Default,Default,Default,Default,Default,Default,Default,Default,Default,Default,Default,Default,3,Default,1,Default,Default,Default,Default,Default,Default,Default,3,"ShortRun(IterationCount=3, LaunchCount=1, WarmupCount=3)",Size=256,1,Overhead,Jitting,1,191800,1,191800,0,0,0,0
FillBenchmarks.LibraryImport_RefByte_SuppressGC,PInvokeBench,FillBenchmarks,LibraryImport_RefByte_SuppressGC,ShortRun,Default,Default,Default,Default,Default,Default,Default,Default,Default,Default,Default,Default,Default,Default,Default,Default,Default,Default,Default,Default,Default,Default,Default,Default,Default,Default,Default,Default,Default,Default,Default,3,Default,1,Default,Default,Default,Default,Default,Default,Default,3,"ShortRun(IterationCount=3, LaunchCount=1, WarmupCount=3)",Size=256,1,Workload,Jitting,1,609600,1,609600,0,0,0,0
FillBenchmarks.LibraryImport_RefByte_SuppressGC,PInvokeBench,FillBenchmarks,LibraryImport_RefByte_SuppressGC,ShortRun,Default,Default,Default,Default,Default,Default,Default,Default,Default,Default,Default,Default,Default,Default,Default,Default,Default,Default,Default,Default,Default,Default,Default,Default,Default,Default,Default,Default,Default,Default,Default,3,Default,1,Default,Default,Default,Default,Default,Default,Default,3,"ShortRun(IterationCount=3, LaunchCount=1, WarmupCount=3)",Size=256,1,Overhead,Jitting,2,283000,16,17687.5,0,0,0,0
FillBenchmarks.LibraryImport_RefByte_SuppressGC,PInvokeBench,FillBenchmarks,LibraryImport_RefByte_SuppressGC,ShortRun,Default,Default,Default,Default,Default,Default,Default,Default,Default,Default,Default,Default,Default,Default,Default,Default,Default,Default,Default,Default,Default,Default,Default,Default,Default,Default,Default,Default,Default,Default,Default,3,Default,1,Default,Default,Default,Default,Default,Default,Default,3,"ShortRun(IterationCount=3, LaunchCount=1, WarmupCount=3)",Size=256,1,Workload,Jitting,2,275200,16,17200,0,0,0,0
FillBenchmarks.LibraryImport_RefByte_SuppressGC,PInvokeBench,FillBenchmarks,LibraryImport_RefByte_SuppressGC,ShortRun,Default,Default,Default,Default,Default,Default,Default,Default,Default,Default,Default,Default,Default,Default,Default,Default,Default,Default,Default,Default,Default,Default,Default,Default,Default,Default,Default,Default,Default,Default,Default,3,Default,1,Default,Default,Default,Default,Default,Default,Default,3,"ShortRun(IterationCount=3, LaunchCount=1, WarmupCount=3)",Size=256,1,Workload,Pilot,1,1500,16,93.75,0,0,0,0
FillBenchmarks.LibraryImport_RefByte_SuppressGC,PInvokeBench,FillBenchmarks,LibraryImport_RefByte_SuppressGC,ShortRun,Default,Default,Default,Default,Default,Default,Default,Default,Default,Default,Default,Default,Default,Default,Default,Default,Default,Default,Default,Default,Default,Default,Default,Default,Default,Default,Default,Default,Default,Default,Default,3,Default,1,Default,Default,Default,Default,Default,Default,Default,3,"ShortRun(IterationCount=3, LaunchCount=1, WarmupCount=3)",Size=256,1,Workload,Pilot,2,2300,32,71.88,0,0,0,0
FillBenchmarks.LibraryImport_RefByte_SuppressGC,PInvokeBench,FillBenchmarks,LibraryImport_RefByte_SuppressGC,ShortRun,Default,Default,Default,Default,Default,Default,Default,Default,Default,Default,Default,Default,Default,Default,Default,Default,Default,Default,Default,Default,Default,Default,Default,Default,Default,Default,Default,Default,Default,Default,Default,3,Default,1,Default,Default,Default,Default,Default,Default,Default,3,"ShortRun(IterationCount=3, LaunchCount=1, WarmupCount=3)",Size=256,1,Workload,Pilot,3,4300,64,67.19,0,0,0,0
FillBenchmarks.LibraryImport_RefByte_SuppressGC,PInvokeBench,FillBenchmarks,LibraryImport_RefByte_SuppressGC,ShortRun,Default,Default,Default,Default,Default,Default,Default,Default,Default,Default,Default,Default,Default,Default,Default,Default,Default,Default,Default,Default,Default,Default,Default,Default,Default,Default,Default,Default,Default,Default,Default,3,Default,1,Default,Default,Default,Default,Default,Default,Default,3,"ShortRun(IterationCount=3, LaunchCount=1, WarmupCount=3)",Size=256,1,Workload,Pilot,4,6400,128,50,0,0,0,0
FillBenchmarks.LibraryImport_RefByte_SuppressGC,PInvokeBench,FillBenchmarks,LibraryImport_RefByte_SuppressGC,ShortRun,Default,Default,Default,Default,Default,Default,Default,Default,Default,Default,Default,Default,Default,Default,Default,Default,Default,Default,Default,Default,Default,Default,Default,Default,Default,Default,Default,Default,Default,Default,Default,3,Default,1,Default,Default,Default,Default,Default,Default,Default,3,"ShortRun(IterationCount=3, LaunchCount=1, WarmupCount=3)",Size=256,1,Workload,Pilot,5,12000,256,46.88,0,0,0,0
FillBenchmarks.LibraryImport_RefByte_SuppressGC,PInvokeBench,FillBenchmarks,LibraryImport_RefByte_SuppressGC,ShortRun,Default,Default,Default,Default,Default,Default,Default,Default,Default,Default,Default,Default,Default,Default,Default,Default,Default,Default,Default,Default,Default,Default,Default,Default,Default,Default,Default,Default,Default,Default,Default,3,Default,1,Default,Default,Default,Default,Default,Default,Default,3,"ShortRun(IterationCount=3, LaunchCount=1, WarmupCount=3)",Size=256,1,Workload,Pilot,6,29700,512,58.01,0,0,0,0
FillBenchmarks.LibraryImport_RefByte_SuppressGC,PInvokeBench,FillBenchmarks,LibraryImport_RefByte_SuppressGC,ShortRun,Default,Default,Default,Default,Default,Default,Default,Default,Default,Default,Default,Default,Default,Default,Default,Default,Default,Default,Default,Default,Default,Default,Default,Default,Default,Default,Default,Default,Default,Default,Default,3,Default,1,Default,Default,Default,Default,Default,Default,Default,3,"ShortRun(IterationCount=3, LaunchCount=1, WarmupCount=3)",Size=256,1,Workload,Pilot,7,47900,1024,46.78,0,0,0,0
FillBenchmarks.LibraryImport_RefByte_SuppressGC,PInvokeBench,FillBenchmarks,LibraryImport_RefByte_SuppressGC,ShortRun,Default,Default,Default,Default,Default,Default,Default,Default,Default,Default,Default,Default,Default,Default,Default,Default,Default,Default,Default,Default,Default,Default,Default,Default,Default,Default,Default,Default,Default,Default,Default,3,Default,1,Default,Default,Default,Default,Default,Default,Default,3,"ShortRun(IterationCount=3, LaunchCount=1, WarmupCount=3)",Size=256,1,Workload,Pilot,8,92700,2048,45.26,0,0,0,0
FillBenchmarks.LibraryImport_RefByte_SuppressGC,PInvokeBench,FillBenchmarks,LibraryImport_RefByte_SuppressGC,ShortRun,Default,Default,Default,Default,Default,Default,Default,Default,Default,Default,Default,Default,Default,Default,Default,Default,Default,Default,Default,Default,Default,Default,Default,Default,Default,Default,Default,Default,Default,Default,Default,3,Default,1,Default,Default,Default,Default,Default,Default,Default,3,"ShortRun(IterationCount=3, LaunchCount=1, WarmupCount=3)",Size=256,1,Workload,Pilot,9,190400,4096,46.48,0,0,0,0
FillBenchmarks.LibraryImport_RefByte_SuppressGC,PInvokeBench,FillBenchmarks,LibraryImport_RefByte_SuppressGC,ShortRun,Default,Default,Default,Default,Default,Default,Default,Default,Default,Default,Default,Default,Default,Default,Default,Default,Default,Default,Default,Default,Default,Default,Default,Default,Default,Default,Default,Default,Default,Default,Default,3,Default,1,Default,Default,Default,Default,Default,Default,Default,3,"ShortRun(IterationCount=3, LaunchCount=1, WarmupCount=3)",Size=256,1,Workload,Pilot,10,385900,8192,47.11,0,0,0,0
FillBenchmarks.LibraryImport_RefByte_SuppressGC,PInvokeBench,FillBenchmarks,LibraryImport_RefByte_SuppressGC,ShortRun,Default,Default,Default,Default,Default,Default,Default,Default,Default,Default,Default,Default,Default,Default,Default,Default,Default,Default,Default,Default,Default,Default,Default,Default,Default,Default,Default,Default,Default,Default,Default,3,Default,1,Default,Default,Default,Default,Default,Default,Default,3,"ShortRun(IterationCount=3, LaunchCount=1, WarmupCount=3)",Size=256,1,Workload,Pilot,11,739700,16384,45.15,0,0,0,0
FillBenchmarks.LibraryImport_RefByte_SuppressGC,PInvokeBench,FillBenchmarks,LibraryImport_RefByte_SuppressGC,ShortRun,Default,Default,Default,Default,Default,Default,Default,Default,Default,Default,Default,Default,Default,Default,Default,Default,Default,Default,Default,Default,Default,Default,Default,Default,Default,Default,Default,Default,Default,Default,Default,3,Default,1,Default,Default,Default,Default,Default,Default,Default,3,"ShortRun(IterationCount=3, LaunchCount=1, WarmupCount=3)",Size=256,1,Workload,Pilot,12,1650300,32768,50.36,0,0,0,0
FillBenchmarks.LibraryImport_RefByte_SuppressGC,PInvokeBench,FillBenchmarks,LibraryImport_RefByte_SuppressGC,ShortRun,Default,Default,Default,Default,Default,Default,Default,Default,Default,Default,Default,Default,Default,Default,Default,Default,Default,Default,Default,Default,Default,Default,Default,Default,Default,Default,Default,Default,Default,Default,Default,3,Default,1,Default,Default,Default,Default,Default,Default,Default,3,"ShortRun(IterationCount=3, LaunchCount=1, WarmupCount=3)",Size=256,1,Workload,Pilot,13,4508000,65536,68.79,0,0,0,0
FillBenchmarks.LibraryImport_RefByte_SuppressGC,PInvokeBench,FillBenchmarks,LibraryImport_RefByte_SuppressGC,ShortRun,Default,Default,Default,Default,Default,Default,Default,Default,Default,Default,Default,Default,Default,Default,Default,Default,Default,Default,Default,Default,Default,Default,Default,Default,Default,Default,Default,Default,Default,Default,Default,3,Default,1,Default,Default,Default,Default,Default,Default,Default,3,"ShortRun(IterationCount=3, LaunchCount=1, WarmupCount=3)",Size=256,1,Workload,Pilot,14,6837000,131072,52.16,0,0,0,0
FillBenchmarks.LibraryImport_RefByte_SuppressGC,PInvokeBench,FillBenchmarks,LibraryImport_RefByte_SuppressGC,ShortRun,Default,Default,Default,Default,Default,Default,Default,Default,Default,Default,Default,Default,Default,Default,Default,Default,Default,Default,Default,Default,Default,Default,Default,Default,Default,Default,Default,Default,Default,Default,Default,3,Default,1,Default,Default,Default,Default,Default,Default,Default,3,"ShortRun(IterationCount=3, LaunchCount=1, WarmupCount=3)",Size=256,1,Workload,Pilot,15,14969900,262144,57.11,0,0,0,0
FillBenchmarks.LibraryImport_RefByte_SuppressGC,PInvokeBench,FillBenchmarks,LibraryImport_RefByte_SuppressGC,ShortRun,Default,Default,Default,Default,Default,Default,Default,Default,Default,Default,Default,Default,Default,Default,Default,Default,Default,Default,Default,Default,Default,Default,Default,Default,Default,Default,Default,Default,Default,Default,Default,3,Default,1,Default,Default,Default,Default,Default,Default,Default,3,"ShortRun(IterationCount=3, LaunchCount=1, WarmupCount=3)",Size=256,1,Workload,Pilot,16,26414700,524288,50.38,0,0,0,0
FillBenchmarks.LibraryImport_RefByte_SuppressGC,PInvokeBench,FillBenchmarks,LibraryImport_RefByte_SuppressGC,ShortRun,Default,Default,Default,Default,Default,Default,Default,Default,Default,Default,Default,Default,Default,Default,Default,Default,Default,Default,Default,Default,Default,Default,Default,Default,Default,Default,Default,Default,Default,Default,Default,3,Default,1,Default,Default,Default,Default,Default,Default,Default,3,"ShortRun(IterationCount=3, LaunchCount=1, WarmupCount=3)",Size=256,1,Workload,Pilot,17,52371800,1048576,49.95,0,0,0,0
FillBenchmarks.LibraryImport_RefByte_SuppressGC,PInvokeBench,FillBenchmarks,LibraryImport_RefByte_SuppressGC,ShortRun,Default,Default,Default,Default,Default,Default,Default,Default,Default,Default,Default,Default,Default,Default,Default,Default,Default,Default,Default,Default,Default,Default,Default,Default,Default,Default,Default,Default,Default,Default,Default,3,Default,1,Default,Default,Default,Default,Default,Default,Default,3,"ShortRun(IterationCount=3, LaunchCount=1, WarmupCount=3)",Size=256,1,Workload,Pilot,18,85021300,2097152,40.54,0,0,0,0
FillBenchmarks.LibraryImport_RefByte_SuppressGC,PInvokeBench,FillBenchmarks,LibraryImport_RefByte_SuppressGC,ShortRun,Default,Default,Default,Default,Default,Default,Default,Default,Default,Default,Default,Default,Default,Default,Default,Default,Default,Default,Default,Default,Default,Default,Default,Default,Default,Default,Default,Default,Default,Default,Default,3,Default,1,Default,Default,Default,Default,Default,Default,Default,3,"ShortRun(IterationCount=3, LaunchCount=1, WarmupCount=3)",Size=256,1,Workload,Pilot,19,153530800,4194304,36.6,0,0,0,0
FillBenchmarks.LibraryImport_RefByte_SuppressGC,PInvokeBench,FillBenchmarks,LibraryImport_RefByte_SuppressGC,ShortRun,Default,Default,Default,Default,Default,Default,Default,Default,Default,Default,Default,Default,Default,Default,Default,Default,Default,Default,Default,Default,Default,Default,Default,Default,Default,Default,Default,Default,Default,Default,Default,3,Default,1,Default,Default,Default,Default,Default,Default,Default,3,"ShortRun(IterationCount=3, LaunchCount=1, WarmupCount=3)",Size=256,1,Workload,Pilot,20,298463300,8388608,35.58,0,0,0,0
FillBenchmarks.LibraryImport_RefByte_SuppressGC,PInvokeBench,FillBenchmarks,LibraryImport_RefByte_SuppressGC,ShortRun,Default,Default,Default,Default,Default,Default,Default,Default,Default,Default,Default,Default,Default,Default,Default,Default,Default,Default,Default,Default,Default,Default,Default,Default,Default,Default,Default,Default,Default,Default,Default,3,Default,1,Default,Default,Default,Default,Default,Default,Default,3,"ShortRun(IterationCount=3, LaunchCount=1, WarmupCount=3)",Size=256,1,Workload,Pilot,21,709374400,16777216,42.28,0,0,0,0
FillBenchmarks.LibraryImport_RefByte_SuppressGC,PInvokeBench,FillBenchmarks,LibraryImport_RefByte_SuppressGC,ShortRun,Default,Default,Default,Default,Default,Default,Default,Default,Default,Default,Default,Default,Default,Default,Default,Default,Default,Default,Default,Default,Default,Default,Default,Default,Default,Default,Default,Default,Default,Default,Default,3,Default,1,Default,Default,Default,Default,Default,Default,Default,3,"ShortRun(IterationCount=3, LaunchCount=1, WarmupCount=3)",Size=256,1,Overhead,Warmup,1,48982700,16777216,2.92,0,0,0,0
FillBenchmarks.LibraryImport_RefByte_SuppressGC,PInvokeBench,FillBenchmarks,LibraryImport_RefByte_SuppressGC,ShortRun,Default,Default,Default,Default,Default,Default,Default,Default,Default,Default,Default,Default,Default,Default,Default,Default,Default,Default,Default,Default,Default,Default,Default,Default,Default,Default,Default,Default,Default,Default,Default,3,Default,1,Default,Default,Default,Default,Default,Default,Default,3,"ShortRun(IterationCount=3, LaunchCount=1, WarmupCount=3)",Size=256,1,Overhead,Warmup,2,47872700,16777216,2.85,0,0,0,0
FillBenchmarks.LibraryImport_RefByte_SuppressGC,PInvokeBench,FillBenchmarks,LibraryImport_RefByte_SuppressGC,ShortRun,Default,Default,Default,Default,Default,Default,Default,Default,Default,Default,Default,Default,Default,Default,Default,Default,Default,Default,Default,Default,Default,Default,Default,Default,Default,Default,Default,Default,Default,Default,Default,3,Default,1,Default,Default,Default,Default,Default,Default,Default,3,"ShortRun(IterationCount=3, LaunchCount=1, WarmupCount=3)",Size=256,1,Overhead,Warmup,3,47471000,16777216,2.83,0,0,0,0
FillBenchmarks.LibraryImport_RefByte_SuppressGC,PInvokeBench,FillBenchmarks,LibraryImport_RefByte_SuppressGC,ShortRun,Default,Default,Default,Default,Default,Default,Default,Default,Default,Default,Default,Default,Default,Default,Default,Default,Default,Default,Default,Default,Default,Default,Default,Default,Default,Default,Default,Default,Default,Default,Default,3,Default,1,Default,Default,Default,Default,Default,Default,Default,3,"ShortRun(IterationCount=3, LaunchCount=1, WarmupCount=3)",Size=256,1,Overhead,Warmup,4,45836300,16777216,2.73,0,0,0,0
FillBenchmarks.LibraryImport_RefByte_SuppressGC,PInvokeBench,FillBenchmarks,LibraryImport_RefByte_SuppressGC,ShortRun,Default,Default,Default,Default,Default,Default,Default,Default,Default,Default,Default,Default,Default,Default,Default,Default,Default,Default,Default,Default,Default,Default,Default,Default,Default,Default,Default,Default,Default,Default,Default,3,Default,1,Default,Default,Default,Default,Default,Default,Default,3,"ShortRun(IterationCount=3, LaunchCount=1, WarmupCount=3)",Size=256,1,Overhead,Warmup,5,46287900,16777216,2.76,0,0,0,0
FillBenchmarks.LibraryImport_RefByte_SuppressGC,PInvokeBench,FillBenchmarks,LibraryImport_RefByte_SuppressGC,ShortRun,Default,Default,Default,Default,Default,Default,Default,Default,Default,Default,Default,Default,Default,Default,Default,Default,Default,Default,Default,Default,Default,Default,Default,Default,Default,Default,Default,Default,Default,Default,Default,3,Default,1,Default,Default,Default,Default,Default,Default,Default,3,"ShortRun(IterationCount=3, LaunchCount=1, WarmupCount=3)",Size=256,1,Overhead,Warmup,6,45401400,16777216,2.71,0,0,0,0
FillBenchmarks.LibraryImport_RefByte_SuppressGC,PInvokeBench,FillBenchmarks,LibraryImport_RefByte_SuppressGC,ShortRun,Default,Default,Default,Default,Default,Default,Default,Default,Default,Default,Default,Default,Default,Default,Default,Default,Default,Default,Default,Default,Default,Default,Default,Default,Default,Default,Default,Default,Default,Default,Default,3,Default,1,Default,Default,Default,Default,Default,Default,Default,3,"ShortRun(IterationCount=3, LaunchCount=1, WarmupCount=3)",Size=256,1,Overhead,Warmup,7,42306200,16777216,2.52,0,0,0,0
FillBenchmarks.LibraryImport_RefByte_SuppressGC,PInvokeBench,FillBenchmarks,LibraryImport_RefByte_SuppressGC,ShortRun,Default,Default,Default,Default,Default,Default,Default,Default,Default,Default,Default,Default,Default,Default,Default,Default,Default,Default,Default,Default,Default,Default,Default,Default,Default,Default,Default,Default,Default,Default,Default,3,Default,1,Default,Default,Default,Default,Default,Default,Default,3,"ShortRun(IterationCount=3, LaunchCount=1, WarmupCount=3)",Size=256,1,Overhead,Warmup,8,34282800,16777216,2.04,0,0,0,0
FillBenchmarks.LibraryImport_RefByte_SuppressGC,PInvokeBench,FillBenchmarks,LibraryImport_RefByte_SuppressGC,ShortRun,Default,Default,Default,Default,Default,Default,Default,Default,Default,Default,Default,Default,Default,Default,Default,Default,Default,Default,Default,Default,Default,Default,Default,Default,Default,Default,Default,Default,Default,Default,Default,3,Default,1,Default,Default,Default,Default,Default,Default,Default,3,"ShortRun(IterationCount=3, LaunchCount=1, WarmupCount=3)",Size=256,1,Overhead,Warmup,9,33929400,16777216,2.02,0,0,0,0
FillBenchmarks.LibraryImport_RefByte_SuppressGC,PInvokeBench,FillBenchmarks,LibraryImport_RefByte_SuppressGC,ShortRun,Default,Default,Default,Default,Default,Default,Default,Default,Default,Default,Default,Default,Default,Default,Default,Default,Default,Default,Default,Default,Default,Default,Default,Default,Default,Default,Default,Default,Default,Default,Default,3,Default,1,Default,Default,Default,Default,Default,Default,Default,3,"ShortRun(IterationCount=3, LaunchCount=1, WarmupCount=3)",Size=256,1,Overhead,Warmup,10,33291000,16777216,1.98,0,0,0,0
FillBenchmarks.LibraryImport_RefByte_SuppressGC,PInvokeBench,FillBenchmarks,LibraryImport_RefByte_SuppressGC,ShortRun,Default,Default,Default,Default,Default,Default,Default,Default,Default,Default,Default,Default,Default,Default,Default,Default,Default,Default,Default,Default,Default,Default,Default,Default,Default,Default,Default,Default,Default,Default,Default,3,Default,1,Default,Default,Default,Default,Default,Default,Default,3,"ShortRun(IterationCount=3, LaunchCount=1, WarmupCount=3)",Size=256,1,Overhead,Actual,1,33007300,16777216,1.97,0,0,0,0
FillBenchmarks.LibraryImport_RefByte_SuppressGC,PInvokeBench,FillBenchmarks,LibraryImport_RefByte_SuppressGC,ShortRun,Default,Default,Default,Default,Default,Default,Default,Default,Default,Default,Default,Default,Default,Default,Default,Default,Default,Default,Default,Default,Default,Default,Default,Default,Default,Default,Default,Default,Default,Default,Default,3,Default,1,Default,Default,Default,Default,Default,Default,Default,3,"ShortRun(IterationCount=3, LaunchCount=1, WarmupCount=3)",Size=256,1,Overhead,Actual,2,32458200,16777216,1.93,0,0,0,0
FillBenchmarks.LibraryImport_RefByte_SuppressGC,PInvokeBench,FillBenchmarks,LibraryImport_RefByte_SuppressGC,ShortRun,Default,Default,Default,Default,Default,Default,Default,Default,Default,Default,Default,Default,Default,Default,Default,Default,Default,Default,Default,Default,Default,Default,Default,Default,Default,Default,Default,Default,Default,Default,Default,3,Default,1,Default,Default,Default,Default,Default,Default,Default,3,"ShortRun(IterationCount=3, LaunchCount=1, WarmupCount=3)",Size=256,1,Overhead,Actual,3,32504400,16777216,1.94,0,0,0,0
FillBenchmarks.LibraryImport_RefByte_SuppressGC,PInvokeBench,FillBenchmarks,LibraryImport_RefByte_SuppressGC,ShortRun,Default,Default,Default,Default,Default,Default,Default,Default,Default,Default,Default,Default,Default,Default,Default,Default,Default,Default,Default,Default,Default,Default,Default,Default,Default,Default,Default,Default,Default,Default,Default,3,Default,1,Default,Default,Default,Default,Default,Default,Default,3,"ShortRun(IterationCount=3, LaunchCount=1, WarmupCount=3)",Size=256,1,Overhead,Actual,4,32494100,16777216,1.94,0,0,0,0
FillBenchmarks.LibraryImport_RefByte_SuppressGC,PInvokeBench,FillBenchmarks,LibraryImport_RefByte_SuppressGC,ShortRun,Default,Default,Default,Default,Default,Default,Default,Default,Default,Default,Default,Default,Default,Default,Default,Default,Default,Default,Default,Default,Default,Default,Default,Default,Default,Default,Default,Default,Default,Default,Default,3,Default,1,Default,Default,Default,Default,Default,Default,Default,3,"ShortRun(IterationCount=3, LaunchCount=1, WarmupCount=3)",Size=256,1,Overhead,Actual,5,32291400,16777216,1.92,0,0,0,0
FillBenchmarks.LibraryImport_RefByte_SuppressGC,PInvokeBench,FillBenchmarks,LibraryImport_RefByte_SuppressGC,ShortRun,Default,Default,Default,Default,Default,Default,Default,Default,Default,Default,Default,Default,Default,Default,Default,Default,Default,Default,Default,Default,Default,Default,Default,Default,Default,Default,Default,Default,Default,Default,Default,3,Default,1,Default,Default,Default,Default,Default,Default,Default,3,"ShortRun(IterationCount=3, LaunchCount=1, WarmupCount=3)",Size=256,1,Overhead,Actual,6,32647800,16777216,1.95,0,0,0,0
FillBenchmarks.LibraryImport_RefByte_SuppressGC,PInvokeBench,FillBenchmarks,LibraryImport_RefByte_SuppressGC,ShortRun,Default,Default,Default,Default,Default,Default,Default,Default,Default,Default,Default,Default,Default,Default,Default,Default,Default,Default,Default,Default,Default,Default,Default,Default,Default,Default,Default,Default,Default,Default,Default,3,Default,1,Default,Default,Default,Default,Default,Default,Default,3,"ShortRun(IterationCount=3, LaunchCount=1, WarmupCount=3)",Size=256,1,Overhead,Actual,7,33887100,16777216,2.02,0,0,0,0
FillBenchmarks.LibraryImport_RefByte_SuppressGC,PInvokeBench,FillBenchmarks,LibraryImport_RefByte_SuppressGC,ShortRun,Default,Default,Default,Default,Default,Default,Default,Default,Default,Default,Default,Default,Default,Default,Default,Default,Default,Default,Default,Default,Default,Default,Default,Default,Default,Default,Default,Default,Default,Default,Default,3,Default,1,Default,Default,Default,Default,Default,Default,Default,3,"ShortRun(IterationCount=3, LaunchCount=1, WarmupCount=3)",Size=256,1,Overhead,Actual,8,32457500,16777216,1.93,0,0,0,0
FillBenchmarks.LibraryImport_RefByte_SuppressGC,PInvokeBench,FillBenchmarks,LibraryImport_RefByte_SuppressGC,ShortRun,Default,Default,Default,Default,Default,Default,Default,Default,Default,Default,Default,Default,Default,Default,Default,Default,Default,Default,Default,Default,Default,Default,Default,Default,Default,Default,Default,Default,Default,Default,Default,3,Default,1,Default,Default,Default,Default,Default,Default,Default,3,"ShortRun(IterationCount=3, LaunchCount=1, WarmupCount=3)",Size=256,1,Overhead,Actual,9,32467400,16777216,1.94,0,0,0,0
FillBenchmarks.LibraryImport_RefByte_SuppressGC,PInvokeBench,FillBenchmarks,LibraryImport_RefByte_SuppressGC,ShortRun,Default,Default,Default,Default,Default,Default,Default,Default,Default,Default,Default,Default,Default,Default,Default,Default,Default,Default,Default,Default,Default,Default,Default,Default,Default,Default,Default,Default,Default,Default,Default,3,Default,1,Default,Default,Default,Default,Default,Default,Default,3,"ShortRun(IterationCount=3, LaunchCount=1, WarmupCount=3)",Size=256,1,Overhead,Actual,10,31814100,16777216,1.9,0,0,0,0
FillBenchmarks.LibraryImport_RefByte_SuppressGC,PInvokeBench,FillBenchmarks,LibraryImport_RefByte_SuppressGC,ShortRun,Default,Default,Default,Default,Default,Default,Default,Default,Default,Default,Default,Default,Default,Default,Default,Default,Default,Default,Default,Default,Default,Default,Default,Default,Default,Default,Default,Default,Default,Default,Default,3,Default,1,Default,Default,Default,Default,Default,Default,Default,3,"ShortRun(IterationCount=3, LaunchCount=1, WarmupCount=3)",Size=256,1,Overhead,Actual,11,32431200,16777216,1.93,0,0,0,0
FillBenchmarks.LibraryImport_RefByte_SuppressGC,PInvokeBench,FillBenchmarks,LibraryImport_RefByte_SuppressGC,ShortRun,Default,Default,Default,Default,Default,Default,Default,Default,Default,Default,Default,Default,Default,Default,Default,Default,Default,Default,Default,Default,Default,Default,Default,Default,Default,Default,Default,Default,Default,Default,Default,3,Default,1,Default,Default,Default,Default,Default,Default,Default,3,"ShortRun(IterationCount=3, LaunchCount=1, WarmupCount=3)",Size=256,1,Overhead,Actual,12,33299500,16777216,1.98,0,0,0,0
FillBenchmarks.LibraryImport_RefByte_SuppressGC,PInvokeBench,FillBenchmarks,LibraryImport_RefByte_SuppressGC,ShortRun,Default,Default,Default,Default,Default,Default,Default,Default,Default,Default,Default,Default,Default,Default,Default,Default,Default,Default,Default,Default,Default,Default,Default,Default,Default,Default,Default,Default,Default,Default,Default,3,Default,1,Default,Default,Default,Default,Default,Default,Default,3,"ShortRun(IterationCount=3, LaunchCount=1, WarmupCount=3)",Size=256,1,Overhead,Actual,13,32965600,16777216,1.96,0,0,0,0
FillBenchmarks.LibraryImport_RefByte_SuppressGC,PInvokeBench,FillBenchmarks,LibraryImport_RefByte_SuppressGC,ShortRun,Default,Default,Default,Default,Default,Default,Default,Default,Default,Default,Default,Default,Default,Default,Default,Default,Default,Default,Default,Default,Default,Default,Default,Default,Default,Default,Default,Default,Default,Default,Default,3,Default,1,Default,Default,Default,Default,Default,Default,Default,3,"ShortRun(IterationCount=3, LaunchCount=1, WarmupCount=3)",Size=256,1,Overhead,Actual,14,31996100,16777216,1.91,0,0,0,0
FillBenchmarks.LibraryImport_RefByte_SuppressGC,PInvokeBench,FillBenchmarks,LibraryImport_RefByte_SuppressGC,ShortRun,Default,Default,Default,Default,Default,Default,Default,Default,Default,Default,Default,Default,Default,Default,Default,Default,Default,Default,Default,Default,Default,Default,Default,Default,Default,Default,Default,Default,Default,Default,Default,3,Default,1,Default,Default,Default,Default,Default,Default,Default,3,"ShortRun(IterationCount=3, LaunchCount=1, WarmupCount=3)",Size=256,1,Overhead,Actual,15,31884200,16777216,1.9,0,0,0,0
FillBenchmarks.LibraryImport_RefByte_SuppressGC,PInvokeBench,FillBenchmarks,LibraryImport_RefByte_SuppressGC,ShortRun,Default,Default,Default,Default,Default,Default,Default,Default,Default,Default,Default,Default,Default,Default,Default,Default,Default,Default,Default,Default,Default,Default,Default,Default,Default,Default,Default,Default,Default,Default,Default,3,Default,1,Default,Default,Default,Default,Default,Default,Default,3,"ShortRun(IterationCount=3, LaunchCount=1, WarmupCount=3)",Size=256,1,Workload,Warmup,1,608074600,16777216,36.24,0,0,0,0
FillBenchmarks.LibraryImport_RefByte_SuppressGC,PInvokeBench,FillBenchmarks,LibraryImport_RefByte_SuppressGC,ShortRun,Default,Default,Default,Default,Default,Default,Default,Default,Default,Default,Default,Default,Default,Default,Default,Default,Default,Default,Default,Default,Default,Default,Default,Default,Default,Default,Default,Default,Default,Default,Default,3,Default,1,Default,Default,Default,Default,Default,Default,Default,3,"ShortRun(IterationCount=3, LaunchCount=1, WarmupCount=3)",Size=256,1,Workload,Warmup,2,631747000,16777216,37.66,0,0,0,0
FillBenchmarks.LibraryImport_RefByte_SuppressGC,PInvokeBench,FillBenchmarks,LibraryImport_RefByte_SuppressGC,ShortRun,Default,Default,Default,Default,Default,Default,Default,Default,Default,Default,Default,Default,Default,Default,Default,Default,Default,Default,Default,Default,Default,Default,Default,Default,Default,Default,Default,Default,Default,Default,Default,3,Default,1,Default,Default,Default,Default,Default,Default,Default,3,"ShortRun(IterationCount=3, LaunchCount=1, WarmupCount=3)",Size=256,1,Workload,Warmup,3,622347900,16777216,37.09,0,0,0,0
FillBenchmarks.LibraryImport_RefByte_SuppressGC,PInvokeBench,FillBenchmarks,LibraryImport_RefByte_SuppressGC,ShortRun,Default,Default,Default,Default,Default,Default,Default,Default,Default,Default,Default,Default,Default,Default,Default,Default,Default,Default,Default,Default,Default,Default,Default,Default,Default,Default,Default,Default,Default,Default,Default,3,Default,1,Default,Default,Default,Default,Default,Default,Default,3,"ShortRun(IterationCount=3, LaunchCount=1, WarmupCount=3)",Size=256,1,Workload,Actual,1,592442300,16777216,35.31,0,0,0,0
FillBenchmarks.LibraryImport_RefByte_SuppressGC,PInvokeBench,FillBenchmarks,LibraryImport_RefByte_SuppressGC,ShortRun,Default,Default,Default,Default,Default,Default,Default,Default,Default,Default,Default,Default,Default,Default,Default,Default,Default,Default,Default,Default,Default,Default,Default,Default,Default,Default,Default,Default,Default,Default,Default,3,Default,1,Default,Default,Default,Default,Default,Default,Default,3,"ShortRun(IterationCount=3, LaunchCount=1, WarmupCount=3)",Size=256,1,Workload,Actual,2,587784200,16777216,35.03,0,0,0,0
FillBenchmarks.LibraryImport_RefByte_SuppressGC,PInvokeBench,FillBenchmarks,LibraryImport_RefByte_SuppressGC,ShortRun,Default,Default,Default,Default,Default,Default,Default,Default,Default,Default,Default,Default,Default,Default,Default,Default,Default,Default,Default,Default,Default,Default,Default,Default,Default,Default,Default,Default,Default,Default,Default,3,Default,1,Default,Default,Default,Default,Default,Default,Default,3,"ShortRun(IterationCount=3, LaunchCount=1, WarmupCount=3)",Size=256,1,Workload,Actual,3,626163900,16777216,37.32,0,0,0,0
FillBenchmarks.LibraryImport_RefByte_SuppressGC,PInvokeBench,FillBenchmarks,LibraryImport_RefByte_SuppressGC,ShortRun,Default,Default,Default,Default,Default,Default,Default,Default,Default,Default,Default,Default,Default,Default,Default,Default,Default,Default,Default,Default,Default,Default,Default,Default,Default,Default,Default,Default,Default,Default,Default,3,Default,1,Default,Default,Default,Default,Default,Default,Default,3,"ShortRun(IterationCount=3, LaunchCount=1, WarmupCount=3)",Size=256,1,Workload,Result,1,559974900,16777216,33.38,0,0,0,0
FillBenchmarks.LibraryImport_RefByte_SuppressGC,PInvokeBench,FillBenchmarks,LibraryImport_RefByte_SuppressGC,ShortRun,Default,Default,Default,Default,Default,Default,Default,Default,Default,Default,Default,Default,Default,Default,Default,Default,Default,Default,Default,Default,Default,Default,Default,Default,Default,Default,Default,Default,Default,Default,Default,3,Default,1,Default,Default,Default,Default,Default,Default,Default,3,"ShortRun(IterationCount=3, LaunchCount=1, WarmupCount=3)",Size=256,1,Workload,Result,2,555316800,16777216,33.1,0,0,0,0
FillBenchmarks.LibraryImport_RefByte_SuppressGC,PInvokeBench,FillBenchmarks,LibraryImport_RefByte_SuppressGC,ShortRun,Default,Default,Default,Default,Default,Default,Default,Default,Default,Default,Default,Default,Default,Default,Default,Default,Default,Default,Default,Default,Default,Default,Default,Default,Default,Default,Default,Default,Default,Default,Default,3,Default,1,Default,Default,Default,Default,Default,Default,Default,3,"ShortRun(IterationCount=3, LaunchCount=1, WarmupCount=3)",Size=256,1,Workload,Result,3,593696500,16777216,35.39,0,0,0,0
FillBenchmarks.DllImport_ByteArray,PInvokeBench,FillBenchmarks,DllImport_ByteArray,ShortRun,Default,Default,Default,Default,Default,Default,Default,Default,Default,Default,Default,Default,Default,Default,Default,Default,Default,Default,Default,Default,Default,Default,Default,Default,Default,Default,Default,Default,Default,Default,Default,3,Default,1,Default,Default,Default,Default,Default,Default,Default,3,"ShortRun(IterationCount=3, LaunchCount=1, WarmupCount=3)",Size=4096,1,Overhead,Jitting,1,188700,1,188700,0,0,0,0
FillBenchmarks.DllImport_ByteArray,PInvokeBench,FillBenchmarks,DllImport_ByteArray,ShortRun,Default,Default,Default,Default,Default,Default,Default,Default,Default,Default,Default,Default,Default,Default,Default,Default,Default,Default,Default,Default,Default,Default,Default,Default,Default,Default,Default,Default,Default,Default,Default,3,Default,1,Default,Default,Default,Default,Default,Default,Default,3,"ShortRun(IterationCount=3, LaunchCount=1, WarmupCount=3)",Size=4096,1,Workload,Jitting,1,639500,1,639500,0,0,0,0
FillBenchmarks.DllImport_ByteArray,PInvokeBench,FillBenchmarks,DllImport_ByteArray,ShortRun,Default,Default,Default,Default,Default,Default,Default,Default,Default,Default,Default,Default,Default,Default,Default,Default,Default,Default,Default,Default,Default,Default,Default,Default,Default,Default,Default,Default,Default,Default,Default,3,Default,1,Default,Default,Default,Default,Default,Default,Default,3,"ShortRun(IterationCount=3, LaunchCount=1, WarmupCount=3)",Size=4096,1,Overhead,Jitting,2,288200,16,18012.5,0,0,0,0
FillBenchmarks.DllImport_ByteArray,PInvokeBench,FillBenchmarks,DllImport_ByteArray,ShortRun,Default,Default,Default,Default,Default,Default,Default,Default,Default,Default,Default,Default,Default,Default,Default,Default,Default,Default,Default,Default,Default,Default,Default,Default,Default,Default,Default,Default,Default,Default,Default,3,Default,1,Default,Default,Default,Default,Default,Default,Default,3,"ShortRun(IterationCount=3, LaunchCount=1, WarmupCount=3)",Size=4096,1,Workload,Jitting,2,287300,16,17956.25,0,0,0,0
FillBenchmarks.DllImport_ByteArray,PInvokeBench,FillBenchmarks,DllImport_ByteArray,ShortRun,Default,Default,Default,Default,Default,Default,Default,Default,Default,Default,Default,Default,Default,Default,Default,Default,Default,Default,Default,Default,Default,Default,Default,Default,Default,Default,Default,Default,Default,Default,Default,3,Default,1,Default,Default,Default,Default,Default,Default,Default,3,"ShortRun(IterationCount=3, LaunchCount=1, WarmupCount=3)",Size=4096,1,Workload,Pilot,1,9600,16,600,0,0,0,0
FillBenchmarks.DllImport_ByteArray,PInvokeBench,FillBenchmarks,DllImport_ByteArray,ShortRun,Default,Default,Default,Default,Default,Default,Default,Default,Default,Default,Default,Default,Default,Default,Default,Default,Default,Default,Default,Default,Default,Default,Default,Default,Default,Default,Default,Default,Default,Default,Default,3,Default,1,Default,Default,Default,Default,Default,Default,Default,3,"ShortRun(IterationCount=3, LaunchCount=1, WarmupCount=3)",Size=4096,1,Workload,Pilot,2,18100,32,565.63,0,0,0,0
FillBenchmarks.DllImport_ByteArray,PInvokeBench,FillBenchmarks,DllImport_ByteArray,ShortRun,Default,Default,Default,Default,Default,Default,Default,Default,Default,Default,Default,Default,Default,Default,Default,Default,Default,Default,Default,Default,Default,Default,Default,Default,Default,Default,Default,Default,Default,Default,Default,3,Default,1,Default,Default,Default,Default,Default,Default,Default,3,"ShortRun(IterationCount=3, LaunchCount=1, WarmupCount=3)",Size=4096,1,Workload,Pilot,3,35500,64,554.69,0,0,0,0
FillBenchmarks.DllImport_ByteArray,PInvokeBench,FillBenchmarks,DllImport_ByteArray,ShortRun,Default,Default,Default,Default,Default,Default,Default,Default,Default,Default,Default,Default,Default,Default,Default,Default,Default,Default,Default,Default,Default,Default,Default,Default,Default,Default,Default,Default,Default,Default,Default,3,Default,1,Default,Default,Default,Default,Default,Default,Default,3,"ShortRun(IterationCount=3, LaunchCount=1, WarmupCount=3)",Size=4096,1,Workload,Pilot,4,70000,128,546.88,0,0,0,0
FillBenchmarks.DllImport_ByteArray,PInvokeBench,FillBenchmarks,DllImport_ByteArray,ShortRun,Default,Default,Default,Default,Default,Default,Default,Default,Default,Default,Default,Default,Default,Default,Default,Default,Default,Default,Default,Default,Default,Default,Default,Default,Default,Default,Default,Default,Default,Default,Default,3,Default,1,Default,Default,Default,Default,Default,Default,Default,3,"ShortRun(IterationCount=3, LaunchCount=1, WarmupCount=3)",Size=4096,1,Workload,Pilot,5,139900,256,546.48,0,0,0,0
FillBenchmarks.DllImport_ByteArray,PInvokeBench,FillBenchmarks,DllImport_ByteArray,ShortRun,Default,Default,Default,Default,Default,Default,Default,Default,Default,Default,Default,Default,Default,Default,Default,Default,Default,Default,Default,Default,Default,Default,Default,Default,Default,Default,Default,Default,Default,Default,Default,3,Default,1,Default,Default,Default,Default,Default,Default,Default,3,"ShortRun(IterationCount=3, LaunchCount=1, WarmupCount=3)",Size=4096,1,Workload,Pilot,6,278300,512,543.55,0,0,0,0
FillBenchmarks.DllImport_ByteArray,PInvokeBench,FillBenchmarks,DllImport_ByteArray,ShortRun,Default,Default,Default,Default,Default,Default,Default,Default,Default,Default,Default,Default,Default,Default,Default,Default,Default,Default,Default,Default,Default,Default,Default,Default,Default,Default,Default,Default,Default,Default,Default,3,Default,1,Default,Default,Default,Default,Default,Default,Default,3,"ShortRun(IterationCount=3, LaunchCount=1, WarmupCount=3)",Size=4096,1,Workload,Pilot,7,561900,1024,548.73,0,0,0,0
FillBenchmarks.DllImport_ByteArray,PInvokeBench,FillBenchmarks,DllImport_ByteArray,ShortRun,Default,Default,Default,Default,Default,Default,Default,Default,Default,Default,Default,Default,Default,Default,Default,Default,Default,Default,Default,Default,Default,Default,Default,Default,Default,Default,Default,Default,Default,Default,Default,3,Default,1,Default,Default,Default,Default,Default,Default,Default,3,"ShortRun(IterationCount=3, LaunchCount=1, WarmupCount=3)",Size=4096,1,Workload,Pilot,8,1125800,2048,549.71,0,0,0,0
FillBenchmarks.DllImport_ByteArray,PInvokeBench,FillBenchmarks,DllImport_ByteArray,ShortRun,Default,Default,Default,Default,Default,Default,Default,Default,Default,Default,Default,Default,Default,Default,Default,Default,Default,Default,Default,Default,Default,Default,Default,Default,Default,Default,Default,Default,Default,Default,Default,3,Default,1,Default,Default,Default,Default,Default,Default,Default,3,"ShortRun(IterationCount=3, LaunchCount=1, WarmupCount=3)",Size=4096,1,Workload,Pilot,9,2235500,4096,545.78,0,0,0,0
FillBenchmarks.DllImport_ByteArray,PInvokeBench,FillBenchmarks,DllImport_ByteArray,ShortRun,Default,Default,Default,Default,Default,Default,Default,Default,Default,Default,Default,Default,Default,Default,Default,Default,Default,Default,Default,Default,Default,Default,Default,Default,Default,Default,Default,Default,Default,Default,Default,3,Default,1,Default,Default,Default,Default,Default,Default,Default,3,"ShortRun(IterationCount=3, LaunchCount=1, WarmupCount=3)",Size=4096,1,Workload,Pilot,10,4524200,8192,552.27,0,0,0,0
FillBenchmarks.DllImport_ByteArray,PInvokeBench,FillBenchmarks,DllImport_ByteArray,ShortRun,Default,Default,Default,Default,Default,Default,Default,Default,Default,Default,Default,Default,Default,Default,Default,Default,Default,Default,Default,Default,Default,Default,Default,Default,Default,Default,Default,Default,Default,Default,Default,3,Default,1,Default,Default,Default,Default,Default,Default,Default,3,"ShortRun(IterationCount=3, LaunchCount=1, WarmupCount=3)",Size=4096,1,Workload,Pilot,11,8942800,16384,545.83,0,0,0,0
FillBenchmarks.DllImport_ByteArray,PInvokeBench,FillBenchmarks,DllImport_ByteArray,ShortRun,Default,Default,Default,Default,Default,Default,Default,Default,Default,Default,Default,Default,Default,Default,Default,Default,Default,Default,Default,Default,Default,Default,Default,Default,Default,Default,Default,Default,Default,Default,Default,3,Default,1,Default,Default,Default,Default,Default,Default,Default,3,"ShortRun(IterationCount=3, LaunchCount=1, WarmupCount=3)",Size=4096,1,Workload,Pilot,12,21720200,32768,662.85,0,0,0,0
FillBenchmarks.DllImport_ByteArray,PInvokeBench,FillBenchmarks,DllImport_ByteArray,ShortRun,Default,Default,Default,Default,Default,Default,Default,Default,Default,Default,Default,Default,Default,Default,Default,Default,Default,Default,Default,Default,Default,Default,Default,Default,Default,Default,Default,Default,Default,Default,Default,3,Default,1,Default,Default,Default,Default,Default,Default,Default,3,"ShortRun(IterationCount=3, LaunchCount=1, WarmupCount=3)",Size=4096,1,Workload,Pilot,13,37673300,65536,574.85,0,0,0,0
FillBenchmarks.DllImport_ByteArray,PInvokeBench,FillBenchmarks,DllImport_ByteArray,ShortRun,Default,Default,Default,Default,Default,Default,Default,Default,Default,Default,Default,Default,Default,Default,Default,Default,Default,Default,Default,Default,Default,Default,Default,Default,Default,Default,Default,Default,Default,Default,Default,3,Default,1,Default,Default,Default,Default,Default,Default,Default,3,"ShortRun(IterationCount=3, LaunchCount=1, WarmupCount=3)",Size=4096,1,Workload,Pilot,14,69812800,131072,532.63,0,0,0,0
FillBenchmarks.DllImport_ByteArray,PInvokeBench,FillBenchmarks,DllImport_ByteArray,ShortRun,Default,Default,Default,Default,Default,Default,Default,Default,Default,Default,Default,Default,Default,Default,Default,Default,Default,Default,Default,Default,Default,Default,Default,Default,Default,Default,Default,Default,Default,Default,Default,3,Default,1,Default,Default,Default,Default,Default,Default,Default,3,"ShortRun(IterationCount=3, LaunchCount=1, WarmupCount=3)",Size=4096,1,Workload,Pilot,15,136863100,262144,522.09,0,0,0,0
FillBenchmarks.DllImport_ByteArray,PInvokeBench,FillBenchmarks,DllImport_ByteArray,ShortRun,Default,Default,Default,Default,Default,Default,Default,Default,Default,Default,Default,Default,Default,Default,Default,Default,Default,Default,Default,Default,Default,Default,Default,Default,Default,Default,Default,Default,Default,Default,Default,3,Default,1,Default,Default,Default,Default,Default,Default,Default,3,"ShortRun(IterationCount=3, LaunchCount=1, WarmupCount=3)",Size=4096,1,Workload,Pilot,16,278894200,524288,531.95,0,0,0,0
FillBenchmarks.DllImport_ByteArray,PInvokeBench,FillBenchmarks,DllImport_ByteArray,ShortRun,Default,Default,Default,Default,Default,Default,Default,Default,Default,Default,Default,Default,Default,Default,Default,Default,Default,Default,Default,Default,Default,Default,Default,Default,Default,Default,Default,Default,Default,Default,Default,3,Default,1,Default,Default,Default,Default,Default,Default,Default,3,"ShortRun(IterationCount=3, LaunchCount=1, WarmupCount=3)",Size=4096,1,Workload,Pilot,17,550128600,1048576,524.64,0,0,0,0
FillBenchmarks.DllImport_ByteArray,PInvokeBench,FillBenchmarks,DllImport_ByteArray,ShortRun,Default,Default,Default,Default,Default,Default,Default,Default,Default,Default,Default,Default,Default,Default,Default,Default,Default,Default,Default,Default,Default,Default,Default,Default,Default,Default,Default,Default,Default,Default,Default,3,Default,1,Default,Default,Default,Default,Default,Default,Default,3,"ShortRun(IterationCount=3, LaunchCount=1, WarmupCount=3)",Size=4096,1,Overhead,Warmup,1,2990500,1048576,2.85,0,0,0,0
FillBenchmarks.DllImport_ByteArray,PInvokeBench,FillBenchmarks,DllImport_ByteArray,ShortRun,Default,Default,Default,Default,Default,Default,Default,Default,Default,Default,Default,Default,Default,Default,Default,Default,Default,Default,Default,Default,Default,Default,Default,Default,Default,Default,Default,Default,Default,Default,Default,3,Default,1,Default,Default,Default,Default,Default,Default,Default,3,"ShortRun(IterationCount=3, LaunchCount=1, WarmupCount=3)",Size=4096,1,Overhead,Warmup,2,2244700,1048576,2.14,0,0,0,0
FillBenchmarks.DllImport_ByteArray,PInvokeBench,FillBenchmarks,DllImport_ByteArray,ShortRun,Default,Default,Default,Default,Default,Default,Default,Default,Default,Default,Default,Default,Default,Default,Default,Default,Default,Default,Default,Default,Default,Default,Default,Default,Default,Default,Default,Default,Default,Default,Default,3,Default,1,Default,Default,Default,Default,Default,Default,Default,3,"ShortRun(IterationCount=3, LaunchCount=1, WarmupCount=3)",Size=4096,1,Overhead,Warmup,3,2232300,1048576,2.13,0,0,0,0
FillBenchmarks.DllImport_ByteArray,PInvokeBench,FillBenchmarks,DllImport_ByteArray,ShortRun,Default,Default,Default,Default,Default,Default,Default,Default,Default,Default,Default,Default,Default,Default,Default,Default,Default,Default,Default,Default,Default,Default,Default,Default,Default,Default,Default,Default,Default,Default,Default,3,Default,1,Default,Default,Default,Default,Default,Default,Default,3,"ShortRun(IterationCount=3, LaunchCount=1, WarmupCount=3)",Size=4096,1,Overhead,Warmup,4,2239900,1048576,2.14,0,0,0,0
FillBenchmarks.DllImport_ByteArray,PInvokeBench,FillBenchmarks,DllImport_ByteArray,ShortRun,Default,Default,Default,Default,Default,Default,Default,Default,Default,Default,Default,Default,Default,Default,Default,Default,Default,Default,Default,Default,Default,Default,Default,Default,Default,Default,Default,Default,Default,Default,Default,3,Default,1,Default,Default,Default,Default,Default,Default,Default,3,"ShortRun(IterationCount=3, LaunchCount=1, WarmupCount=3)",Size=4096,1,Overhead,Warmup,5,2231400,1048576,2.13,0,0,0,0
FillBenchmarks.DllImport_ByteArray,PInvokeBench,FillBenchmarks,DllImport_ByteArray,ShortRun,Default,Default,Default,Default,Default,Default,Default,Default,Default,Default,Default,Default,Default,Default,Default,Default,Default,Default,Default,Default,Default,Default,Default,Default,Default,Default,Default,Default,Default,Default,Default,3,Default,1,Default,Default,Default,Default,Default,Default,Default,3,"ShortRun(IterationCount=3, LaunchCount=1, WarmupCount=3)",Size=4096,1,Overhead,Warmup,6,2689900,1048576,2.57,0,0,0,0
FillBenchmarks.DllImport_ByteArray,PInvokeBench,FillBenchmarks,DllImport_ByteArray,ShortRun,Default,Default,Default,Default,Default,Default,Default,Default,Default,Default,Default,Default,Default,Default,Default,Default,Default,Default,Default,Default,Default,Default,Default,Default,Default,Default,Default,Default,Default,Default,Default,3,Default,1,Default,Default,Default,Default,Default,Default,Default,3,"ShortRun(IterationCount=3, LaunchCount=1, WarmupCount=3)",Size=4096,1,Overhead,Warmup,7,2250900,1048576,2.15,0,0,0,0
FillBenchmarks.DllImport_ByteArray,PInvokeBench,FillBenchmarks,DllImport_ByteArray,ShortRun,Default,Default,Default,Default,Default,Default,Default,Default,Default,Default,Default,Default,Default,Default,Default,Default,Default,Default,Default,Default,Default,Default,Default,Default,Default,Default,Default,Default,Default,Default,Default,3,Default,1,Default,Default,Default,Default,Default,Default,Default,3,"ShortRun(IterationCount=3, LaunchCount=1, WarmupCount=3)",Size=4096,1,Overhead,Actual,1,2231600,1048576,2.13,0,0,0,0
FillBenchmarks.DllImport_ByteArray,PInvokeBench,FillBenchmarks,DllImport_ByteArray,ShortRun,Default,Default,Default,Default,Default,Default,Default,Default,Default,Default,Default,Default,Default,Default,Default,Default,Default,Default,Default,Default,Default,Default,Default,Default,Default,Default,Default,Default,Default,Default,Default,3,Default,1,Default,Default,Default,Default,Default,Default,Default,3,"ShortRun(IterationCount=3, LaunchCount=1, WarmupCount=3)",Size=4096,1,Overhead,Actual,2,2232200,1048576,2.13,0,0,0,0
FillBenchmarks.DllImport_ByteArray,PInvokeBench,FillBenchmarks,DllImport_ByteArray,ShortRun,Default,Default,Default,Default,Default,Default,Default,Default,Default,Default,Default,Default,Default,Default,Default,Default,Default,Default,Default,Default,Default,Default,Default,Default,Default,Default,Default,Default,Default,Default,Default,3,Default,1,Default,Default,Default,Default,Default,Default,Default,3,"ShortRun(IterationCount=3, LaunchCount=1, WarmupCount=3)",Size=4096,1,Overhead,Actual,3,2250600,1048576,2.15,0,0,0,0
FillBenchmarks.DllImport_ByteArray,PInvokeBench,FillBenchmarks,DllImport_ByteArray,ShortRun,Default,Default,Default,Default,Default,Default,Default,Default,Default,Default,Default,Default,Default,Default,Default,Default,Default,Default,Default,Default,Default,Default,Default,Default,Default,Default,Default,Default,Default,Default,Default,3,Default,1,Default,Default,Default,Default,Default,Default,Default,3,"ShortRun(IterationCount=3, LaunchCount=1, WarmupCount=3)",Size=4096,1,Overhead,Actual,4,2536700,1048576,2.42,0,0,0,0
FillBenchmarks.DllImport_ByteArray,PInvokeBench,FillBenchmarks,DllImport_ByteArray,ShortRun,Default,Default,Default,Default,Default,Default,Default,Default,Default,Default,Default,Default,Default,Default,Default,Default,Default,Default,Default,Default,Default,Default,Default,Default,Default,Default,Default,Default,Default,Default,Default,3,Default,1,Default,Default,Default,Default,Default,Default,Default,3,"ShortRun(IterationCount=3, LaunchCount=1, WarmupCount=3)",Size=4096,1,Overhead,Actual,5,2280700,1048576,2.18,0,0,0,0
FillBenchmarks.DllImport_ByteArray,PInvokeBench,FillBenchmarks,DllImport_ByteArray,ShortRun,Default,Default,Default,Default,Default,Default,Default,Default,Default,Default,Default,Default,Default,Default,Default,Default,Default,Default,Default,Default,Default,Default,Default,Default,Default,Default,Default,Default,Default,Default,Default,3,Default,1,Default,Default,Default,Default,Default,Default,Default,3,"ShortRun(IterationCount=3, LaunchCount=1, WarmupCount=3)",Size=4096,1,Overhead,Actual,6,2673700,1048576,2.55,0,0,0,0
FillBenchmarks.DllImport_ByteArray,PInvokeBench,FillBenchmarks,DllImport_ByteArray,ShortRun,Default,Default,Default,Default,Default,Default,Default,Default,Default,Default,Default,Default,Default,Default,Default,Default,Default,Default,Default,Default,Default,Default,Default,Default,Default,Default,Default,Default,Default,Default,Default,3,Default,1,Default,Default,Default,Default,Default,Default,Default,3,"ShortRun(IterationCount=3, LaunchCount=1, WarmupCount=3)",Size=4096,1,Overhead,Actual,7,2255800,1048576,2.15,0,0,0,0
FillBenchmarks.DllImport_ByteArray,PInvokeBench,FillBenchmarks,DllImport_ByteArray,ShortRun,Default,Default,Default,Default,Default,Default,Default,Default,Default,Default,Default,Default,Default,Default,Default,Default,Default,Default,Default,Default,Default,Default,Default,Default,Default,Default,Default,Default,Default,Default,Default,3,Default,1,Default,Default,Default,Default,Default,Default,Default,3,"ShortRun(IterationCount=3, LaunchCount=1, WarmupCount=3)",Size=4096,1,Overhead,Actual,8,2290200,1048576,2.18,0,0,0,0
FillBenchmarks.DllImport_ByteArray,PInvokeBench,FillBenchmarks,DllImport_ByteArray,ShortRun,Default,Default,Default,Default,Default,Default,Default,Default,Default,Default,Default,Default,Default,Default,Default,Default,Default,Default,Default,Default,Default,Default,Default,Default,Default,Default,Default,Default,Default,Default,Default,3,Default,1,Default,Default,Default,Default,Default,Default,Default,3,"ShortRun(IterationCount=3, LaunchCount=1, WarmupCount=3)",Size=4096,1,Overhead,Actual,9,2229900,1048576,2.13,0,0,0,0
FillBenchmarks.DllImport_ByteArray,PInvokeBench,FillBenchmarks,DllImport_ByteArray,ShortRun,Default,Default,Default,Default,Default,Default,Default,Default,Default,Default,Default,Default,Default,Default,Default,Default,Default,Default,Default,Default,Default,Default,Default,Default,Default,Default,Default,Default,Default,Default,Default,3,Default,1,Default,Default,Default,Default,Default,Default,Default,3,"ShortRun(IterationCount=3, LaunchCount=1, WarmupCount=3)",Size=4096,1,Overhead,Actual,10,2274400,1048576,2.17,0,0,0,0
FillBenchmarks.DllImport_ByteArray,PInvokeBench,FillBenchmarks,DllImport_ByteArray,ShortRun,Default,Default,Default,Default,Default,Default,Default,Default,Default,Default,Default,Default,Default,Default,Default,Default,Default,Default,Default,Default,Default,Default,Default,Default,Default,Default,Default,Default,Default,Default,Default,3,Default,1,Default,Default,Default,Default,Default,Default,Default,3,"ShortRun(IterationCount=3, LaunchCount=1, WarmupCount=3)",Size=4096,1,Overhead,Actual,11,2555300,1048576,2.44,0,0,0,0
FillBenchmarks.DllImport_ByteArray,PInvokeBench,FillBenchmarks,DllImport_ByteArray,ShortRun,Default,Default,Default,Default,Default,Default,Default,Default,Default,Default,Default,Default,Default,Default,Default,Default,Default,Default,Default,Default,Default,Default,Default,Default,Default,Default,Default,Default,Default,Default,Default,3,Default,1,Default,Default,Default,Default,Default,Default,Default,3,"ShortRun(IterationCount=3, LaunchCount=1, WarmupCount=3)",Size=4096,1,Overhead,Actual,12,2799100,1048576,2.67,0,0,0,0
FillBenchmarks.DllImport_ByteArray,PInvokeBench,FillBenchmarks,DllImport_ByteArray,ShortRun,Default,Default,Default,Default,Default,Default,Default,Default,Default,Default,Default,Default,Default,Default,Default,Default,Default,Default,Default,Default,Default,Default,Default,Default,Default,Default,Default,Default,Default,Default,Default,3,Default,1,Default,Default,Default,Default,Default,Default,Default,3,"ShortRun(IterationCount=3, LaunchCount=1, WarmupCount=3)",Size=4096,1,Overhead,Actual,13,2282100,1048576,2.18,0,0,0,0
FillBenchmarks.DllImport_ByteArray,PInvokeBench,FillBenchmarks,DllImport_ByteArray,ShortRun,Default,Default,Default,Default,Default,Default,Default,Default,Default,Default,Default,Default,Default,Default,Default,Default,Default,Default,Default,Default,Default,Default,Default,Default,Default,Default,Default,Default,Default,Default,Default,3,Default,1,Default,Default,Default,Default,Default,Default,Default,3,"ShortRun(IterationCount=3, LaunchCount=1, WarmupCount=3)",Size=4096,1,Overhead,Actual,14,2294400,1048576,2.19,0,0,0,0
FillBenchmarks.DllImport_ByteArray,PInvokeBench,FillBenchmarks,DllImport_ByteArray,ShortRun,Default,Default,Default,Default,Default,Default,Default,Default,Default,Default,Default,Default,Default,Default,Default,Default,Default,Default,Default,Default,Default,Default,Default,Default,Default,Default,Default,Default,Default,Default,Default,3,Default,1,Default,Default,Default,Default,Default,Default,Default,3,"ShortRun(IterationCount=3, LaunchCount=1, WarmupCount=3)",Size=4096,1,Overhead,Actual,15,2281800,1048576,2.18,0,0,0,0
FillBenchmarks.DllImport_ByteArray,PInvokeBench,FillBenchmarks,DllImport_ByteArray,ShortRun,Default,Default,Default,Default,Default,Default,Default,Default,Default,Default,Default,Default,Default,Default,Default,Default,Default,Default,Default,Default,Default,Default,Default,Default,Default,Default,Default,Default,Default,Default,Default,3,Default,1,Default,Default,Default,Default,Default,Default,Default,3,"ShortRun(IterationCount=3, LaunchCount=1, WarmupCount=3)",Size=4096,1,Overhead,Actual,16,2283600,1048576,2.18,0,0,0,0
FillBenchmarks.DllImport_ByteArray,PInvokeBench,FillBenchmarks,DllImport_ByteArray,ShortRun,Default,Default,Default,Default,Default,Default,Default,Default,Default,Default,Default,Default,Default,Default,Default,Default,Default,Default,Default,Default,Default,Default,Default,Default,Default,Default,Default,Default,Default,Default,Default,3,Default,1,Default,Default,Default,Default,Default,Default,Default,3,"ShortRun(IterationCount=3, LaunchCount=1, WarmupCount=3)",Size=4096,1,Overhead,Actual,17,2404200,1048576,2.29,0,0,0,0
FillBenchmarks.DllImport_ByteArray,PInvokeBench,FillBenchmarks,DllImport_ByteArray,ShortRun,Default,Default,Default,Default,Default,Default,Default,Default,Default,Default,Default,Default,Default,Default,Default,Default,Default,Default,Default,Default,Default,Default,Default,Default,Default,Default,Default,Default,Default,Default,Default,3,Default,1,Default,Default,Default,Default,Default,Default,Default,3,"ShortRun(IterationCount=3, LaunchCount=1, WarmupCount=3)",Size=4096,1,Workload,Warmup,1,542618500,1048576,517.48,0,0,0,0
FillBenchmarks.DllImport_ByteArray,PInvokeBench,FillBenchmarks,DllImport_ByteArray,ShortRun,Default,Default,Default,Default,Default,Default,Default,Default,Default,Default,Default,Default,Default,Default,Default,Default,Default,Default,Default,Default,Default,Default,Default,Default,Default,Default,Default,Default,Default,Default,Default,3,Default,1,Default,Default,Default,Default,Default,Default,Default,3,"ShortRun(IterationCount=3, LaunchCount=1, WarmupCount=3)",Size=4096,1,Workload,Warmup,2,532884000,1048576,508.2,0,0,0,0
FillBenchmarks.DllImport_ByteArray,PInvokeBench,FillBenchmarks,DllImport_ByteArray,ShortRun,Default,Default,Default,Default,Default,Default,Default,Default,Default,Default,Default,Default,Default,Default,Default,Default,Default,Default,Default,Default,Default,Default,Default,Default,Default,Default,Default,Default,Default,Default,Default,3,Default,1,Default,Default,Default,Default,Default,Default,Default,3,"ShortRun(IterationCount=3, LaunchCount=1, WarmupCount=3)",Size=4096,1,Workload,Warmup,3,537876000,1048576,512.96,0,0,0,0
FillBenchmarks.DllImport_ByteArray,PInvokeBench,FillBenchmarks,DllImport_ByteArray,ShortRun,Default,Default,Default,Default,Default,Default,Default,Default,Default,Default,Default,Default,Default,Default,Default,Default,Default,Default,Default,Default,Default,Default,Default,Default,Default,Default,Default,Default,Default,Default,Default,3,Default,1,Default,Default,Default,Default,Default,Default,Default,3,"ShortRun(IterationCount=3, LaunchCount=1, WarmupCount=3)",Size=4096,1,Workload,Actual,1,561355800,1048576,535.35,0,0,0,0
FillBenchmarks.DllImport_ByteArray,PInvokeBench,FillBenchmarks,DllImport_ByteArray,ShortRun,Default,Default,Default,Default,Default,Default,Default,Default,Default,Default,Default,Default,Default,Default,Default,Default,Default,Default,Default,Default,Default,Default,Default,Default,Default,Default,Default,Default,Default,Default,Default,3,Default,1,Default,Default,Default,Default,Default,Default,Default,3,"ShortRun(IterationCount=3, LaunchCount=1, WarmupCount=3)",Size=4096,1,Workload,Actual,2,552009800,1048576,526.44,0,0,0,0
FillBenchmarks.DllImport_ByteArray,PInvokeBench,FillBenchmarks,DllImport_ByteArray,ShortRun,Default,Default,Default,Default,Default,Default,Default,Default,Default,Default,Default,Default,Default,Default,Default,Default,Default,Default,Default,Default,Default,Default,Default,Default,Default,Default,Default,Default,Default,Default,Default,3,Default,1,Default,Default,Default,Default,Default,Default,Default,3,"ShortRun(IterationCount=3, LaunchCount=1, WarmupCount=3)",Size=4096,1,Workload,Actual,3,551507000,1048576,525.96,0,0,0,0
FillBenchmarks.DllImport_ByteArray,PInvokeBench,FillBenchmarks,DllImport_ByteArray,ShortRun,Default,Default,Default,Default,Default,Default,Default,Default,Default,Default,Default,Default,Default,Default,Default,Default,Default,Default,Default,Default,Default,Default,Default,Default,Default,Default,Default,Default,Default,Default,Default,3,Default,1,Default,Default,Default,Default,Default,Default,Default,3,"ShortRun(IterationCount=3, LaunchCount=1, WarmupCount=3)",Size=4096,1,Workload,Result,1,559073700,1048576,533.17,0,0,0,0
FillBenchmarks.DllImport_ByteArray,PInvokeBench,FillBenchmarks,DllImport_ByteArray,ShortRun,Default,Default,Default,Default,Default,Default,Default,Default,Default,Default,Default,Default,Default,Default,Default,Default,Default,Default,Default,Default,Default,Default,Default,Default,Default,Default,Default,Default,Default,Default,Default,3,Default,1,Default,Default,Default,Default,Default,Default,Default,3,"ShortRun(IterationCount=3, LaunchCount=1, WarmupCount=3)",Size=4096,1,Workload,Result,2,549727700,1048576,524.26,0,0,0,0
FillBenchmarks.DllImport_ByteArray,PInvokeBench,FillBenchmarks,DllImport_ByteArray,ShortRun,Default,Default,Default,Default,Default,Default,Default,Default,Default,Default,Default,Default,Default,Default,Default,Default,Default,Default,Default,Default,Default,Default,Default,Default,Default,Default,Default,Default,Default,Default,Default,3,Default,1,Default,Default,Default,Default,Default,Default,Default,3,"ShortRun(IterationCount=3, LaunchCount=1, WarmupCount=3)",Size=4096,1,Workload,Result,3,549224900,1048576,523.78,0,0,0,0
FillBenchmarks.DllImport_BytePointer,PInvokeBench,FillBenchmarks,DllImport_BytePointer,ShortRun,Default,Default,Default,Default,Default,Default,Default,Default,Default,Default,Default,Default,Default,Default,Default,Default,Default,Default,Default,Default,Default,Default,Default,Default,Default,Default,Default,Default,Default,Default,Default,3,Default,1,Default,Default,Default,Default,Default,Default,Default,3,"ShortRun(IterationCount=3, LaunchCount=1, WarmupCount=3)",Size=4096,1,Overhead,Jitting,1,189800,1,189800,0,0,0,0
FillBenchmarks.DllImport_BytePointer,PInvokeBench,FillBenchmarks,DllImport_BytePointer,ShortRun,Default,Default,Default,Default,Default,Default,Default,Default,Default,Default,Default,Default,Default,Default,Default,Default,Default,Default,Default,Default,Default,Default,Default,Default,Default,Default,Default,Default,Default,Default,Default,3,Default,1,Default,Default,Default,Default,Default,Default,Default,3,"ShortRun(IterationCount=3, LaunchCount=1, WarmupCount=3)",Size=4096,1,Workload,Jitting,1,549700,1,549700,0,0,0,0
FillBenchmarks.DllImport_BytePointer,PInvokeBench,FillBenchmarks,DllImport_BytePointer,ShortRun,Default,Default,Default,Default,Default,Default,Default,Default,Default,Default,Default,Default,Default,Default,Default,Default,Default,Default,Default,Default,Default,Default,Default,Default,Default,Default,Default,Default,Default,Default,Default,3,Default,1,Default,Default,Default,Default,Default,Default,Default,3,"ShortRun(IterationCount=3, LaunchCount=1, WarmupCount=3)",Size=4096,1,Overhead,Jitting,2,283400,16,17712.5,0,0,0,0
FillBenchmarks.DllImport_BytePointer,PInvokeBench,FillBenchmarks,DllImport_BytePointer,ShortRun,Default,Default,Default,Default,Default,Default,Default,Default,Default,Default,Default,Default,Default,Default,Default,Default,Default,Default,Default,Default,Default,Default,Default,Default,Default,Default,Default,Default,Default,Default,Default,3,Default,1,Default,Default,Default,Default,Default,Default,Default,3,"ShortRun(IterationCount=3, LaunchCount=1, WarmupCount=3)",Size=4096,1,Workload,Jitting,2,291800,16,18237.5,0,0,0,0
FillBenchmarks.DllImport_BytePointer,PInvokeBench,FillBenchmarks,DllImport_BytePointer,ShortRun,Default,Default,Default,Default,Default,Default,Default,Default,Default,Default,Default,Default,Default,Default,Default,Default,Default,Default,Default,Default,Default,Default,Default,Default,Default,Default,Default,Default,Default,Default,Default,3,Default,1,Default,Default,Default,Default,Default,Default,Default,3,"ShortRun(IterationCount=3, LaunchCount=1, WarmupCount=3)",Size=4096,1,Workload,Pilot,1,9100,16,568.75,0,0,0,0
FillBenchmarks.DllImport_BytePointer,PInvokeBench,FillBenchmarks,DllImport_BytePointer,ShortRun,Default,Default,Default,Default,Default,Default,Default,Default,Default,Default,Default,Default,Default,Default,Default,Default,Default,Default,Default,Default,Default,Default,Default,Default,Default,Default,Default,Default,Default,Default,Default,3,Default,1,Default,Default,Default,Default,Default,Default,Default,3,"ShortRun(IterationCount=3, LaunchCount=1, WarmupCount=3)",Size=4096,1,Workload,Pilot,2,17700,32,553.13,0,0,0,0
FillBenchmarks.DllImport_BytePointer,PInvokeBench,FillBenchmarks,DllImport_BytePointer,ShortRun,Default,Default,Default,Default,Default,Default,Default,Default,Default,Default,Default,Default,Default,Default,Default,Default,Default,Default,Default,Default,Default,Default,Default,Default,Default,Default,Default,Default,Default,Default,Default,3,Default,1,Default,Default,Default,Default,Default,Default,Default,3,"ShortRun(IterationCount=3, LaunchCount=1, WarmupCount=3)",Size=4096,1,Workload,Pilot,3,37100,64,579.69,0,0,0,0
FillBenchmarks.DllImport_BytePointer,PInvokeBench,FillBenchmarks,DllImport_BytePointer,ShortRun,Default,Default,Default,Default,Default,Default,Default,Default,Default,Default,Default,Default,Default,Default,Default,Default,Default,Default,Default,Default,Default,Default,Default,Default,Default,Default,Default,Default,Default,Default,Default,3,Default,1,Default,Default,Default,Default,Default,Default,Default,3,"ShortRun(IterationCount=3, LaunchCount=1, WarmupCount=3)",Size=4096,1,Workload,Pilot,4,68500,128,535.16,0,0,0,0
FillBenchmarks.DllImport_BytePointer,PInvokeBench,FillBenchmarks,DllImport_BytePointer,ShortRun,Default,Default,Default,Default,Default,Default,Default,Default,Default,Default,Default,Default,Default,Default,Default,Default,Default,Default,Default,Default,Default,Default,Default,Default,Default,Default,Default,Default,Default,Default,Default,3,Default,1,Default,Default,Default,Default,Default,Default,Default,3,"ShortRun(IterationCount=3, LaunchCount=1, WarmupCount=3)",Size=4096,1,Workload,Pilot,5,136500,256,533.2,0,0,0,0
FillBenchmarks.DllImport_BytePointer,PInvokeBench,FillBenchmarks,DllImport_BytePointer,ShortRun,Default,Default,Default,Default,Default,Default,Default,Default,Default,Default,Default,Default,Default,Default,Default,Default,Default,Default,Default,Default,Default,Default,Default,Default,Default,Default,Default,Default,Default,Default,Default,3,Default,1,Default,Default,Default,Default,Default,Default,Default,3,"ShortRun(IterationCount=3, LaunchCount=1, WarmupCount=3)",Size=4096,1,Workload,Pilot,6,271500,512,530.27,0,0,0,0
FillBenchmarks.DllImport_BytePointer,PInvokeBench,FillBenchmarks,DllImport_BytePointer,ShortRun,Default,Default,Default,Default,Default,Default,Default,Default,Default,Default,Default,Default,Default,Default,Default,Default,Default,Default,Default,Default,Default,Default,Default,Default,Default,Default,Default,Default,Default,Default,Default,3,Default,1,Default,Default,Default,Default,Default,Default,Default,3,"ShortRun(IterationCount=3, LaunchCount=1, WarmupCount=3)",Size=4096,1,Workload,Pilot,7,542800,1024,530.08,0,0,0,0
FillBenchmarks.DllImport_BytePointer,PInvokeBench,FillBenchmarks,DllImport_BytePointer,ShortRun,Default,Default,Default,Default,Default,Default,Default,Default,Default,Default,Default,Default,Default,Default,Default,Default,Default,Default,Default,Default,Default,Default,Default,Default,Default,Default,Default,Default,Default,Default,Default,3,Default,1,Default,Default,Default,Default,Default,Default,Default,3,"ShortRun(IterationCount=3, LaunchCount=1, WarmupCount=3)",Size=4096,1,Workload,Pilot,8,1092100,2048,533.25,0,0,0,0
FillBenchmarks.DllImport_BytePointer,PInvokeBench,FillBenchmarks,DllImport_BytePointer,ShortRun,Default,Default,Default,Default,Default,Default,Default,Default,Default,Default,Default,Default,Default,Default,Default,Default,Default,Default,Default,Default,Default,Default,Default,Default,Default,Default,Default,Default,Default,Default,Default,3,Default,1,Default,Default,Default,Default,Default,Default,Default,3,"ShortRun(IterationCount=3, LaunchCount=1, WarmupCount=3)",Size=4096,1,Workload,Pilot,9,2175500,4096,531.13,0,0,0,0
FillBenchmarks.DllImport_BytePointer,PInvokeBench,FillBenchmarks,DllImport_BytePointer,ShortRun,Default,Default,Default,Default,Default,Default,Default,Default,Default,Default,Default,Default,Default,Default,Default,Default,Default,Default,Default,Default,Default,Default,Default,Default,Default,Default,Default,Default,Default,Default,Default,3,Default,1,Default,Default,Default,Default,Default,Default,Default,3,"ShortRun(IterationCount=3, LaunchCount=1, WarmupCount=3)",Size=4096,1,Workload,Pilot,10,4480600,8192,546.95,0,0,0,0
FillBenchmarks.DllImport_BytePointer,PInvokeBench,FillBenchmarks,DllImport_BytePointer,ShortRun,Default,Default,Default,Default,Default,Default,Default,Default,Default,Default,Default,Default,Default,Default,Default,Default,Default,Default,Default,Default,Default,Default,Default,Default,Default,Default,Default,Default,Default,Default,Default,3,Default,1,Default,Default,Default,Default,Default,Default,Default,3,"ShortRun(IterationCount=3, LaunchCount=1, WarmupCount=3)",Size=4096,1,Workload,Pilot,11,8913200,16384,544.02,0,0,0,0
FillBenchmarks.DllImport_BytePointer,PInvokeBench,FillBenchmarks,DllImport_BytePointer,ShortRun,Default,Default,Default,Default,Default,Default,Default,Default,Default,Default,Default,Default,Default,Default,Default,Default,Default,Default,Default,Default,Default,Default,Default,Default,Default,Default,Default,Default,Default,Default,Default,3,Default,1,Default,Default,Default,Default,Default,Default,Default,3,"ShortRun(IterationCount=3, LaunchCount=1, WarmupCount=3)",Size=4096,1,Workload,Pilot,12,19347600,32768,590.44,0,0,0,0
FillBenchmarks.DllImport_BytePointer,PInvokeBench,FillBenchmarks,DllImport_BytePointer,ShortRun,Default,Default,Default,Default,Default,Default,Default,Default,Default,Default,Default,Default,Default,Default,Default,Default,Default,Default,Default,Default,Default,Default,Default,Default,Default,Default,Default,Default,Default,Default,Default,3,Default,1,Default,Default,Default,Default,Default,Default,Default,3,"ShortRun(IterationCount=3, LaunchCount=1, WarmupCount=3)",Size=4096,1,Workload,Pilot,13,37548900,65536,572.95,0,0,0,0
FillBenchmarks.DllImport_BytePointer,PInvokeBench,FillBenchmarks,DllImport_BytePointer,ShortRun,Default,Default,Default,Default,Default,Default,Default,Default,Default,Default,Default,Default,Default,Default,Default,Default,Default,Default,Default,Default,Default,Default,Default,Default,Default,Default,Default,Default,Default,Default,Default,3,Default,1,Default,Default,Default,Default,Default,Default,Default,3,"ShortRun(IterationCount=3, LaunchCount=1, WarmupCount=3)",Size=4096,1,Workload,Pilot,14,71526500,131072,545.7,0,0,0,0
FillBenchmarks.DllImport_BytePointer,PInvokeBench,FillBenchmarks,DllImport_BytePointer,ShortRun,Default,Default,Default,Default,Default,Default,Default,Default,Default,Default,Default,Default,Default,Default,Default,Default,Default,Default,Default,Default,Default,Default,Default,Default,Default,Default,Default,Default,Default,Default,Default,3,Default,1,Default,Default,Default,Default,Default,Default,Default,3,"ShortRun(IterationCount=3, LaunchCount=1, WarmupCount=3)",Size=4096,1,Workload,Pilot,15,135832300,262144,518.16,0,0,0,0
FillBenchmarks.DllImport_BytePointer,PInvokeBench,FillBenchmarks,DllImport_BytePointer,ShortRun,Default,Default,Default,Default,Default,Default,Default,Default,Default,Default,Default,Default,Default,Default,Default,Default,Default,Default,Default,Default,Default,Default,Default,Default,Default,Default,Default,Default,Default,Default,Default,3,Default,1,Default,Default,Default,Default,Default,Default,Default,3,"ShortRun(IterationCount=3, LaunchCount=1, WarmupCount=3)",Size=4096,1,Workload,Pilot,16,264338700,524288,504.19,0,0,0,0
FillBenchmarks.DllImport_BytePointer,PInvokeBench,FillBenchmarks,DllImport_BytePointer,ShortRun,Default,Default,Default,Default,Default,Default,Default,Default,Default,Default,Default,Default,Default,Default,Default,Default,Default,Default,Default,Default,Default,Default,Default,Default,Default,Default,Default,Default,Default,Default,Default,3,Default,1,Default,Default,Default,Default,Default,Default,Default,3,"ShortRun(IterationCount=3, LaunchCount=1, WarmupCount=3)",Size=4096,1,Workload,Pilot,17,520427000,1048576,496.32,0,0,0,0
FillBenchmarks.DllImport_BytePointer,PInvokeBench,FillBenchmarks,DllImport_BytePointer,ShortRun,Default,Default,Default,Default,Default,Default,Default,Default,Default,Default,Default,Default,Default,Default,Default,Default,Default,Default,Default,Default,Default,Default,Default,Default,Default,Default,Default,Default,Default,Default,Default,3,Default,1,Default,Default,Default,Default,Default,Default,Default,3,"ShortRun(IterationCount=3, LaunchCount=1, WarmupCount=3)",Size=4096,1,Overhead,Warmup,1,2329800,1048576,2.22,0,0,0,0
FillBenchmarks.DllImport_BytePointer,PInvokeBench,FillBenchmarks,DllImport_BytePointer,ShortRun,Default,Default,Default,Default,Default,Default,Default,Default,Default,Default,Default,Default,Default,Default,Default,Default,Default,Default,Default,Default,Default,Default,Default,Default,Default,Default,Default,Default,Default,Default,Default,3,Default,1,Default,Default,Default,Default,Default,Default,Default,3,"ShortRun(IterationCount=3, LaunchCount=1, WarmupCount=3)",Size=4096,1,Overhead,Warmup,2,2327400,1048576,2.22,0,0,0,0
FillBenchmarks.DllImport_BytePointer,PInvokeBench,FillBenchmarks,DllImport_BytePointer,ShortRun,Default,Default,Default,Default,Default,Default,Default,Default,Default,Default,Default,Default,Default,Default,Default,Default,Default,Default,Default,Default,Default,Default,Default,Default,Default,Default,Default,Default,Default,Default,Default,3,Default,1,Default,Default,Default,Default,Default,Default,Default,3,"ShortRun(IterationCount=3, LaunchCount=1, WarmupCount=3)",Size=4096,1,Overhead,Warmup,3,2552100,1048576,2.43,0,0,0,0
FillBenchmarks.DllImport_BytePointer,PInvokeBench,FillBenchmarks,DllImport_BytePointer,ShortRun,Default,Default,Default,Default,Default,Default,Default,Default,Default,Default,Default,Default,Default,Default,Default,Default,Default,Default,Default,Default,Default,Default,Default,Default,Default,Default,Default,Default,Default,Default,Default,3,Default,1,Default,Default,Default,Default,Default,Default,Default,3,"ShortRun(IterationCount=3, LaunchCount=1, WarmupCount=3)",Size=4096,1,Overhead,Warmup,4,2503000,1048576,2.39,0,0,0,0
FillBenchmarks.DllImport_BytePointer,PInvokeBench,FillBenchmarks,DllImport_BytePointer,ShortRun,Default,Default,Default,Default,Default,Default,Default,Default,Default,Default,Default,Default,Default,Default,Default,Default,Default,Default,Default,Default,Default,Default,Default,Default,Default,Default,Default,Default,Default,Default,Default,3,Default,1,Default,Default,Default,Default,Default,Default,Default,3,"ShortRun(IterationCount=3, LaunchCount=1, WarmupCount=3)",Size=4096,1,Overhead,Warmup,5,2416800,1048576,2.3,0,0,0,0
FillBenchmarks.DllImport_BytePointer,PInvokeBench,FillBenchmarks,DllImport_BytePointer,ShortRun,Default,Default,Default,Default,Default,Default,Default,Default,Default,Default,Default,Default,Default,Default,Default,Default,Default,Default,Default,Default,Default,Default,Default,Default,Default,Default,Default,Default,Default,Default,Default,3,Default,1,Default,Default,Default,Default,Default,Default,Default,3,"ShortRun(IterationCount=3, LaunchCount=1, WarmupCount=3)",Size=4096,1,Overhead,Warmup,6,2382400,1048576,2.27,0,0,0,0
FillBenchmarks.DllImport_BytePointer,PInvokeBench,FillBenchmarks,DllImport_BytePointer,ShortRun,Default,Default,Default,Default,Default,Default,Default,Default,Default,Default,Default,Default,Default,Default,Default,Default,Default,Default,Default,Default,Default,Default,Default,Default,Default,Default,Default,Default,Default,Default,Default,3,Default,1,Default,Default,Default,Default,Default,Default,Default,3,"ShortRun(IterationCount=3, LaunchCount=1, WarmupCount=3)",Size=4096,1,Overhead,Warmup,7,2625000,1048576,2.5,0,0,0,0
FillBenchmarks.DllImport_BytePointer,PInvokeBench,FillBenchmarks,DllImport_BytePointer,ShortRun,Default,Default,Default,Default,Default,Default,Default,Default,Default,Default,Default,Default,Default,Default,Default,Default,Default,Default,Default,Default,Default,Default,Default,Default,Default,Default,Default,Default,Default,Default,Default,3,Default,1,Default,Default,Default,Default,Default,Default,Default,3,"ShortRun(IterationCount=3, LaunchCount=1, WarmupCount=3)",Size=4096,1,Overhead,Warmup,8,2420500,1048576,2.31,0,0,0,0
FillBenchmarks.DllImport_BytePointer,PInvokeBench,FillBenchmarks,DllImport_BytePointer,ShortRun,Default,Default,Default,Default,Default,Default,Default,Default,Default,Default,Default,Default,Default,Default,Default,Default,Default,Default,Default,Default,Default,Default,Default,Default,Default,Default,Default,Default,Default,Default,Default,3,Default,1,Default,Default,Default,Default,Default,Default,Default,3,"ShortRun(IterationCount=3, LaunchCount=1, WarmupCount=3)",Size=4096,1,Overhead,Actual,1,2385300,1048576,2.27,0,0,0,0
FillBenchmarks.DllImport_BytePointer,PInvokeBench,FillBenchmarks,DllImport_BytePointer,ShortRun,Default,Default,Default,Default,Default,Default,Default,Default,Default,Default,Default,Default,Default,Default,Default,Default,Default,Default,Default,Default,Default,Default,Default,Default,Default,Default,Default,Default,Default,Default,Default,3,Default,1,Default,Default,Default,Default,Default,Default,Default,3,"ShortRun(IterationCount=3, LaunchCount=1, WarmupCount=3)",Size=4096,1,Overhead,Actual,2,2481900,1048576,2.37,0,0,0,0
FillBenchmarks.DllImport_BytePointer,PInvokeBench,FillBenchmarks,DllImport_BytePointer,ShortRun,Default,Default,Default,Default,Default,Default,Default,Default,Default,Default,Default,Default,Default,Default,Default,Default,Default,Default,Default,Default,Default,Default,Default,Default,Default,Default,Default,Default,Default,Default,Default,3,Default,1,Default,Default,Default,Default,Default,Default,Default,3,"ShortRun(IterationCount=3, LaunchCount=1, WarmupCount=3)",Size=4096,1,Overhead,Actual,3,2436800,1048576,2.32,0,0,0,0
FillBenchmarks.DllImport_BytePointer,PInvokeBench,FillBenchmarks,DllImport_BytePointer,ShortRun,Default,Default,Default,Default,Default,Default,Default,Default,Default,Default,Default,Default,Default,Default,Default,Default,Default,Default,Default,Default,Default,Default,Default,Default,Default,Default,Default,Default,Default,Default,Default,3,Default,1,Default,Default,Default,Default,Default,Default,Default,3,"ShortRun(IterationCount=3, LaunchCount=1, WarmupCount=3)",Size=4096,1,Overhead,Actual,4,2611800,1048576,2.49,0,0,0,0
FillBenchmarks.DllImport_BytePointer,PInvokeBench,FillBenchmarks,DllImport_BytePointer,ShortRun,Default,Default,Default,Default,Default,Default,Default,Default,Default,Default,Default,Default,Default,Default,Default,Default,Default,Default,Default,Default,Default,Default,Default,Default,Default,Default,Default,Default,Default,Default,Default,3,Default,1,Default,Default,Default,Default,Default,Default,Default,3,"ShortRun(IterationCount=3, LaunchCount=1, WarmupCount=3)",Size=4096,1,Overhead,Actual,5,2447000,1048576,2.33,0,0,0,0
FillBenchmarks.DllImport_BytePointer,PInvokeBench,FillBenchmarks,DllImport_BytePointer,ShortRun,Default,Default,Default,Default,Default,Default,Default,Default,Default,Default,Default,Default,Default,Default,Default,Default,Default,Default,Default,Default,Default,Default,Default,Default,Default,Default,Default,Default,Default,Default,Default,3,Default,1,Default,Default,Default,Default,Default,Default,Default,3,"ShortRun(IterationCount=3, LaunchCount=1, WarmupCount=3)",Size=4096,1,Overhead,Actual,6,2752800,1048576,2.63,0,0,0,0
FillBenchmarks.DllImport_BytePointer,PInvokeBench,FillBenchmarks,DllImport_BytePointer,ShortRun,Default,Default,Default,Default,Default,Default,Default,Default,Default,Default,Default,Default,Default,Default,Default,Default,Default,Default,Default,Default,Default,Default,Default,Default,Default,Default,Default,Default,Default,Default,Default,3,Default,1,Default,Default,Default,Default,Default,Default,Default,3,"ShortRun(IterationCount=3, LaunchCount=1, WarmupCount=3)",Size=4096,1,Overhead,Actual,7,2477200,1048576,2.36,0,0,0,0
FillBenchmarks.DllImport_BytePointer,PInvokeBench,FillBenchmarks,DllImport_BytePointer,ShortRun,Default,Default,Default,Default,Default,Default,Default,Default,Default,Default,Default,Default,Default,Default,Default,Default,Default,Default,Default,Default,Default,Default,Default,Default,Default,Default,Default,Default,Default,Default,Default,3,Default,1,Default,Default,Default,Default,Default,Default,Default,3,"ShortRun(IterationCount=3, LaunchCount=1, WarmupCount=3)",Size=4096,1,Overhead,Actual,8,2617300,1048576,2.5,0,0,0,0
FillBenchmarks.DllImport_BytePointer,PInvokeBench,FillBenchmarks,DllImport_BytePointer,ShortRun,Default,Default,Default,Default,Default,Default,Default,Default,Default,Default,Default,Default,Default,Default,Default,Default,Default,Default,Default,Default,Default,Default,Default,Default,Default,Default,Default,Default,Default,Default,Default,3,Default,1,Default,Default,Default,Default,Default,Default,Default,3,"ShortRun(IterationCount=3, LaunchCount=1, WarmupCount=3)",Size=4096,1,Overhead,Actual,9,2549900,1048576,2.43,0,0,0,0
FillBenchmarks.DllImport_BytePointer,PInvokeBench,FillBenchmarks,DllImport_BytePointer,ShortRun,Default,Default,Default,Default,Default,Default,Default,Default,Default,Default,Default,Default,Default,Default,Default,Default,Default,Default,Default,Default,Default,Default,Default,Default,Default,Default,Default,Default,Default,Default,Default,3,Default,1,Default,Default,Default,Default,Default,Default,Default,3,"ShortRun(IterationCount=3, LaunchCount=1, WarmupCount=3)",Size=4096,1,Overhead,Actual,10,2445400,1048576,2.33,0,0,0,0
FillBenchmarks.DllImport_BytePointer,PInvokeBench,FillBenchmarks,DllImport_BytePointer,ShortRun,Default,Default,Default,Default,Default,Default,Default,Default,Default,Default,Default,Default,Default,Default,Default,Default,Default,Default,Default,Default,Default,Default,Default,Default,Default,Default,Default,Default,Default,Default,Default,3,Default,1,Default,Default,Default,Default,Default,Default,Default,3,"ShortRun(IterationCount=3, LaunchCount=1, WarmupCount=3)",Size=4096,1,Overhead,Actual,11,2494800,1048576,2.38,0,0,0,0
FillBenchmarks.DllImport_BytePointer,PInvokeBench,FillBenchmarks,DllImport_BytePointer,ShortRun,Default,Default,Default,Default,Default,Default,Default,Default,Default,Default,Default,Default,Default,Default,Default,Default,Default,Default,Default,Default,Default,Default,Default,Default,Default,Default,Default,Default,Default,Default,Default,3,Default,1,Default,Default,Default,Default,Default,Default,Default,3,"ShortRun(IterationCount=3, LaunchCount=1, WarmupCount=3)",Size=4096,1,Overhead,Actual,12,2443500,1048576,2.33,0,0,0,0
FillBenchmarks.DllImport_BytePointer,PInvokeBench,FillBenchmarks,DllImport_BytePointer,ShortRun,Default,Default,Default,Default,Default,Default,Default,Default,Default,Default,Default,Default,Default,Default,Default,Default,Default,Default,Default,Default,Default,Default,Default,Default,Default,Default,Default,Default,Default,Default,Default,3,Default,1,Default,Default,Default,Default,Default,Default,Default,3,"ShortRun(IterationCount=3, LaunchCount=1, WarmupCount=3)",Size=4096,1,Overhead,Actual,13,2608900,1048576,2.49,0,0,0,0
FillBenchmarks.DllImport_BytePointer,PInvokeBench,FillBenchmarks,DllImport_BytePointer,ShortRun,Default,Default,Default,Default,Default,Default,Default,Default,Default,Default,Default,Default,Default,Default,Default,Default,Default,Default,Default,Default,Default,Default,Default,Default,Default,Default,Default,Default,Default,Default,Default,3,Default,1,Default,Default,Default,Default,Default,Default,Default,3,"ShortRun(IterationCount=3, LaunchCount=1, WarmupCount=3)",Size=4096,1,Overhead,Actual,14,2447300,1048576,2.33,0,0,0,0
FillBenchmarks.DllImport_BytePointer,PInvokeBench,FillBenchmarks,DllImport_BytePointer,ShortRun,Default,Default,Default,Default,Default,Default,Default,Default,Default,Default,Default,Default,Default,Default,Default,Default,Default,Default,Default,Default,Default,Default,Default,Default,Default,Default,Default,Default,Default,Default,Default,3,Default,1,Default,Default,Default,Default,Default,Default,Default,3,"ShortRun(IterationCount=3, LaunchCount=1, WarmupCount=3)",Size=4096,1,Overhead,Actual,15,2457700,1048576,2.34,0,0,0,0
FillBenchmarks.DllImport_BytePointer,PInvokeBench,FillBenchmarks,DllImport_BytePointer,ShortRun,Default,Default,Default,Default,Default,Default,Default,Default,Default,Default,Default,Default,Default,Default,Default,Default,Default,Default,Default,Default,Default,Default,Default,Default,Default,Default,Default,Default,Default,Default,Default,3,Default,1,Default,Default,Default,Default,Default,Default,Default,3,"ShortRun(IterationCount=3, LaunchCount=1, WarmupCount=3)",Size=4096,1,Workload,Warmup,1,536012800,1048576,511.18,0,0,0,0
FillBenchmarks.DllImport_BytePointer,PInvokeBench,FillBenchmarks,DllImport_BytePointer,ShortRun,Default,Default,Default,Default,Default,Default,Default,Default,Default,Default,Default,Default,Default,Default,Default,Default,Default,Default,Default,Default,Default,Default,Default,Default,Default,Default,Default,Default,Default,Default,Default,3,Default,1,Default,Default,Default,Default,Default,Default,Default,3,"ShortRun(IterationCount=3, LaunchCount=1, WarmupCount=3)",Size=4096,1,Workload,Warmup,2,523723500,1048576,499.46,0,0,0,0
FillBenchmarks.DllImport_BytePointer,PInvokeBench,FillBenchmarks,DllImport_BytePointer,ShortRun,Default,Default,Default,Default,Default,Default,Default,Default,Default,Default,Default,Default,Default,Default,Default,Default,Default,Default,Default,Default,Default,Default,Default,Default,Default,Default,Default,Default,Default,Default,Default,3,Default,1,Default,Default,Default,Default,Default,Default,Default,3,"ShortRun(IterationCount=3, LaunchCount=1, WarmupCount=3)",Size=4096,1,Workload,Warmup,3,517838600,1048576,493.85,0,0,0,0
FillBenchmarks.DllImport_BytePointer,PInvokeBench,FillBenchmarks,DllImport_BytePointer,ShortRun,Default,Default,Default,Default,Default,Default,Default,Default,Default,Default,Default,Default,Default,Default,Default,Default,Default,Default,Default,Default,Default,Default,Default,Default,Default,Default,Default,Default,Default,Default,Default,3,Default,1,Default,Default,Default,Default,Default,Default,Default,3,"ShortRun(IterationCount=3, LaunchCount=1, WarmupCount=3)",Size=4096,1,Workload,Actual,1,551731200,1048576,526.17,0,0,0,0
FillBenchmarks.DllImport_BytePointer,PInvokeBench,FillBenchmarks,DllImport_BytePointer,ShortRun,Default,Default,Default,Default,Default,Default,Default,Default,Default,Default,Default,Default,Default,Default,Default,Default,Default,Default,Default,Default,Default,Default,Default,Default,Default,Default,Default,Default,Default,Default,Default,3,Default,1,Default,Default,Default,Default,Default,Default,Default,3,"ShortRun(IterationCount=3, LaunchCount=1, WarmupCount=3)",Size=4096,1,Workload,Actual,2,513021200,1048576,489.26,0,0,0,0
FillBenchmarks.DllImport_BytePointer,PInvokeBench,FillBenchmarks,DllImport_BytePointer,ShortRun,Default,Default,Default,Default,Default,Default,Default,Default,Default,Default,Default,Default,Default,Default,Default,Default,Default,Default,Default,Default,Default,Default,Default,Default,Default,Default,Default,Default,Default,Default,Default,3,Default,1,Default,Default,Default,Default,Default,Default,Default,3,"ShortRun(IterationCount=3, LaunchCount=1, WarmupCount=3)",Size=4096,1,Workload,Actual,3,521213200,1048576,497.07,0,0,0,0
FillBenchmarks.DllImport_BytePointer,PInvokeBench,FillBenchmarks,DllImport_BytePointer,ShortRun,Default,Default,Default,Default,Default,Default,Default,Default,Default,Default,Default,Default,Default,Default,Default,Default,Default,Default,Default,Default,Default,Default,Default,Default,Default,Default,Default,Default,Default,Default,Default,3,Default,1,Default,Default,Default,Default,Default,Default,Default,3,"ShortRun(IterationCount=3, LaunchCount=1, WarmupCount=3)",Size=4096,1,Workload,Result,1,549254000,1048576,523.81,0,0,0,0
FillBenchmarks.DllImport_BytePointer,PInvokeBench,FillBenchmarks,DllImport_BytePointer,ShortRun,Default,Default,Default,Default,Default,Default,Default,Default,Default,Default,Default,Default,Default,Default,Default,Default,Default,Default,Default,Default,Default,Default,Default,Default,Default,Default,Default,Default,Default,Default,Default,3,Default,1,Default,Default,Default,Default,Default,Default,Default,3,"ShortRun(IterationCount=3, LaunchCount=1, WarmupCount=3)",Size=4096,1,Workload,Result,2,510544000,1048576,486.89,0,0,0,0
FillBenchmarks.DllImport_BytePointer,PInvokeBench,FillBenchmarks,DllImport_BytePointer,ShortRun,Default,Default,Default,Default,Default,Default,Default,Default,Default,Default,Default,Default,Default,Default,Default,Default,Default,Default,Default,Default,Default,Default,Default,Default,Default,Default,Default,Default,Default,Default,Default,3,Default,1,Default,Default,Default,Default,Default,Default,Default,3,"ShortRun(IterationCount=3, LaunchCount=1, WarmupCount=3)",Size=4096,1,Workload,Result,3,518736000,1048576,494.71,0,0,0,0
FillBenchmarks.DllImport_RefByte,PInvokeBench,FillBenchmarks,DllImport_RefByte,ShortRun,Default,Default,Default,Default,Default,Default,Default,Default,Default,Default,Default,Default,Default,Default,Default,Default,Default,Default,Default,Default,Default,Default,Default,Default,Default,Default,Default,Default,Default,Default,Default,3,Default,1,Default,Default,Default,Default,Default,Default,Default,3,"ShortRun(IterationCount=3, LaunchCount=1, WarmupCount=3)",Size=4096,1,Overhead,Jitting,1,500200,1,500200,0,0,0,0
FillBenchmarks.DllImport_RefByte,PInvokeBench,FillBenchmarks,DllImport_RefByte,ShortRun,Default,Default,Default,Default,Default,Default,Default,Default,Default,Default,Default,Default,Default,Default,Default,Default,Default,Default,Default,Default,Default,Default,Default,Default,Default,Default,Default,Default,Default,Default,Default,3,Default,1,Default,Default,Default,Default,Default,Default,Default,3,"ShortRun(IterationCount=3, LaunchCount=1, WarmupCount=3)",Size=4096,1,Workload,Jitting,1,693200,1,693200,0,0,0,0
FillBenchmarks.DllImport_RefByte,PInvokeBench,FillBenchmarks,DllImport_RefByte,ShortRun,Default,Default,Default,Default,Default,Default,Default,Default,Default,Default,Default,Default,Default,Default,Default,Default,Default,Default,Default,Default,Default,Default,Default,Default,Default,Default,Default,Default,Default,Default,Default,3,Default,1,Default,Default,Default,Default,Default,Default,Default,3,"ShortRun(IterationCount=3, LaunchCount=1, WarmupCount=3)",Size=4096,1,Overhead,Jitting,2,303200,16,18950,0,0,0,0
FillBenchmarks.DllImport_RefByte,PInvokeBench,FillBenchmarks,DllImport_RefByte,ShortRun,Default,Default,Default,Default,Default,Default,Default,Default,Default,Default,Default,Default,Default,Default,Default,Default,Default,Default,Default,Default,Default,Default,Default,Default,Default,Default,Default,Default,Default,Default,Default,3,Default,1,Default,Default,Default,Default,Default,Default,Default,3,"ShortRun(IterationCount=3, LaunchCount=1, WarmupCount=3)",Size=4096,1,Workload,Jitting,2,281800,16,17612.5,0,0,0,0
FillBenchmarks.DllImport_RefByte,PInvokeBench,FillBenchmarks,DllImport_RefByte,ShortRun,Default,Default,Default,Default,Default,Default,Default,Default,Default,Default,Default,Default,Default,Default,Default,Default,Default,Default,Default,Default,Default,Default,Default,Default,Default,Default,Default,Default,Default,Default,Default,3,Default,1,Default,Default,Default,Default,Default,Default,Default,3,"ShortRun(IterationCount=3, LaunchCount=1, WarmupCount=3)",Size=4096,1,Workload,Pilot,1,9700,16,606.25,0,0,0,0
FillBenchmarks.DllImport_RefByte,PInvokeBench,FillBenchmarks,DllImport_RefByte,ShortRun,Default,Default,Default,Default,Default,Default,Default,Default,Default,Default,Default,Default,Default,Default,Default,Default,Default,Default,Default,Default,Default,Default,Default,Default,Default,Default,Default,Default,Default,Default,Default,3,Default,1,Default,Default,Default,Default,Default,Default,Default,3,"ShortRun(IterationCount=3, LaunchCount=1, WarmupCount=3)",Size=4096,1,Workload,Pilot,2,18400,32,575,0,0,0,0
FillBenchmarks.DllImport_RefByte,PInvokeBench,FillBenchmarks,DllImport_RefByte,ShortRun,Default,Default,Default,Default,Default,Default,Default,Default,Default,Default,Default,Default,Default,Default,Default,Default,Default,Default,Default,Default,Default,Default,Default,Default,Default,Default,Default,Default,Default,Default,Default,3,Default,1,Default,Default,Default,Default,Default,Default,Default,3,"ShortRun(IterationCount=3, LaunchCount=1, WarmupCount=3)",Size=4096,1,Workload,Pilot,3,35900,64,560.94,0,0,0,0
FillBenchmarks.DllImport_RefByte,PInvokeBench,FillBenchmarks,DllImport_RefByte,ShortRun,Default,Default,Default,Default,Default,Default,Default,Default,Default,Default,Default,Default,Default,Default,Default,Default,Default,Default,Default,Default,Default,Default,Default,Default,Default,Default,Default,Default,Default,Default,Default,3,Default,1,Default,Default,Default,Default,Default,Default,Default,3,"ShortRun(IterationCount=3, LaunchCount=1, WarmupCount=3)",Size=4096,1,Workload,Pilot,4,71400,128,557.81,0,0,0,0
FillBenchmarks.DllImport_RefByte,PInvokeBench,FillBenchmarks,DllImport_RefByte,ShortRun,Default,Default,Default,Default,Default,Default,Default,Default,Default,Default,Default,Default,Default,Default,Default,Default,Default,Default,Default,Default,Default,Default,Default,Default,Default,Default,Default,Default,Default,Default,Default,3,Default,1,Default,Default,Default,Default,Default,Default,Default,3,"ShortRun(IterationCount=3, LaunchCount=1, WarmupCount=3)",Size=4096,1,Workload,Pilot,5,141500,256,552.73,0,0,0,0
FillBenchmarks.DllImport_RefByte,PInvokeBench,FillBenchmarks,DllImport_RefByte,ShortRun,Default,Default,Default,Default,Default,Default,Default,Default,Default,Default,Default,Default,Default,Default,Default,Default,Default,Default,Default,Default,Default,Default,Default,Default,Default,Default,Default,Default,Default,Default,Default,3,Default,1,Default,Default,Default,Default,Default,Default,Default,3,"ShortRun(IterationCount=3, LaunchCount=1, WarmupCount=3)",Size=4096,1,Workload,Pilot,6,286100,512,558.79,0,0,0,0
FillBenchmarks.DllImport_RefByte,PInvokeBench,FillBenchmarks,DllImport_RefByte,ShortRun,Default,Default,Default,Default,Default,Default,Default,Default,Default,Default,Default,Default,Default,Default,Default,Default,Default,Default,Default,Default,Default,Default,Default,Default,Default,Default,Default,Default,Default,Default,Default,3,Default,1,Default,Default,Default,Default,Default,Default,Default,3,"ShortRun(IterationCount=3, LaunchCount=1, WarmupCount=3)",Size=4096,1,Workload,Pilot,7,563200,1024,550,0,0,0,0
FillBenchmarks.DllImport_RefByte,PInvokeBench,FillBenchmarks,DllImport_RefByte,ShortRun,Default,Default,Default,Default,Default,Default,Default,Default,Default,Default,Default,Default,Default,Default,Default,Default,Default,Default,Default,Default,Default,Default,Default,Default,Default,Default,Default,Default,Default,Default,Default,3,Default,1,Default,Default,Default,Default,Default,Default,Default,3,"ShortRun(IterationCount=3, LaunchCount=1, WarmupCount=3)",Size=4096,1,Workload,Pilot,8,1132500,2048,552.98,0,0,0,0
FillBenchmarks.DllImport_RefByte,PInvokeBench,FillBenchmarks,DllImport_RefByte,ShortRun,Default,Default,Default,Default,Default,Default,Default,Default,Default,Default,Default,Default,Default,Default,Default,Default,Default,Default,Default,Default,Default,Default,Default,Default,Default,Default,Default,Default,Default,Default,Default,3,Default,1,Default,Default,Default,Default,Default,Default,Default,3,"ShortRun(IterationCount=3, LaunchCount=1, WarmupCount=3)",Size=4096,1,Workload,Pilot,9,2395300,4096,584.79,0,0,0,0
FillBenchmarks.DllImport_RefByte,PInvokeBench,FillBenchmarks,DllImport_RefByte,ShortRun,Default,Default,Default,Default,Default,Default,Default,Default,Default,Default,Default,Default,Default,Default,Default,Default,Default,Default,Default,Default,Default,Default,Default,Default,Default,Default,Default,Default,Default,Default,Default,3,Default,1,Default,Default,Default,Default,Default,Default,Default,3,"ShortRun(IterationCount=3, LaunchCount=1, WarmupCount=3)",Size=4096,1,Workload,Pilot,10,4504600,8192,549.88,0,0,0,0
FillBenchmarks.DllImport_RefByte,PInvokeBench,FillBenchmarks,DllImport_RefByte,ShortRun,Default,Default,Default,Default,Default,Default,Default,Default,Default,Default,Default,Default,Default,Default,Default,Default,Default,Default,Default,Default,Default,Default,Default,Default,Default,Default,Default,Default,Default,Default,Default,3,Default,1,Default,Default,Default,Default,Default,Default,Default,3,"ShortRun(IterationCount=3, LaunchCount=1, WarmupCount=3)",Size=4096,1,Workload,Pilot,11,9036000,16384,551.51,0,0,0,0
FillBenchmarks.DllImport_RefByte,PInvokeBench,FillBenchmarks,DllImport_RefByte,ShortRun,Default,Default,Default,Default,Default,Default,Default,Default,Default,Default,Default,Default,Default,Default,Default,Default,Default,Default,Default,Default,Default,Default,Default,Default,Default,Default,Default,Default,Default,Default,Default,3,Default,1,Default,Default,Default,Default,Default,Default,Default,3,"ShortRun(IterationCount=3, LaunchCount=1, WarmupCount=3)",Size=4096,1,Workload,Pilot,12,19459700,32768,593.86,0,0,0,0
FillBenchmarks.DllImport_RefByte,PInvokeBench,FillBenchmarks,DllImport_RefByte,ShortRun,Default,Default,Default,Default,Default,Default,Default,Default,Default,Default,Default,Default,Default,Default,Default,Default,Default,Default,Default,Default,Default,Default,Default,Default,Default,Default,Default,Default,Default,Default,Default,3,Default,1,Default,Default,Default,Default,Default,Default,Default,3,"ShortRun(IterationCount=3, LaunchCount=1, WarmupCount=3)",Size=4096,1,Workload,Pilot,13,38203300,65536,582.94,0,0,0,0
FillBenchmarks.DllImport_RefByte,PInvokeBench,FillBenchmarks,DllImport_RefByte,ShortRun,Default,Default,Default,Default,Default,Default,Default,Default,Default,Default,Default,Default,Default,Default,Default,Default,Default,Default,Default,Default,Default,Default,Default,Default,Default,Default,Default,Default,Default,Default,Default,3,Default,1,Default,Default,Default,Default,Default,Default,Default,3,"ShortRun(IterationCount=3, LaunchCount=1, WarmupCount=3)",Size=4096,1,Workload,Pilot,14,75341800,131072,574.81,0,0,0,0
FillBenchmarks.DllImport_RefByte,PInvokeBench,FillBenchmarks,DllImport_RefByte,ShortRun,Default,Default,Default,Default,Default,Default,Default,Default,Default,Default,Default,Default,Default,Default,Default,Default,Default,Default,Default,Default,Default,Default,Default,Default,Default,Default,Default,Default,Default,Default,Default,3,Default,1,Default,Default,Default,Default,Default,Default,Default,3,"ShortRun(IterationCount=3, LaunchCount=1, WarmupCount=3)",Size=4096,1,Workload,Pilot,15,143502500,262144,547.42,0,0,0,0
FillBenchmarks.DllImport_RefByte,PInvokeBench,FillBenchmarks,DllImport_RefByte,ShortRun,Default,Default,Default,Default,Default,Default,Default,Default,Default,Default,Default,Default,Default,Default,Default,Default,Default,Default,Default,Default,Default,Default,Default,Default,Default,Default,Default,Default,Default,Default,Default,3,Default,1,Default,Default,Default,Default,Default,Default,Default,3,"ShortRun(IterationCount=3, LaunchCount=1, WarmupCount=3)",Size=4096,1,Workload,Pilot,16,262398600,524288,500.49,0,0,0,0
FillBenchmarks.DllImport_RefByte,PInvokeBench,FillBenchmarks,DllImport_RefByte,ShortRun,Default,Default,Default,Default,Default,Default,Default,Default,Default,Default,Default,Default,Default,Default,Default,Default,Default,Default,Default,Default,Default,Default,Default,Default,Default,Default,Default,Default,Default,Default,Default,3,Default,1,Default,Default,Default,Default,Default,Default,Default,3,"ShortRun(IterationCount=3, LaunchCount=1, WarmupCount=3)",Size=4096,1,Workload,Pilot,17,525684300,1048576,501.33,0,0,0,0
FillBenchmarks.DllImport_RefByte,PInvokeBench,FillBenchmarks,DllImport_RefByte,ShortRun,Default,Default,Default,Default,Default,Default,Default,Default,Default,Default,Default,Default,Default,Default,Default,Default,Default,Default,Default,Default,Default,Default,Default,Default,Default,Default,Default,Default,Default,Default,Default,3,Default,1,Default,Default,Default,Default,Default,Default,Default,3,"ShortRun(IterationCount=3, LaunchCount=1, WarmupCount=3)",Size=4096,1,Overhead,Warmup,1,2335500,1048576,2.23,0,0,0,0
FillBenchmarks.DllImport_RefByte,PInvokeBench,FillBenchmarks,DllImport_RefByte,ShortRun,Default,Default,Default,Default,Default,Default,Default,Default,Default,Default,Default,Default,Default,Default,Default,Default,Default,Default,Default,Default,Default,Default,Default,Default,Default,Default,Default,Default,Default,Default,Default,3,Default,1,Default,Default,Default,Default,Default,Default,Default,3,"ShortRun(IterationCount=3, LaunchCount=1, WarmupCount=3)",Size=4096,1,Overhead,Warmup,2,2362400,1048576,2.25,0,0,0,0
FillBenchmarks.DllImport_RefByte,PInvokeBench,FillBenchmarks,DllImport_RefByte,ShortRun,Default,Default,Default,Default,Default,Default,Default,Default,Default,Default,Default,Default,Default,Default,Default,Default,Default,Default,Default,Default,Default,Default,Default,Default,Default,Default,Default,Default,Default,Default,Default,3,Default,1,Default,Default,Default,Default,Default,Default,Default,3,"ShortRun(IterationCount=3, LaunchCount=1, WarmupCount=3)",Size=4096,1,Overhead,Warmup,3,2301100,1048576,2.19,0,0,0,0
FillBenchmarks.DllImport_RefByte,PInvokeBench,FillBenchmarks,DllImport_RefByte,ShortRun,Default,Default,Default,Default,Default,Default,Default,Default,Default,Default,Default,Default,Default,Default,Default,Default,Default,Default,Default,Default,Default,Default,Default,Default,Default,Default,Default,Default,Default,Default,Default,3,Default,1,Default,Default,Default,Default,Default,Default,Default,3,"ShortRun(IterationCount=3, LaunchCount=1, WarmupCount=3)",Size=4096,1,Overhead,Warmup,4,2316600,1048576,2.21,0,0,0,0
FillBenchmarks.DllImport_RefByte,PInvokeBench,FillBenchmarks,DllImport_RefByte,ShortRun,Default,Default,Default,Default,Default,Default,Default,Default,Default,Default,Default,Default,Default,Default,Default,Default,Default,Default,Default,Default,Default,Default,Default,Default,Default,Default,Default,Default,Default,Default,Default,3,Default,1,Default,Default,Default,Default,Default,Default,Default,3,"ShortRun(IterationCount=3, LaunchCount=1, WarmupCount=3)",Size=4096,1,Overhead,Warmup,5,2356200,1048576,2.25,0,0,0,0
FillBenchmarks.DllImport_RefByte,PInvokeBench,FillBenchmarks,DllImport_RefByte,ShortRun,Default,Default,Default,Default,Default,Default,Default,Default,Default,Default,Default,Default,Default,Default,Default,Default,Default,Default,Default,Default,Default,Default,Default,Default,Default,Default,Default,Default,Default,Default,Default,3,Default,1,Default,Default,Default,Default,Default,Default,Default,3,"ShortRun(IterationCount=3, LaunchCount=1, WarmupCount=3)",Size=4096,1,Overhead,Warmup,6,2463800,1048576,2.35,0,0,0,0
FillBenchmarks.DllImport_RefByte,PInvokeBench,FillBenchmarks,DllImport_RefByte,ShortRun,Default,Default,Default,Default,Default,Default,Default,Default,Default,Default,Default,Default,Default,Default,Default,Default,Default,Default,Default,Default,Default,Default,Default,Default,Default,Default,Default,Default,Default,Default,Default,3,Default,1,Default,Default,Default,Default,Default,Default,Default,3,"ShortRun(IterationCount=3, LaunchCount=1, WarmupCount=3)",Size=4096,1,Overhead,Warmup,7,2329600,1048576,2.22,0,0,0,0
FillBenchmarks.DllImport_RefByte,PInvokeBench,FillBenchmarks,DllImport_RefByte,ShortRun,Default,Default,Default,Default,Default,Default,Default,Default,Default,Default,Default,Default,Default,Default,Default,Default,Default,Default,Default,Default,Default,Default,Default,Default,Default,Default,Default,Default,Default,Default,Default,3,Default,1,Default,Default,Default,Default,Default,Default,Default,3,"ShortRun(IterationCount=3, LaunchCount=1, WarmupCount=3)",Size=4096,1,Overhead,Actual,1,2330800,1048576,2.22,0,0,0,0
FillBenchmarks.DllImport_RefByte,PInvokeBench,FillBenchmarks,DllImport_RefByte,ShortRun,Default,Default,Default,Default,Default,Default,Default,Default,Default,Default,Default,Default,Default,Default,Default,Default,Default,Default,Default,Default,Default,Default,Default,Default,Default,Default,Default,Default,Default,Default,Default,3,Default,1,Default,Default,Default,Default,Default,Default,Default,3,"ShortRun(IterationCount=3, LaunchCount=1, WarmupCount=3)",Size=4096,1,Overhead,Actual,2,2340700,1048576,2.23,0,0,0,0
FillBenchmarks.DllImport_RefByte,PInvokeBench,FillBenchmarks,DllImport_RefByte,ShortRun,Default,Default,Default,Default,Default,Default,Default,Default,Default,Default,Default,Default,Default,Default,Default,Default,Default,Default,Default,Default,Default,Default,Default,Default,Default,Default,Default,Default,Default,Default,Default,3,Default,1,Default,Default,Default,Default,Default,Default,Default,3,"ShortRun(IterationCount=3, LaunchCount=1, WarmupCount=3)",Size=4096,1,Overhead,Actual,3,2386500,1048576,2.28,0,0,0,0
FillBenchmarks.DllImport_RefByte,PInvokeBench,FillBenchmarks,DllImport_RefByte,ShortRun,Default,Default,Default,Default,Default,Default,Default,Default,Default,Default,Default,Default,Default,Default,Default,Default,Default,Default,Default,Default,Default,Default,Default,Default,Default,Default,Default,Default,Default,Default,Default,3,Default,1,Default,Default,Default,Default,Default,Default,Default,3,"ShortRun(IterationCount=3, LaunchCount=1, WarmupCount=3)",Size=4096,1,Overhead,Actual,4,2402800,1048576,2.29,0,0,0,0
FillBenchmarks.DllImport_RefByte,PInvokeBench,FillBenchmarks,DllImport_RefByte,ShortRun,Default,Default,Default,Default,Default,Default,Default,Default,Default,Default,Default,Default,Default,Default,Default,Default,Default,Default,Default,Default,Default,Default,Default,Default,Default,Default,Default,Default,Default,Default,Default,3,Default,1,Default,Default,Default,Default,Default,Default,Default,3,"ShortRun(IterationCount=3, LaunchCount=1, WarmupCount=3)",Size=4096,1,Overhead,Actual,5,2357600,1048576,2.25,0,0,0,0
FillBenchmarks.DllImport_RefByte,PInvokeBench,FillBenchmarks,DllImport_RefByte,ShortRun,Default,Default,Default,Default,Default,Default,Default,Default,Default,Default,Default,Default,Default,Default,Default,Default,Default,Default,Default,Default,Default,Default,Default,Default,Default,Default,Default,Default,Default,Default,Default,3,Default,1,Default,Default,Default,Default,Default,Default,Default,3,"ShortRun(IterationCount=3, LaunchCount=1, WarmupCount=3)",Size=4096,1,Overhead,Actual,6,2350300,1048576,2.24,0,0,0,0
FillBenchmarks.DllImport_RefByte,PInvokeBench,FillBenchmarks,DllImport_RefByte,ShortRun,Default,Default,Default,Default,Default,Default,Default,Default,Default,Default,Default,Default,Default,Default,Default,Default,Default,Default,Default,Default,Default,Default,Default,Default,Default,Default,Default,Default,Default,Default,Default,3,Default,1,Default,Default,Default,Default,Default,Default,Default,3,"ShortRun(IterationCount=3, LaunchCount=1, WarmupCount=3)",Size=4096,1,Overhead,Actual,7,2488600,1048576,2.37,0,0,0,0
FillBenchmarks.DllImport_RefByte,PInvokeBench,FillBenchmarks,DllImport_RefByte,ShortRun,Default,Default,Default,Default,Default,Default,Default,Default,Default,Default,Default,Default,Default,Default,Default,Default,Default,Default,Default,Default,Default,Default,Default,Default,Default,Default,Default,Default,Default,Default,Default,3,Default,1,Default,Default,Default,Default,Default,Default,Default,3,"ShortRun(IterationCount=3, LaunchCount=1, WarmupCount=3)",Size=4096,1,Overhead,Actual,8,2337800,1048576,2.23,0,0,0,0
FillBenchmarks.DllImport_RefByte,PInvokeBench,FillBenchmarks,DllImport_RefByte,ShortRun,Default,Default,Default,Default,Default,Default,Default,Default,Default,Default,Default,Default,Default,Default,Default,Default,Default,Default,Default,Default,Default,Default,Default,Default,Default,Default,Default,Default,Default,Default,Default,3,Default,1,Default,Default,Default,Default,Default,Default,Default,3,"ShortRun(IterationCount=3, LaunchCount=1, WarmupCount=3)",Size=4096,1,Overhead,Actual,9,2348600,1048576,2.24,0,0,0,0
FillBenchmarks.DllImport_RefByte,PInvokeBench,FillBenchmarks,DllImport_RefByte,ShortRun,Default,Default,Default,Default,Default,Default,Default,Default,Default,Default,Default,Default,Default,Default,Default,Default,Default,Default,Default,Default,Default,Default,Default,Default,Default,Default,Default,Default,Default,Default,Default,3,Default,1,Default,Default,Default,Default,Default,Default,Default,3,"ShortRun(IterationCount=3, LaunchCount=1, WarmupCount=3)",Size=4096,1,Overhead,Actual,10,2353100,1048576,2.24,0,0,0,0
FillBenchmarks.DllImport_RefByte,PInvokeBench,FillBenchmarks,DllImport_RefByte,ShortRun,Default,Default,Default,Default,Default,Default,Default,Default,Default,Default,Default,Default,Default,Default,Default,Default,Default,Default,Default,Default,Default,Default,Default,Default,Default,Default,Default,Default,Default,Default,Default,3,Default,1,Default,Default,Default,Default,Default,Default,Default,3,"ShortRun(IterationCount=3, LaunchCount=1, WarmupCount=3)",Size=4096,1,Overhead,Actual,11,2351000,1048576,2.24,0,0,0,0
FillBenchmarks.DllImport_RefByte,PInvokeBench,FillBenchmarks,DllImport_RefByte,ShortRun,Default,Default,Default,Default,Default,Default,Default,Default,Default,Default,Default,Default,Default,Default,Default,Default,Default,Default,Default,Default,Default,Default,Default,Default,Default,Default,Default,Default,Default,Default,Default,3,Default,1,Default,Default,Default,Default,Default,Default,Default,3,"ShortRun(IterationCount=3, LaunchCount=1, WarmupCount=3)",Size=4096,1,Overhead,Actual,12,2408400,1048576,2.3,0,0,0,0
FillBenchmarks.DllImport_RefByte,PInvokeBench,FillBenchmarks,DllImport_RefByte,ShortRun,Default,Default,Default,Default,Default,Default,Default,Default,Default,Default,Default,Default,Default,Default,Default,Default,Default,Default,Default,Default,Default,Default,Default,Default,Default,Default,Default,Default,Default,Default,Default,3,Default,1,Default,Default,Default,Default,Default,Default,Default,3,"ShortRun(IterationCount=3, LaunchCount=1, WarmupCount=3)",Size=4096,1,Overhead,Actual,13,2339000,1048576,2.23,0,0,0,0
FillBenchmarks.DllImport_RefByte,PInvokeBench,FillBenchmarks,DllImport_RefByte,ShortRun,Default,Default,Default,Default,Default,Default,Default,Default,Default,Default,Default,Default,Default,Default,Default,Default,Default,Default,Default,Default,Default,Default,Default,Default,Default,Default,Default,Default,Default,Default,Default,3,Default,1,Default,Default,Default,Default,Default,Default,Default,3,"ShortRun(IterationCount=3, LaunchCount=1, WarmupCount=3)",Size=4096,1,Overhead,Actual,14,2344700,1048576,2.24,0,0,0,0
FillBenchmarks.DllImport_RefByte,PInvokeBench,FillBenchmarks,DllImport_RefByte,ShortRun,Default,Default,Default,Default,Default,Default,Default,Default,Default,Default,Default,Default,Default,Default,Default,Default,Default,Default,Default,Default,Default,Default,Default,Default,Default,Default,Default,Default,Default,Default,Default,3,Default,1,Default,Default,Default,Default,Default,Default,Default,3,"ShortRun(IterationCount=3, LaunchCount=1, WarmupCount=3)",Size=4096,1,Overhead,Actual,15,2353500,1048576,2.24,0,0,0,0
FillBenchmarks.DllImport_RefByte,PInvokeBench,FillBenchmarks,DllImport_RefByte,ShortRun,Default,Default,Default,Default,Default,Default,Default,Default,Default,Default,Default,Default,Default,Default,Default,Default,Default,Default,Default,Default,Default,Default,Default,Default,Default,Default,Default,Default,Default,Default,Default,3,Default,1,Default,Default,Default,Default,Default,Default,Default,3,"ShortRun(IterationCount=3, LaunchCount=1, WarmupCount=3)",Size=4096,1,Workload,Warmup,1,550367100,1048576,524.87,0,0,0,0
FillBenchmarks.DllImport_RefByte,PInvokeBench,FillBenchmarks,DllImport_RefByte,ShortRun,Default,Default,Default,Default,Default,Default,Default,Default,Default,Default,Default,Default,Default,Default,Default,Default,Default,Default,Default,Default,Default,Default,Default,Default,Default,Default,Default,Default,Default,Default,Default,3,Default,1,Default,Default,Default,Default,Default,Default,Default,3,"ShortRun(IterationCount=3, LaunchCount=1, WarmupCount=3)",Size=4096,1,Workload,Warmup,2,562587100,1048576,536.52,0,0,0,0
FillBenchmarks.DllImport_RefByte,PInvokeBench,FillBenchmarks,DllImport_RefByte,ShortRun,Default,Default,Default,Default,Default,Default,Default,Default,Default,Default,Default,Default,Default,Default,Default,Default,Default,Default,Default,Default,Default,Default,Default,Default,Default,Default,Default,Default,Default,Default,Default,3,Default,1,Default,Default,Default,Default,Default,Default,Default,3,"ShortRun(IterationCount=3, LaunchCount=1, WarmupCount=3)",Size=4096,1,Workload,Warmup,3,520877500,1048576,496.75,0,0,0,0
FillBenchmarks.DllImport_RefByte,PInvokeBench,FillBenchmarks,DllImport_RefByte,ShortRun,Default,Default,Default,Default,Default,Default,Default,Default,Default,Default,Default,Default,Default,Default,Default,Default,Default,Default,Default,Default,Default,Default,Default,Default,Default,Default,Default,Default,Default,Default,Default,3,Default,1,Default,Default,Default,Default,Default,Default,Default,3,"ShortRun(IterationCount=3, LaunchCount=1, WarmupCount=3)",Size=4096,1,Workload,Actual,1,551731800,1048576,526.17,0,0,0,0
FillBenchmarks.DllImport_RefByte,PInvokeBench,FillBenchmarks,DllImport_RefByte,ShortRun,Default,Default,Default,Default,Default,Default,Default,Default,Default,Default,Default,Default,Default,Default,Default,Default,Default,Default,Default,Default,Default,Default,Default,Default,Default,Default,Default,Default,Default,Default,Default,3,Default,1,Default,Default,Default,Default,Default,Default,Default,3,"ShortRun(IterationCount=3, LaunchCount=1, WarmupCount=3)",Size=4096,1,Workload,Actual,2,514971000,1048576,491.11,0,0,0,0
FillBenchmarks.DllImport_RefByte,PInvokeBench,FillBenchmarks,DllImport_RefByte,ShortRun,Default,Default,Default,Default,Default,Default,Default,Default,Default,Default,Default,Default,Default,Default,Default,Default,Default,Default,Default,Default,Default,Default,Default,Default,Default,Default,Default,Default,Default,Default,Default,3,Default,1,Default,Default,Default,Default,Default,Default,Default,3,"ShortRun(IterationCount=3, LaunchCount=1, WarmupCount=3)",Size=4096,1,Workload,Actual,3,552861800,1048576,527.25,0,0,0,0
FillBenchmarks.DllImport_RefByte,PInvokeBench,FillBenchmarks,DllImport_RefByte,ShortRun,Default,Default,Default,Default,Default,Default,Default,Default,Default,Default,Default,Default,Default,Default,Default,Default,Default,Default,Default,Default,Default,Default,Default,Default,Default,Default,Default,Default,Default,Default,Default,3,Default,1,Default,Default,Default,Default,Default,Default,Default,3,"ShortRun(IterationCount=3, LaunchCount=1, WarmupCount=3)",Size=4096,1,Workload,Result,1,549380800,1048576,523.93,0,0,0,0
FillBenchmarks.DllImport_RefByte,PInvokeBench,FillBenchmarks,DllImport_RefByte,ShortRun,Default,Default,Default,Default,Default,Default,Default,Default,Default,Default,Default,Default,Default,Default,Default,Default,Default,Default,Default,Default,Default,Default,Default,Default,Default,Default,Default,Default,Default,Default,Default,3,Default,1,Default,Default,Default,Default,Default,Default,Default,3,"ShortRun(IterationCount=3, LaunchCount=1, WarmupCount=3)",Size=4096,1,Workload,Result,2,512620000,1048576,488.87,0,0,0,0
FillBenchmarks.DllImport_RefByte,PInvokeBench,FillBenchmarks,DllImport_RefByte,ShortRun,Default,Default,Default,Default,Default,Default,Default,Default,Default,Default,Default,Default,Default,Default,Default,Default,Default,Default,Default,Default,Default,Default,Default,Default,Default,Default,Default,Default,Default,Default,Default,3,Default,1,Default,Default,Default,Default,Default,Default,Default,3,"ShortRun(IterationCount=3, LaunchCount=1, WarmupCount=3)",Size=4096,1,Workload,Result,3,550510800,1048576,525.01,0,0,0,0
FillBenchmarks.LibraryImport_Span,PInvokeBench,FillBenchmarks,LibraryImport_Span,ShortRun,Default,Default,Default,Default,Default,Default,Default,Default,Default,Default,Default,Default,Default,Default,Default,Default,Default,Default,Default,Default,Default,Default,Default,Default,Default,Default,Default,Default,Default,Default,Default,3,Default,1,Default,Default,Default,Default,Default,Default,Default,3,"ShortRun(IterationCount=3, LaunchCount=1, WarmupCount=3)",Size=4096,1,Overhead,Jitting,1,199100,1,199100,0,0,0,0
FillBenchmarks.LibraryImport_Span,PInvokeBench,FillBenchmarks,LibraryImport_Span,ShortRun,Default,Default,Default,Default,Default,Default,Default,Default,Default,Default,Default,Default,Default,Default,Default,Default,Default,Default,Default,Default,Default,Default,Default,Default,Default,Default,Default,Default,Default,Default,Default,3,Default,1,Default,Default,Default,Default,Default,Default,Default,3,"ShortRun(IterationCount=3, LaunchCount=1, WarmupCount=3)",Size=4096,1,Workload,Jitting,1,622200,1,622200,0,0,0,0
FillBenchmarks.LibraryImport_Span,PInvokeBench,FillBenchmarks,LibraryImport_Span,ShortRun,Default,Default,Default,Default,Default,Default,Default,Default,Default,Default,Default,Default,Default,Default,Default,Default,Default,Default,Default,Default,Default,Default,Default,Default,Default,Default,Default,Default,Default,Default,Default,3,Default,1,Default,Default,Default,Default,Default,Default,Default,3,"ShortRun(IterationCount=3, LaunchCount=1, WarmupCount=3)",Size=4096,1,Overhead,Jitting,2,289100,16,18068.75,0,0,0,0
FillBenchmarks.LibraryImport_Span,PInvokeBench,FillBenchmarks,LibraryImport_Span,ShortRun,Default,Default,Default,Default,Default,Default,Default,Default,Default,Default,Default,Default,Default,Default,Default,Default,Default,Default,Default,Default,Default,Default,Default,Default,Default,Default,Default,Default,Default,Default,Default,3,Default,1,Default,Default,Default,Default,Default,Default,Default,3,"ShortRun(IterationCount=3, LaunchCount=1, WarmupCount=3)",Size=4096,1,Workload,Jitting,2,280600,16,17537.5,0,0,0,0
FillBenchmarks.LibraryImport_Span,PInvokeBench,FillBenchmarks,LibraryImport_Span,ShortRun,Default,Default,Default,Default,Default,Default,Default,Default,Default,Default,Default,Default,Default,Default,Default,Default,Default,Default,Default,Default,Default,Default,Default,Default,Default,Default,Default,Default,Default,Default,Default,3,Default,1,Default,Default,Default,Default,Default,Default,Default,3,"ShortRun(IterationCount=3, LaunchCount=1, WarmupCount=3)",Size=4096,1,Workload,Pilot,1,9400,16,587.5,0,0,0,0
FillBenchmarks.LibraryImport_Span,PInvokeBench,FillBenchmarks,LibraryImport_Span,ShortRun,Default,Default,Default,Default,Default,Default,Default,Default,Default,Default,Default,Default,Default,Default,Default,Default,Default,Default,Default,Default,Default,Default,Default,Default,Default,Default,Default,Default,Default,Default,Default,3,Default,1,Default,Default,Default,Default,Default,Default,Default,3,"ShortRun(IterationCount=3, LaunchCount=1, WarmupCount=3)",Size=4096,1,Workload,Pilot,2,17800,32,556.25,0,0,0,0
FillBenchmarks.LibraryImport_Span,PInvokeBench,FillBenchmarks,LibraryImport_Span,ShortRun,Default,Default,Default,Default,Default,Default,Default,Default,Default,Default,Default,Default,Default,Default,Default,Default,Default,Default,Default,Default,Default,Default,Default,Default,Default,Default,Default,Default,Default,Default,Default,3,Default,1,Default,Default,Default,Default,Default,Default,Default,3,"ShortRun(IterationCount=3, LaunchCount=1, WarmupCount=3)",Size=4096,1,Workload,Pilot,3,34800,64,543.75,0,0,0,0
FillBenchmarks.LibraryImport_Span,PInvokeBench,FillBenchmarks,LibraryImport_Span,ShortRun,Default,Default,Default,Default,Default,Default,Default,Default,Default,Default,Default,Default,Default,Default,Default,Default,Default,Default,Default,Default,Default,Default,Default,Default,Default,Default,Default,Default,Default,Default,Default,3,Default,1,Default,Default,Default,Default,Default,Default,Default,3,"ShortRun(IterationCount=3, LaunchCount=1, WarmupCount=3)",Size=4096,1,Workload,Pilot,4,74600,128,582.81,0,0,0,0
FillBenchmarks.LibraryImport_Span,PInvokeBench,FillBenchmarks,LibraryImport_Span,ShortRun,Default,Default,Default,Default,Default,Default,Default,Default,Default,Default,Default,Default,Default,Default,Default,Default,Default,Default,Default,Default,Default,Default,Default,Default,Default,Default,Default,Default,Default,Default,Default,3,Default,1,Default,Default,Default,Default,Default,Default,Default,3,"ShortRun(IterationCount=3, LaunchCount=1, WarmupCount=3)",Size=4096,1,Workload,Pilot,5,138100,256,539.45,0,0,0,0
FillBenchmarks.LibraryImport_Span,PInvokeBench,FillBenchmarks,LibraryImport_Span,ShortRun,Default,Default,Default,Default,Default,Default,Default,Default,Default,Default,Default,Default,Default,Default,Default,Default,Default,Default,Default,Default,Default,Default,Default,Default,Default,Default,Default,Default,Default,Default,Default,3,Default,1,Default,Default,Default,Default,Default,Default,Default,3,"ShortRun(IterationCount=3, LaunchCount=1, WarmupCount=3)",Size=4096,1,Workload,Pilot,6,275000,512,537.11,0,0,0,0
FillBenchmarks.LibraryImport_Span,PInvokeBench,FillBenchmarks,LibraryImport_Span,ShortRun,Default,Default,Default,Default,Default,Default,Default,Default,Default,Default,Default,Default,Default,Default,Default,Default,Default,Default,Default,Default,Default,Default,Default,Default,Default,Default,Default,Default,Default,Default,Default,3,Default,1,Default,Default,Default,Default,Default,Default,Default,3,"ShortRun(IterationCount=3, LaunchCount=1, WarmupCount=3)",Size=4096,1,Workload,Pilot,7,548800,1024,535.94,0,0,0,0
FillBenchmarks.LibraryImport_Span,PInvokeBench,FillBenchmarks,LibraryImport_Span,ShortRun,Default,Default,Default,Default,Default,Default,Default,Default,Default,Default,Default,Default,Default,Default,Default,Default,Default,Default,Default,Default,Default,Default,Default,Default,Default,Default,Default,Default,Default,Default,Default,3,Default,1,Default,Default,Default,Default,Default,Default,Default,3,"ShortRun(IterationCount=3, LaunchCount=1, WarmupCount=3)",Size=4096,1,Workload,Pilot,8,1102500,2048,538.33,0,0,0,0
FillBenchmarks.LibraryImport_Span,PInvokeBench,FillBenchmarks,LibraryImport_Span,ShortRun,Default,Default,Default,Default,Default,Default,Default,Default,Default,Default,Default,Default,Default,Default,Default,Default,Default,Default,Default,Default,Default,Default,Default,Default,Default,Default,Default,Default,Default,Default,Default,3,Default,1,Default,Default,Default,Default,Default,Default,Default,3,"ShortRun(IterationCount=3, LaunchCount=1, WarmupCount=3)",Size=4096,1,Workload,Pilot,9,2209300,4096,539.38,0,0,0,0
FillBenchmarks.LibraryImport_Span,PInvokeBench,FillBenchmarks,LibraryImport_Span,ShortRun,Default,Default,Default,Default,Default,Default,Default,Default,Default,Default,Default,Default,Default,Default,Default,Default,Default,Default,Default,Default,Default,Default,Default,Default,Default,Default,Default,Default,Default,Default,Default,3,Default,1,Default,Default,Default,Default,Default,Default,Default,3,"ShortRun(IterationCount=3, LaunchCount=1, WarmupCount=3)",Size=4096,1,Workload,Pilot,10,4411200,8192,538.48,0,0,0,0
FillBenchmarks.LibraryImport_Span,PInvokeBench,FillBenchmarks,LibraryImport_Span,ShortRun,Default,Default,Default,Default,Default,Default,Default,Default,Default,Default,Default,Default,Default,Default,Default,Default,Default,Default,Default,Default,Default,Default,Default,Default,Default,Default,Default,Default,Default,Default,Default,3,Default,1,Default,Default,Default,Default,Default,Default,Default,3,"ShortRun(IterationCount=3, LaunchCount=1, WarmupCount=3)",Size=4096,1,Workload,Pilot,11,8950800,16384,546.31,0,0,0,0
FillBenchmarks.LibraryImport_Span,PInvokeBench,FillBenchmarks,LibraryImport_Span,ShortRun,Default,Default,Default,Default,Default,Default,Default,Default,Default,Default,Default,Default,Default,Default,Default,Default,Default,Default,Default,Default,Default,Default,Default,Default,Default,Default,Default,Default,Default,Default,Default,3,Default,1,Default,Default,Default,Default,Default,Default,Default,3,"ShortRun(IterationCount=3, LaunchCount=1, WarmupCount=3)",Size=4096,1,Workload,Pilot,12,17804300,32768,543.34,0,0,0,0
FillBenchmarks.LibraryImport_Span,PInvokeBench,FillBenchmarks,LibraryImport_Span,ShortRun,Default,Default,Default,Default,Default,Default,Default,Default,Default,Default,Default,Default,Default,Default,Default,Default,Default,Default,Default,Default,Default,Default,Default,Default,Default,Default,Default,Default,Default,Default,Default,3,Default,1,Default,Default,Default,Default,Default,Default,Default,3,"ShortRun(IterationCount=3, LaunchCount=1, WarmupCount=3)",Size=4096,1,Workload,Pilot,13,34774600,65536,530.62,0,0,0,0
FillBenchmarks.LibraryImport_Span,PInvokeBench,FillBenchmarks,LibraryImport_Span,ShortRun,Default,Default,Default,Default,Default,Default,Default,Default,Default,Default,Default,Default,Default,Default,Default,Default,Default,Default,Default,Default,Default,Default,Default,Default,Default,Default,Default,Default,Default,Default,Default,3,Default,1,Default,Default,Default,Default,Default,Default,Default,3,"ShortRun(IterationCount=3, LaunchCount=1, WarmupCount=3)",Size=4096,1,Workload,Pilot,14,69297800,131072,528.7,0,0,0,0
FillBenchmarks.LibraryImport_Span,PInvokeBench,FillBenchmarks,LibraryImport_Span,ShortRun,Default,Default,Default,Default,Default,Default,Default,Default,Default,Default,Default,Default,Default,Default,Default,Default,Default,Default,Default,Default,Default,Default,Default,Default,Default,Default,Default,Default,Default,Default,Default,3,Default,1,Default,Default,Default,Default,Default,Default,Default,3,"ShortRun(IterationCount=3, LaunchCount=1, WarmupCount=3)",Size=4096,1,Workload,Pilot,15,132625400,262144,505.93,0,0,0,0
FillBenchmarks.LibraryImport_Span,PInvokeBench,FillBenchmarks,LibraryImport_Span,ShortRun,Default,Default,Default,Default,Default,Default,Default,Default,Default,Default,Default,Default,Default,Default,Default,Default,Default,Default,Default,Default,Default,Default,Default,Default,Default,Default,Default,Default,Default,Default,Default,3,Default,1,Default,Default,Default,Default,Default,Default,Default,3,"ShortRun(IterationCount=3, LaunchCount=1, WarmupCount=3)",Size=4096,1,Workload,Pilot,16,261143200,524288,498.09,0,0,0,0
FillBenchmarks.LibraryImport_Span,PInvokeBench,FillBenchmarks,LibraryImport_Span,ShortRun,Default,Default,Default,Default,Default,Default,Default,Default,Default,Default,Default,Default,Default,Default,Default,Default,Default,Default,Default,Default,Default,Default,Default,Default,Default,Default,Default,Default,Default,Default,Default,3,Default,1,Default,Default,Default,Default,Default,Default,Default,3,"ShortRun(IterationCount=3, LaunchCount=1, WarmupCount=3)",Size=4096,1,Workload,Pilot,17,532405100,1048576,507.74,0,0,0,0
FillBenchmarks.LibraryImport_Span,PInvokeBench,FillBenchmarks,LibraryImport_Span,ShortRun,Default,Default,Default,Default,Default,Default,Default,Default,Default,Default,Default,Default,Default,Default,Default,Default,Default,Default,Default,Default,Default,Default,Default,Default,Default,Default,Default,Default,Default,Default,Default,3,Default,1,Default,Default,Default,Default,Default,Default,Default,3,"ShortRun(IterationCount=3, LaunchCount=1, WarmupCount=3)",Size=4096,1,Overhead,Warmup,1,3041200,1048576,2.9,0,0,0,0
FillBenchmarks.LibraryImport_Span,PInvokeBench,FillBenchmarks,LibraryImport_Span,ShortRun,Default,Default,Default,Default,Default,Default,Default,Default,Default,Default,Default,Default,Default,Default,Default,Default,Default,Default,Default,Default,Default,Default,Default,Default,Default,Default,Default,Default,Default,Default,Default,3,Default,1,Default,Default,Default,Default,Default,Default,Default,3,"ShortRun(IterationCount=3, LaunchCount=1, WarmupCount=3)",Size=4096,1,Overhead,Warmup,2,2330900,1048576,2.22,0,0,0,0
FillBenchmarks.LibraryImport_Span,PInvokeBench,FillBenchmarks,LibraryImport_Span,ShortRun,Default,Default,Default,Default,Default,Default,Default,Default,Default,Default,Default,Default,Default,Default,Default,Default,Default,Default,Default,Default,Default,Default,Default,Default,Default,Default,Default,Default,Default,Default,Default,3,Default,1,Default,Default,Default,Default,Default,Default,Default,3,"ShortRun(IterationCount=3, LaunchCount=1, WarmupCount=3)",Size=4096,1,Overhead,Warmup,3,2334600,1048576,2.23,0,0,0,0
FillBenchmarks.LibraryImport_Span,PInvokeBench,FillBenchmarks,LibraryImport_Span,ShortRun,Default,Default,Default,Default,Default,Default,Default,Default,Default,Default,Default,Default,Default,Default,Default,Default,Default,Default,Default,Default,Default,Default,Default,Default,Default,Default,Default,Default,Default,Default,Default,3,Default,1,Default,Default,Default,Default,Default,Default,Default,3,"ShortRun(IterationCount=3, LaunchCount=1, WarmupCount=3)",Size=4096,1,Overhead,Warmup,4,2419700,1048576,2.31,0,0,0,0
FillBenchmarks.LibraryImport_Span,PInvokeBench,FillBenchmarks,LibraryImport_Span,ShortRun,Default,Default,Default,Default,Default,Default,Default,Default,Default,Default,Default,Default,Default,Default,Default,Default,Default,Default,Default,Default,Default,Default,Default,Default,Default,Default,Default,Default,Default,Default,Default,3,Default,1,Default,Default,Default,Default,Default,Default,Default,3,"ShortRun(IterationCount=3, LaunchCount=1, WarmupCount=3)",Size=4096,1,Overhead,Warmup,5,2362900,1048576,2.25,0,0,0,0
FillBenchmarks.LibraryImport_Span,PInvokeBench,FillBenchmarks,LibraryImport_Span,ShortRun,Default,Default,Default,Default,Default,Default,Default,Default,Default,Default,Default,Default,Default,Default,Default,Default,Default,Default,Default,Default,Default,Default,Default,Default,Default,Default,Default,Default,Default,Default,Default,3,Default,1,Default,Default,Default,Default,Default,Default,Default,3,"ShortRun(IterationCount=3, LaunchCount=1, WarmupCount=3)",Size=4096,1,Overhead,Warmup,6,2436600,1048576,2.32,0,0,0,0
FillBenchmarks.LibraryImport_Span,PInvokeBench,FillBenchmarks,LibraryImport_Span,ShortRun,Default,Default,Default,Default,Default,Default,Default,Default,Default,Default,Default,Default,Default,Default,Default,Default,Default,Default,Default,Default,Default,Default,Default,Default,Default,Default,Default,Default,Default,Default,Default,3,Default,1,Default,Default,Default,Default,Default,Default,Default,3,"ShortRun(IterationCount=3, LaunchCount=1, WarmupCount=3)",Size=4096,1,Overhead,Warmup,7,2360600,1048576,2.25,0,0,0,0
FillBenchmarks.LibraryImport_Span,PInvokeBench,FillBenchmarks,LibraryImport_Span,ShortRun,Default,Default,Default,Default,Default,Default,Default,Default,Default,Default,Default,Default,Default,Default,Default,Default,Default,Default,Default,Default,Default,Default,Default,Default,Default,Default,Default,Default,Default,Default,Default,3,Default,1,Default,Default,Default,Default,Default,Default,Default,3,"ShortRun(IterationCount=3, LaunchCount=1, WarmupCount=3)",Size=4096,1,Overhead,Actual,1,2964200,1048576,2.83,0,0,0,0
FillBenchmarks.LibraryImport_Span,PInvokeBench,FillBenchmarks,LibraryImport_Span,ShortRun,Default,Default,Default,Default,Default,Default,Default,Default,Default,Default,Default,Default,Default,Default,Default,Default,Default,Default,Default,Default,Default,Default,Default,Default,Default,Default,Default,Default,Default,Default,Default,3,Default,1,Default,Default,Default,Default,Default,Default,Default,3,"ShortRun(IterationCount=3, LaunchCount=1, WarmupCount=3)",Size=4096,1,Overhead,Actual,2,2334000,1048576,2.23,0,0,0,0
FillBenchmarks.LibraryImport_Span,PInvokeBench,FillBenchmarks,LibraryImport_Span,ShortRun,Default,Default,Default,Default,Default,Default,Default,Default,Default,Default,Default,Default,Default,Default,Default,Default,Default,Default,Default,Default,Default,Default,Default,Default,Default,Default,Default,Default,Default,Default,Default,3,Default,1,Default,Default,Default,Default,Default,Default,Default,3,"ShortRun(IterationCount=3, LaunchCount=1, WarmupCount=3)",Size=4096,1,Overhead,Actual,3,2995500,1048576,2.86,0,0,0,0
FillBenchmarks.LibraryImport_Span,PInvokeBench,FillBenchmarks,LibraryImport_Span,ShortRun,Default,Default,Default,Default,Default,Default,Default,Default,Default,Default,Default,Default,Default,Default,Default,Default,Default,Default,Default,Default,Default,Default,Default,Default,Default,Default,Default,Default,Default,Default,Default,3,Default,1,Default,Default,Default,Default,Default,Default,Default,3,"ShortRun(IterationCount=3, LaunchCount=1, WarmupCount=3)",Size=4096,1,Overhead,Actual,4,2334700,1048576,2.23,0,0,0,0
FillBenchmarks.LibraryImport_Span,PInvokeBench,FillBenchmarks,LibraryImport_Span,ShortRun,Default,Default,Default,Default,Default,Default,Default,Default,Default,Default,Default,Default,Default,Default,Default,Default,Default,Default,Default,Default,Default,Default,Default,Default,Default,Default,Default,Default,Default,Default,Default,3,Default,1,Default,Default,Default,Default,Default,Default,Default,3,"ShortRun(IterationCount=3, LaunchCount=1, WarmupCount=3)",Size=4096,1,Overhead,Actual,5,2328600,1048576,2.22,0,0,0,0
FillBenchmarks.LibraryImport_Span,PInvokeBench,FillBenchmarks,LibraryImport_Span,ShortRun,Default,Default,Default,Default,Default,Default,Default,Default,Default,Default,Default,Default,Default,Default,Default,Default,Default,Default,Default,Default,Default,Default,Default,Default,Default,Default,Default,Default,Default,Default,Default,3,Default,1,Default,Default,Default,Default,Default,Default,Default,3,"ShortRun(IterationCount=3, LaunchCount=1, WarmupCount=3)",Size=4096,1,Overhead,Actual,6,2443500,1048576,2.33,0,0,0,0
FillBenchmarks.LibraryImport_Span,PInvokeBench,FillBenchmarks,LibraryImport_Span,ShortRun,Default,Default,Default,Default,Default,Default,Default,Default,Default,Default,Default,Default,Default,Default,Default,Default,Default,Default,Default,Default,Default,Default,Default,Default,Default,Default,Default,Default,Default,Default,Default,3,Default,1,Default,Default,Default,Default,Default,Default,Default,3,"ShortRun(IterationCount=3, LaunchCount=1, WarmupCount=3)",Size=4096,1,Overhead,Actual,7,2356800,1048576,2.25,0,0,0,0
FillBenchmarks.LibraryImport_Span,PInvokeBench,FillBenchmarks,LibraryImport_Span,ShortRun,Default,Default,Default,Default,Default,Default,Default,Default,Default,Default,Default,Default,Default,Default,Default,Default,Default,Default,Default,Default,Default,Default,Default,Default,Default,Default,Default,Default,Default,Default,Default,3,Default,1,Default,Default,Default,Default,Default,Default,Default,3,"ShortRun(IterationCount=3, LaunchCount=1, WarmupCount=3)",Size=4096,1,Overhead,Actual,8,2365000,1048576,2.26,0,0,0,0
FillBenchmarks.LibraryImport_Span,PInvokeBench,FillBenchmarks,LibraryImport_Span,ShortRun,Default,Default,Default,Default,Default,Default,Default,Default,Default,Default,Default,Default,Default,Default,Default,Default,Default,Default,Default,Default,Default,Default,Default,Default,Default,Default,Default,Default,Default,Default,Default,3,Default,1,Default,Default,Default,Default,Default,Default,Default,3,"ShortRun(IterationCount=3, LaunchCount=1, WarmupCount=3)",Size=4096,1,Overhead,Actual,9,2338700,1048576,2.23,0,0,0,0
FillBenchmarks.LibraryImport_Span,PInvokeBench,FillBenchmarks,LibraryImport_Span,ShortRun,Default,Default,Default,Default,Default,Default,Default,Default,Default,Default,Default,Default,Default,Default,Default,Default,Default,Default,Default,Default,Default,Default,Default,Default,Default,Default,Default,Default,Default,Default,Default,3,Default,1,Default,Default,Default,Default,Default,Default,Default,3,"ShortRun(IterationCount=3, LaunchCount=1, WarmupCount=3)",Size=4096,1,Overhead,Actual,10,2404800,1048576,2.29,0,0,0,0
FillBenchmarks.LibraryImport_Span,PInvokeBench,FillBenchmarks,LibraryImport_Span,ShortRun,Default,Default,Default,Default,Default,Default,Default,Default,Default,Default,Default,Default,Default,Default,Default,Default,Default,Default,Default,Default,Default,Default,Default,Default,Default,Default,Default,Default,Default,Default,Default,3,Default,1,Default,Default,Default,Default,Default,Default,Default,3,"ShortRun(IterationCount=3, LaunchCount=1, WarmupCount=3)",Size=4096,1,Overhead,Actual,11,2391200,1048576,2.28,0,0,0,0
FillBenchmarks.LibraryImport_Span,PInvokeBench,FillBenchmarks,LibraryImport_Span,ShortRun,Default,Default,Default,Default,Default,Default,Default,Default,Default,Default,Default,Default,Default,Default,Default,Default,Default,Default,Default,Default,Default,Default,Default,Default,Default,Default,Default,Default,Default,Default,Default,3,Default,1,Default,Default,Default,Default,Default,Default,Default,3,"ShortRun(IterationCount=3, LaunchCount=1, WarmupCount=3)",Size=4096,1,Overhead,Actual,12,2442000,1048576,2.33,0,0,0,0
FillBenchmarks.LibraryImport_Span,PInvokeBench,FillBenchmarks,LibraryImport_Span,ShortRun,Default,Default,Default,Default,Default,Default,Default,Default,Default,Default,Default,Default,Default,Default,Default,Default,Default,Default,Default,Default,Default,Default,Default,Default,Default,Default,Default,Default,Default,Default,Default,3,Default,1,Default,Default,Default,Default,Default,Default,Default,3,"ShortRun(IterationCount=3, LaunchCount=1, WarmupCount=3)",Size=4096,1,Overhead,Actual,13,2435900,1048576,2.32,0,0,0,0
FillBenchmarks.LibraryImport_Span,PInvokeBench,FillBenchmarks,LibraryImport_Span,ShortRun,Default,Default,Default,Default,Default,Default,Default,Default,Default,Default,Default,Default,Default,Default,Default,Default,Default,Default,Default,Default,Default,Default,Default,Default,Default,Default,Default,Default,Default,Default,Default,3,Default,1,Default,Default,Default,Default,Default,Default,Default,3,"ShortRun(IterationCount=3, LaunchCount=1, WarmupCount=3)",Size=4096,1,Overhead,Actual,14,2412600,1048576,2.3,0,0,0,0
FillBenchmarks.LibraryImport_Span,PInvokeBench,FillBenchmarks,LibraryImport_Span,ShortRun,Default,Default,Default,Default,Default,Default,Default,Default,Default,Default,Default,Default,Default,Default,Default,Default,Default,Default,Default,Default,Default,Default,Default,Default,Default,Default,Default,Default,Default,Default,Default,3,Default,1,Default,Default,Default,Default,Default,Default,Default,3,"ShortRun(IterationCount=3, LaunchCount=1, WarmupCount=3)",Size=4096,1,Overhead,Actual,15,2383400,1048576,2.27,0,0,0,0
FillBenchmarks.LibraryImport_Span,PInvokeBench,FillBenchmarks,LibraryImport_Span,ShortRun,Default,Default,Default,Default,Default,Default,Default,Default,Default,Default,Default,Default,Default,Default,Default,Default,Default,Default,Default,Default,Default,Default,Default,Default,Default,Default,Default,Default,Default,Default,Default,3,Default,1,Default,Default,Default,Default,Default,Default,Default,3,"ShortRun(IterationCount=3, LaunchCount=1, WarmupCount=3)",Size=4096,1,Workload,Warmup,1,530116400,1048576,505.56,0,0,0,0
FillBenchmarks.LibraryImport_Span,PInvokeBench,FillBenchmarks,LibraryImport_Span,ShortRun,Default,Default,Default,Default,Default,Default,Default,Default,Default,Default,Default,Default,Default,Default,Default,Default,Default,Default,Default,Default,Default,Default,Default,Default,Default,Default,Default,Default,Default,Default,Default,3,Default,1,Default,Default,Default,Default,Default,Default,Default,3,"ShortRun(IterationCount=3, LaunchCount=1, WarmupCount=3)",Size=4096,1,Workload,Warmup,2,522731200,1048576,498.52,0,0,0,0
FillBenchmarks.LibraryImport_Span,PInvokeBench,FillBenchmarks,LibraryImport_Span,ShortRun,Default,Default,Default,Default,Default,Default,Default,Default,Default,Default,Default,Default,Default,Default,Default,Default,Default,Default,Default,Default,Default,Default,Default,Default,Default,Default,Default,Default,Default,Default,Default,3,Default,1,Default,Default,Default,Default,Default,Default,Default,3,"ShortRun(IterationCount=3, LaunchCount=1, WarmupCount=3)",Size=4096,1,Workload,Warmup,3,552987900,1048576,527.37,0,0,0,0
FillBenchmarks.LibraryImport_Span,PInvokeBench,FillBenchmarks,LibraryImport_Span,ShortRun,Default,Default,Default,Default,Default,Default,Default,Default,Default,Default,Default,Default,Default,Default,Default,Default,Default,Default,Default,Default,Default,Default,Default,Default,Default,Default,Default,Default,Default,Default,Default,3,Default,1,Default,Default,Default,Default,Default,Default,Default,3,"ShortRun(IterationCount=3, LaunchCount=1, WarmupCount=3)",Size=4096,1,Workload,Actual,1,534761200,1048576,509.99,0,0,0,0
FillBenchmarks.LibraryImport_Span,PInvokeBench,FillBenchmarks,LibraryImport_Span,ShortRun,Default,Default,Default,Default,Default,Default,Default,Default,Default,Default,Default,Default,Default,Default,Default,Default,Default,Default,Default,Default,Default,Default,Default,Default,Default,Default,Default,Default,Default,Default,Default,3,Default,1,Default,Default,Default,Default,Default,Default,Default,3,"ShortRun(IterationCount=3, LaunchCount=1, WarmupCount=3)",Size=4096,1,Workload,Actual,2,531644700,1048576,507.02,0,0,0,0
FillBenchmarks.LibraryImport_Span,PInvokeBench,FillBenchmarks,LibraryImport_Span,ShortRun,Default,Default,Default,Default,Default,Default,Default,Default,Default,Default,Default,Default,Default,Default,Default,Default,Default,Default,Default,Default,Default,Default,Default,Default,Default,Default,Default,Default,Default,Default,Default,3,Default,1,Default,Default,Default,Default,Default,Default,Default,3,"ShortRun(IterationCount=3, LaunchCount=1, WarmupCount=3)",Size=4096,1,Workload,Actual,3,519504600,1048576,495.44,0,0,0,0
FillBenchmarks.LibraryImport_Span,PInvokeBench,FillBenchmarks,LibraryImport_Span,ShortRun,Default,Default,Default,Default,Default,Default,Default,Default,Default,Default,Default,Default,Default,Default,Default,Default,Default,Default,Default,Default,Default,Default,Default,Default,Default,Default,Default,Default,Default,Default,Default,3,Default,1,Default,Default,Default,Default,Default,Default,Default,3,"ShortRun(IterationCount=3, LaunchCount=1, WarmupCount=3)",Size=4096,1,Workload,Result,1,532370000,1048576,507.71,0,0,0,0
FillBenchmarks.LibraryImport_Span,PInvokeBench,FillBenchmarks,LibraryImport_Span,ShortRun,Default,Default,Default,Default,Default,Default,Default,Default,Default,Default,Default,Default,Default,Default,Default,Default,Default,Default,Default,Default,Default,Default,Default,Default,Default,Default,Default,Default,Default,Default,Default,3,Default,1,Default,Default,Default,Default,Default,Default,Default,3,"ShortRun(IterationCount=3, LaunchCount=1, WarmupCount=3)",Size=4096,1,Workload,Result,2,529253500,1048576,504.74,0,0,0,0
FillBenchmarks.LibraryImport_Span,PInvokeBench,FillBenchmarks,LibraryImport_Span,ShortRun,Default,Default,Default,Default,Default,Default,Default,Default,Default,Default,Default,Default,Default,Default,Default,Default,Default,Default,Default,Default,Default,Default,Default,Default,Default,Default,Default,Default,Default,Default,Default,3,Default,1,Default,Default,Default,Default,Default,Default,Default,3,"ShortRun(IterationCount=3, LaunchCount=1, WarmupCount=3)",Size=4096,1,Workload,Result,3,517113400,1048576,493.16,0,0,0,0
FillBenchmarks.LibraryImport_RefByte,PInvokeBench,FillBenchmarks,LibraryImport_RefByte,ShortRun,Default,Default,Default,Default,Default,Default,Default,Default,Default,Default,Default,Default,Default,Default,Default,Default,Default,Default,Default,Default,Default,Default,Default,Default,Default,Default,Default,Default,Default,Default,Default,3,Default,1,Default,Default,Default,Default,Default,Default,Default,3,"ShortRun(IterationCount=3, LaunchCount=1, WarmupCount=3)",Size=4096,1,Overhead,Jitting,1,187000,1,187000,0,0,0,0
FillBenchmarks.LibraryImport_RefByte,PInvokeBench,FillBenchmarks,LibraryImport_RefByte,ShortRun,Default,Default,Default,Default,Default,Default,Default,Default,Default,Default,Default,Default,Default,Default,Default,Default,Default,Default,Default,Default,Default,Default,Default,Default,Default,Default,Default,Default,Default,Default,Default,3,Default,1,Default,Default,Default,Default,Default,Default,Default,3,"ShortRun(IterationCount=3, LaunchCount=1, WarmupCount=3)",Size=4096,1,Workload,Jitting,1,613400,1,613400,0,0,0,0
FillBenchmarks.LibraryImport_RefByte,PInvokeBench,FillBenchmarks,LibraryImport_RefByte,ShortRun,Default,Default,Default,Default,Default,Default,Default,Default,Default,Default,Default,Default,Default,Default,Default,Default,Default,Default,Default,Default,Default,Default,Default,Default,Default,Default,Default,Default,Default,Default,Default,3,Default,1,Default,Default,Default,Default,Default,Default,Default,3,"ShortRun(IterationCount=3, LaunchCount=1, WarmupCount=3)",Size=4096,1,Overhead,Jitting,2,277700,16,17356.25,0,0,0,0
FillBenchmarks.LibraryImport_RefByte,PInvokeBench,FillBenchmarks,LibraryImport_RefByte,ShortRun,Default,Default,Default,Default,Default,Default,Default,Default,Default,Default,Default,Default,Default,Default,Default,Default,Default,Default,Default,Default,Default,Default,Default,Default,Default,Default,Default,Default,Default,Default,Default,3,Default,1,Default,Default,Default,Default,Default,Default,Default,3,"ShortRun(IterationCount=3, LaunchCount=1, WarmupCount=3)",Size=4096,1,Workload,Jitting,2,280200,16,17512.5,0,0,0,0
FillBenchmarks.LibraryImport_RefByte,PInvokeBench,FillBenchmarks,LibraryImport_RefByte,ShortRun,Default,Default,Default,Default,Default,Default,Default,Default,Default,Default,Default,Default,Default,Default,Default,Default,Default,Default,Default,Default,Default,Default,Default,Default,Default,Default,Default,Default,Default,Default,Default,3,Default,1,Default,Default,Default,Default,Default,Default,Default,3,"ShortRun(IterationCount=3, LaunchCount=1, WarmupCount=3)",Size=4096,1,Workload,Pilot,1,9900,16,618.75,0,0,0,0
FillBenchmarks.LibraryImport_RefByte,PInvokeBench,FillBenchmarks,LibraryImport_RefByte,ShortRun,Default,Default,Default,Default,Default,Default,Default,Default,Default,Default,Default,Default,Default,Default,Default,Default,Default,Default,Default,Default,Default,Default,Default,Default,Default,Default,Default,Default,Default,Default,Default,3,Default,1,Default,Default,Default,Default,Default,Default,Default,3,"ShortRun(IterationCount=3, LaunchCount=1, WarmupCount=3)",Size=4096,1,Workload,Pilot,2,18300,32,571.88,0,0,0,0
FillBenchmarks.LibraryImport_RefByte,PInvokeBench,FillBenchmarks,LibraryImport_RefByte,ShortRun,Default,Default,Default,Default,Default,Default,Default,Default,Default,Default,Default,Default,Default,Default,Default,Default,Default,Default,Default,Default,Default,Default,Default,Default,Default,Default,Default,Default,Default,Default,Default,3,Default,1,Default,Default,Default,Default,Default,Default,Default,3,"ShortRun(IterationCount=3, LaunchCount=1, WarmupCount=3)",Size=4096,1,Workload,Pilot,3,35100,64,548.44,0,0,0,0
FillBenchmarks.LibraryImport_RefByte,PInvokeBench,FillBenchmarks,LibraryImport_RefByte,ShortRun,Default,Default,Default,Default,Default,Default,Default,Default,Default,Default,Default,Default,Default,Default,Default,Default,Default,Default,Default,Default,Default,Default,Default,Default,Default,Default,Default,Default,Default,Default,Default,3,Default,1,Default,Default,Default,Default,Default,Default,Default,3,"ShortRun(IterationCount=3, LaunchCount=1, WarmupCount=3)",Size=4096,1,Workload,Pilot,4,69500,128,542.97,0,0,0,0
FillBenchmarks.LibraryImport_RefByte,PInvokeBench,FillBenchmarks,LibraryImport_RefByte,ShortRun,Default,Default,Default,Default,Default,Default,Default,Default,Default,Default,Default,Default,Default,Default,Default,Default,Default,Default,Default,Default,Default,Default,Default,Default,Default,Default,Default,Default,Default,Default,Default,3,Default,1,Default,Default,Default,Default,Default,Default,Default,3,"ShortRun(IterationCount=3, LaunchCount=1, WarmupCount=3)",Size=4096,1,Workload,Pilot,5,138300,256,540.23,0,0,0,0
FillBenchmarks.LibraryImport_RefByte,PInvokeBench,FillBenchmarks,LibraryImport_RefByte,ShortRun,Default,Default,Default,Default,Default,Default,Default,Default,Default,Default,Default,Default,Default,Default,Default,Default,Default,Default,Default,Default,Default,Default,Default,Default,Default,Default,Default,Default,Default,Default,Default,3,Default,1,Default,Default,Default,Default,Default,Default,Default,3,"ShortRun(IterationCount=3, LaunchCount=1, WarmupCount=3)",Size=4096,1,Workload,Pilot,6,275400,512,537.89,0,0,0,0
FillBenchmarks.LibraryImport_RefByte,PInvokeBench,FillBenchmarks,LibraryImport_RefByte,ShortRun,Default,Default,Default,Default,Default,Default,Default,Default,Default,Default,Default,Default,Default,Default,Default,Default,Default,Default,Default,Default,Default,Default,Default,Default,Default,Default,Default,Default,Default,Default,Default,3,Default,1,Default,Default,Default,Default,Default,Default,Default,3,"ShortRun(IterationCount=3, LaunchCount=1, WarmupCount=3)",Size=4096,1,Workload,Pilot,7,549600,1024,536.72,0,0,0,0
FillBenchmarks.LibraryImport_RefByte,PInvokeBench,FillBenchmarks,LibraryImport_RefByte,ShortRun,Default,Default,Default,Default,Default,Default,Default,Default,Default,Default,Default,Default,Default,Default,Default,Default,Default,Default,Default,Default,Default,Default,Default,Default,Default,Default,Default,Default,Default,Default,Default,3,Default,1,Default,Default,Default,Default,Default,Default,Default,3,"ShortRun(IterationCount=3, LaunchCount=1, WarmupCount=3)",Size=4096,1,Workload,Pilot,8,1104400,2048,539.26,0,0,0,0
FillBenchmarks.LibraryImport_RefByte,PInvokeBench,FillBenchmarks,LibraryImport_RefByte,ShortRun,Default,Default,Default,Default,Default,Default,Default,Default,Default,Default,Default,Default,Default,Default,Default,Default,Default,Default,Default,Default,Default,Default,Default,Default,Default,Default,Default,Default,Default,Default,Default,3,Default,1,Default,Default,Default,Default,Default,Default,Default,3,"ShortRun(IterationCount=3, LaunchCount=1, WarmupCount=3)",Size=4096,1,Workload,Pilot,9,2201600,4096,537.5,0,0,0,0
FillBenchmarks.LibraryImport_RefByte,PInvokeBench,FillBenchmarks,LibraryImport_RefByte,ShortRun,Default,Default,Default,Default,Default,Default,Default,Default,Default,Default,Default,Default,Default,Default,Default,Default,Default,Default,Default,Default,Default,Default,Default,Default,Default,Default,Default,Default,Default,Default,Default,3,Default,1,Default,Default,Default,Default,Default,Default,Default,3,"ShortRun(IterationCount=3, LaunchCount=1, WarmupCount=3)",Size=4096,1,Workload,Pilot,10,4426900,8192,540.39,0,0,0,0
FillBenchmarks.LibraryImport_RefByte,PInvokeBench,FillBenchmarks,LibraryImport_RefByte,ShortRun,Default,Default,Default,Default,Default,Default,Default,Default,Default,Default,Default,Default,Default,Default,Default,Default,Default,Default,Default,Default,Default,Default,Default,Default,Default,Default,Default,Default,Default,Default,Default,3,Default,1,Default,Default,Default,Default,Default,Default,Default,3,"ShortRun(IterationCount=3, LaunchCount=1, WarmupCount=3)",Size=4096,1,Workload,Pilot,11,8801800,16384,537.22,0,0,0,0
FillBenchmarks.LibraryImport_RefByte,PInvokeBench,FillBenchmarks,LibraryImport_RefByte,ShortRun,Default,Default,Default,Default,Default,Default,Default,Default,Default,Default,Default,Default,Default,Default,Default,Default,Default,Default,Default,Default,Default,Default,Default,Default,Default,Default,Default,Default,Default,Default,Default,3,Default,1,Default,Default,Default,Default,Default,Default,Default,3,"ShortRun(IterationCount=3, LaunchCount=1, WarmupCount=3)",Size=4096,1,Workload,Pilot,12,17811400,32768,543.56,0,0,0,0
FillBenchmarks.LibraryImport_RefByte,PInvokeBench,FillBenchmarks,LibraryImport_RefByte,ShortRun,Default,Default,Default,Default,Default,Default,Default,Default,Default,Default,Default,Default,Default,Default,Default,Default,Default,Default,Default,Default,Default,Default,Default,Default,Default,Default,Default,Default,Default,Default,Default,3,Default,1,Default,Default,Default,Default,Default,Default,Default,3,"ShortRun(IterationCount=3, LaunchCount=1, WarmupCount=3)",Size=4096,1,Workload,Pilot,13,35220300,65536,537.42,0,0,0,0
FillBenchmarks.LibraryImport_RefByte,PInvokeBench,FillBenchmarks,LibraryImport_RefByte,ShortRun,Default,Default,Default,Default,Default,Default,Default,Default,Default,Default,Default,Default,Default,Default,Default,Default,Default,Default,Default,Default,Default,Default,Default,Default,Default,Default,Default,Default,Default,Default,Default,3,Default,1,Default,Default,Default,Default,Default,Default,Default,3,"ShortRun(IterationCount=3, LaunchCount=1, WarmupCount=3)",Size=4096,1,Workload,Pilot,14,70100200,131072,534.82,0,0,0,0
FillBenchmarks.LibraryImport_RefByte,PInvokeBench,FillBenchmarks,LibraryImport_RefByte,ShortRun,Default,Default,Default,Default,Default,Default,Default,Default,Default,Default,Default,Default,Default,Default,Default,Default,Default,Default,Default,Default,Default,Default,Default,Default,Default,Default,Default,Default,Default,Default,Default,3,Default,1,Default,Default,Default,Default,Default,Default,Default,3,"ShortRun(IterationCount=3, LaunchCount=1, WarmupCount=3)",Size=4096,1,Workload,Pilot,15,134828100,262144,514.33,0,0,0,0
FillBenchmarks.LibraryImport_RefByte,PInvokeBench,FillBenchmarks,LibraryImport_RefByte,ShortRun,Default,Default,Default,Default,Default,Default,Default,Default,Default,Default,Default,Default,Default,Default,Default,Default,Default,Default,Default,Default,Default,Default,Default,Default,Default,Default,Default,Default,Default,Default,Default,3,Default,1,Default,Default,Default,Default,Default,Default,Default,3,"ShortRun(IterationCount=3, LaunchCount=1, WarmupCount=3)",Size=4096,1,Workload,Pilot,16,271629200,524288,518.09,0,0,0,0
FillBenchmarks.LibraryImport_RefByte,PInvokeBench,FillBenchmarks,LibraryImport_RefByte,ShortRun,Default,Default,Default,Default,Default,Default,Default,Default,Default,Default,Default,Default,Default,Default,Default,Default,Default,Default,Default,Default,Default,Default,Default,Default,Default,Default,Default,Default,Default,Default,Default,3,Default,1,Default,Default,Default,Default,Default,Default,Default,3,"ShortRun(IterationCount=3, LaunchCount=1, WarmupCount=3)",Size=4096,1,Workload,Pilot,17,562943400,1048576,536.86,0,0,0,0
FillBenchmarks.LibraryImport_RefByte,PInvokeBench,FillBenchmarks,LibraryImport_RefByte,ShortRun,Default,Default,Default,Default,Default,Default,Default,Default,Default,Default,Default,Default,Default,Default,Default,Default,Default,Default,Default,Default,Default,Default,Default,Default,Default,Default,Default,Default,Default,Default,Default,3,Default,1,Default,Default,Default,Default,Default,Default,Default,3,"ShortRun(IterationCount=3, LaunchCount=1, WarmupCount=3)",Size=4096,1,Overhead,Warmup,1,2396000,1048576,2.29,0,0,0,0
FillBenchmarks.LibraryImport_RefByte,PInvokeBench,FillBenchmarks,LibraryImport_RefByte,ShortRun,Default,Default,Default,Default,Default,Default,Default,Default,Default,Default,Default,Default,Default,Default,Default,Default,Default,Default,Default,Default,Default,Default,Default,Default,Default,Default,Default,Default,Default,Default,Default,3,Default,1,Default,Default,Default,Default,Default,Default,Default,3,"ShortRun(IterationCount=3, LaunchCount=1, WarmupCount=3)",Size=4096,1,Overhead,Warmup,2,2394700,1048576,2.28,0,0,0,0
FillBenchmarks.LibraryImport_RefByte,PInvokeBench,FillBenchmarks,LibraryImport_RefByte,ShortRun,Default,Default,Default,Default,Default,Default,Default,Default,Default,Default,Default,Default,Default,Default,Default,Default,Default,Default,Default,Default,Default,Default,Default,Default,Default,Default,Default,Default,Default,Default,Default,3,Default,1,Default,Default,Default,Default,Default,Default,Default,3,"ShortRun(IterationCount=3, LaunchCount=1, WarmupCount=3)",Size=4096,1,Overhead,Warmup,3,2394900,1048576,2.28,0,0,0,0
FillBenchmarks.LibraryImport_RefByte,PInvokeBench,FillBenchmarks,LibraryImport_RefByte,ShortRun,Default,Default,Default,Default,Default,Default,Default,Default,Default,Default,Default,Default,Default,Default,Default,Default,Default,Default,Default,Default,Default,Default,Default,Default,Default,Default,Default,Default,Default,Default,Default,3,Default,1,Default,Default,Default,Default,Default,Default,Default,3,"ShortRun(IterationCount=3, LaunchCount=1, WarmupCount=3)",Size=4096,1,Overhead,Warmup,4,2408200,1048576,2.3,0,0,0,0
FillBenchmarks.LibraryImport_RefByte,PInvokeBench,FillBenchmarks,LibraryImport_RefByte,ShortRun,Default,Default,Default,Default,Default,Default,Default,Default,Default,Default,Default,Default,Default,Default,Default,Default,Default,Default,Default,Default,Default,Default,Default,Default,Default,Default,Default,Default,Default,Default,Default,3,Default,1,Default,Default,Default,Default,Default,Default,Default,3,"ShortRun(IterationCount=3, LaunchCount=1, WarmupCount=3)",Size=4096,1,Overhead,Warmup,5,2394200,1048576,2.28,0,0,0,0
FillBenchmarks.LibraryImport_RefByte,PInvokeBench,FillBenchmarks,LibraryImport_RefByte,ShortRun,Default,Default,Default,Default,Default,Default,Default,Default,Default,Default,Default,Default,Default,Default,Default,Default,Default,Default,Default,Default,Default,Default,Default,Default,Default,Default,Default,Default,Default,Default,Default,3,Default,1,Default,Default,Default,Default,Default,Default,Default,3,"ShortRun(IterationCount=3, LaunchCount=1, WarmupCount=3)",Size=4096,1,Overhead,Warmup,6,2421000,1048576,2.31,0,0,0,0
FillBenchmarks.LibraryImport_RefByte,PInvokeBench,FillBenchmarks,LibraryImport_RefByte,ShortRun,Default,Default,Default,Default,Default,Default,Default,Default,Default,Default,Default,Default,Default,Default,Default,Default,Default,Default,Default,Default,Default,Default,Default,Default,Default,Default,Default,Default,Default,Default,Default,3,Default,1,Default,Default,Default,Default,Default,Default,Default,3,"ShortRun(IterationCount=3, LaunchCount=1, WarmupCount=3)",Size=4096,1,Overhead,Warmup,7,2395300,1048576,2.28,0,0,0,0
FillBenchmarks.LibraryImport_RefByte,PInvokeBench,FillBenchmarks,LibraryImport_RefByte,ShortRun,Default,Default,Default,Default,Default,Default,Default,Default,Default,Default,Default,Default,Default,Default,Default,Default,Default,Default,Default,Default,Default,Default,Default,Default,Default,Default,Default,Default,Default,Default,Default,3,Default,1,Default,Default,Default,Default,Default,Default,Default,3,"ShortRun(IterationCount=3, LaunchCount=1, WarmupCount=3)",Size=4096,1,Overhead,Actual,1,2393800,1048576,2.28,0,0,0,0
FillBenchmarks.LibraryImport_RefByte,PInvokeBench,FillBenchmarks,LibraryImport_RefByte,ShortRun,Default,Default,Default,Default,Default,Default,Default,Default,Default,Default,Default,Default,Default,Default,Default,Default,Default,Default,Default,Default,Default,Default,Default,Default,Default,Default,Default,Default,Default,Default,Default,3,Default,1,Default,Default,Default,Default,Default,Default,Default,3,"ShortRun(IterationCount=3, LaunchCount=1, WarmupCount=3)",Size=4096,1,Overhead,Actual,2,2397200,1048576,2.29,0,0,0,0
FillBenchmarks.LibraryImport_RefByte,PInvokeBench,FillBenchmarks,LibraryImport_RefByte,ShortRun,Default,Default,Default,Default,Default,Default,Default,Default,Default,Default,Default,Default,Default,Default,Default,Default,Default,Default,Default,Default,Default,Default,Default,Default,Default,Default,Default,Default,Default,Default,Default,3,Default,1,Default,Default,Default,Default,Default,Default,Default,3,"ShortRun(IterationCount=3, LaunchCount=1, WarmupCount=3)",Size=4096,1,Overhead,Actual,3,2394400,1048576,2.28,0,0,0,0
FillBenchmarks.LibraryImport_RefByte,PInvokeBench,FillBenchmarks,LibraryImport_RefByte,ShortRun,Default,Default,Default,Default,Default,Default,Default,Default,Default,Default,Default,Default,Default,Default,Default,Default,Default,Default,Default,Default,Default,Default,Default,Default,Default,Default,Default,Default,Default,Default,Default,3,Default,1,Default,Default,Default,Default,Default,Default,Default,3,"ShortRun(IterationCount=3, LaunchCount=1, WarmupCount=3)",Size=4096,1,Overhead,Actual,4,2393500,1048576,2.28,0,0,0,0
FillBenchmarks.LibraryImport_RefByte,PInvokeBench,FillBenchmarks,LibraryImport_RefByte,ShortRun,Default,Default,Default,Default,Default,Default,Default,Default,Default,Default,Default,Default,Default,Default,Default,Default,Default,Default,Default,Default,Default,Default,Default,Default,Default,Default,Default,Default,Default,Default,Default,3,Default,1,Default,Default,Default,Default,Default,Default,Default,3,"ShortRun(IterationCount=3, LaunchCount=1, WarmupCount=3)",Size=4096,1,Overhead,Actual,5,2395600,1048576,2.28,0,0,0,0
FillBenchmarks.LibraryImport_RefByte,PInvokeBench,FillBenchmarks,LibraryImport_RefByte,ShortRun,Default,Default,Default,Default,Default,Default,Default,Default,Default,Default,Default,Default,Default,Default,Default,Default,Default,Default,Default,Default,Default,Default,Default,Default,Default,Default,Default,Default,Default,Default,Default,3,Default,1,Default,Default,Default,Default,Default,Default,Default,3,"ShortRun(IterationCount=3, LaunchCount=1, WarmupCount=3)",Size=4096,1,Overhead,Actual,6,2392400,1048576,2.28,0,0,0,0
FillBenchmarks.LibraryImport_RefByte,PInvokeBench,FillBenchmarks,LibraryImport_RefByte,ShortRun,Default,Default,Default,Default,Default,Default,Default,Default,Default,Default,Default,Default,Default,Default,Default,Default,Default,Default,Default,Default,Default,Default,Default,Default,Default,Default,Default,Default,Default,Default,Default,3,Default,1,Default,Default,Default,Default,Default,Default,Default,3,"ShortRun(IterationCount=3, LaunchCount=1, WarmupCount=3)",Size=4096,1,Overhead,Actual,7,2391800,1048576,2.28,0,0,0,0
FillBenchmarks.LibraryImport_RefByte,PInvokeBench,FillBenchmarks,LibraryImport_RefByte,ShortRun,Default,Default,Default,Default,Default,Default,Default,Default,Default,Default,Default,Default,Default,Default,Default,Default,Default,Default,Default,Default,Default,Default,Default,Default,Default,Default,Default,Default,Default,Default,Default,3,Default,1,Default,Default,Default,Default,Default,Default,Default,3,"ShortRun(IterationCount=3, LaunchCount=1, WarmupCount=3)",Size=4096,1,Overhead,Actual,8,2423300,1048576,2.31,0,0,0,0
FillBenchmarks.LibraryImport_RefByte,PInvokeBench,FillBenchmarks,LibraryImport_RefByte,ShortRun,Default,Default,Default,Default,Default,Default,Default,Default,Default,Default,Default,Default,Default,Default,Default,Default,Default,Default,Default,Default,Default,Default,Default,Default,Default,Default,Default,Default,Default,Default,Default,3,Default,1,Default,Default,Default,Default,Default,Default,Default,3,"ShortRun(IterationCount=3, LaunchCount=1, WarmupCount=3)",Size=4096,1,Overhead,Actual,9,2391900,1048576,2.28,0,0,0,0
FillBenchmarks.LibraryImport_RefByte,PInvokeBench,FillBenchmarks,LibraryImport_RefByte,ShortRun,Default,Default,Default,Default,Default,Default,Default,Default,Default,Default,Default,Default,Default,Default,Default,Default,Default,Default,Default,Default,Default,Default,Default,Default,Default,Default,Default,Default,Default,Default,Default,3,Default,1,Default,Default,Default,Default,Default,Default,Default,3,"ShortRun(IterationCount=3, LaunchCount=1, WarmupCount=3)",Size=4096,1,Overhead,Actual,10,2394700,1048576,2.28,0,0,0,0
FillBenchmarks.LibraryImport_RefByte,PInvokeBench,FillBenchmarks,LibraryImport_RefByte,ShortRun,Default,Default,Default,Default,Default,Default,Default,Default,Default,Default,Default,Default,Default,Default,Default,Default,Default,Default,Default,Default,Default,Default,Default,Default,Default,Default,Default,Default,Default,Default,Default,3,Default,1,Default,Default,Default,Default,Default,Default,Default,3,"ShortRun(IterationCount=3, LaunchCount=1, WarmupCount=3)",Size=4096,1,Overhead,Actual,11,2392800,1048576,2.28,0,0,0,0
FillBenchmarks.LibraryImport_RefByte,PInvokeBench,FillBenchmarks,LibraryImport_RefByte,ShortRun,Default,Default,Default,Default,Default,Default,Default,Default,Default,Default,Default,Default,Default,Default,Default,Default,Default,Default,Default,Default,Default,Default,Default,Default,Default,Default,Default,Default,Default,Default,Default,3,Default,1,Default,Default,Default,Default,Default,Default,Default,3,"ShortRun(IterationCount=3, LaunchCount=1, WarmupCount=3)",Size=4096,1,Overhead,Actual,12,2394100,1048576,2.28,0,0,0,0
FillBenchmarks.LibraryImport_RefByte,PInvokeBench,FillBenchmarks,LibraryImport_RefByte,ShortRun,Default,Default,Default,Default,Default,Default,Default,Default,Default,Default,Default,Default,Default,Default,Default,Default,Default,Default,Default,Default,Default,Default,Default,Default,Default,Default,Default,Default,Default,Default,Default,3,Default,1,Default,Default,Default,Default,Default,Default,Default,3,"ShortRun(IterationCount=3, LaunchCount=1, WarmupCount=3)",Size=4096,1,Overhead,Actual,13,2395200,1048576,2.28,0,0,0,0
FillBenchmarks.LibraryImport_RefByte,PInvokeBench,FillBenchmarks,LibraryImport_RefByte,ShortRun,Default,Default,Default,Default,Default,Default,Default,Default,Default,Default,Default,Default,Default,Default,Default,Default,Default,Default,Default,Default,Default,Default,Default,Default,Default,Default,Default,Default,Default,Default,Default,3,Default,1,Default,Default,Default,Default,Default,Default,Default,3,"ShortRun(IterationCount=3, LaunchCount=1, WarmupCount=3)",Size=4096,1,Overhead,Actual,14,2417600,1048576,2.31,0,0,0,0
FillBenchmarks.LibraryImport_RefByte,PInvokeBench,FillBenchmarks,LibraryImport_RefByte,ShortRun,Default,Default,Default,Default,Default,Default,Default,Default,Default,Default,Default,Default,Default,Default,Default,Default,Default,Default,Default,Default,Default,Default,Default,Default,Default,Default,Default,Default,Default,Default,Default,3,Default,1,Default,Default,Default,Default,Default,Default,Default,3,"ShortRun(IterationCount=3, LaunchCount=1, WarmupCount=3)",Size=4096,1,Overhead,Actual,15,2394800,1048576,2.28,0,0,0,0
FillBenchmarks.LibraryImport_RefByte,PInvokeBench,FillBenchmarks,LibraryImport_RefByte,ShortRun,Default,Default,Default,Default,Default,Default,Default,Default,Default,Default,Default,Default,Default,Default,Default,Default,Default,Default,Default,Default,Default,Default,Default,Default,Default,Default,Default,Default,Default,Default,Default,3,Default,1,Default,Default,Default,Default,Default,Default,Default,3,"ShortRun(IterationCount=3, LaunchCount=1, WarmupCount=3)",Size=4096,1,Workload,Warmup,1,539466300,1048576,514.48,0,0,0,0
FillBenchmarks.LibraryImport_RefByte,PInvokeBench,FillBenchmarks,LibraryImport_RefByte,ShortRun,Default,Default,Default,Default,Default,Default,Default,Default,Default,Default,Default,Default,Default,Default,Default,Default,Default,Default,Default,Default,Default,Default,Default,Default,Default,Default,Default,Default,Default,Default,Default,3,Default,1,Default,Default,Default,Default,Default,Default,Default,3,"ShortRun(IterationCount=3, LaunchCount=1, WarmupCount=3)",Size=4096,1,Workload,Warmup,2,523621700,1048576,499.36,0,0,0,0
FillBenchmarks.LibraryImport_RefByte,PInvokeBench,FillBenchmarks,LibraryImport_RefByte,ShortRun,Default,Default,Default,Default,Default,Default,Default,Default,Default,Default,Default,Default,Default,Default,Default,Default,Default,Default,Default,Default,Default,Default,Default,Default,Default,Default,Default,Default,Default,Default,Default,3,Default,1,Default,Default,Default,Default,Default,Default,Default,3,"ShortRun(IterationCount=3, LaunchCount=1, WarmupCount=3)",Size=4096,1,Workload,Warmup,3,520778200,1048576,496.65,0,0,0,0
FillBenchmarks.LibraryImport_RefByte,PInvokeBench,FillBenchmarks,LibraryImport_RefByte,ShortRun,Default,Default,Default,Default,Default,Default,Default,Default,Default,Default,Default,Default,Default,Default,Default,Default,Default,Default,Default,Default,Default,Default,Default,Default,Default,Default,Default,Default,Default,Default,Default,3,Default,1,Default,Default,Default,Default,Default,Default,Default,3,"ShortRun(IterationCount=3, LaunchCount=1, WarmupCount=3)",Size=4096,1,Workload,Actual,1,546661400,1048576,521.34,0,0,0,0
FillBenchmarks.LibraryImport_RefByte,PInvokeBench,FillBenchmarks,LibraryImport_RefByte,ShortRun,Default,Default,Default,Default,Default,Default,Default,Default,Default,Default,Default,Default,Default,Default,Default,Default,Default,Default,Default,Default,Default,Default,Default,Default,Default,Default,Default,Default,Default,Default,Default,3,Default,1,Default,Default,Default,Default,Default,Default,Default,3,"ShortRun(IterationCount=3, LaunchCount=1, WarmupCount=3)",Size=4096,1,Workload,Actual,2,599811600,1048576,572.02,0,0,0,0
FillBenchmarks.LibraryImport_RefByte,PInvokeBench,FillBenchmarks,LibraryImport_RefByte,ShortRun,Default,Default,Default,Default,Default,Default,Default,Default,Default,Default,Default,Default,Default,Default,Default,Default,Default,Default,Default,Default,Default,Default,Default,Default,Default,Default,Default,Default,Default,Default,Default,3,Default,1,Default,Default,Default,Default,Default,Default,Default,3,"ShortRun(IterationCount=3, LaunchCount=1, WarmupCount=3)",Size=4096,1,Workload,Actual,3,602971400,1048576,575.04,0,0,0,0
FillBenchmarks.LibraryImport_RefByte,PInvokeBench,FillBenchmarks,LibraryImport_RefByte,ShortRun,Default,Default,Default,Default,Default,Default,Default,Default,Default,Default,Default,Default,Default,Default,Default,Default,Default,Default,Default,Default,Default,Default,Default,Default,Default,Default,Default,Default,Default,Default,Default,3,Default,1,Default,Default,Default,Default,Default,Default,Default,3,"ShortRun(IterationCount=3, LaunchCount=1, WarmupCount=3)",Size=4096,1,Workload,Result,1,544267000,1048576,519.05,0,0,0,0
FillBenchmarks.LibraryImport_RefByte,PInvokeBench,FillBenchmarks,LibraryImport_RefByte,ShortRun,Default,Default,Default,Default,Default,Default,Default,Default,Default,Default,Default,Default,Default,Default,Default,Default,Default,Default,Default,Default,Default,Default,Default,Default,Default,Default,Default,Default,Default,Default,Default,3,Default,1,Default,Default,Default,Default,Default,Default,Default,3,"ShortRun(IterationCount=3, LaunchCount=1, WarmupCount=3)",Size=4096,1,Workload,Result,2,597417200,1048576,569.74,0,0,0,0
FillBenchmarks.LibraryImport_RefByte,PInvokeBench,FillBenchmarks,LibraryImport_RefByte,ShortRun,Default,Default,Default,Default,Default,Default,Default,Default,Default,Default,Default,Default,Default,Default,Default,Default,Default,Default,Default,Default,Default,Default,Default,Default,Default,Default,Default,Default,Default,Default,Default,3,Default,1,Default,Default,Default,Default,Default,Default,Default,3,"ShortRun(IterationCount=3, LaunchCount=1, WarmupCount=3)",Size=4096,1,Workload,Result,3,600577000,1048576,572.75,0,0,0,0
FillBenchmarks.LibraryImport_Span_SuppressGC,PInvokeBench,FillBenchmarks,LibraryImport_Span_SuppressGC,ShortRun,Default,Default,Default,Default,Default,Default,Default,Default,Default,Default,Default,Default,Default,Default,Default,Default,Default,Default,Default,Default,Default,Default,Default,Default,Default,Default,Default,Default,Default,Default,Default,3,Default,1,Default,Default,Default,Default,Default,Default,Default,3,"ShortRun(IterationCount=3, LaunchCount=1, WarmupCount=3)",Size=4096,1,Overhead,Jitting,1,189900,1,189900,0,0,0,0
FillBenchmarks.LibraryImport_Span_SuppressGC,PInvokeBench,FillBenchmarks,LibraryImport_Span_SuppressGC,ShortRun,Default,Default,Default,Default,Default,Default,Default,Default,Default,Default,Default,Default,Default,Default,Default,Default,Default,Default,Default,Default,Default,Default,Default,Default,Default,Default,Default,Default,Default,Default,Default,3,Default,1,Default,Default,Default,Default,Default,Default,Default,3,"ShortRun(IterationCount=3, LaunchCount=1, WarmupCount=3)",Size=4096,1,Workload,Jitting,1,685400,1,685400,0,0,0,0
FillBenchmarks.LibraryImport_Span_SuppressGC,PInvokeBench,FillBenchmarks,LibraryImport_Span_SuppressGC,ShortRun,Default,Default,Default,Default,Default,Default,Default,Default,Default,Default,Default,Default,Default,Default,Default,Default,Default,Default,Default,Default,Default,Default,Default,Default,Default,Default,Default,Default,Default,Default,Default,3,Default,1,Default,Default,Default,Default,Default,Default,Default,3,"ShortRun(IterationCount=3, LaunchCount=1, WarmupCount=3)",Size=4096,1,Overhead,Jitting,2,286700,16,17918.75,0,0,0,0
FillBenchmarks.LibraryImport_Span_SuppressGC,PInvokeBench,FillBenchmarks,LibraryImport_Span_SuppressGC,ShortRun,Default,Default,Default,Default,Default,Default,Default,Default,Default,Default,Default,Default,Default,Default,Default,Default,Default,Default,Default,Default,Default,Default,Default,Default,Default,Default,Default,Default,Default,Default,Default,3,Default,1,Default,Default,Default,Default,Default,Default,Default,3,"ShortRun(IterationCount=3, LaunchCount=1, WarmupCount=3)",Size=4096,1,Workload,Jitting,2,297900,16,18618.75,0,0,0,0
FillBenchmarks.LibraryImport_Span_SuppressGC,PInvokeBench,FillBenchmarks,LibraryImport_Span_SuppressGC,ShortRun,Default,Default,Default,Default,Default,Default,Default,Default,Default,Default,Default,Default,Default,Default,Default,Default,Default,Default,Default,Default,Default,Default,Default,Default,Default,Default,Default,Default,Default,Default,Default,3,Default,1,Default,Default,Default,Default,Default,Default,Default,3,"ShortRun(IterationCount=3, LaunchCount=1, WarmupCount=3)",Size=4096,1,Workload,Pilot,1,9700,16,606.25,0,0,0,0
FillBenchmarks.LibraryImport_Span_SuppressGC,PInvokeBench,FillBenchmarks,LibraryImport_Span_SuppressGC,ShortRun,Default,Default,Default,Default,Default,Default,Default,Default,Default,Default,Default,Default,Default,Default,Default,Default,Default,Default,Default,Default,Default,Default,Default,Default,Default,Default,Default,Default,Default,Default,Default,3,Default,1,Default,Default,Default,Default,Default,Default,Default,3,"ShortRun(IterationCount=3, LaunchCount=1, WarmupCount=3)",Size=4096,1,Workload,Pilot,2,18000,32,562.5,0,0,0,0
FillBenchmarks.LibraryImport_Span_SuppressGC,PInvokeBench,FillBenchmarks,LibraryImport_Span_SuppressGC,ShortRun,Default,Default,Default,Default,Default,Default,Default,Default,Default,Default,Default,Default,Default,Default,Default,Default,Default,Default,Default,Default,Default,Default,Default,Default,Default,Default,Default,Default,Default,Default,Default,3,Default,1,Default,Default,Default,Default,Default,Default,Default,3,"ShortRun(IterationCount=3, LaunchCount=1, WarmupCount=3)",Size=4096,1,Workload,Pilot,3,35000,64,546.88,0,0,0,0
FillBenchmarks.LibraryImport_Span_SuppressGC,PInvokeBench,FillBenchmarks,LibraryImport_Span_SuppressGC,ShortRun,Default,Default,Default,Default,Default,Default,Default,Default,Default,Default,Default,Default,Default,Default,Default,Default,Default,Default,Default,Default,Default,Default,Default,Default,Default,Default,Default,Default,Default,Default,Default,3,Default,1,Default,Default,Default,Default,Default,Default,Default,3,"ShortRun(IterationCount=3, LaunchCount=1, WarmupCount=3)",Size=4096,1,Workload,Pilot,4,68900,128,538.28,0,0,0,0
FillBenchmarks.LibraryImport_Span_SuppressGC,PInvokeBench,FillBenchmarks,LibraryImport_Span_SuppressGC,ShortRun,Default,Default,Default,Default,Default,Default,Default,Default,Default,Default,Default,Default,Default,Default,Default,Default,Default,Default,Default,Default,Default,Default,Default,Default,Default,Default,Default,Default,Default,Default,Default,3,Default,1,Default,Default,Default,Default,Default,Default,Default,3,"ShortRun(IterationCount=3, LaunchCount=1, WarmupCount=3)",Size=4096,1,Workload,Pilot,5,137300,256,536.33,0,0,0,0
FillBenchmarks.LibraryImport_Span_SuppressGC,PInvokeBench,FillBenchmarks,LibraryImport_Span_SuppressGC,ShortRun,Default,Default,Default,Default,Default,Default,Default,Default,Default,Default,Default,Default,Default,Default,Default,Default,Default,Default,Default,Default,Default,Default,Default,Default,Default,Default,Default,Default,Default,Default,Default,3,Default,1,Default,Default,Default,Default,Default,Default,Default,3,"ShortRun(IterationCount=3, LaunchCount=1, WarmupCount=3)",Size=4096,1,Workload,Pilot,6,273300,512,533.79,0,0,0,0
FillBenchmarks.LibraryImport_Span_SuppressGC,PInvokeBench,FillBenchmarks,LibraryImport_Span_SuppressGC,ShortRun,Default,Default,Default,Default,Default,Default,Default,Default,Default,Default,Default,Default,Default,Default,Default,Default,Default,Default,Default,Default,Default,Default,Default,Default,Default,Default,Default,Default,Default,Default,Default,3,Default,1,Default,Default,Default,Default,Default,Default,Default,3,"ShortRun(IterationCount=3, LaunchCount=1, WarmupCount=3)",Size=4096,1,Workload,Pilot,7,592600,1024,578.71,0,0,0,0
FillBenchmarks.LibraryImport_Span_SuppressGC,PInvokeBench,FillBenchmarks,LibraryImport_Span_SuppressGC,ShortRun,Default,Default,Default,Default,Default,Default,Default,Default,Default,Default,Default,Default,Default,Default,Default,Default,Default,Default,Default,Default,Default,Default,Default,Default,Default,Default,Default,Default,Default,Default,Default,3,Default,1,Default,Default,Default,Default,Default,Default,Default,3,"ShortRun(IterationCount=3, LaunchCount=1, WarmupCount=3)",Size=4096,1,Workload,Pilot,8,1884400,2048,920.12,0,0,0,0
FillBenchmarks.LibraryImport_Span_SuppressGC,PInvokeBench,FillBenchmarks,LibraryImport_Span_SuppressGC,ShortRun,Default,Default,Default,Default,Default,Default,Default,Default,Default,Default,Default,Default,Default,Default,Default,Default,Default,Default,Default,Default,Default,Default,Default,Default,Default,Default,Default,Default,Default,Default,Default,3,Default,1,Default,Default,Default,Default,Default,Default,Default,3,"ShortRun(IterationCount=3, LaunchCount=1, WarmupCount=3)",Size=4096,1,Workload,Pilot,9,2190800,4096,534.86,0,0,0,0
FillBenchmarks.LibraryImport_Span_SuppressGC,PInvokeBench,FillBenchmarks,LibraryImport_Span_SuppressGC,ShortRun,Default,Default,Default,Default,Default,Default,Default,Default,Default,Default,Default,Default,Default,Default,Default,Default,Default,Default,Default,Default,Default,Default,Default,Default,Default,Default,Default,Default,Default,Default,Default,3,Default,1,Default,Default,Default,Default,Default,Default,Default,3,"ShortRun(IterationCount=3, LaunchCount=1, WarmupCount=3)",Size=4096,1,Workload,Pilot,10,4399500,8192,537.05,0,0,0,0
FillBenchmarks.LibraryImport_Span_SuppressGC,PInvokeBench,FillBenchmarks,LibraryImport_Span_SuppressGC,ShortRun,Default,Default,Default,Default,Default,Default,Default,Default,Default,Default,Default,Default,Default,Default,Default,Default,Default,Default,Default,Default,Default,Default,Default,Default,Default,Default,Default,Default,Default,Default,Default,3,Default,1,Default,Default,Default,Default,Default,Default,Default,3,"ShortRun(IterationCount=3, LaunchCount=1, WarmupCount=3)",Size=4096,1,Workload,Pilot,11,8914500,16384,544.1,0,0,0,0
FillBenchmarks.LibraryImport_Span_SuppressGC,PInvokeBench,FillBenchmarks,LibraryImport_Span_SuppressGC,ShortRun,Default,Default,Default,Default,Default,Default,Default,Default,Default,Default,Default,Default,Default,Default,Default,Default,Default,Default,Default,Default,Default,Default,Default,Default,Default,Default,Default,Default,Default,Default,Default,3,Default,1,Default,Default,Default,Default,Default,Default,Default,3,"ShortRun(IterationCount=3, LaunchCount=1, WarmupCount=3)",Size=4096,1,Workload,Pilot,12,17617000,32768,537.63,0,0,0,0
FillBenchmarks.LibraryImport_Span_SuppressGC,PInvokeBench,FillBenchmarks,LibraryImport_Span_SuppressGC,ShortRun,Default,Default,Default,Default,Default,Default,Default,Default,Default,Default,Default,Default,Default,Default,Default,Default,Default,Default,Default,Default,Default,Default,Default,Default,Default,Default,Default,Default,Default,Default,Default,3,Default,1,Default,Default,Default,Default,Default,Default,Default,3,"ShortRun(IterationCount=3, LaunchCount=1, WarmupCount=3)",Size=4096,1,Workload,Pilot,13,35332600,65536,539.13,0,0,0,0
FillBenchmarks.LibraryImport_Span_SuppressGC,PInvokeBench,FillBenchmarks,LibraryImport_Span_SuppressGC,ShortRun,Default,Default,Default,Default,Default,Default,Default,Default,Default,Default,Default,Default,Default,Default,Default,Default,Default,Default,Default,Default,Default,Default,Default,Default,Default,Default,Default,Default,Default,Default,Default,3,Default,1,Default,Default,Default,Default,Default,Default,Default,3,"ShortRun(IterationCount=3, LaunchCount=1, WarmupCount=3)",Size=4096,1,Workload,Pilot,14,68751400,131072,524.53,0,0,0,0
FillBenchmarks.LibraryImport_Span_SuppressGC,PInvokeBench,FillBenchmarks,LibraryImport_Span_SuppressGC,ShortRun,Default,Default,Default,Default,Default,Default,Default,Default,Default,Default,Default,Default,Default,Default,Default,Default,Default,Default,Default,Default,Default,Default,Default,Default,Default,Default,Default,Default,Default,Default,Default,3,Default,1,Default,Default,Default,Default,Default,Default,Default,3,"ShortRun(IterationCount=3, LaunchCount=1, WarmupCount=3)",Size=4096,1,Workload,Pilot,15,133129600,262144,507.85,0,0,0,0
FillBenchmarks.LibraryImport_Span_SuppressGC,PInvokeBench,FillBenchmarks,LibraryImport_Span_SuppressGC,ShortRun,Default,Default,Default,Default,Default,Default,Default,Default,Default,Default,Default,Default,Default,Default,Default,Default,Default,Default,Default,Default,Default,Default,Default,Default,Default,Default,Default,Default,Default,Default,Default,3,Default,1,Default,Default,Default,Default,Default,Default,Default,3,"ShortRun(IterationCount=3, LaunchCount=1, WarmupCount=3)",Size=4096,1,Workload,Pilot,16,264685100,524288,504.85,0,0,0,0
FillBenchmarks.LibraryImport_Span_SuppressGC,PInvokeBench,FillBenchmarks,LibraryImport_Span_SuppressGC,ShortRun,Default,Default,Default,Default,Default,Default,Default,Default,Default,Default,Default,Default,Default,Default,Default,Default,Default,Default,Default,Default,Default,Default,Default,Default,Default,Default,Default,Default,Default,Default,Default,3,Default,1,Default,Default,Default,Default,Default,Default,Default,3,"ShortRun(IterationCount=3, LaunchCount=1, WarmupCount=3)",Size=4096,1,Workload,Pilot,17,514846200,1048576,491,0,0,0,0
FillBenchmarks.LibraryImport_Span_SuppressGC,PInvokeBench,FillBenchmarks,LibraryImport_Span_SuppressGC,ShortRun,Default,Default,Default,Default,Default,Default,Default,Default,Default,Default,Default,Default,Default,Default,Default,Default,Default,Default,Default,Default,Default,Default,Default,Default,Default,Default,Default,Default,Default,Default,Default,3,Default,1,Default,Default,Default,Default,Default,Default,Default,3,"ShortRun(IterationCount=3, LaunchCount=1, WarmupCount=3)",Size=4096,1,Overhead,Warmup,1,2366500,1048576,2.26,0,0,0,0
FillBenchmarks.LibraryImport_Span_SuppressGC,PInvokeBench,FillBenchmarks,LibraryImport_Span_SuppressGC,ShortRun,Default,Default,Default,Default,Default,Default,Default,Default,Default,Default,Default,Default,Default,Default,Default,Default,Default,Default,Default,Default,Default,Default,Default,Default,Default,Default,Default,Default,Default,Default,Default,3,Default,1,Default,Default,Default,Default,Default,Default,Default,3,"ShortRun(IterationCount=3, LaunchCount=1, WarmupCount=3)",Size=4096,1,Overhead,Warmup,2,2335100,1048576,2.23,0,0,0,0
FillBenchmarks.LibraryImport_Span_SuppressGC,PInvokeBench,FillBenchmarks,LibraryImport_Span_SuppressGC,ShortRun,Default,Default,Default,Default,Default,Default,Default,Default,Default,Default,Default,Default,Default,Default,Default,Default,Default,Default,Default,Default,Default,Default,Default,Default,Default,Default,Default,Default,Default,Default,Default,3,Default,1,Default,Default,Default,Default,Default,Default,Default,3,"ShortRun(IterationCount=3, LaunchCount=1, WarmupCount=3)",Size=4096,1,Overhead,Warmup,3,2339600,1048576,2.23,0,0,0,0
FillBenchmarks.LibraryImport_Span_SuppressGC,PInvokeBench,FillBenchmarks,LibraryImport_Span_SuppressGC,ShortRun,Default,Default,Default,Default,Default,Default,Default,Default,Default,Default,Default,Default,Default,Default,Default,Default,Default,Default,Default,Default,Default,Default,Default,Default,Default,Default,Default,Default,Default,Default,Default,3,Default,1,Default,Default,Default,Default,Default,Default,Default,3,"ShortRun(IterationCount=3, LaunchCount=1, WarmupCount=3)",Size=4096,1,Overhead,Warmup,4,3100500,1048576,2.96,0,0,0,0
FillBenchmarks.LibraryImport_Span_SuppressGC,PInvokeBench,FillBenchmarks,LibraryImport_Span_SuppressGC,ShortRun,Default,Default,Default,Default,Default,Default,Default,Default,Default,Default,Default,Default,Default,Default,Default,Default,Default,Default,Default,Default,Default,Default,Default,Default,Default,Default,Default,Default,Default,Default,Default,3,Default,1,Default,Default,Default,Default,Default,Default,Default,3,"ShortRun(IterationCount=3, LaunchCount=1, WarmupCount=3)",Size=4096,1,Overhead,Warmup,5,2347200,1048576,2.24,0,0,0,0
FillBenchmarks.LibraryImport_Span_SuppressGC,PInvokeBench,FillBenchmarks,LibraryImport_Span_SuppressGC,ShortRun,Default,Default,Default,Default,Default,Default,Default,Default,Default,Default,Default,Default,Default,Default,Default,Default,Default,Default,Default,Default,Default,Default,Default,Default,Default,Default,Default,Default,Default,Default,Default,3,Default,1,Default,Default,Default,Default,Default,Default,Default,3,"ShortRun(IterationCount=3, LaunchCount=1, WarmupCount=3)",Size=4096,1,Overhead,Warmup,6,2423600,1048576,2.31,0,0,0,0
FillBenchmarks.LibraryImport_Span_SuppressGC,PInvokeBench,FillBenchmarks,LibraryImport_Span_SuppressGC,ShortRun,Default,Default,Default,Default,Default,Default,Default,Default,Default,Default,Default,Default,Default,Default,Default,Default,Default,Default,Default,Default,Default,Default,Default,Default,Default,Default,Default,Default,Default,Default,Default,3,Default,1,Default,Default,Default,Default,Default,Default,Default,3,"ShortRun(IterationCount=3, LaunchCount=1, WarmupCount=3)",Size=4096,1,Overhead,Warmup,7,2337600,1048576,2.23,0,0,0,0
FillBenchmarks.LibraryImport_Span_SuppressGC,PInvokeBench,FillBenchmarks,LibraryImport_Span_SuppressGC,ShortRun,Default,Default,Default,Default,Default,Default,Default,Default,Default,Default,Default,Default,Default,Default,Default,Default,Default,Default,Default,Default,Default,Default,Default,Default,Default,Default,Default,Default,Default,Default,Default,3,Default,1,Default,Default,Default,Default,Default,Default,Default,3,"ShortRun(IterationCount=3, LaunchCount=1, WarmupCount=3)",Size=4096,1,Overhead,Actual,1,2345100,1048576,2.24,0,0,0,0
FillBenchmarks.LibraryImport_Span_SuppressGC,PInvokeBench,FillBenchmarks,LibraryImport_Span_SuppressGC,ShortRun,Default,Default,Default,Default,Default,Default,Default,Default,Default,Default,Default,Default,Default,Default,Default,Default,Default,Default,Default,Default,Default,Default,Default,Default,Default,Default,Default,Default,Default,Default,Default,3,Default,1,Default,Default,Default,Default,Default,Default,Default,3,"ShortRun(IterationCount=3, LaunchCount=1, WarmupCount=3)",Size=4096,1,Overhead,Actual,2,2423800,1048576,2.31,0,0,0,0
FillBenchmarks.LibraryImport_Span_SuppressGC,PInvokeBench,FillBenchmarks,LibraryImport_Span_SuppressGC,ShortRun,Default,Default,Default,Default,Default,Default,Default,Default,Default,Default,Default,Default,Default,Default,Default,Default,Default,Default,Default,Default,Default,Default,Default,Default,Default,Default,Default,Default,Default,Default,Default,3,Default,1,Default,Default,Default,Default,Default,Default,Default,3,"ShortRun(IterationCount=3, LaunchCount=1, WarmupCount=3)",Size=4096,1,Overhead,Actual,3,2352400,1048576,2.24,0,0,0,0
FillBenchmarks.LibraryImport_Span_SuppressGC,PInvokeBench,FillBenchmarks,LibraryImport_Span_SuppressGC,ShortRun,Default,Default,Default,Default,Default,Default,Default,Default,Default,Default,Default,Default,Default,Default,Default,Default,Default,Default,Default,Default,Default,Default,Default,Default,Default,Default,Default,Default,Default,Default,Default,3,Default,1,Default,Default,Default,Default,Default,Default,Default,3,"ShortRun(IterationCount=3, LaunchCount=1, WarmupCount=3)",Size=4096,1,Overhead,Actual,4,2481600,1048576,2.37,0,0,0,0
FillBenchmarks.LibraryImport_Span_SuppressGC,PInvokeBench,FillBenchmarks,LibraryImport_Span_SuppressGC,ShortRun,Default,Default,Default,Default,Default,Default,Default,Default,Default,Default,Default,Default,Default,Default,Default,Default,Default,Default,Default,Default,Default,Default,Default,Default,Default,Default,Default,Default,Default,Default,Default,3,Default,1,Default,Default,Default,Default,Default,Default,Default,3,"ShortRun(IterationCount=3, LaunchCount=1, WarmupCount=3)",Size=4096,1,Overhead,Actual,5,2337200,1048576,2.23,0,0,0,0
FillBenchmarks.LibraryImport_Span_SuppressGC,PInvokeBench,FillBenchmarks,LibraryImport_Span_SuppressGC,ShortRun,Default,Default,Default,Default,Default,Default,Default,Default,Default,Default,Default,Default,Default,Default,Default,Default,Default,Default,Default,Default,Default,Default,Default,Default,Default,Default,Default,Default,Default,Default,Default,3,Default,1,Default,Default,Default,Default,Default,Default,Default,3,"ShortRun(IterationCount=3, LaunchCount=1, WarmupCount=3)",Size=4096,1,Overhead,Actual,6,2337300,1048576,2.23,0,0,0,0
FillBenchmarks.LibraryImport_Span_SuppressGC,PInvokeBench,FillBenchmarks,LibraryImport_Span_SuppressGC,ShortRun,Default,Default,Default,Default,Default,Default,Default,Default,Default,Default,Default,Default,Default,Default,Default,Default,Default,Default,Default,Default,Default,Default,Default,Default,Default,Default,Default,Default,Default,Default,Default,3,Default,1,Default,Default,Default,Default,Default,Default,Default,3,"ShortRun(IterationCount=3, LaunchCount=1, WarmupCount=3)",Size=4096,1,Overhead,Actual,7,2652800,1048576,2.53,0,0,0,0
FillBenchmarks.LibraryImport_Span_SuppressGC,PInvokeBench,FillBenchmarks,LibraryImport_Span_SuppressGC,ShortRun,Default,Default,Default,Default,Default,Default,Default,Default,Default,Default,Default,Default,Default,Default,Default,Default,Default,Default,Default,Default,Default,Default,Default,Default,Default,Default,Default,Default,Default,Default,Default,3,Default,1,Default,Default,Default,Default,Default,Default,Default,3,"ShortRun(IterationCount=3, LaunchCount=1, WarmupCount=3)",Size=4096,1,Overhead,Actual,8,2414300,1048576,2.3,0,0,0,0
FillBenchmarks.LibraryImport_Span_SuppressGC,PInvokeBench,FillBenchmarks,LibraryImport_Span_SuppressGC,ShortRun,Default,Default,Default,Default,Default,Default,Default,Default,Default,Default,Default,Default,Default,Default,Default,Default,Default,Default,Default,Default,Default,Default,Default,Default,Default,Default,Default,Default,Default,Default,Default,3,Default,1,Default,Default,Default,Default,Default,Default,Default,3,"ShortRun(IterationCount=3, LaunchCount=1, WarmupCount=3)",Size=4096,1,Overhead,Actual,9,2337000,1048576,2.23,0,0,0,0
FillBenchmarks.LibraryImport_Span_SuppressGC,PInvokeBench,FillBenchmarks,LibraryImport_Span_SuppressGC,ShortRun,Default,Default,Default,Default,Default,Default,Default,Default,Default,Default,Default,Default,Default,Default,Default,Default,Default,Default,Default,Default,Default,Default,Default,Default,Default,Default,Default,Default,Default,Default,Default,3,Default,1,Default,Default,Default,Default,Default,Default,Default,3,"ShortRun(IterationCount=3, LaunchCount=1, WarmupCount=3)",Size=4096,1,Overhead,Actual,10,2508400,1048576,2.39,0,0,0,0
FillBenchmarks.LibraryImport_Span_SuppressGC,PInvokeBench,FillBenchmarks,LibraryImport_Span_SuppressGC,ShortRun,Default,Default,Default,Default,Default,Default,Default,Default,Default,Default,Default,Default,Default,Default,Default,Default,Default,Default,Default,Default,Default,Default,Default,Default,Default,Default,Default,Default,Default,Default,Default,3,Default,1,Default,Default,Default,Default,Default,Default,Default,3,"ShortRun(IterationCount=3, LaunchCount=1, WarmupCount=3)",Size=4096,1,Overhead,Actual,11,2394300,1048576,2.28,0,0,0,0
FillBenchmarks.LibraryImport_Span_SuppressGC,PInvokeBench,FillBenchmarks,LibraryImport_Span_SuppressGC,ShortRun,Default,Default,Default,Default,Default,Default,Default,Default,Default,Default,Default,Default,Default,Default,Default,Default,Default,Default,Default,Default,Default,Default,Default,Default,Default,Default,Default,Default,Default,Default,Default,3,Default,1,Default,Default,Default,Default,Default,Default,Default,3,"ShortRun(IterationCount=3, LaunchCount=1, WarmupCount=3)",Size=4096,1,Overhead,Actual,12,2396800,1048576,2.29,0,0,0,0
FillBenchmarks.LibraryImport_Span_SuppressGC,PInvokeBench,FillBenchmarks,LibraryImport_Span_SuppressGC,ShortRun,Default,Default,Default,Default,Default,Default,Default,Default,Default,Default,Default,Default,Default,Default,Default,Default,Default,Default,Default,Default,Default,Default,Default,Default,Default,Default,Default,Default,Default,Default,Default,3,Default,1,Default,Default,Default,Default,Default,Default,Default,3,"ShortRun(IterationCount=3, LaunchCount=1, WarmupCount=3)",Size=4096,1,Overhead,Actual,13,2429800,1048576,2.32,0,0,0,0
FillBenchmarks.LibraryImport_Span_SuppressGC,PInvokeBench,FillBenchmarks,LibraryImport_Span_SuppressGC,ShortRun,Default,Default,Default,Default,Default,Default,Default,Default,Default,Default,Default,Default,Default,Default,Default,Default,Default,Default,Default,Default,Default,Default,Default,Default,Default,Default,Default,Default,Default,Default,Default,3,Default,1,Default,Default,Default,Default,Default,Default,Default,3,"ShortRun(IterationCount=3, LaunchCount=1, WarmupCount=3)",Size=4096,1,Overhead,Actual,14,2394300,1048576,2.28,0,0,0,0
FillBenchmarks.LibraryImport_Span_SuppressGC,PInvokeBench,FillBenchmarks,LibraryImport_Span_SuppressGC,ShortRun,Default,Default,Default,Default,Default,Default,Default,Default,Default,Default,Default,Default,Default,Default,Default,Default,Default,Default,Default,Default,Default,Default,Default,Default,Default,Default,Default,Default,Default,Default,Default,3,Default,1,Default,Default,Default,Default,Default,Default,Default,3,"ShortRun(IterationCount=3, LaunchCount=1, WarmupCount=3)",Size=4096,1,Overhead,Actual,15,2392900,1048576,2.28,0,0,0,0
FillBenchmarks.LibraryImport_Span_SuppressGC,PInvokeBench,FillBenchmarks,LibraryImport_Span_SuppressGC,ShortRun,Default,Default,Default,Default,Default,Default,Default,Default,Default,Default,Default,Default,Default,Default,Default,Default,Default,Default,Default,Default,Default,Default,Default,Default,Default,Default,Default,Default,Default,Default,Default,3,Default,1,Default,Default,Default,Default,Default,Default,Default,3,"ShortRun(IterationCount=3, LaunchCount=1, WarmupCount=3)",Size=4096,1,Workload,Warmup,1,529708000,1048576,505.17,0,0,0,0
FillBenchmarks.LibraryImport_Span_SuppressGC,PInvokeBench,FillBenchmarks,LibraryImport_Span_SuppressGC,ShortRun,Default,Default,Default,Default,Default,Default,Default,Default,Default,Default,Default,Default,Default,Default,Default,Default,Default,Default,Default,Default,Default,Default,Default,Default,Default,Default,Default,Default,Default,Default,Default,3,Default,1,Default,Default,Default,Default,Default,Default,Default,3,"ShortRun(IterationCount=3, LaunchCount=1, WarmupCount=3)",Size=4096,1,Workload,Warmup,2,515393900,1048576,491.52,0,0,0,0
FillBenchmarks.LibraryImport_Span_SuppressGC,PInvokeBench,FillBenchmarks,LibraryImport_Span_SuppressGC,ShortRun,Default,Default,Default,Default,Default,Default,Default,Default,Default,Default,Default,Default,Default,Default,Default,Default,Default,Default,Default,Default,Default,Default,Default,Default,Default,Default,Default,Default,Default,Default,Default,3,Default,1,Default,Default,Default,Default,Default,Default,Default,3,"ShortRun(IterationCount=3, LaunchCount=1, WarmupCount=3)",Size=4096,1,Workload,Warmup,3,515030600,1048576,491.17,0,0,0,0
FillBenchmarks.LibraryImport_Span_SuppressGC,PInvokeBench,FillBenchmarks,LibraryImport_Span_SuppressGC,ShortRun,Default,Default,Default,Default,Default,Default,Default,Default,Default,Default,Default,Default,Default,Default,Default,Default,Default,Default,Default,Default,Default,Default,Default,Default,Default,Default,Default,Default,Default,Default,Default,3,Default,1,Default,Default,Default,Default,Default,Default,Default,3,"ShortRun(IterationCount=3, LaunchCount=1, WarmupCount=3)",Size=4096,1,Workload,Actual,1,526383400,1048576,502,0,0,0,0
FillBenchmarks.LibraryImport_Span_SuppressGC,PInvokeBench,FillBenchmarks,LibraryImport_Span_SuppressGC,ShortRun,Default,Default,Default,Default,Default,Default,Default,Default,Default,Default,Default,Default,Default,Default,Default,Default,Default,Default,Default,Default,Default,Default,Default,Default,Default,Default,Default,Default,Default,Default,Default,3,Default,1,Default,Default,Default,Default,Default,Default,Default,3,"ShortRun(IterationCount=3, LaunchCount=1, WarmupCount=3)",Size=4096,1,Workload,Actual,2,515052300,1048576,491.19,0,0,0,0
FillBenchmarks.LibraryImport_Span_SuppressGC,PInvokeBench,FillBenchmarks,LibraryImport_Span_SuppressGC,ShortRun,Default,Default,Default,Default,Default,Default,Default,Default,Default,Default,Default,Default,Default,Default,Default,Default,Default,Default,Default,Default,Default,Default,Default,Default,Default,Default,Default,Default,Default,Default,Default,3,Default,1,Default,Default,Default,Default,Default,Default,Default,3,"ShortRun(IterationCount=3, LaunchCount=1, WarmupCount=3)",Size=4096,1,Workload,Actual,3,514198600,1048576,490.38,0,0,0,0
FillBenchmarks.LibraryImport_Span_SuppressGC,PInvokeBench,FillBenchmarks,LibraryImport_Span_SuppressGC,ShortRun,Default,Default,Default,Default,Default,Default,Default,Default,Default,Default,Default,Default,Default,Default,Default,Default,Default,Default,Default,Default,Default,Default,Default,Default,Default,Default,Default,Default,Default,Default,Default,3,Default,1,Default,Default,Default,Default,Default,Default,Default,3,"ShortRun(IterationCount=3, LaunchCount=1, WarmupCount=3)",Size=4096,1,Workload,Result,1,523989100,1048576,499.71,0,0,0,0
FillBenchmarks.LibraryImport_Span_SuppressGC,PInvokeBench,FillBenchmarks,LibraryImport_Span_SuppressGC,ShortRun,Default,Default,Default,Default,Default,Default,Default,Default,Default,Default,Default,Default,Default,Default,Default,Default,Default,Default,Default,Default,Default,Default,Default,Default,Default,Default,Default,Default,Default,Default,Default,3,Default,1,Default,Default,Default,Default,Default,Default,Default,3,"ShortRun(IterationCount=3, LaunchCount=1, WarmupCount=3)",Size=4096,1,Workload,Result,2,512658000,1048576,488.91,0,0,0,0
FillBenchmarks.LibraryImport_Span_SuppressGC,PInvokeBench,FillBenchmarks,LibraryImport_Span_SuppressGC,ShortRun,Default,Default,Default,Default,Default,Default,Default,Default,Default,Default,Default,Default,Default,Default,Default,Default,Default,Default,Default,Default,Default,Default,Default,Default,Default,Default,Default,Default,Default,Default,Default,3,Default,1,Default,Default,Default,Default,Default,Default,Default,3,"ShortRun(IterationCount=3, LaunchCount=1, WarmupCount=3)",Size=4096,1,Workload,Result,3,511804300,1048576,488.09,0,0,0,0
FillBenchmarks.LibraryImport_RefByte_SuppressGC,PInvokeBench,FillBenchmarks,LibraryImport_RefByte_SuppressGC,ShortRun,Default,Default,Default,Default,Default,Default,Default,Default,Default,Default,Default,Default,Default,Default,Default,Default,Default,Default,Default,Default,Default,Default,Default,Default,Default,Default,Default,Default,Default,Default,Default,3,Default,1,Default,Default,Default,Default,Default,Default,Default,3,"ShortRun(IterationCount=3, LaunchCount=1, WarmupCount=3)",Size=4096,1,Overhead,Jitting,1,965900,1,965900,0,0,0,0
FillBenchmarks.LibraryImport_RefByte_SuppressGC,PInvokeBench,FillBenchmarks,LibraryImport_RefByte_SuppressGC,ShortRun,Default,Default,Default,Default,Default,Default,Default,Default,Default,Default,Default,Default,Default,Default,Default,Default,Default,Default,Default,Default,Default,Default,Default,Default,Default,Default,Default,Default,Default,Default,Default,3,Default,1,Default,Default,Default,Default,Default,Default,Default,3,"ShortRun(IterationCount=3, LaunchCount=1, WarmupCount=3)",Size=4096,1,Workload,Jitting,1,613700,1,613700,0,0,0,0
FillBenchmarks.LibraryImport_RefByte_SuppressGC,PInvokeBench,FillBenchmarks,LibraryImport_RefByte_SuppressGC,ShortRun,Default,Default,Default,Default,Default,Default,Default,Default,Default,Default,Default,Default,Default,Default,Default,Default,Default,Default,Default,Default,Default,Default,Default,Default,Default,Default,Default,Default,Default,Default,Default,3,Default,1,Default,Default,Default,Default,Default,Default,Default,3,"ShortRun(IterationCount=3, LaunchCount=1, WarmupCount=3)",Size=4096,1,Overhead,Jitting,2,297500,16,18593.75,0,0,0,0
FillBenchmarks.LibraryImport_RefByte_SuppressGC,PInvokeBench,FillBenchmarks,LibraryImport_RefByte_SuppressGC,ShortRun,Default,Default,Default,Default,Default,Default,Default,Default,Default,Default,Default,Default,Default,Default,Default,Default,Default,Default,Default,Default,Default,Default,Default,Default,Default,Default,Default,Default,Default,Default,Default,3,Default,1,Default,Default,Default,Default,Default,Default,Default,3,"ShortRun(IterationCount=3, LaunchCount=1, WarmupCount=3)",Size=4096,1,Workload,Jitting,2,276300,16,17268.75,0,0,0,0
FillBenchmarks.LibraryImport_RefByte_SuppressGC,PInvokeBench,FillBenchmarks,LibraryImport_RefByte_SuppressGC,ShortRun,Default,Default,Default,Default,Default,Default,Default,Default,Default,Default,Default,Default,Default,Default,Default,Default,Default,Default,Default,Default,Default,Default,Default,Default,Default,Default,Default,Default,Default,Default,Default,3,Default,1,Default,Default,Default,Default,Default,Default,Default,3,"ShortRun(IterationCount=3, LaunchCount=1, WarmupCount=3)",Size=4096,1,Workload,Pilot,1,9300,16,581.25,0,0,0,0
FillBenchmarks.LibraryImport_RefByte_SuppressGC,PInvokeBench,FillBenchmarks,LibraryImport_RefByte_SuppressGC,ShortRun,Default,Default,Default,Default,Default,Default,Default,Default,Default,Default,Default,Default,Default,Default,Default,Default,Default,Default,Default,Default,Default,Default,Default,Default,Default,Default,Default,Default,Default,Default,Default,3,Default,1,Default,Default,Default,Default,Default,Default,Default,3,"ShortRun(IterationCount=3, LaunchCount=1, WarmupCount=3)",Size=4096,1,Workload,Pilot,2,18700,32,584.38,0,0,0,0
FillBenchmarks.LibraryImport_RefByte_SuppressGC,PInvokeBench,FillBenchmarks,LibraryImport_RefByte_SuppressGC,ShortRun,Default,Default,Default,Default,Default,Default,Default,Default,Default,Default,Default,Default,Default,Default,Default,Default,Default,Default,Default,Default,Default,Default,Default,Default,Default,Default,Default,Default,Default,Default,Default,3,Default,1,Default,Default,Default,Default,Default,Default,Default,3,"ShortRun(IterationCount=3, LaunchCount=1, WarmupCount=3)",Size=4096,1,Workload,Pilot,3,36500,64,570.31,0,0,0,0
FillBenchmarks.LibraryImport_RefByte_SuppressGC,PInvokeBench,FillBenchmarks,LibraryImport_RefByte_SuppressGC,ShortRun,Default,Default,Default,Default,Default,Default,Default,Default,Default,Default,Default,Default,Default,Default,Default,Default,Default,Default,Default,Default,Default,Default,Default,Default,Default,Default,Default,Default,Default,Default,Default,3,Default,1,Default,Default,Default,Default,Default,Default,Default,3,"ShortRun(IterationCount=3, LaunchCount=1, WarmupCount=3)",Size=4096,1,Workload,Pilot,4,69300,128,541.41,0,0,0,0
FillBenchmarks.LibraryImport_RefByte_SuppressGC,PInvokeBench,FillBenchmarks,LibraryImport_RefByte_SuppressGC,ShortRun,Default,Default,Default,Default,Default,Default,Default,Default,Default,Default,Default,Default,Default,Default,Default,Default,Default,Default,Default,Default,Default,Default,Default,Default,Default,Default,Default,Default,Default,Default,Default,3,Default,1,Default,Default,Default,Default,Default,Default,Default,3,"ShortRun(IterationCount=3, LaunchCount=1, WarmupCount=3)",Size=4096,1,Workload,Pilot,5,219400,256,857.03,0,0,0,0
FillBenchmarks.LibraryImport_RefByte_SuppressGC,PInvokeBench,FillBenchmarks,LibraryImport_RefByte_SuppressGC,ShortRun,Default,Default,Default,Default,Default,Default,Default,Default,Default,Default,Default,Default,Default,Default,Default,Default,Default,Default,Default,Default,Default,Default,Default,Default,Default,Default,Default,Default,Default,Default,Default,3,Default,1,Default,Default,Default,Default,Default,Default,Default,3,"ShortRun(IterationCount=3, LaunchCount=1, WarmupCount=3)",Size=4096,1,Workload,Pilot,6,273300,512,533.79,0,0,0,0
FillBenchmarks.LibraryImport_RefByte_SuppressGC,PInvokeBench,FillBenchmarks,LibraryImport_RefByte_SuppressGC,ShortRun,Default,Default,Default,Default,Default,Default,Default,Default,Default,Default,Default,Default,Default,Default,Default,Default,Default,Default,Default,Default,Default,Default,Default,Default,Default,Default,Default,Default,Default,Default,Default,3,Default,1,Default,Default,Default,Default,Default,Default,Default,3,"ShortRun(IterationCount=3, LaunchCount=1, WarmupCount=3)",Size=4096,1,Workload,Pilot,7,545900,1024,533.11,0,0,0,0
FillBenchmarks.LibraryImport_RefByte_SuppressGC,PInvokeBench,FillBenchmarks,LibraryImport_RefByte_SuppressGC,ShortRun,Default,Default,Default,Default,Default,Default,Default,Default,Default,Default,Default,Default,Default,Default,Default,Default,Default,Default,Default,Default,Default,Default,Default,Default,Default,Default,Default,Default,Default,Default,Default,3,Default,1,Default,Default,Default,Default,Default,Default,Default,3,"ShortRun(IterationCount=3, LaunchCount=1, WarmupCount=3)",Size=4096,1,Workload,Pilot,8,1098900,2048,536.57,0,0,0,0
FillBenchmarks.LibraryImport_RefByte_SuppressGC,PInvokeBench,FillBenchmarks,LibraryImport_RefByte_SuppressGC,ShortRun,Default,Default,Default,Default,Default,Default,Default,Default,Default,Default,Default,Default,Default,Default,Default,Default,Default,Default,Default,Default,Default,Default,Default,Default,Default,Default,Default,Default,Default,Default,Default,3,Default,1,Default,Default,Default,Default,Default,Default,Default,3,"ShortRun(IterationCount=3, LaunchCount=1, WarmupCount=3)",Size=4096,1,Workload,Pilot,9,2221900,4096,542.46,0,0,0,0
FillBenchmarks.LibraryImport_RefByte_SuppressGC,PInvokeBench,FillBenchmarks,LibraryImport_RefByte_SuppressGC,ShortRun,Default,Default,Default,Default,Default,Default,Default,Default,Default,Default,Default,Default,Default,Default,Default,Default,Default,Default,Default,Default,Default,Default,Default,Default,Default,Default,Default,Default,Default,Default,Default,3,Default,1,Default,Default,Default,Default,Default,Default,Default,3,"ShortRun(IterationCount=3, LaunchCount=1, WarmupCount=3)",Size=4096,1,Workload,Pilot,10,4373400,8192,533.86,0,0,0,0
FillBenchmarks.LibraryImport_RefByte_SuppressGC,PInvokeBench,FillBenchmarks,LibraryImport_RefByte_SuppressGC,ShortRun,Default,Default,Default,Default,Default,Default,Default,Default,Default,Default,Default,Default,Default,Default,Default,Default,Default,Default,Default,Default,Default,Default,Default,Default,Default,Default,Default,Default,Default,Default,Default,3,Default,1,Default,Default,Default,Default,Default,Default,Default,3,"ShortRun(IterationCount=3, LaunchCount=1, WarmupCount=3)",Size=4096,1,Workload,Pilot,11,9905700,16384,604.6,0,0,0,0
FillBenchmarks.LibraryImport_RefByte_SuppressGC,PInvokeBench,FillBenchmarks,LibraryImport_RefByte_SuppressGC,ShortRun,Default,Default,Default,Default,Default,Default,Default,Default,Default,Default,Default,Default,Default,Default,Default,Default,Default,Default,Default,Default,Default,Default,Default,Default,Default,Default,Default,Default,Default,Default,Default,3,Default,1,Default,Default,Default,Default,Default,Default,Default,3,"ShortRun(IterationCount=3, LaunchCount=1, WarmupCount=3)",Size=4096,1,Workload,Pilot,12,18984400,32768,579.36,0,0,0,0
FillBenchmarks.LibraryImport_RefByte_SuppressGC,PInvokeBench,FillBenchmarks,LibraryImport_RefByte_SuppressGC,ShortRun,Default,Default,Default,Default,Default,Default,Default,Default,Default,Default,Default,Default,Default,Default,Default,Default,Default,Default,Default,Default,Default,Default,Default,Default,Default,Default,Default,Default,Default,Default,Default,3,Default,1,Default,Default,Default,Default,Default,Default,Default,3,"ShortRun(IterationCount=3, LaunchCount=1, WarmupCount=3)",Size=4096,1,Workload,Pilot,13,40252500,65536,614.2,0,0,0,0
FillBenchmarks.LibraryImport_RefByte_SuppressGC,PInvokeBench,FillBenchmarks,LibraryImport_RefByte_SuppressGC,ShortRun,Default,Default,Default,Default,Default,Default,Default,Default,Default,Default,Default,Default,Default,Default,Default,Default,Default,Default,Default,Default,Default,Default,Default,Default,Default,Default,Default,Default,Default,Default,Default,3,Default,1,Default,Default,Default,Default,Default,Default,Default,3,"ShortRun(IterationCount=3, LaunchCount=1, WarmupCount=3)",Size=4096,1,Workload,Pilot,14,74613300,131072,569.25,0,0,0,0
FillBenchmarks.LibraryImport_RefByte_SuppressGC,PInvokeBench,FillBenchmarks,LibraryImport_RefByte_SuppressGC,ShortRun,Default,Default,Default,Default,Default,Default,Default,Default,Default,Default,Default,Default,Default,Default,Default,Default,Default,Default,Default,Default,Default,Default,Default,Default,Default,Default,Default,Default,Default,Default,Default,3,Default,1,Default,Default,Default,Default,Default,Default,Default,3,"ShortRun(IterationCount=3, LaunchCount=1, WarmupCount=3)",Size=4096,1,Workload,Pilot,15,143854500,262144,548.76,0,0,0,0
FillBenchmarks.LibraryImport_RefByte_SuppressGC,PInvokeBench,FillBenchmarks,LibraryImport_RefByte_SuppressGC,ShortRun,Default,Default,Default,Default,Default,Default,Default,Default,Default,Default,Default,Default,Default,Default,Default,Default,Default,Default,Default,Default,Default,Default,Default,Default,Default,Default,Default,Default,Default,Default,Default,3,Default,1,Default,Default,Default,Default,Default,Default,Default,3,"ShortRun(IterationCount=3, LaunchCount=1, WarmupCount=3)",Size=4096,1,Workload,Pilot,16,279073100,524288,532.29,0,0,0,0
FillBenchmarks.LibraryImport_RefByte_SuppressGC,PInvokeBench,FillBenchmarks,LibraryImport_RefByte_SuppressGC,ShortRun,Default,Default,Default,Default,Default,Default,Default,Default,Default,Default,Default,Default,Default,Default,Default,Default,Default,Default,Default,Default,Default,Default,Default,Default,Default,Default,Default,Default,Default,Default,Default,3,Default,1,Default,Default,Default,Default,Default,Default,Default,3,"ShortRun(IterationCount=3, LaunchCount=1, WarmupCount=3)",Size=4096,1,Workload,Pilot,17,543684000,1048576,518.5,0,0,0,0
FillBenchmarks.LibraryImport_RefByte_SuppressGC,PInvokeBench,FillBenchmarks,LibraryImport_RefByte_SuppressGC,ShortRun,Default,Default,Default,Default,Default,Default,Default,Default,Default,Default,Default,Default,Default,Default,Default,Default,Default,Default,Default,Default,Default,Default,Default,Default,Default,Default,Default,Default,Default,Default,Default,3,Default,1,Default,Default,Default,Default,Default,Default,Default,3,"ShortRun(IterationCount=3, LaunchCount=1, WarmupCount=3)",Size=4096,1,Overhead,Warmup,1,3015800,1048576,2.88,0,0,0,0
FillBenchmarks.LibraryImport_RefByte_SuppressGC,PInvokeBench,FillBenchmarks,LibraryImport_RefByte_SuppressGC,ShortRun,Default,Default,Default,Default,Default,Default,Default,Default,Default,Default,Default,Default,Default,Default,Default,Default,Default,Default,Default,Default,Default,Default,Default,Default,Default,Default,Default,Default,Default,Default,Default,3,Default,1,Default,Default,Default,Default,Default,Default,Default,3,"ShortRun(IterationCount=3, LaunchCount=1, WarmupCount=3)",Size=4096,1,Overhead,Warmup,2,2490500,1048576,2.38,0,0,0,0
FillBenchmarks.LibraryImport_RefByte_SuppressGC,PInvokeBench,FillBenchmarks,LibraryImport_RefByte_SuppressGC,ShortRun,Default,Default,Default,Default,Default,Default,Default,Default,Default,Default,Default,Default,Default,Default,Default,Default,Default,Default,Default,Default,Default,Default,Default,Default,Default,Default,Default,Default,Default,Default,Default,3,Default,1,Default,Default,Default,Default,Default,Default,Default,3,"ShortRun(IterationCount=3, LaunchCount=1, WarmupCount=3)",Size=4096,1,Overhead,Warmup,3,2344000,1048576,2.24,0,0,0,0
FillBenchmarks.LibraryImport_RefByte_SuppressGC,PInvokeBench,FillBenchmarks,LibraryImport_RefByte_SuppressGC,ShortRun,Default,Default,Default,Default,Default,Default,Default,Default,Default,Default,Default,Default,Default,Default,Default,Default,Default,Default,Default,Default,Default,Default,Default,Default,Default,Default,Default,Default,Default,Default,Default,3,Default,1,Default,Default,Default,Default,Default,Default,Default,3,"ShortRun(IterationCount=3, LaunchCount=1, WarmupCount=3)",Size=4096,1,Overhead,Warmup,4,2377700,1048576,2.27,0,0,0,0
FillBenchmarks.LibraryImport_RefByte_SuppressGC,PInvokeBench,FillBenchmarks,LibraryImport_RefByte_SuppressGC,ShortRun,Default,Default,Default,Default,Default,Default,Default,Default,Default,Default,Default,Default,Default,Default,Default,Default,Default,Default,Default,Default,Default,Default,Default,Default,Default,Default,Default,Default,Default,Default,Default,3,Default,1,Default,Default,Default,Default,Default,Default,Default,3,"ShortRun(IterationCount=3, LaunchCount=1, WarmupCount=3)",Size=4096,1,Overhead,Warmup,5,2424100,1048576,2.31,0,0,0,0
FillBenchmarks.LibraryImport_RefByte_SuppressGC,PInvokeBench,FillBenchmarks,LibraryImport_RefByte_SuppressGC,ShortRun,Default,Default,Default,Default,Default,Default,Default,Default,Default,Default,Default,Default,Default,Default,Default,Default,Default,Default,Default,Default,Default,Default,Default,Default,Default,Default,Default,Default,Default,Default,Default,3,Default,1,Default,Default,Default,Default,Default,Default,Default,3,"ShortRun(IterationCount=3, LaunchCount=1, WarmupCount=3)",Size=4096,1,Overhead,Warmup,6,2385900,1048576,2.28,0,0,0,0
FillBenchmarks.LibraryImport_RefByte_SuppressGC,PInvokeBench,FillBenchmarks,LibraryImport_RefByte_SuppressGC,ShortRun,Default,Default,Default,Default,Default,Default,Default,Default,Default,Default,Default,Default,Default,Default,Default,Default,Default,Default,Default,Default,Default,Default,Default,Default,Default,Default,Default,Default,Default,Default,Default,3,Default,1,Default,Default,Default,Default,Default,Default,Default,3,"ShortRun(IterationCount=3, LaunchCount=1, WarmupCount=3)",Size=4096,1,Overhead,Warmup,7,2427200,1048576,2.31,0,0,0,0
FillBenchmarks.LibraryImport_RefByte_SuppressGC,PInvokeBench,FillBenchmarks,LibraryImport_RefByte_SuppressGC,ShortRun,Default,Default,Default,Default,Default,Default,Default,Default,Default,Default,Default,Default,Default,Default,Default,Default,Default,Default,Default,Default,Default,Default,Default,Default,Default,Default,Default,Default,Default,Default,Default,3,Default,1,Default,Default,Default,Default,Default,Default,Default,3,"ShortRun(IterationCount=3, LaunchCount=1, WarmupCount=3)",Size=4096,1,Overhead,Warmup,8,2439600,1048576,2.33,0,0,0,0
FillBenchmarks.LibraryImport_RefByte_SuppressGC,PInvokeBench,FillBenchmarks,LibraryImport_RefByte_SuppressGC,ShortRun,Default,Default,Default,Default,Default,Default,Default,Default,Default,Default,Default,Default,Default,Default,Default,Default,Default,Default,Default,Default,Default,Default,Default,Default,Default,Default,Default,Default,Default,Default,Default,3,Default,1,Default,Default,Default,Default,Default,Default,Default,3,"ShortRun(IterationCount=3, LaunchCount=1, WarmupCount=3)",Size=4096,1,Overhead,Warmup,9,2385700,1048576,2.28,0,0,0,0
FillBenchmarks.LibraryImport_RefByte_SuppressGC,PInvokeBench,FillBenchmarks,LibraryImport_RefByte_SuppressGC,ShortRun,Default,Default,Default,Default,Default,Default,Default,Default,Default,Default,Default,Default,Default,Default,Default,Default,Default,Default,Default,Default,Default,Default,Default,Default,Default,Default,Default,Default,Default,Default,Default,3,Default,1,Default,Default,Default,Default,Default,Default,Default,3,"ShortRun(IterationCount=3, LaunchCount=1, WarmupCount=3)",Size=4096,1,Overhead,Actual,1,2387500,1048576,2.28,0,0,0,0
FillBenchmarks.LibraryImport_RefByte_SuppressGC,PInvokeBench,FillBenchmarks,LibraryImport_RefByte_SuppressGC,ShortRun,Default,Default,Default,Default,Default,Default,Default,Default,Default,Default,Default,Default,Default,Default,Default,Default,Default,Default,Default,Default,Default,Default,Default,Default,Default,Default,Default,Default,Default,Default,Default,3,Default,1,Default,Default,Default,Default,Default,Default,Default,3,"ShortRun(IterationCount=3, LaunchCount=1, WarmupCount=3)",Size=4096,1,Overhead,Actual,2,2397600,1048576,2.29,0,0,0,0
FillBenchmarks.LibraryImport_RefByte_SuppressGC,PInvokeBench,FillBenchmarks,LibraryImport_RefByte_SuppressGC,ShortRun,Default,Default,Default,Default,Default,Default,Default,Default,Default,Default,Default,Default,Default,Default,Default,Default,Default,Default,Default,Default,Default,Default,Default,Default,Default,Default,Default,Default,Default,Default,Default,3,Default,1,Default,Default,Default,Default,Default,Default,Default,3,"ShortRun(IterationCount=3, LaunchCount=1, WarmupCount=3)",Size=4096,1,Overhead,Actual,3,2390000,1048576,2.28,0,0,0,0
FillBenchmarks.LibraryImport_RefByte_SuppressGC,PInvokeBench,FillBenchmarks,LibraryImport_RefByte_SuppressGC,ShortRun,Default,Default,Default,Default,Default,Default,Default,Default,Default,Default,Default,Default,Default,Default,Default,Default,Default,Default,Default,Default,Default,Default,Default,Default,Default,Default,Default,Default,Default,Default,Default,3,Default,1,Default,Default,Default,Default,Default,Default,Default,3,"ShortRun(IterationCount=3, LaunchCount=1, WarmupCount=3)",Size=4096,1,Overhead,Actual,4,2442700,1048576,2.33,0,0,0,0
FillBenchmarks.LibraryImport_RefByte_SuppressGC,PInvokeBench,FillBenchmarks,LibraryImport_RefByte_SuppressGC,ShortRun,Default,Default,Default,Default,Default,Default,Default,Default,Default,Default,Default,Default,Default,Default,Default,Default,Default,Default,Default,Default,Default,Default,Default,Default,Default,Default,Default,Default,Default,Default,Default,3,Default,1,Default,Default,Default,Default,Default,Default,Default,3,"ShortRun(IterationCount=3, LaunchCount=1, WarmupCount=3)",Size=4096,1,Overhead,Actual,5,2398800,1048576,2.29,0,0,0,0
FillBenchmarks.LibraryImport_RefByte_SuppressGC,PInvokeBench,FillBenchmarks,LibraryImport_RefByte_SuppressGC,ShortRun,Default,Default,Default,Default,Default,Default,Default,Default,Default,Default,Default,Default,Default,Default,Default,Default,Default,Default,Default,Default,Default,Default,Default,Default,Default,Default,Default,Default,Default,Default,Default,3,Default,1,Default,Default,Default,Default,Default,Default,Default,3,"ShortRun(IterationCount=3, LaunchCount=1, WarmupCount=3)",Size=4096,1,Overhead,Actual,6,2384400,1048576,2.27,0,0,0,0
FillBenchmarks.LibraryImport_RefByte_SuppressGC,PInvokeBench,FillBenchmarks,LibraryImport_RefByte_SuppressGC,ShortRun,Default,Default,Default,Default,Default,Default,Default,Default,Default,Default,Default,Default,Default,Default,Default,Default,Default,Default,Default,Default,Default,Default,Default,Default,Default,Default,Default,Default,Default,Default,Default,3,Default,1,Default,Default,Default,Default,Default,Default,Default,3,"ShortRun(IterationCount=3, LaunchCount=1, WarmupCount=3)",Size=4096,1,Overhead,Actual,7,2398200,1048576,2.29,0,0,0,0
FillBenchmarks.LibraryImport_RefByte_SuppressGC,PInvokeBench,FillBenchmarks,LibraryImport_RefByte_SuppressGC,ShortRun,Default,Default,Default,Default,Default,Default,Default,Default,Default,Default,Default,Default,Default,Default,Default,Default,Default,Default,Default,Default,Default,Default,Default,Default,Default,Default,Default,Default,Default,Default,Default,3,Default,1,Default,Default,Default,Default,Default,Default,Default,3,"ShortRun(IterationCount=3, LaunchCount=1, WarmupCount=3)",Size=4096,1,Overhead,Actual,8,2382000,1048576,2.27,0,0,0,0
FillBenchmarks.LibraryImport_RefByte_SuppressGC,PInvokeBench,FillBenchmarks,LibraryImport_RefByte_SuppressGC,ShortRun,Default,Default,Default,Default,Default,Default,Default,Default,Default,Default,Default,Default,Default,Default,Default,Default,Default,Default,Default,Default,Default,Default,Default,Default,Default,Default,Default,Default,Default,Default,Default,3,Default,1,Default,Default,Default,Default,Default,Default,Default,3,"ShortRun(IterationCount=3, LaunchCount=1, WarmupCount=3)",Size=4096,1,Overhead,Actual,9,2409400,1048576,2.3,0,0,0,0
FillBenchmarks.LibraryImport_RefByte_SuppressGC,PInvokeBench,FillBenchmarks,LibraryImport_RefByte_SuppressGC,ShortRun,Default,Default,Default,Default,Default,Default,Default,Default,Default,Default,Default,Default,Default,Default,Default,Default,Default,Default,Default,Default,Default,Default,Default,Default,Default,Default,Default,Default,Default,Default,Default,3,Default,1,Default,Default,Default,Default,Default,Default,Default,3,"ShortRun(IterationCount=3, LaunchCount=1, WarmupCount=3)",Size=4096,1,Overhead,Actual,10,2422200,1048576,2.31,0,0,0,0
FillBenchmarks.LibraryImport_RefByte_SuppressGC,PInvokeBench,FillBenchmarks,LibraryImport_RefByte_SuppressGC,ShortRun,Default,Default,Default,Default,Default,Default,Default,Default,Default,Default,Default,Default,Default,Default,Default,Default,Default,Default,Default,Default,Default,Default,Default,Default,Default,Default,Default,Default,Default,Default,Default,3,Default,1,Default,Default,Default,Default,Default,Default,Default,3,"ShortRun(IterationCount=3, LaunchCount=1, WarmupCount=3)",Size=4096,1,Overhead,Actual,11,2385400,1048576,2.27,0,0,0,0
FillBenchmarks.LibraryImport_RefByte_SuppressGC,PInvokeBench,FillBenchmarks,LibraryImport_RefByte_SuppressGC,ShortRun,Default,Default,Default,Default,Default,Default,Default,Default,Default,Default,Default,Default,Default,Default,Default,Default,Default,Default,Default,Default,Default,Default,Default,Default,Default,Default,Default,Default,Default,Default,Default,3,Default,1,Default,Default,Default,Default,Default,Default,Default,3,"ShortRun(IterationCount=3, LaunchCount=1, WarmupCount=3)",Size=4096,1,Overhead,Actual,12,2382600,1048576,2.27,0,0,0,0
FillBenchmarks.LibraryImport_RefByte_SuppressGC,PInvokeBench,FillBenchmarks,LibraryImport_RefByte_SuppressGC,ShortRun,Default,Default,Default,Default,Default,Default,Default,Default,Default,Default,Default,Default,Default,Default,Default,Default,Default,Default,Default,Default,Default,Default,Default,Default,Default,Default,Default,Default,Default,Default,Default,3,Default,1,Default,Default,Default,Default,Default,Default,Default,3,"ShortRun(IterationCount=3, LaunchCount=1, WarmupCount=3)",Size=4096,1,Overhead,Actual,13,2398900,1048576,2.29,0,0,0,0
FillBenchmarks.LibraryImport_RefByte_SuppressGC,PInvokeBench,FillBenchmarks,LibraryImport_RefByte_SuppressGC,ShortRun,Default,Default,Default,Default,Default,Default,Default,Default,Default,Default,Default,Default,Default,Default,Default,Default,Default,Default,Default,Default,Default,Default,Default,Default,Default,Default,Default,Default,Default,Default,Default,3,Default,1,Default,Default,Default,Default,Default,Default,Default,3,"ShortRun(IterationCount=3, LaunchCount=1, WarmupCount=3)",Size=4096,1,Overhead,Actual,14,2399500,1048576,2.29,0,0,0,0
FillBenchmarks.LibraryImport_RefByte_SuppressGC,PInvokeBench,FillBenchmarks,LibraryImport_RefByte_SuppressGC,ShortRun,Default,Default,Default,Default,Default,Default,Default,Default,Default,Default,Default,Default,Default,Default,Default,Default,Default,Default,Default,Default,Default,Default,Default,Default,Default,Default,Default,Default,Default,Default,Default,3,Default,1,Default,Default,Default,Default,Default,Default,Default,3,"ShortRun(IterationCount=3, LaunchCount=1, WarmupCount=3)",Size=4096,1,Overhead,Actual,15,2642200,1048576,2.52,0,0,0,0
FillBenchmarks.LibraryImport_RefByte_SuppressGC,PInvokeBench,FillBenchmarks,LibraryImport_RefByte_SuppressGC,ShortRun,Default,Default,Default,Default,Default,Default,Default,Default,Default,Default,Default,Default,Default,Default,Default,Default,Default,Default,Default,Default,Default,Default,Default,Default,Default,Default,Default,Default,Default,Default,Default,3,Default,1,Default,Default,Default,Default,Default,Default,Default,3,"ShortRun(IterationCount=3, LaunchCount=1, WarmupCount=3)",Size=4096,1,Workload,Warmup,1,526734300,1048576,502.33,0,0,0,0
FillBenchmarks.LibraryImport_RefByte_SuppressGC,PInvokeBench,FillBenchmarks,LibraryImport_RefByte_SuppressGC,ShortRun,Default,Default,Default,Default,Default,Default,Default,Default,Default,Default,Default,Default,Default,Default,Default,Default,Default,Default,Default,Default,Default,Default,Default,Default,Default,Default,Default,Default,Default,Default,Default,3,Default,1,Default,Default,Default,Default,Default,Default,Default,3,"ShortRun(IterationCount=3, LaunchCount=1, WarmupCount=3)",Size=4096,1,Workload,Warmup,2,526282300,1048576,501.9,0,0,0,0
FillBenchmarks.LibraryImport_RefByte_SuppressGC,PInvokeBench,FillBenchmarks,LibraryImport_RefByte_SuppressGC,ShortRun,Default,Default,Default,Default,Default,Default,Default,Default,Default,Default,Default,Default,Default,Default,Default,Default,Default,Default,Default,Default,Default,Default,Default,Default,Default,Default,Default,Default,Default,Default,Default,3,Default,1,Default,Default,Default,Default,Default,Default,Default,3,"ShortRun(IterationCount=3, LaunchCount=1, WarmupCount=3)",Size=4096,1,Workload,Warmup,3,551942300,1048576,526.37,0,0,0,0
FillBenchmarks.LibraryImport_RefByte_SuppressGC,PInvokeBench,FillBenchmarks,LibraryImport_RefByte_SuppressGC,ShortRun,Default,Default,Default,Default,Default,Default,Default,Default,Default,Default,Default,Default,Default,Default,Default,Default,Default,Default,Default,Default,Default,Default,Default,Default,Default,Default,Default,Default,Default,Default,Default,3,Default,1,Default,Default,Default,Default,Default,Default,Default,3,"ShortRun(IterationCount=3, LaunchCount=1, WarmupCount=3)",Size=4096,1,Workload,Actual,1,538513800,1048576,513.57,0,0,0,0
FillBenchmarks.LibraryImport_RefByte_SuppressGC,PInvokeBench,FillBenchmarks,LibraryImport_RefByte_SuppressGC,ShortRun,Default,Default,Default,Default,Default,Default,Default,Default,Default,Default,Default,Default,Default,Default,Default,Default,Default,Default,Default,Default,Default,Default,Default,Default,Default,Default,Default,Default,Default,Default,Default,3,Default,1,Default,Default,Default,Default,Default,Default,Default,3,"ShortRun(IterationCount=3, LaunchCount=1, WarmupCount=3)",Size=4096,1,Workload,Actual,2,541091600,1048576,516.03,0,0,0,0
FillBenchmarks.LibraryImport_RefByte_SuppressGC,PInvokeBench,FillBenchmarks,LibraryImport_RefByte_SuppressGC,ShortRun,Default,Default,Default,Default,Default,Default,Default,Default,Default,Default,Default,Default,Default,Default,Default,Default,Default,Default,Default,Default,Default,Default,Default,Default,Default,Default,Default,Default,Default,Default,Default,3,Default,1,Default,Default,Default,Default,Default,Default,Default,3,"ShortRun(IterationCount=3, LaunchCount=1, WarmupCount=3)",Size=4096,1,Workload,Actual,3,511704400,1048576,488,0,0,0,0
FillBenchmarks.LibraryImport_RefByte_SuppressGC,PInvokeBench,FillBenchmarks,LibraryImport_RefByte_SuppressGC,ShortRun,Default,Default,Default,Default,Default,Default,Default,Default,Default,Default,Default,Default,Default,Default,Default,Default,Default,Default,Default,Default,Default,Default,Default,Default,Default,Default,Default,Default,Default,Default,Default,3,Default,1,Default,Default,Default,Default,Default,Default,Default,3,"ShortRun(IterationCount=3, LaunchCount=1, WarmupCount=3)",Size=4096,1,Workload,Result,1,536115600,1048576,511.28,0,0,0,0
FillBenchmarks.LibraryImport_RefByte_SuppressGC,PInvokeBench,FillBenchmarks,LibraryImport_RefByte_SuppressGC,ShortRun,Default,Default,Default,Default,Default,Default,Default,Default,Default,Default,Default,Default,Default,Default,Default,Default,Default,Default,Default,Default,Default,Default,Default,Default,Default,Default,Default,Default,Default,Default,Default,3,Default,1,Default,Default,Default,Default,Default,Default,Default,3,"ShortRun(IterationCount=3, LaunchCount=1, WarmupCount=3)",Size=4096,1,Workload,Result,2,538693400,1048576,513.74,0,0,0,0
FillBenchmarks.LibraryImport_RefByte_SuppressGC,PInvokeBench,FillBenchmarks,LibraryImport_RefByte_SuppressGC,ShortRun,Default,Default,Default,Default,Default,Default,Default,Default,Default,Default,Default,Default,Default,Default,Default,Default,Default,Default,Default,Default,Default,Default,Default,Default,Default,Default,Default,Default,Default,Default,Default,3,Default,1,Default,Default,Default,Default,Default,Default,Default,3,"ShortRun(IterationCount=3, LaunchCount=1, WarmupCount=3)",Size=4096,1,Workload,Result,3,509306200,1048576,485.71,0,0,0,0
